source_row,donor_id,target_id,split,validation_fold
7239,n004169,n002241,train,1
7240,n007304,n001128,train,1
7241,n000396,n003536,train,0
7242,n007081,n003091,train,0
7243,n005397,n009181,train,1
7244,n008010,n003414,train,1
7245,n003832,n001766,train,1
7246,n003002,n006737,train,1
7247,n002697,n007342,train,1
7248,n006236,n007380,train,1
7249,n008931,n009012,train,1
7250,n003638,n002396,train,1
7251,n004020,n007816,train,1
7252,n000481,n004330,train,1
7253,n006115,n004549,train,1
7254,n006973,n003441,train,1
7255,n008931,n004832,train,1
7256,n003953,n005804,train,1
7257,n005463,n001456,train,1
7258,n000763,n008437,train,1
7259,n004114,n003039,train,1
7260,n002394,n001762,train,1
7261,n004584,n003641,train,1
7262,n000716,n003985,train,1
7263,n001158,n005563,train,1
7264,n003253,n004888,train,1
7265,n003132,n006584,train,0
7266,n003470,n009117,train,1
7267,n007444,n000288,train,0
7268,n007175,n005646,train,1
7269,n006716,n006445,train,0
7270,n003768,n007498,train,1
7271,n000446,n001879,train,0
7272,n000479,n008640,train,1
7273,n000811,n008628,train,1
7274,n007253,n007216,train,1
7275,n004228,n005363,train,1
7276,n008072,n008366,train,0
7277,n003720,n009200,train,1
7278,n002844,n000408,train,0
7279,n008901,n002614,train,0
7280,n005729,n002061,train,1
7281,n001479,n001320,train,1
7282,n003926,n004130,train,1
7283,n005402,n006993,train,0
7284,n004295,n009127,train,0
7285,n003844,n003254,train,1
7286,n005707,n001957,train,1
7287,n001962,n000361,train,0
7288,n006625,n003840,train,1
7289,n007230,n008508,train,1
7290,n008672,n006158,train,1
7291,n002980,n001644,train,1
7292,n004186,n008198,train,1
7293,n009011,n006756,train,1
7294,n004963,n003978,train,1
7295,n007398,n002168,train,1
7296,n004799,n001382,train,1
7297,n006813,n000291,train,1
7298,n009055,n007612,train,1
7299,n009044,n008947,train,1
7300,n001677,n006789,train,1
7301,n003643,n002961,train,1
7302,n007257,n000289,train,0
7303,n002605,n002818,train,1
7304,n000050,n001674,train,1
7305,n001024,n003657,train,0
7306,n006725,n004102,train,0
7307,n004436,n000519,train,1
7308,n000812,n000724,train,1
7309,n005558,n005082,train,0
7310,n007576,n005625,train,1
7311,n005376,n005103,train,1
7312,n005599,n002828,train,1
7313,n006612,n000676,train,0
7314,n007684,n006974,train,1
7315,n002446,n006232,train,0
7316,n002751,n004360,train,0
7317,n001231,n005740,train,1
7318,n006356,n000835,train,1
7319,n006104,n002225,train,0
7320,n005158,n000662,train,1
7321,n008097,n002118,train,0
7322,n006856,n008004,train,1
7323,n000021,n004602,train,1
7324,n003227,n002780,train,1
7325,n004253,n002057,train,1
7326,n000669,n003421,train,1
7327,n000562,n006889,train,1
7328,n006456,n002048,train,1
7329,n006845,n001909,train,0
7330,n006604,n003433,train,1
7331,n007070,n003906,train,1
7332,n007293,n009188,train,1
7333,n003583,n005160,train,1
7334,n003218,n009233,train,1
7335,n005702,n003073,train,1
7336,n008441,n004044,train,1
7337,n006444,n003996,train,0
7338,n002201,n002039,train,1
7339,n003058,n008191,train,1
7340,n004967,n007117,train,1
7341,n006360,n009121,train,1
7342,n002962,n007017,train,1
7343,n007979,n005267,train,1
7344,n008908,n001140,train,1
7345,n006661,n004228,train,1
7346,n004131,n000546,train,0
7347,n004525,n008636,train,1
7348,n002914,n001750,train,1
7349,n000849,n004373,train,0
7350,n003435,n007248,train,1
7351,n008039,n004909,train,1
7352,n006866,n009103,train,0
7353,n000910,n003921,train,0
7354,n006130,n004527,train,0
7355,n004708,n001786,train,0
7356,n002652,n002759,train,0
7357,n004396,n006866,train,1
7358,n003575,n000505,train,1
7359,n008538,n001578,train,1
7360,n006515,n005402,train,1
7361,n003925,n003835,train,1
7362,n002800,n002071,train,0
7363,n004098,n001376,train,1
7364,n005479,n001869,train,1
7365,n002354,n007065,train,1
7366,n002152,n005466,train,1
7367,n008510,n003299,train,1
7368,n003837,n003228,train,1
7369,n003435,n000213,train,0
7370,n006190,n003989,train,1
7371,n007831,n006275,train,0
7372,n005911,n003097,train,1
7373,n005584,n005011,train,1
7374,n006444,n006894,train,1
7375,n001684,n002820,train,1
7376,n006447,n003301,train,1
7377,n007257,n003515,train,1
7378,n008185,n009005,train,0
7379,n000622,n001089,train,1
7380,n007106,n005718,train,1
7381,n007514,n000146,train,1
7382,n005402,n006705,train,1
7383,n008103,n004546,train,1
7384,n002118,n002243,train,1
7385,n007640,n008833,train,1
7386,n000848,n005574,train,0
7387,n003569,n003307,train,1
7388,n002531,n006970,train,1
7389,n000638,n007228,train,1
7390,n004378,n008912,train,1
7391,n004711,n005186,train,1
7392,n007430,n005669,train,1
7393,n001905,n000227,train,1
7394,n008940,n002856,train,1
7395,n003167,n008783,train,1
7396,n004056,n001814,train,1
7397,n008747,n002492,train,1
7398,n003624,n004169,train,1
7399,n000374,n006900,train,1
7400,n008197,n007460,train,1
7401,n001684,n000443,train,1
7402,n006822,n005118,train,1
7403,n003392,n005987,train,1
7404,n003326,n003074,train,1
7405,n000405,n006226,train,1
7406,n001953,n004583,train,1
7407,n003795,n000708,train,1
7408,n005791,n003654,train,0
7409,n006402,n004593,train,1
7410,n000820,n000317,train,1
7411,n008979,n003522,train,1
7412,n000765,n000132,train,1
7413,n005965,n005015,train,1
7414,n004567,n002874,train,1
7415,n002745,n003290,train,1
7416,n007053,n001578,train,1
7417,n003946,n000134,train,1
7418,n008084,n001539,train,1
7419,n001869,n006855,train,0
7420,n001795,n004198,train,1
7421,n005463,n002276,train,1
7422,n008238,n005472,train,0
7423,n000228,n001752,train,1
7424,n001051,n002229,train,1
7425,n007639,n002174,train,0
7426,n007775,n004303,train,1
7427,n007567,n006725,train,1
7428,n007993,n002844,train,1
7429,n002438,n001992,train,0
7430,n005126,n002814,train,1
7431,n006252,n009056,train,1
7432,n002010,n006206,train,1
7433,n001889,n002948,train,0
7434,n004359,n003241,train,0
7435,n004314,n001474,train,1
7436,n008255,n007465,train,1
7437,n000302,n003882,train,1
7438,n002608,n001533,train,0
7439,n008681,n005276,train,1
7440,n004108,n005735,train,1
7441,n008906,n002059,train,1
7442,n008377,n008868,train,0
7443,n000347,n001041,train,0
7444,n007217,n004027,train,0
7445,n003213,n006587,train,1
7446,n004960,n005837,train,1
7447,n007543,n005180,train,0
7448,n008065,n005663,train,1
7449,n009165,n006516,train,1
7450,n004393,n007109,train,1
7451,n001937,n006651,train,1
7452,n001577,n008461,train,1
7453,n000485,n000393,train,1
7454,n004754,n002191,train,0
7455,n000642,n008135,train,1
7456,n004569,n004511,train,0
7457,n009043,n008906,train,0
7458,n005947,n004381,train,1
7459,n004095,n001885,train,1
7460,n004152,n004617,train,1
7461,n002495,n008422,train,1
7462,n003363,n005249,train,0
7463,n000174,n008523,train,1
7464,n004389,n000866,train,1
7465,n007616,n001165,train,1
7466,n001914,n000511,train,0
7467,n006560,n003119,train,1
7468,n006348,n003569,train,1
7469,n006304,n006209,train,0
7470,n007490,n008649,train,1
7471,n000289,n007923,train,1
7472,n009034,n008898,train,1
7473,n000466,n008460,train,1
7474,n007992,n004861,train,1
7475,n007417,n008335,train,1
7476,n003166,n000927,train,1
7477,n006884,n002360,train,0
7478,n001495,n002778,train,1
7479,n008940,n002364,train,1
7480,n008981,n006305,train,1
7481,n007037,n006845,train,1
7482,n006457,n008901,train,1
7483,n002456,n002095,train,1
7484,n006106,n007106,train,1
7485,n005688,n004173,train,1
7486,n004492,n005560,train,1
7487,n008946,n001546,train,1
7488,n005330,n007311,train,0
7489,n008499,n008560,train,1
7490,n002219,n001271,train,1
7491,n005793,n008802,train,0
7492,n007561,n006475,train,1
7493,n002461,n006184,train,1
7494,n005608,n004175,train,1
7495,n003870,n006678,train,1
7496,n005371,n008398,train,1
7497,n002786,n008499,train,1
7498,n001596,n002900,train,1
7499,n000904,n008696,train,1
7500,n007567,n004098,train,0
7501,n006576,n003501,train,1
7502,n001896,n000361,train,1
7503,n000340,n008807,train,0
7504,n004881,n006703,train,0
7505,n005788,n008138,train,1
7506,n006668,n002635,train,1
7507,n002333,n001083,train,1
7508,n007417,n002404,train,1
7509,n003341,n001255,train,1
7510,n004590,n004825,train,0
7511,n005206,n002086,train,0
7512,n005479,n002541,train,1
7513,n002234,n000112,train,1
7514,n006264,n005722,train,1
7515,n004361,n007963,train,1
7516,n008445,n000168,train,1
7517,n003375,n000043,train,1
7518,n001144,n003429,train,1
7519,n006705,n008052,train,0
7520,n007765,n009030,train,1
7521,n003845,n006391,train,0
7522,n006660,n003832,train,1
7523,n003895,n009180,train,1
7524,n003223,n009275,train,1
7525,n004569,n001569,train,1
7526,n007619,n008128,train,1
7527,n000310,n002057,train,0
7528,n000333,n008184,train,0
7529,n002146,n003142,train,0
7530,n005410,n002244,train,1
7531,n004222,n004130,train,1
7532,n005469,n000591,train,0
7533,n007221,n000171,train,1
7534,n007018,n006827,train,1
7535,n006109,n002242,train,1
7536,n002696,n004705,train,1
7537,n006717,n004048,train,0
7538,n004488,n007460,train,0
7539,n000028,n005053,train,1
7540,n009143,n008210,train,1
7541,n002938,n008925,train,1
7542,n007273,n000507,train,1
7543,n005697,n005172,train,1
7544,n007267,n004604,train,1
7545,n003302,n000776,train,1
7546,n003927,n002988,train,0
7547,n000786,n007604,train,0
7548,n002073,n004835,train,1
7549,n007560,n004894,train,1
7550,n004799,n007961,train,1
7551,n007906,n000755,train,1
7552,n004569,n008500,train,1
7553,n000265,n000118,train,1
7554,n001615,n005132,train,1
7555,n003133,n008807,train,1
7556,n006530,n002930,train,1
7557,n006065,n004726,train,0
7558,n000934,n000399,train,1
7559,n001962,n008788,train,0
7560,n006172,n005996,train,1
7561,n007355,n001615,train,1
7562,n002250,n003194,train,0
7563,n002187,n000638,train,1
7564,n003318,n003291,train,1
7565,n001205,n002149,train,1
7566,n005051,n000118,train,1
7567,n002860,n008714,train,1
7568,n001227,n001603,train,1
7569,n001373,n008645,train,1
7570,n007866,n003107,train,1
7571,n008825,n002925,train,1
7572,n005442,n007165,train,1
7573,n002127,n005837,train,1
7574,n008274,n000033,train,1
7575,n008299,n002370,train,1
7576,n008342,n006158,train,1
7577,n002002,n004285,train,1
7578,n009005,n001121,train,1
7579,n002447,n000172,train,1
7580,n007027,n002123,train,0
7581,n005090,n008841,train,1
7582,n007420,n001334,train,1
7583,n003424,n003599,train,0
7584,n007048,n002305,train,1
7585,n002805,n009111,train,1
7586,n004867,n003416,train,1
7587,n002980,n001874,train,1
7588,n003429,n002083,train,1
7589,n005532,n001628,train,0
7590,n000603,n001539,train,1
7591,n007350,n001968,train,1
7592,n004475,n008534,train,0
7593,n001132,n000229,train,1
7594,n004206,n000407,train,1
7595,n001359,n005350,train,1
7596,n006831,n003966,train,1
7597,n008457,n004899,train,1
7598,n000661,n000214,train,1
7599,n002285,n006998,train,1
7600,n001518,n007277,train,0
7601,n002515,n008504,train,1
7602,n008405,n007899,train,1
7603,n009126,n005614,train,1
7604,n000282,n001379,train,1
7605,n003317,n006702,train,1
7606,n005593,n004367,train,1
7607,n003639,n008898,train,1
7608,n004325,n005828,train,1
7609,n003352,n005305,train,1
7610,n004396,n009252,train,1
7611,n006651,n000687,train,0
7612,n000288,n007891,train,1
7613,n006832,n003216,train,1
7614,n008227,n008704,train,1
7615,n002870,n002977,train,1
7616,n003254,n008673,train,1
7617,n002313,n003837,train,1
7618,n005370,n006629,train,1
7619,n003176,n008714,train,0
7620,n000908,n008950,train,1
7621,n001246,n004631,train,1
7622,n000961,n002523,train,0
7623,n006329,n004269,train,1
7624,n000450,n001080,train,1
7625,n000995,n003509,train,0
7626,n002194,n005139,train,1
7627,n005708,n001799,train,1
7628,n005974,n003318,train,1
7629,n009233,n003768,train,1
7630,n000442,n007682,train,1
7631,n008292,n002172,train,1
7632,n008850,n000167,train,1
7633,n003401,n007816,train,1
7634,n005277,n000162,train,1
7635,n008619,n003909,train,1
7636,n008703,n008555,train,1
7637,n006981,n000711,train,1
7638,n000699,n007374,train,0
7639,n001609,n003865,train,1
7640,n005744,n001295,train,1
7641,n005234,n003350,train,1
7642,n002926,n001082,train,1
7643,n001473,n004164,train,1
7644,n004370,n000375,train,0
7645,n002579,n005995,train,0
7646,n008544,n000249,train,1
7647,n001624,n005467,train,1
7648,n004849,n001210,train,1
7649,n007476,n001395,train,1
7650,n000647,n004507,train,1
7651,n004012,n007237,train,1
7652,n005585,n006296,train,1
7653,n002616,n000102,train,1
7654,n000570,n005975,train,1
7655,n006379,n005588,train,1
7656,n003149,n004321,train,1
7657,n003825,n004998,train,1
7658,n001624,n006088,train,0
7659,n008042,n007993,train,1
7660,n008312,n008375,train,1
7661,n001315,n007124,train,1
7662,n006163,n001741,train,1
7663,n003494,n003787,train,1
7664,n006921,n007723,train,1
7665,n004642,n008575,train,1
7666,n008219,n001522,train,1
7667,n004099,n008628,train,1
7668,n006248,n004399,train,1
7669,n009279,n004005,train,1
7670,n001086,n001442,train,0
7671,n009174,n004378,train,1
7672,n005305,n008791,train,1
7673,n005177,n006538,train,1
7674,n000472,n000955,train,1
7675,n001808,n002045,train,1
7676,n002352,n006636,train,0
7677,n006484,n000055,train,1
7678,n004134,n004724,train,1
7679,n007206,n004246,train,1
7680,n005289,n003368,train,1
7681,n004764,n006984,train,1
7682,n007165,n006897,train,0
7683,n001029,n004917,train,0
7684,n004054,n005894,train,1
7685,n003657,n003647,train,1
7686,n001289,n008086,train,1
7687,n007667,n005438,train,1
7688,n000919,n004599,train,1
7689,n002430,n000715,train,1
7690,n002425,n003167,train,1
7691,n004543,n004993,train,0
7692,n002822,n008572,train,1
7693,n007170,n008585,train,1
7694,n007352,n000134,train,1
7695,n008205,n007152,train,1
7696,n001311,n001210,train,1
7697,n007957,n004418,train,1
7698,n008185,n004910,train,1
7699,n001793,n007366,train,1
7700,n007318,n003064,train,0
7701,n006189,n007433,train,1
7702,n009241,n003559,train,0
7703,n006341,n004760,train,1
7704,n007438,n000432,train,1
7705,n003216,n001818,train,1
7706,n003624,n008402,train,1
7707,n001824,n007355,train,1
7708,n001605,n000939,train,1
7709,n003737,n003044,train,0
7710,n003139,n004794,train,1
7711,n001083,n005263,train,0
7712,n007321,n007420,train,0
7713,n007460,n008881,train,1
7714,n004205,n005248,train,1
7715,n001145,n005469,train,1
7716,n006722,n005699,train,1
7717,n001889,n008581,train,1
7718,n000547,n001219,train,1
7719,n008514,n002903,train,1
7720,n002289,n000900,train,1
7721,n007322,n006820,train,1
7722,n001447,n007498,train,1
7723,n008759,n008093,train,1
7724,n007692,n007219,train,1
7725,n001438,n004489,train,1
7726,n008678,n008288,train,0
7727,n004594,n006733,train,0
7728,n000676,n004498,train,1
7729,n005389,n004825,train,1
7730,n008448,n006262,train,1
7731,n007891,n000431,train,1
7732,n006712,n001979,train,0
7733,n003667,n009253,train,1
7734,n005118,n000139,train,0
7735,n003226,n001055,train,1
7736,n002097,n004090,train,1
7737,n002285,n006149,train,1
7738,n007504,n004213,train,1
7739,n006374,n007055,train,1
7740,n002186,n001701,train,1
7741,n004282,n006420,train,1
7742,n001144,n007644,train,1
7743,n004036,n000020,train,1
7744,n006506,n000542,train,0
7745,n007674,n001922,train,1
7746,n007174,n001586,train,1
7747,n006550,n008507,train,1
7748,n007013,n007954,train,1
7749,n000388,n001210,train,0
7750,n006007,n000405,train,1
7751,n005947,n003202,train,1
7752,n001557,n006066,train,1
7753,n001602,n007718,train,1
7754,n005816,n000100,train,0
7755,n005790,n002065,train,1
7756,n004235,n008852,train,1
7757,n003054,n004505,train,1
7758,n005184,n007756,train,0
7759,n002182,n008788,train,1
7760,n007941,n008267,train,0
7761,n003267,n008940,train,1
7762,n004108,n001157,train,1
7763,n001342,n007814,train,1
7764,n004190,n002446,train,1
7765,n003041,n008496,train,1
7766,n005970,n001024,train,1
7767,n007029,n001019,train,0
7768,n002440,n008923,train,1
7769,n004894,n008807,train,1
7770,n004465,n007924,train,1
7771,n008769,n000965,train,1
7772,n005228,n007262,train,1
7773,n007227,n004171,train,1
7774,n001725,n005500,train,1
7775,n001809,n001068,train,0
7776,n001586,n009033,train,1
7777,n002126,n004863,train,0
7778,n006435,n001591,train,1
7779,n000834,n000036,train,1
7780,n004509,n007437,train,1
7781,n008198,n006468,train,1
7782,n008912,n001832,train,1
7783,n002281,n005096,train,1
7784,n001452,n008239,train,1
7785,n002202,n000919,train,0
7786,n006115,n008628,train,1
7787,n001733,n004762,train,1
7788,n000977,n006705,train,1
7789,n000269,n008704,train,0
7790,n000185,n008693,train,1
7791,n007944,n002673,train,1
7792,n006623,n004075,train,1
7793,n004093,n003730,train,1
7794,n000170,n005397,train,1
7795,n004406,n003769,train,1
7796,n002105,n003639,train,0
7797,n001960,n008656,train,1
7798,n004622,n000614,train,1
7799,n003934,n001034,train,1
7800,n004567,n005381,train,1
7801,n007971,n002725,train,1
7802,n003482,n005439,train,0
7803,n005468,n003517,train,1
7804,n004460,n007083,train,1
7805,n001647,n007507,train,0
7806,n003640,n001078,train,1
7807,n001144,n004672,train,1
7808,n003278,n007503,train,1
7809,n008128,n004100,train,1
7810,n000229,n006528,train,1
7811,n004253,n000788,train,1
7812,n008609,n003322,train,1
7813,n001376,n002352,train,0
7814,n003338,n009024,train,1
7815,n008330,n000761,train,1
7816,n006386,n002417,train,1
7817,n001502,n001954,train,1
7818,n008580,n003845,train,1
7819,n003568,n005879,train,1
7820,n005053,n006371,train,1
7821,n005924,n005588,train,1
7822,n005399,n006990,train,0
7823,n005386,n009269,train,1
7824,n005574,n007110,train,1
7825,n001930,n001847,train,1
7826,n005532,n008709,train,1
7827,n000476,n005624,train,1
7828,n004470,n004784,train,1
7829,n006548,n000799,train,1
7830,n000903,n005046,train,1
7831,n003895,n003858,train,0
7832,n008176,n006158,train,1
7833,n003921,n002047,train,1
7834,n000287,n002014,train,1
7835,n008833,n002723,train,0
7836,n007313,n004533,train,1
7837,n002413,n003242,train,1
7838,n001168,n008687,train,1
7839,n004567,n003505,train,1
7840,n004283,n000532,train,0
7841,n008057,n006505,train,1
7842,n001799,n001055,train,1
7843,n007540,n003672,train,1
7844,n005160,n004724,train,1
7845,n001697,n004739,train,1
7846,n001121,n006239,train,1
7847,n009066,n003474,train,1
7848,n007160,n002194,train,1
7849,n003334,n005016,train,1
7850,n007968,n006127,train,0
7851,n002061,n008261,train,1
7852,n009066,n007432,train,1
7853,n006899,n000826,train,1
7854,n007698,n000432,train,0
7855,n006199,n000908,train,1
7856,n000818,n002970,train,1
7857,n002663,n003342,train,0
7858,n004336,n001409,train,1
7859,n008295,n002780,train,1
7860,n007274,n007682,train,1
7861,n003505,n008850,train,1
7862,n006978,n003815,train,1
7863,n003154,n005151,train,0
7864,n002234,n004714,train,0
7865,n009027,n008656,train,0
7866,n000578,n008220,train,1
7867,n006333,n007271,train,1
7868,n004414,n004717,train,1
7869,n003921,n000364,train,1
7870,n001974,n007560,train,1
7871,n008353,n006504,train,1
7872,n006697,n006505,train,1
7873,n005834,n007752,train,1
7874,n008177,n000055,train,1
7875,n006616,n005386,train,1
7876,n002353,n003389,train,0
7877,n008656,n002519,train,1
7878,n006813,n008807,train,1
7879,n004072,n006276,train,1
7880,n008833,n004476,train,1
7881,n008021,n001442,train,1
7882,n002531,n004093,train,1
7883,n005907,n008621,train,1
7884,n008451,n008909,train,1
7885,n007888,n003994,train,1
7886,n006632,n005551,train,1
7887,n003074,n003679,train,1
7888,n000530,n006679,train,1
7889,n003645,n000805,train,1
7890,n005406,n000513,train,1
7891,n005532,n004205,train,0
7892,n005457,n005975,train,1
7893,n001605,n006936,train,1
7894,n002103,n007808,train,1
7895,n005433,n005263,train,1
7896,n001788,n007425,train,1
7897,n000638,n005566,train,0
7898,n002523,n002875,train,0
7899,n002459,n005314,train,0
7900,n000833,n003945,train,0
7901,n009221,n006360,train,1
7902,n008239,n007017,train,1
7903,n003418,n005449,train,1
7904,n002036,n004373,train,1
7905,n000679,n001360,train,1
7906,n007527,n008456,train,1
7907,n008979,n001308,train,1
7908,n006158,n004414,train,0
7909,n005590,n005593,train,1
7910,n005878,n003568,train,1
7911,n001695,n001518,train,1
7912,n000146,n000888,train,0
7913,n004932,n006803,train,1
7914,n003389,n007614,train,0
7915,n000333,n005811,train,1
7916,n005551,n003418,train,1
7917,n007710,n007239,train,1
7918,n000454,n000828,train,1
7919,n002930,n008148,train,1
7920,n001780,n009157,train,1
7921,n000092,n002402,train,0
7922,n005293,n007238,train,1
7923,n000016,n004263,train,1
7924,n002982,n001721,train,1
7925,n000105,n004002,train,1
7926,n004993,n005984,train,1
7927,n002002,n009260,train,1
7928,n005267,n000647,train,1
7929,n008004,n006044,train,0
7930,n000445,n004334,train,1
7931,n002036,n001799,train,1
7932,n004687,n002594,train,1
7933,n006716,n008170,train,1
7934,n004646,n002892,train,1
7935,n005669,n008321,train,1
7936,n006170,n000322,train,0
7937,n000055,n008790,train,1
7938,n006509,n006076,train,1
7939,n003880,n005827,train,1
7940,n001517,n003045,train,1
7941,n001489,n002953,train,0
7942,n006276,n005867,train,1
7943,n002955,n002461,train,1
7944,n002702,n003649,train,1
7945,n001911,n002248,train,1
7946,n000742,n005975,train,1
7947,n004671,n003431,train,1
7948,n003505,n004604,train,0
7949,n001974,n004708,train,1
7950,n001531,n004286,train,1
7951,n007476,n002599,train,1
7952,n006147,n004584,train,1
7953,n005678,n004162,train,0
7954,n008514,n004264,train,1
7955,n000025,n005821,train,1
7956,n003568,n000205,train,1
7957,n009268,n003839,train,1
7958,n006417,n002246,train,1
7959,n006707,n004043,train,1
7960,n005720,n009241,train,1
7961,n007574,n003624,train,1
7962,n007662,n008255,train,1
7963,n009217,n007552,train,1
7964,n005166,n009027,train,1
7965,n008762,n004127,train,1
7966,n008924,n006516,train,1
7967,n000244,n002620,train,1
7968,n002984,n000150,train,1
7969,n005259,n007886,train,1
7970,n001992,n001180,train,1
7971,n007630,n004802,train,0
7972,n005590,n005160,train,1
7973,n008617,n001497,train,1
7974,n007659,n005438,train,1
7975,n008182,n004391,train,0
7976,n003437,n003763,train,0
7977,n003690,n006151,train,1
7978,n007309,n001494,train,1
7979,n000010,n002398,train,1
7980,n008716,n007230,train,1
7981,n004590,n004873,train,1
7982,n007578,n007974,train,1
7983,n007338,n002131,train,1
7984,n003342,n005965,train,1
7985,n006094,n000168,train,1
7986,n001170,n001180,train,1
7987,n003654,n003672,train,1
7988,n007969,n004804,train,1
7989,n003731,n002443,train,1
7990,n000835,n000591,train,1
7991,n000570,n006611,train,1
7992,n005747,n007476,train,1
7993,n006832,n000954,train,1
7994,n000607,n007659,train,1
7995,n000817,n000244,train,1
7996,n006846,n005967,train,1
7997,n003070,n008473,train,1
7998,n005628,n008651,train,1
7999,n004117,n007755,train,0
8000,n003815,n006978,train,1
8001,n005455,n001106,train,1
8002,n005029,n006674,train,1
8003,n007009,n008493,train,1
8004,n008103,n003581,train,1
8005,n005260,n007293,train,1
8006,n008203,n008790,train,1
8007,n005646,n001452,train,1
8008,n000244,n006963,train,1
8009,n001741,n006760,train,1
8010,n008174,n006400,train,1
8011,n007015,n009121,train,1
8012,n004470,n006505,train,1
8013,n007083,n000608,train,1
8014,n005624,n007761,train,1
8015,n002404,n003355,train,1
8016,n003538,n004578,train,1
8017,n008714,n000185,train,1
8018,n007084,n005553,train,1
8019,n003838,n008175,train,0
8020,n002425,n002601,train,1
8021,n004316,n002380,train,1
8022,n000036,n009257,train,0
8023,n000297,n006344,train,1
8024,n001080,n003004,train,1
8025,n004666,n001250,train,1
8026,n008049,n007140,train,1
8027,n005708,n003370,train,1
8028,n000727,n004626,train,0
8029,n008335,n006632,train,1
8030,n004051,n004714,train,0
8031,n001006,n004187,train,1
8032,n005638,n006373,train,1
8033,n001930,n008318,train,1
8034,n002240,n008364,train,1
8035,n006163,n008133,train,1
8036,n000132,n009269,train,1
8037,n007704,n004375,train,1
8038,n008550,n003851,train,1
8039,n005345,n001974,train,1
8040,n008929,n002413,train,0
8041,n000647,n008088,train,1
8042,n006584,n006060,train,1
8043,n005305,n000580,train,1
8044,n006527,n002817,train,1
8045,n003813,n001918,train,1
8046,n004917,n003649,train,1
8047,n002306,n000873,train,1
8048,n007549,n002411,train,1
8049,n008596,n007617,train,0
8050,n004979,n006160,train,1
8051,n000174,n000340,train,1
8052,n003427,n006373,train,1
8053,n002423,n004381,train,1
8054,n006374,n008703,train,0
8055,n005386,n002299,train,1
8056,n008646,n004220,train,1
8057,n007040,n007053,train,0
8058,n005432,n002396,train,1
8059,n007415,n004933,train,1
8060,n002490,n002398,train,1
8061,n007311,n003212,train,1
8062,n008617,n006338,train,1
8063,n005847,n006423,train,1
8064,n006379,n007504,train,1
8065,n007774,n000105,train,1
8066,n000642,n006639,train,1
8067,n006516,n000829,train,1
8068,n005034,n006166,train,1
8069,n000396,n002924,train,1
8070,n002376,n003068,train,0
8071,n008860,n000339,train,1
8072,n008749,n003985,train,1
8073,n006051,n005959,train,0
8074,n002225,n004213,train,1
8075,n008659,n000448,train,1
8076,n004480,n005801,train,1
8077,n002736,n001993,train,1
8078,n005759,n004584,train,1
8079,n001423,n008527,train,1
8080,n001854,n007013,train,1
8081,n001155,n006579,train,1
8082,n003730,n001276,train,1
8083,n001116,n004054,train,0
8084,n000529,n001232,train,1
8085,n000889,n003147,train,1
8086,n001549,n008790,train,1
8087,n001415,n007847,train,1
8088,n003450,n005774,train,1
8089,n006771,n005803,train,1
8090,n004462,n004951,train,1
8091,n004029,n007633,train,1
8092,n000972,n005722,train,1
8093,n001950,n008253,train,0
8094,n000360,n007561,train,1
8095,n005981,n002879,train,1
8096,n000685,n006832,train,0
8097,n005763,n009255,train,1
8098,n005025,n007617,train,1
8099,n004330,n008877,train,1
8100,n006990,n000804,train,1
8101,n006843,n003988,train,1
8102,n008140,n004556,train,1
8103,n003289,n007891,train,1
8104,n001510,n000895,train,1
8105,n006801,n004399,train,1
8106,n002963,n001713,train,0
8107,n000370,n000692,train,1
8108,n002189,n002240,train,1
8109,n002281,n003923,train,0
8110,n007094,n009133,train,1
8111,n007071,n005228,train,1
8112,n005884,n000310,train,1
8113,n003825,n004168,train,1
8114,n003314,n009209,train,0
8115,n004442,n005948,train,0
8116,n009117,n004589,train,1
8117,n007338,n008367,train,0
8118,n008140,n007916,train,0
8119,n005516,n001006,train,1
8120,n000857,n008402,train,1
8121,n001625,n007327,train,1
8122,n009005,n002412,train,1
8123,n004084,n005877,train,1
8124,n008083,n003448,train,1
8125,n001715,n004829,train,1
8126,n000304,n000886,train,1
8127,n007759,n000481,train,1
8128,n002769,n008956,train,1
8129,n008842,n001155,train,1
8130,n002918,n005722,train,1
8131,n004833,n005638,train,1
8132,n002631,n003972,train,0
8133,n004968,n005397,train,1
8134,n004171,n008114,train,1
8135,n003303,n005090,train,1
8136,n007186,n008091,train,1
8137,n008505,n006286,train,1
8138,n000594,n005433,train,0
8139,n005103,n003427,train,0
8140,n009005,n003315,train,1
8141,n008708,n004309,train,1
8142,n001803,n002640,train,1
8143,n006083,n001854,train,0
8144,n004866,n005160,train,1
8145,n008516,n003946,train,1
8146,n004029,n004459,train,1
8147,n009073,n006370,train,1
8148,n002469,n004717,train,1
8149,n003086,n004799,train,1
8150,n006709,n000537,train,1
8151,n004623,n007794,train,1
8152,n000162,n007731,train,1
8153,n000488,n001509,train,1
8154,n005150,n006944,train,1
8155,n002102,n000321,train,0
8156,n007404,n002883,train,1
8157,n001305,n003107,train,0
8158,n000927,n006625,train,1
8159,n004368,n005554,train,1
8160,n003542,n004475,train,1
8161,n000726,n004845,train,1
8162,n004179,n001000,train,0
8163,n000339,n002624,train,1
8164,n008861,n003370,train,1
8165,n007986,n005299,train,1
8166,n009174,n007266,train,1
8167,n002472,n004294,train,0
8168,n002444,n002545,train,1
8169,n000309,n006448,train,0
8170,n005041,n006872,train,1
8171,n003363,n006313,train,1
8172,n004833,n008681,train,1
8173,n006579,n007338,train,0
8174,n005317,n001494,train,0
8175,n003622,n008405,train,1
8176,n005514,n004464,train,0
8177,n006924,n002817,train,1
8178,n004665,n003547,train,1
8179,n007493,n000010,train,0
8180,n005314,n007347,train,1
8181,n007180,n009103,train,1
8182,n008053,n000930,train,1
8183,n001198,n004238,train,1
8184,n000214,n004831,train,0
8185,n007750,n001037,train,1
8186,n002438,n004565,train,1
8187,n005632,n005041,train,1
8188,n004829,n008050,train,1
8189,n005186,n003393,train,1
8190,n008378,n002558,train,1
8191,n005129,n000605,train,1
8192,n006849,n003241,train,1
8193,n008814,n002732,train,0
8194,n004412,n002352,train,1
8195,n002392,n005766,train,0
8196,n006016,n004418,train,0
8197,n007172,n000235,train,1
8198,n006566,n006658,train,0
8199,n002985,n001462,train,1
8200,n001449,n005177,train,1
8201,n002977,n007216,train,1
8202,n000797,n006584,train,1
8203,n002646,n003758,train,1
8204,n006649,n000904,train,1
8205,n002291,n004109,train,1
8206,n001954,n008483,train,0
8207,n002671,n004460,train,0
8208,n000872,n008184,train,1
8209,n002980,n000819,train,1
8210,n004774,n006407,train,1
8211,n008479,n000882,train,1
8212,n005919,n001065,train,1
8213,n000433,n001797,train,1
8214,n007115,n005502,train,1
8215,n006965,n006661,train,1
8216,n001063,n006975,train,1
8217,n000915,n006270,train,1
8218,n001250,n003269,train,1
8219,n003291,n008253,train,0
8220,n007037,n003880,train,1
8221,n006867,n000116,train,0
8222,n000804,n004582,train,1
8223,n006810,n007097,train,1
8224,n002103,n004500,train,1
8225,n008572,n009278,train,0
8226,n006891,n007234,train,1
8227,n002914,n004979,train,1
8228,n000882,n003421,train,1
8229,n007943,n000661,train,1
8230,n000514,n003029,train,1
8231,n007398,n001099,train,1
8232,n006045,n001799,train,1
8233,n006833,n000840,train,1
8234,n008017,n002766,train,1
8235,n006373,n003726,train,0
8236,n006296,n001063,train,1
8237,n005732,n003478,train,1
8238,n005816,n000487,train,1
8239,n004263,n002695,train,1
8240,n008931,n004773,train,0
8241,n006714,n001106,train,1
8242,n006970,n003525,train,1
8243,n005362,n000866,train,0
8244,n003808,n008142,train,1
8245,n008609,n003404,train,0
8246,n005876,n001570,train,1
8247,n004759,n002575,train,1
8248,n004549,n007680,train,0
8249,n000866,n006623,train,1
8250,n006750,n006940,train,1
8251,n007916,n008620,train,1
8252,n003414,n003809,train,1
8253,n001613,n004866,train,1
8254,n000801,n005358,train,1
8255,n009070,n008656,train,1
8256,n008130,n005376,train,1
8257,n003011,n004729,train,1
8258,n007018,n006742,train,0
8259,n003076,n000109,train,0
8260,n007654,n005817,train,1
8261,n006120,n008268,train,1
8262,n004072,n000960,train,1
8263,n001688,n007527,train,1
8264,n002854,n000105,train,1
8265,n000400,n004485,train,1
8266,n003361,n001098,train,1
8267,n008346,n000990,train,0
8268,n003493,n008418,train,1
8269,n001119,n009054,train,1
8270,n007292,n001280,train,1
8271,n003303,n005477,train,1
8272,n000569,n001450,train,1
8273,n008372,n003454,train,1
8274,n005608,n001396,train,1
8275,n005590,n000086,train,1
8276,n005954,n004832,train,1
8277,n003068,n007076,train,1
8278,n002087,n004737,train,1
8279,n008116,n008998,train,1
8280,n001063,n004072,train,1
8281,n004503,n007490,train,0
8282,n005696,n002010,train,1
8283,n003201,n000872,train,1
8284,n000661,n006520,train,1
8285,n004760,n003448,train,1
8286,n000366,n009011,train,1
8287,n007585,n008792,train,0
8288,n001856,n000405,train,1
8289,n007837,n002010,train,1
8290,n003502,n004577,train,1
8291,n006484,n002291,train,1
8292,n006926,n005615,train,1
8293,n005365,n008423,train,1
8294,n004442,n002483,train,0
8295,n007792,n006468,train,1
8296,n003918,n006630,train,1
8297,n000615,n001866,train,1
8298,n003435,n003803,train,1
8299,n003375,n001788,train,1
8300,n007999,n005545,train,0
8301,n004819,n006831,train,1
8302,n003404,n001185,train,1
8303,n006045,n007639,train,1
8304,n005883,n007966,train,1
8305,n005894,n005962,train,1
8306,n005959,n008182,train,0
8307,n003656,n007617,train,1
8308,n003536,n000109,train,1
8309,n005669,n004695,train,1
8310,n001369,n008292,train,0
8311,n002750,n000977,train,1
8312,n005985,n000694,train,1
8313,n007070,n000405,train,1
8314,n004472,n008416,train,1
8315,n002720,n005580,train,1
8316,n001192,n001529,train,1
8317,n008388,n002578,train,1
8318,n006738,n001312,train,0
8319,n007349,n007789,train,1
8320,n000524,n007857,train,1
8321,n005975,n001599,train,0
8322,n006921,n007791,train,1
8323,n004412,n006511,train,1
8324,n008748,n001549,train,1
8325,n002854,n002732,train,0
8326,n008807,n001510,train,1
8327,n003597,n001738,train,0
8328,n000283,n004190,train,1
8329,n001618,n004391,train,1
8330,n007847,n000592,train,1
8331,n004511,n000537,train,1
8332,n008234,n006109,train,1
8333,n007961,n005757,train,1
8334,n009187,n006798,train,0
8335,n004213,n000299,train,0
8336,n003628,n008287,train,1
8337,n003968,n003941,train,1
8338,n004845,n005814,train,1
8339,n005911,n000012,train,1
8340,n007450,n000879,train,1
8341,n008097,n002920,train,1
8342,n000806,n003577,train,0
8343,n003641,n005696,train,1
8344,n004500,n002052,train,1
8345,n006610,n004432,train,1
8346,n005700,n000374,train,1
8347,n007617,n006296,train,1
8348,n002881,n008941,train,1
8349,n003622,n004981,train,1
8350,n003112,n001396,train,1
8351,n008052,n004675,train,1
8352,n005259,n000062,train,0
8353,n006344,n000023,train,0
8354,n002455,n004534,train,1
8355,n007254,n006975,train,1
8356,n000033,n004876,train,1
8357,n004092,n003431,train,1
8358,n000065,n001433,train,0
8359,n007047,n005275,train,1
8360,n004953,n000424,train,1
8361,n004614,n002729,train,1
8362,n004899,n005437,train,1
8363,n001373,n000021,train,1
8364,n006980,n000530,train,0
8365,n003953,n008060,train,1
8366,n006678,n007948,train,1
8367,n004182,n007433,train,0
8368,n004263,n003011,train,1
8369,n005697,n000305,train,1
8370,n003133,n004023,train,1
8371,n004552,n006484,train,1
8372,n003212,n003340,train,1
8373,n006849,n006382,train,1
8374,n005386,n000123,train,1
8375,n001056,n001389,train,1
8376,n002239,n002393,train,1
8377,n008057,n009254,train,0
8378,n001865,n001569,train,1
8379,n009077,n007335,train,0
8380,n007380,n000595,train,1
8381,n007311,n004186,train,1
8382,n004049,n006861,train,1
8383,n000907,n003469,train,1
8384,n003654,n004130,train,1
8385,n000116,n002444,train,1
8386,n008395,n007647,train,1
8387,n006827,n000101,train,0
8388,n002564,n008668,train,0
8389,n000676,n007238,train,1
8390,n008923,n008990,train,1
8391,n006396,n000687,train,1
8392,n006610,n002633,train,1
8393,n008053,n001053,train,1
8394,n006190,n004381,train,1
8395,n007923,n003064,train,1
8396,n007252,n005673,train,0
8397,n004269,n006857,train,1
8398,n007023,n006807,train,1
8399,n002637,n005752,train,1
8400,n004286,n005469,train,0
8401,n003319,n008980,train,1
8402,n004040,n009054,train,1
8403,n001828,n002631,train,1
8404,n008787,n001719,train,0
8405,n006866,n003074,train,0
8406,n001246,n001145,train,1
8407,n008681,n003105,train,1
8408,n000339,n007710,train,1
8409,n002525,n004630,train,1
8410,n002364,n005125,train,1
8411,n000888,n001677,train,1
8412,n005665,n002615,train,1
8413,n001433,n000580,train,0
8414,n005493,n001677,train,1
8415,n005845,n002633,train,1
8416,n005349,n004286,train,1
8417,n004173,n007659,train,1
8418,n007734,n007134,train,1
8419,n002094,n007558,train,1
8420,n007881,n006193,train,1
8421,n008744,n007620,train,1
8422,n007701,n001080,train,1
8423,n004100,n007075,train,0
8424,n004620,n000805,train,1
8425,n001654,n006734,train,1
8426,n002564,n000033,train,1
8427,n007824,n000094,train,0
8428,n007029,n006158,train,1
8429,n006627,n001686,train,1
8430,n002883,n003255,train,0
8431,n002612,n005998,train,0
8432,n008870,n001798,train,1
8433,n009204,n002431,train,1
8434,n002817,n003674,train,1
8435,n005803,n008854,train,1
8436,n004310,n007558,train,1
8437,n002519,n000289,train,1
8438,n004668,n005250,train,1
8439,n007534,n000305,train,0
8440,n000324,n008884,train,0
8441,n006716,n008536,train,1
8442,n006950,n002428,train,0
8443,n000038,n006967,train,1
8444,n005438,n000745,train,1
8445,n008212,n002059,train,1
8446,n005587,n001162,train,1
8447,n005255,n005759,train,1
8448,n001803,n004048,train,1
8449,n006177,n007181,train,1
8450,n005139,n003647,train,0
8451,n004325,n005051,train,0
8452,n005147,n007270,train,1
8453,n000463,n000104,train,0
8454,n005279,n001528,train,1
8455,n000884,n004982,train,1
8456,n002392,n000697,train,1
8457,n002800,n005697,train,1
8458,n000194,n000625,train,1
8459,n006461,n003361,train,1
8460,n000805,n000791,train,0
8461,n003290,n000960,train,0
8462,n007172,n005223,train,1
8463,n009167,n008310,train,1
8464,n005279,n003916,train,1
8465,n003389,n003654,train,1
8466,n008880,n007565,train,1
8467,n008371,n002494,train,1
8468,n004489,n004072,train,1
8469,n006972,n007438,train,0
8470,n001563,n005796,train,1
8471,n006917,n009140,train,1
8472,n005310,n001950,train,1
8473,n009063,n001120,train,1
8474,n008248,n003877,train,1
8475,n006791,n003660,train,1
8476,n005635,n005708,train,1
8477,n005160,n002717,train,0
8478,n007359,n008795,train,1
8479,n002323,n007237,train,0
8480,n001788,n008762,train,1
8481,n003669,n005959,train,1
8482,n000964,n002560,train,1
8483,n004203,n001788,train,1
8484,n001056,n003395,train,1
8485,n003171,n004164,train,0
8486,n006184,n006471,train,0
8487,n006817,n006736,train,1
8488,n004223,n000762,train,1
8489,n009038,n004997,train,1
8490,n000081,n004953,train,1
8491,n003798,n005108,train,1
8492,n002899,n000922,train,1
8493,n003283,n003493,train,1
8494,n006937,n003953,train,1
8495,n000408,n007784,train,0
8496,n001776,n004462,train,1
8497,n004978,n001964,train,1
8498,n005206,n001598,train,1
8499,n004655,n006566,train,1
8500,n009105,n002259,train,1
8501,n003020,n001403,train,1
8502,n007386,n009198,train,1
8503,n008144,n001489,train,1
8504,n003278,n006006,train,1
8505,n002993,n008531,train,1
8506,n005779,n008852,train,0
8507,n001780,n002521,train,0
8508,n006059,n002390,train,1
8509,n002892,n006639,train,1
8510,n000352,n002947,train,1
8511,n007174,n001138,train,1
8512,n000270,n006933,train,1
8513,n005172,n009045,train,1
8514,n000396,n001911,train,1
8515,n003676,n002989,train,1
8516,n000662,n000603,train,1
8517,n008206,n003226,train,1
8518,n000162,n002853,train,1
8519,n007299,n005277,train,1
8520,n001026,n005560,train,1
8521,n007311,n004567,train,0
8522,n000817,n007175,train,1
8523,n004822,n007560,train,1
8524,n006688,n003661,train,1
8525,n003738,n000846,train,0
8526,n004399,n003824,train,1
8527,n000566,n002989,train,1
8528,n007393,n005051,train,1
8529,n008175,n003282,train,0
8530,n006244,n005718,train,1
8531,n002612,n001752,train,1
8532,n004831,n000049,train,0
8533,n001803,n001928,train,1
8534,n008737,n001187,train,0
8535,n009036,n003897,train,1
8536,n007071,n004870,train,1
8537,n008006,n004309,train,1
8538,n003670,n004665,train,1
8539,n007901,n008197,train,1
8540,n007083,n003645,train,1
8541,n000871,n007318,train,1
8542,n004216,n007524,train,1
8543,n003241,n007507,train,1
8544,n004998,n007137,train,0
8545,n006229,n002390,train,1
8546,n000843,n004717,train,0
8547,n002068,n007819,train,1
8548,n005094,n007266,train,0
8549,n008184,n007206,train,1
8550,n000151,n007814,train,1
8551,n002090,n008033,train,1
8552,n002986,n003375,train,1
8553,n004824,n005538,train,1
8554,n002455,n007794,train,1
8555,n000586,n005248,train,1
8556,n003915,n008787,train,0
8557,n007426,n007718,train,1
8558,n007660,n006727,train,1
8559,n002117,n006598,train,1
8560,n001766,n005176,train,1
8561,n003951,n004263,train,0
8562,n000942,n002283,train,1
8563,n002961,n002927,train,1
8564,n002671,n000954,train,1
8565,n006702,n002219,train,0
8566,n000299,n007492,train,1
8567,n007796,n005277,train,0
8568,n000691,n004895,train,1
8569,n004476,n007652,train,1
8570,n003674,n005518,train,0
8571,n001914,n007181,train,1
8572,n005167,n000581,train,1
8573,n007124,n008725,train,0
8574,n007013,n005392,train,1
8575,n003815,n002622,train,0
8576,n000761,n006622,train,1
8577,n009057,n005744,train,1
8578,n000642,n009001,train,1
8579,n006058,n001546,train,1
8580,n005961,n002575,train,1
8581,n001442,n005724,train,1
8582,n004164,n007655,train,1
8583,n006828,n000104,train,0
8584,n002711,n000615,train,0
8585,n004044,n002247,train,1
8586,n004502,n000319,train,1
8587,n008924,n007916,train,1
8588,n001875,n004614,train,1
8589,n002631,n004533,train,1
8590,n007001,n002542,train,1
8591,n003654,n008898,train,1
8592,n008737,n009217,train,1
8593,n001138,n005739,train,1
8594,n002069,n007628,train,1
8595,n003813,n004456,train,1
8596,n008191,n008493,train,1
8597,n006742,n004853,train,1
8598,n006234,n000296,train,1
8599,n003444,n007217,train,1
8600,n005506,n000010,train,1
8601,n001320,n004024,train,1
8602,n001719,n002370,train,1
8603,n005498,n004909,train,1
8604,n001136,n007366,train,1
8605,n000548,n003548,train,1
8606,n001644,n008228,train,1
8607,n008512,n003909,train,1
8608,n004464,n002256,train,1
8609,n001284,n004929,train,1
8610,n008714,n001352,train,0
8611,n008998,n002306,train,1
8612,n004970,n006488,train,1
8613,n000528,n008483,train,1
8614,n003437,n001249,train,0
8615,n008991,n004690,train,1
8616,n009257,n001128,train,1
8617,n000265,n007001,train,0
8618,n007627,n009272,train,1
8619,n003853,n001312,train,0
8620,n002686,n003285,train,1
8621,n008140,n004936,train,1
8622,n003331,n002213,train,0
8623,n006862,n007718,train,0
8624,n001809,n007057,train,1
8625,n003416,n002742,train,1
8626,n004190,n002444,train,1
8627,n001262,n004228,train,1
8628,n006959,n000015,train,0
8629,n005235,n005274,train,1
8630,n008969,n009025,train,0
8631,n002328,n004129,train,0
8632,n006175,n003843,train,1
8633,n003835,n006726,train,0
8634,n004957,n006060,train,1
8635,n007944,n008583,train,1
8636,n008078,n007498,train,1
8637,n007192,n000988,train,0
8638,n008401,n001917,train,1
8639,n006832,n007254,train,1
8640,n007857,n003347,train,1
8641,n001915,n003632,train,1
8642,n001246,n000840,train,1
8643,n008483,n002136,train,1
8644,n003360,n002031,train,1
8645,n001186,n006717,train,1
8646,n002212,n006861,train,1
8647,n005816,n007132,train,1
8648,n001922,n003768,train,1
8649,n008077,n003660,train,1
8650,n005729,n006158,train,1
8651,n004997,n002114,train,1
8652,n004313,n005129,train,0
8653,n003279,n000081,train,1
8654,n008616,n000202,train,1
8655,n007343,n003065,train,1
8656,n007719,n001285,train,1
8657,n007253,n003907,train,1
8658,n007105,n008603,train,1
8659,n006845,n000015,train,0
8660,n002745,n006900,train,1
8661,n006402,n001818,train,1
8662,n005310,n005911,train,0
8663,n008759,n001872,train,1
8664,n002357,n007645,train,1
8665,n000020,n006081,train,1
8666,n005807,n004048,train,1
8667,n002565,n005984,train,0
8668,n006995,n004361,train,1
8669,n000081,n001879,train,1
8670,n000481,n007959,train,1
8671,n006831,n006551,train,0
8672,n002293,n000848,train,1
8673,n008414,n001161,train,0
8674,n000289,n000910,train,1
8675,n000898,n005249,train,1
8676,n006434,n000712,train,1
8677,n007985,n006742,train,1
8678,n001378,n008651,train,1
8679,n006845,n002663,train,1
8680,n007305,n000518,train,1
8681,n004038,n001025,train,1
8682,n007095,n007793,train,1
8683,n001392,n007902,train,0
8684,n001347,n006109,train,1
8685,n008791,n008792,train,1
8686,n007880,n003621,train,0
8687,n000562,n005913,train,1
8688,n000728,n000507,train,1
8689,n007255,n008170,train,0
8690,n001905,n005869,train,0
8691,n001121,n005087,train,1
8692,n003398,n004513,train,0
8693,n008019,n003157,train,1
8694,n002388,n006810,train,1
8695,n008602,n001827,train,1
8696,n006187,n002001,train,0
8697,n005313,n007065,train,1
8698,n003441,n003245,train,1
8699,n006120,n002287,train,1
8700,n001370,n001623,train,0
8701,n003851,n001677,train,1
8702,n006747,n008038,train,0
8703,n006580,n003341,train,1
8704,n005176,n000294,train,1
8705,n001487,n003697,train,1
8706,n006905,n000743,train,0
8707,n003824,n004203,train,1
8708,n007420,n005094,train,1
8709,n002982,n005290,train,1
8710,n002572,n004182,train,1
8711,n007817,n005985,train,0
8712,n008852,n000566,train,0
8713,n008393,n003370,train,1
8714,n001332,n004445,train,1
8715,n003394,n005584,train,0
8716,n005142,n002526,train,1
8717,n002161,n000228,train,0
8718,n007759,n007796,train,1
8719,n002767,n006719,train,1
8720,n001395,n004253,train,0
8721,n007996,n007290,train,1
8722,n005445,n008084,train,0
8723,n007291,n004697,train,1
8724,n007366,n004967,train,0
8725,n001227,n002817,train,1
8726,n001343,n009064,train,1
8727,n002130,n004899,train,1
8728,n000748,n008267,train,1
8729,n003326,n002087,train,0
8730,n008342,n001833,train,1
8731,n008631,n008902,train,1
8732,n001936,n002944,train,1
8733,n001229,n000269,train,1
8734,n001335,n001686,train,1
8735,n004577,n009077,train,1
8736,n004409,n001609,train,1
8737,n008581,n007986,train,0
8738,n001796,n005410,train,1
8739,n003858,n006618,train,1
8740,n008401,n008274,train,1
8741,n001113,n000105,train,1
8742,n000994,n000826,train,1
8743,n008291,n009143,train,1
8744,n000986,n003799,train,1
8745,n008868,n008329,train,1
8746,n008441,n007348,train,1
8747,n008544,n000341,train,1
8748,n001968,n006379,train,1
8749,n008295,n005309,train,1
8750,n003918,n006387,train,1
8751,n006078,n003197,train,1
8752,n006170,n000251,train,1
8753,n001810,n007774,train,0
8754,n009266,n000112,train,1
8755,n006946,n000194,train,1
8756,n001751,n006521,train,1
8757,n000113,n007351,train,1
8758,n005168,n005011,train,0
8759,n003793,n002039,train,0
8760,n001793,n009122,train,1
8761,n004726,n008901,train,1
8762,n008116,n005267,train,1
8763,n006716,n006149,train,1
8764,n008491,n005409,train,1
8765,n000124,n004844,train,0
8766,n003748,n002547,train,1
8767,n005839,n002292,train,1
8768,n002713,n004146,train,0
8769,n007968,n001641,train,1
8770,n006993,n005190,train,1
8771,n009097,n001170,train,1
8772,n001491,n001654,train,1
8773,n003699,n002644,train,1
8774,n007015,n005249,train,1
8775,n000293,n008445,train,1
8776,n000716,n000933,train,1
8777,n006262,n002240,train,0
8778,n001194,n000021,train,1
8779,n005317,n006194,train,1
8780,n005553,n007132,train,0
8781,n003065,n004267,train,1
8782,n004840,n004110,train,1
8783,n005588,n004048,train,1
8784,n001474,n004160,train,0
8785,n006697,n002289,train,1
8786,n009222,n003714,train,1
8787,n008342,n009198,train,1
8788,n004655,n000039,train,1
8789,n006315,n002946,train,1
8790,n002292,n000033,train,1
8791,n005468,n002001,train,1
8792,n001920,n003669,train,1
8793,n002265,n000873,train,1
8794,n005082,n002022,train,1
8795,n005128,n003785,train,1
8796,n005734,n008500,train,1
8797,n008580,n000128,train,1
8798,n001868,n004657,train,1
8799,n000262,n006120,train,1
8800,n003481,n007090,train,1
8801,n004055,n001331,train,1
8802,n005569,n001354,train,1
8803,n003011,n002978,train,1
8804,n000101,n000552,train,1
8805,n004267,n000978,train,1
8806,n002822,n005437,train,1
8807,n000159,n004802,train,1
8808,n005336,n008383,train,1
8809,n004035,n007520,train,0
8810,n000400,n003914,train,1
8811,n007437,n002705,train,1
8812,n005118,n000702,train,1
8813,n003921,n001692,train,1
8814,n007151,n006866,train,1
8815,n008393,n006261,train,1
8816,n005810,n007576,train,1
8817,n007262,n008514,train,1
8818,n004456,n007426,train,1
8819,n002047,n007274,train,0
8820,n000710,n008897,train,1
8821,n002069,n004460,train,0
8822,n007076,n007818,train,1
8823,n004843,n006551,train,1
8824,n005119,n008422,train,1
8825,n006308,n004383,train,1
8826,n007755,n002893,train,1
8827,n004107,n003647,train,1
8828,n003454,n002052,train,1
8829,n003147,n006539,train,1
8830,n004029,n009274,train,1
8831,n002897,n002926,train,1
8832,n000100,n006110,train,1
8833,n000033,n005404,train,1
8834,n007692,n007844,train,0
8835,n008732,n007415,train,1
8836,n002393,n005661,train,0
8837,n008033,n009135,train,1
8838,n004175,n006309,train,1
8839,n000819,n004409,train,1
8840,n009011,n005453,train,1
8841,n006847,n004802,train,0
8842,n004496,n001832,train,1
8843,n004316,n000064,train,0
8844,n002854,n006978,train,1
8845,n008509,n002411,train,1
8846,n001126,n006682,train,0
8847,n008181,n005267,train,1
8848,n003112,n001572,train,0
8849,n002374,n002818,train,1
8850,n009174,n000808,train,1
8851,n006103,n000382,train,0
8852,n007349,n002048,train,1
8853,n004263,n001974,train,0
8854,n008021,n005642,train,1
8855,n000052,n000364,train,1
8856,n006831,n007071,train,1
8857,n006861,n007305,train,1
8858,n007071,n005898,train,1
8859,n001569,n003986,train,1
8860,n006433,n003955,train,0
8861,n000027,n007009,train,1
8862,n000049,n005189,train,0
8863,n006801,n009133,train,1
8864,n001917,n007578,train,1
8865,n003408,n006857,train,1
8866,n008602,n008767,train,1
8867,n008366,n008396,train,1
8868,n003709,n003730,train,0
8869,n000339,n003522,train,0
8870,n004371,n004297,train,0
8871,n007971,n003173,train,1
8872,n007351,n002516,train,1
8873,n004943,n000687,train,0
8874,n001803,n008512,train,1
8875,n001253,n000985,train,1
8876,n006875,n005449,train,1
8877,n003837,n007015,train,1
8878,n002207,n006256,train,0
8879,n008865,n001922,train,0
8880,n009168,n003212,train,0
8881,n008448,n006402,train,1
8882,n007009,n004315,train,1
8883,n001796,n003392,train,0
8884,n009217,n006087,train,1
8885,n003301,n001255,train,1
8886,n004476,n003877,train,1
8887,n005132,n004234,train,1
8888,n004072,n009130,train,0
8889,n009240,n007094,train,1
8890,n000897,n008941,train,1
8891,n002990,n003018,train,1
8892,n007857,n004117,train,1
8893,n006455,n001413,train,0
8894,n006119,n006374,train,1
8895,n007799,n008852,train,1
8896,n001358,n007552,train,1
8897,n005344,n006172,train,0
8898,n007247,n005410,train,0
8899,n003216,n008477,train,1
8900,n003805,n008180,train,1
8901,n002050,n001756,train,0
8902,n000525,n007492,train,1
8903,n000024,n005399,train,1
8904,n007498,n000356,train,1
8905,n003256,n007492,train,0
8906,n000757,n005532,train,1
8907,n006065,n004690,train,1
8908,n002242,n007264,train,1
8909,n002779,n007777,train,1
8910,n004929,n002543,train,0
8911,n001562,n002583,train,1
8912,n005674,n003078,train,0
8913,n003840,n005047,train,1
8914,n007662,n003086,train,1
8915,n008600,n005597,train,1
8916,n001502,n008078,train,0
8917,n005094,n003158,train,0
8918,n000970,n003871,train,1
8919,n007523,n001922,train,1
8920,n007818,n008131,train,1
8921,n004139,n006341,train,1
8922,n001959,n004201,train,1
8923,n003583,n004216,train,1
8924,n001334,n008085,train,1
8925,n000530,n005881,train,1
8926,n001041,n006813,train,0
8927,n003487,n001991,train,1
8928,n005717,n000887,train,1
8929,n001772,n003336,train,1
8930,n003953,n000896,train,1
8931,n002188,n000261,train,1
8932,n008612,n006270,train,1
8933,n004179,n008795,train,1
8934,n009046,n001263,train,1
8935,n002459,n007355,train,1
8936,n004620,n004521,train,1
8937,n000466,n006776,train,1
8938,n009240,n006444,train,0
8939,n006993,n007338,train,1
8940,n005744,n001810,train,0
8941,n004459,n004505,train,1
8942,n005742,n007968,train,1
8943,n003501,n006682,train,1
8944,n005770,n009094,train,1
8945,n009122,n003736,train,1
8946,n004916,n001398,train,0
8947,n008499,n006833,train,1
8948,n006972,n005661,train,1
8949,n001979,n001113,train,1
8950,n007490,n007488,train,0
8951,n006488,n000513,train,1
8952,n008255,n003948,train,1
8953,n001773,n000352,train,1
8954,n001644,n002575,train,1
8955,n001754,n009043,train,1
8956,n007173,n007857,train,1
8957,n000576,n000039,train,1
8958,n005791,n001754,train,1
8959,n004099,n001487,train,1
8960,n007475,n006172,train,0
8961,n007175,n004878,train,1
8962,n002094,n008843,train,0
8963,n000448,n003158,train,1
8964,n004695,n002835,train,0
8965,n000682,n006611,train,1
8966,n006459,n000304,train,1
8967,n002949,n004309,train,1
8968,n002014,n004646,train,1
8969,n001029,n000171,train,1
8970,n000870,n005708,train,1
8971,n009018,n003242,train,1
8972,n008873,n005731,train,0
8973,n009062,n007314,train,1
8974,n000919,n008633,train,0
8975,n001960,n005197,train,1
8976,n007908,n007002,train,1
8977,n001019,n003457,train,1
8978,n007819,n008704,train,1
8979,n008166,n000519,train,1
8980,n005807,n000743,train,1
8981,n006073,n003319,train,1
8982,n001640,n003202,train,1
8983,n003548,n002997,train,0
8984,n002162,n000215,train,1
8985,n000955,n002696,train,1
8986,n005243,n008013,train,1
8987,n007318,n000978,train,1
8988,n008432,n004320,train,1
8989,n006127,n007428,train,1
8990,n008705,n004451,train,1
8991,n006315,n000578,train,1
8992,n006036,n003229,train,1
8993,n007353,n006921,train,1
8994,n006581,n009045,train,1
8995,n005470,n002841,train,1
8996,n001735,n001726,train,1
8997,n001018,n002875,train,0
8998,n000212,n005517,train,1
8999,n004102,n007238,train,1
9000,n008234,n001109,train,0
9001,n005445,n001029,train,0
9002,n004848,n006778,train,1
9003,n000220,n009165,train,1
9004,n001570,n006327,train,1
9005,n005884,n008509,train,1
9006,n006243,n008334,train,1
9007,n001751,n000336,train,1
9008,n004549,n006078,train,1
9009,n008437,n007488,train,1
9010,n003536,n005538,train,1
9011,n001974,n008290,train,1
9012,n002504,n000866,train,1
9013,n004005,n007047,train,1
9014,n006017,n002974,train,0
9015,n008424,n001875,train,0
9016,n008287,n006823,train,1
9017,n008695,n001255,train,1
9018,n004494,n007739,train,1
9019,n003853,n002825,train,1
9020,n005357,n006930,train,1
9021,n005886,n004642,train,0
9022,n000016,n003008,train,1
9023,n007763,n000176,train,0
9024,n006815,n001105,train,0
9025,n009269,n004740,train,1
9026,n000384,n001909,train,1
9027,n000062,n008275,train,1
9028,n002887,n004492,train,1
9029,n008737,n006464,train,1
9030,n003511,n004232,train,1
9031,n003920,n005399,train,1
9032,n000609,n000644,train,0
9033,n000269,n003536,train,1
9034,n003525,n006742,train,1
9035,n002620,n008001,train,1
9036,n005413,n003099,train,1
9037,n007543,n000378,train,1
9038,n008609,n005344,train,1
9039,n000890,n002603,train,1
9040,n006047,n006810,train,1
9041,n008022,n008446,train,1
9042,n002408,n007676,train,1
9043,n006087,n003228,train,1
9044,n002578,n000986,train,1
9045,n001641,n001231,train,1
9046,n003683,n008409,train,1
9047,n005457,n005255,train,1
9048,n002063,n004525,train,1
9049,n003730,n004360,train,1
9050,n005460,n004269,train,1
9051,n002949,n003471,train,0
9052,n005365,n007074,train,0
9053,n001200,n002285,train,1
9054,n004979,n007321,train,1
9055,n002940,n005700,train,1
9056,n007175,n004379,train,1
9057,n000101,n003620,train,1
9058,n003624,n001954,train,1
9059,n002377,n003991,train,1
9060,n002870,n007731,train,1
9061,n004726,n008351,train,1
9062,n002844,n002759,train,1
9063,n000162,n005255,train,1
9064,n001824,n009255,train,0
9065,n002243,n007221,train,1
9066,n006798,n001136,train,1
9067,n003718,n006817,train,1
9068,n006158,n006734,train,1
9069,n002523,n002817,train,1
9070,n000144,n003511,train,1
9071,n006329,n008551,train,0
9072,n001463,n003865,train,1
9073,n001406,n004041,train,1
9074,n002627,n004234,train,1
9075,n005925,n009143,train,1
9076,n008802,n007375,train,1
9077,n002237,n006505,train,0
9078,n007442,n005257,train,0
9079,n008572,n008168,train,1
9080,n005185,n004602,train,1
9081,n001254,n000294,train,1
9082,n003643,n003848,train,1
9083,n002280,n000784,train,0
9084,n000743,n006721,train,1
9085,n000101,n006177,train,1
9086,n008457,n001086,train,1
9087,n006313,n000432,train,1
9088,n004981,n001869,train,0
9089,n001750,n003389,train,1
9090,n002553,n006424,train,1
9091,n001095,n002365,train,1
9092,n006442,n003947,train,1
9093,n007420,n005317,train,1
9094,n004822,n000839,train,1
9095,n003501,n005898,train,1
9096,n007365,n002964,train,1
9097,n005466,n000964,train,1
9098,n003281,n007645,train,1
9099,n002608,n005253,train,1
9100,n002622,n003548,train,0
9101,n007561,n003501,train,1
9102,n008887,n006468,train,1
9103,n002976,n006869,train,0
9104,n009272,n000112,train,1
9105,n002301,n008762,train,1
9106,n000221,n004093,train,0
9107,n000172,n009222,train,1
9108,n000819,n003520,train,1
9109,n002128,n003858,train,1
9110,n001848,n007578,train,1
9111,n004206,n007731,train,1
9112,n008757,n001072,train,1
9113,n000256,n000673,train,1
9114,n002127,n003310,train,1
9115,n004610,n002404,train,1
9116,n005546,n006206,train,1
9117,n000591,n006012,train,1
9118,n005139,n000755,train,1
9119,n007255,n006462,train,1
9120,n005763,n003265,train,1
9121,n002533,n002927,train,1
9122,n002431,n004610,train,1
9123,n002230,n009054,train,0
9124,n001617,n005015,train,0
9125,n002437,n000090,train,1
9126,n008721,n005720,train,1
9127,n004303,n002877,train,1
9128,n007484,n005917,train,1
9129,n006447,n007442,train,0
9130,n005158,n002578,train,1
9131,n007606,n003423,train,1
9132,n009088,n007181,train,1
9133,n007521,n005707,train,1
9134,n007921,n003435,train,1
9135,n006386,n008211,train,1
9136,n004019,n007979,train,1
9137,n005164,n008395,train,1
9138,n005243,n000819,train,1
9139,n005731,n007082,train,0
9140,n007029,n008255,train,1
9141,n004805,n008721,train,0
9142,n008423,n007918,train,1
9143,n007794,n007522,train,1
9144,n009053,n008309,train,1
9145,n001262,n000228,train,1
9146,n003203,n005661,train,1
9147,n003893,n002710,train,0
9148,n005067,n001615,train,1
9149,n008898,n008807,train,1
9150,n001080,n004895,train,0
9151,n008597,n006293,train,1
9152,n004314,n002719,train,0
9153,n006242,n004671,train,1
9154,n004617,n008069,train,1
9155,n002800,n009255,train,0
9156,n006564,n000525,train,1
9157,n004721,n006223,train,0
9158,n003703,n006957,train,1
9159,n000424,n007018,train,1
9160,n000915,n000354,train,1
9161,n002968,n004960,train,1
9162,n006493,n000300,train,1
9163,n000396,n004175,train,1
9164,n007030,n001778,train,1
9165,n006742,n007156,train,1
9166,n003879,n005517,train,1
9167,n005158,n007234,train,1
9168,n004323,n003548,train,1
9169,n006276,n007791,train,1
9170,n003870,n007706,train,1
9171,n001162,n006612,train,1
9172,n008191,n006066,train,1
9173,n003661,n001628,train,1
9174,n003425,n008087,train,1
9175,n000425,n006717,train,1
9176,n004856,n001108,train,1
9177,n008477,n004809,train,1
9178,n008393,n003228,train,1
9179,n003460,n001670,train,0
9180,n006304,n004769,train,1
9181,n001130,n007818,train,1
9182,n005283,n001240,train,1
9183,n001642,n001599,train,0
9184,n002755,n002336,train,1
9185,n003002,n001741,train,1
9186,n001533,n000715,train,1
9187,n002772,n005893,train,1
9188,n007081,n005195,train,1
9189,n007977,n006594,train,1
9190,n004465,n000202,train,0
9191,n007437,n000845,train,0
9192,n003997,n001939,train,0
9193,n003709,n008770,train,1
9194,n000181,n004498,train,1
9195,n002890,n005705,train,1
9196,n006256,n008764,train,0
9197,n004701,n002807,train,1
9198,n003869,n007109,train,1
9199,n001503,n000123,train,1
9200,n008844,n006798,train,1
9201,n006528,n004169,train,1
9202,n004072,n008806,train,1
9203,n004741,n009200,train,1
9204,n004203,n002692,train,1
9205,n000052,n000401,train,1
9206,n004110,n003740,train,1
9207,n004417,n001756,train,1
9208,n001895,n005801,train,1
9209,n007685,n006393,train,0
9210,n000317,n000605,train,1
9211,n001749,n006443,train,1
9212,n006777,n007250,train,1
9213,n007692,n007016,train,1
9214,n007959,n009113,train,1
9215,n003365,n002699,train,0
9216,n002063,n005343,train,1
9217,n001716,n004005,train,1
9218,n004056,n003431,train,0
9219,n007819,n001918,train,0
9220,n007640,n004824,train,1
9221,n006819,n002083,train,0
9222,n007180,n008141,train,1
9223,n004873,n004269,train,1
9224,n007861,n008500,train,1
9225,n006930,n004190,train,1
9226,n005483,n007968,train,1
9227,n007015,n007955,train,1
9228,n005485,n008852,train,1
9229,n001858,n000081,train,0
9230,n008080,n008234,train,1
9231,n005829,n004887,train,1
9232,n008382,n000542,train,1
9233,n005801,n006644,train,1
9234,n005782,n006141,train,1
9235,n005032,n000710,train,1
9236,n001572,n002702,train,1
9237,n005404,n002683,train,1
9238,n002888,n002023,train,1
9239,n006412,n003431,train,1
9240,n000060,n007151,train,0
9241,n003858,n009018,train,0
9242,n008092,n005573,train,1
9243,n001518,n007825,train,1
9244,n006184,n007957,train,1
9245,n007539,n001026,train,1
9246,n007257,n005051,train,1
9247,n001996,n008198,train,1
9248,n005025,n002143,train,1
9249,n006736,n000064,train,0
9250,n009103,n004627,train,1
9251,n005455,n000336,train,1
9252,n009055,n008310,train,1
9253,n002265,n003454,train,1
9254,n003538,n008514,train,1
9255,n002440,n000961,train,1
9256,n001960,n006496,train,1
9257,n002418,n005195,train,1
9258,n000978,n002785,train,1
9259,n007414,n002065,train,1
9260,n006940,n002988,train,1
9261,n001998,n002841,train,1
9262,n000696,n009275,train,0
9263,n000772,n005785,train,1
9264,n003818,n005248,train,0
9265,n003051,n007328,train,1
9266,n000644,n009102,train,0
9267,n009125,n007046,train,1
9268,n002750,n000963,train,0
9269,n002358,n005944,train,1
9270,n008617,n007152,train,1
9271,n000548,n004254,train,0
9272,n001609,n005305,train,1
9273,n001313,n006697,train,1
9274,n008071,n007351,train,1
9275,n007890,n001889,train,1
9276,n002833,n008870,train,1
9277,n001447,n005229,train,1
9278,n003838,n000391,train,1
9279,n006539,n001901,train,1
9280,n000511,n001335,train,1
9281,n004768,n005972,train,1
9282,n000564,n008708,train,1
9283,n006210,n007568,train,1
9284,n007522,n008616,train,1
9285,n008040,n002365,train,1
9286,n003879,n003872,train,1
9287,n008376,n006856,train,1
9288,n004152,n001421,train,1
9289,n009141,n008582,train,1
9290,n001285,n000025,train,1
9291,n006076,n007392,train,1
9292,n001766,n000663,train,1
9293,n003245,n006161,train,1
9294,n003132,n000347,train,1
9295,n003335,n000111,train,1
9296,n001773,n006736,train,1
9297,n000322,n007154,train,1
9298,n008077,n004020,train,1
9299,n004582,n005275,train,1
9300,n004389,n008304,train,1
9301,n002358,n003586,train,1
9302,n001310,n000367,train,1
9303,n007764,n008981,train,1
9304,n004726,n007279,train,1
9305,n006060,n002995,train,0
9306,n005883,n006073,train,1
9307,n006148,n000920,train,1
9308,n003483,n004737,train,0
9309,n002767,n000286,train,1
9310,n002431,n007468,train,0
9311,n003916,n003821,train,1
9312,n001981,n000414,train,1
9313,n000042,n007608,train,0
9314,n001283,n004604,train,1
9315,n006432,n003994,train,0
9316,n002047,n004866,train,1
9317,n001329,n006637,train,1
9318,n004161,n003149,train,1
9319,n008589,n005249,train,1
9320,n008659,n007181,train,1
9321,n001547,n001632,train,1
9322,n000168,n001224,train,1
9323,n001919,n004739,train,1
9324,n003302,n006464,train,1
9325,n007979,n006087,train,0
9326,n000442,n002015,train,1
9327,n001863,n007549,train,1
9328,n004154,n008851,train,0
9329,n001002,n002800,train,0
9330,n001501,n004002,train,1
9331,n006264,n008770,train,1
9332,n003569,n004657,train,1
9333,n006602,n004246,train,1
9334,n006013,n006206,train,1
9335,n007476,n003055,train,1
9336,n008749,n001869,train,1
9337,n004106,n005350,train,1
9338,n002390,n001326,train,1
9339,n006812,n000034,train,1
9340,n003628,n005228,train,0
9341,n005627,n006777,train,1
9342,n009092,n006798,train,1
9343,n004832,n007534,train,1
9344,n004122,n006016,train,1
9345,n007764,n003843,train,1
9346,n000476,n008516,train,0
9347,n004381,n003133,train,1
9348,n004228,n006546,train,1
9349,n003016,n003412,train,1
9350,n008783,n008076,train,1
9351,n005554,n007600,train,1
9352,n003503,n002978,train,1
9353,n008833,n000150,train,1
9354,n006694,n005142,train,1
9355,n007634,n007433,train,1
9356,n000594,n007655,train,1
9357,n002601,n008414,train,0
9358,n001065,n000063,train,1
9359,n003888,n002997,train,1
9360,n007340,n007299,train,1
9361,n006609,n008287,train,1
9362,n007353,n007715,train,0
9363,n008716,n003497,train,1
9364,n000046,n004122,train,1
9365,n004230,n002673,train,1
9366,n007212,n006725,train,1
9367,n007444,n001239,train,1
9368,n003880,n002626,train,1
9369,n007933,n006400,train,1
9370,n008356,n001551,train,1
9371,n002114,n003691,train,1
9372,n005744,n004323,train,0
9373,n006314,n008473,train,1
9374,n009026,n001705,train,1
9375,n000957,n002897,train,1
9376,n007563,n004072,train,1
9377,n001587,n004228,train,1
9378,n001376,n001603,train,1
9379,n008084,n008310,train,1
9380,n003835,n003082,train,1
9381,n001930,n006761,train,1
9382,n006682,n003720,train,0
9383,n007297,n002047,train,1
9384,n000201,n005886,train,1
9385,n001770,n003788,train,1
9386,n000063,n005643,train,0
9387,n001252,n003661,train,1
9388,n008556,n005638,train,1
9389,n002033,n007509,train,1
9390,n003594,n002924,train,1
9391,n002720,n006252,train,1
9392,n002483,n001919,train,0
9393,n006071,n001795,train,1
9394,n005599,n000661,train,1
9395,n002697,n007813,train,1
9396,n002001,n000282,train,1
9397,n005072,n002516,train,1
9398,n002016,n005837,train,0
9399,n004294,n002116,train,1
9400,n003851,n005172,train,1
9401,n006747,n005867,train,1
9402,n003486,n001495,train,0
9403,n005774,n000539,train,1
9404,n003974,n004721,train,0
9405,n008885,n006820,train,1
9406,n000676,n003849,train,1
9407,n000604,n004286,train,1
9408,n008272,n005012,train,1
9409,n005566,n009258,train,1
9410,n003788,n005274,train,1
9411,n007079,n003051,train,1
9412,n003207,n008342,train,1
9413,n000086,n008369,train,1
9414,n005244,n000603,train,1
9415,n007791,n003246,train,0
9416,n008114,n002265,train,1
9417,n000248,n006279,train,0
9418,n006784,n000077,train,1
9419,n006160,n008458,train,1
9420,n006528,n008976,train,1
9421,n003746,n004886,train,1
9422,n001634,n000265,train,0
9423,n000638,n002918,train,1
9424,n003515,n003418,train,1
9425,n007524,n007784,train,1
9426,n002139,n000933,train,1
9427,n001075,n009249,train,1
9428,n004825,n008080,train,1
9429,n001558,n002070,train,1
9430,n004870,n002901,train,1
9431,n004152,n004867,train,0
9432,n006975,n001064,train,1
9433,n005234,n004176,train,1
9434,n006610,n000491,train,1
9435,n000283,n001029,train,1
9436,n008865,n006769,train,1
9437,n008545,n008802,train,1
9438,n006855,n003843,train,1
9439,n005457,n007787,train,1
9440,n000762,n002860,train,1
9441,n005463,n003486,train,1
9442,n004962,n006789,train,1
9443,n007552,n007634,train,1
9444,n005774,n008382,train,0
9445,n004254,n000819,train,1
9446,n009044,n003869,train,0
9447,n005125,n007805,train,0
9448,n006441,n005953,train,1
9449,n000828,n000843,train,1
9450,n001922,n005635,train,1
9451,n001551,n003872,train,0
9452,n006542,n008103,train,1
9453,n000829,n006867,train,1
9454,n006204,n002408,train,1
9455,n001919,n003447,train,1
9456,n002724,n005118,train,0
9457,n001130,n004526,train,1
9458,n006088,n007048,train,1
9459,n005184,n009249,train,1
9460,n008042,n003274,train,1
9461,n001968,n004109,train,1
9462,n003947,n008274,train,0
9463,n007558,n000581,train,1
9464,n005707,n005284,train,1
9465,n009254,n003925,train,1
9466,n000060,n001215,train,0
9467,n001613,n007910,train,1
9468,n000128,n003085,train,1
9469,n009050,n007641,train,1
9470,n000875,n002767,train,1
9471,n006651,n002339,train,1
9472,n008198,n000729,train,1
9473,n007727,n001229,train,1
9474,n002926,n008941,train,1
9475,n001317,n000692,train,1
9476,n002988,n000144,train,1
9477,n004593,n000302,train,1
9478,n001677,n006604,train,1
9479,n007350,n001086,train,1
9480,n006324,n002243,train,1
9481,n005646,n008617,train,1
9482,n003162,n005877,train,1
9483,n007692,n008917,train,1
9484,n009071,n006820,train,0
9485,n007083,n005868,train,1
9486,n006517,n005349,train,1
9487,n001128,n004195,train,0
9488,n005265,n000059,train,1
9489,n009140,n005479,train,1
9490,n003763,n006552,train,1
9491,n005628,n007504,train,1
9492,n004924,n006564,train,1
9493,n008401,n007449,train,1
9494,n000055,n001638,train,1
9495,n004533,n004822,train,1
9496,n008405,n001785,train,0
9497,n003706,n002779,train,1
9498,n007795,n005900,train,1
9499,n004489,n008371,train,0
9500,n000497,n000899,train,1
9501,n006445,n002397,train,1
9502,n008991,n003943,train,1
9503,n008501,n008347,train,1
9504,n002918,n002677,train,1
9505,n004205,n007522,train,0
9506,n000326,n003839,train,1
9507,n002297,n003347,train,0
9508,n002146,n003915,train,1
9509,n002906,n008795,train,1
9510,n006828,n007960,train,0
9511,n003184,n008703,train,1
9512,n001116,n002059,train,1
9513,n008334,n007413,train,1
9514,n005735,n001422,train,1
9515,n004754,n000182,train,1
9516,n008132,n005370,train,1
9517,n008013,n004948,train,1
9518,n007616,n001121,train,1
9519,n008694,n009139,train,1
9520,n004617,n006994,train,1
9521,n003632,n002862,train,1
9522,n002739,n008883,train,1
9523,n002843,n003212,train,1
9524,n006278,n006446,train,1
9525,n007412,n007234,train,1
9526,n000023,n007932,train,0
9527,n000528,n002137,train,1
9528,n001462,n006408,train,0
9529,n009034,n006157,train,1
9530,n009005,n003317,train,0
9531,n003463,n008214,train,1
9532,n008893,n005878,train,1
9533,n007910,n002578,train,1
9534,n006575,n009064,train,1
9535,n001939,n002440,train,1
9536,n001148,n007880,train,1
9537,n004049,n001103,train,1
9538,n004310,n000968,train,1
9539,n007612,n003926,train,1
9540,n006154,n008364,train,1
9541,n007811,n007446,train,1
9542,n002306,n005587,train,0
9543,n003748,n003171,train,0
9544,n006276,n001087,train,1
9545,n005593,n004396,train,1
9546,n003310,n005819,train,0
9547,n001946,n000778,train,1
9548,n008287,n002696,train,1
9549,n008736,n004534,train,1
9550,n008476,n003618,train,1
9551,n007844,n001162,train,1
9552,n005318,n009203,train,1
9553,n006484,n006712,train,1
9554,n003630,n005788,train,1
9555,n000102,n003469,train,1
9556,n007383,n002985,train,1
9557,n003879,n001770,train,1
9558,n008161,n006471,train,1
9559,n002895,n001889,train,1
9560,n000094,n007328,train,1
9561,n006694,n007726,train,1
9562,n004704,n000474,train,1
9563,n005388,n007081,train,1
9564,n006831,n003852,train,1
9565,n007655,n001245,train,0
9566,n007028,n004048,train,1
9567,n000930,n005158,train,0
9568,n003471,n003726,train,1
9569,n008114,n005738,train,0
9570,n008473,n005400,train,1
9571,n008954,n000368,train,1
9572,n008902,n002409,train,0
9573,n006550,n001587,train,0
9574,n001851,n006155,train,1
9575,n000909,n000726,train,1
9576,n001098,n005689,train,1
9577,n009133,n005522,train,1
9578,n003229,n003735,train,1
9579,n003637,n005975,train,1
9580,n002594,n000340,train,1
9581,n002473,n001756,train,1
9582,n005821,n006059,train,1
9583,n003848,n000604,train,1
9584,n005942,n000824,train,1
9585,n001331,n001164,train,0
9586,n001442,n008327,train,1
9587,n006370,n000050,train,1
9588,n005287,n000546,train,1
9589,n006660,n002137,train,0
9590,n007712,n006042,train,1
9591,n003426,n001557,train,0
9592,n001628,n005923,train,0
9593,n000262,n008207,train,1
9594,n001184,n007155,train,1
9595,n005938,n006252,train,1
9596,n007715,n001928,train,1
9597,n008864,n000012,train,1
9598,n004976,n008804,train,1
9599,n001398,n005651,train,1
9600,n007680,n000897,train,1
9601,n007248,n005310,train,1
9602,n004002,n007819,train,1
9603,n001200,n009177,train,1
9604,n007421,n002096,train,0
9605,n008860,n003543,train,1
9606,n001389,n006023,train,1
9607,n005381,n005284,train,1
9608,n007819,n005860,train,0
9609,n000212,n007911,train,1
9610,n003424,n002915,train,1
9611,n006041,n001508,train,1
9612,n002795,n001529,train,0
9613,n004051,n004222,train,0
9614,n002807,n001837,train,1
9615,n007617,n000573,train,1
9616,n007321,n006073,train,0
9617,n008917,n000608,train,1
9618,n001376,n001722,train,1
9619,n001619,n001354,train,1
9620,n007216,n003798,train,1
9621,n003385,n006805,train,1
9622,n000833,n005597,train,1
9623,n003710,n002572,train,1
9624,n006594,n004863,train,1
9625,n001421,n002967,train,1
9626,n001705,n005848,train,1
9627,n004263,n003355,train,0
9628,n007578,n000033,train,1
9629,n005228,n001844,train,1
9630,n002632,n005028,train,1
9631,n001010,n008551,train,1
9632,n003307,n001624,train,0
9633,n007337,n001633,train,0
9634,n005896,n004396,train,0
9635,n005569,n003768,train,0
9636,n007248,n001814,train,1
9637,n003933,n008950,train,0
9638,n004917,n006805,train,1
9639,n003581,n001809,train,1
9640,n006930,n004623,train,0
9641,n009092,n007559,train,1
9642,n001234,n007449,train,0
9643,n006234,n007227,train,1
9644,n002301,n003706,train,1
9645,n006933,n004944,train,1
9646,n008250,n000875,train,1
9647,n000224,n003649,train,1
9648,n008979,n000339,train,1
9649,n003536,n005410,train,1
9650,n004079,n005426,train,0
9651,n004484,n001119,train,1
9652,n000138,n000311,train,1
9653,n001694,n002225,train,1
9654,n005126,n009253,train,1
9655,n005561,n008912,train,0
9656,n000113,n006504,train,1
9657,n006861,n000525,train,1
9658,n002976,n006229,train,0
9659,n004190,n003522,train,1
9660,n008548,n000326,train,0
9661,n003520,n004963,train,0
9662,n003908,n002903,train,1
9663,n007524,n001161,train,1
9664,n000012,n000311,train,0
9665,n008708,n008409,train,1
9666,n008868,n002598,train,0
9667,n003363,n005800,train,0
9668,n000891,n002186,train,1
9669,n005438,n003793,train,0
9670,n006850,n000514,train,1
9671,n008880,n003242,train,1
9672,n006974,n008836,train,0
9673,n008867,n000167,train,1
9674,n007425,n008597,train,1
9675,n000104,n007305,train,1
9676,n001148,n004961,train,1
9677,n003308,n006773,train,1
9678,n003180,n003731,train,0
9679,n000907,n009076,train,1
9680,n004391,n001264,train,1
9681,n008422,n002759,train,1
9682,n001812,n007221,train,0
9683,n002248,n004253,train,1
9684,n008366,n004655,train,1
9685,n000374,n003054,train,0
9686,n000749,n005711,train,1
9687,n007957,n001522,train,1
9688,n001382,n005051,train,0
9689,n006594,n000132,train,1
9690,n009254,n008405,train,1
9691,n006173,n001605,train,1
9692,n007752,n007777,train,1
9693,n001626,n004833,train,0
9694,n002700,n006908,train,1
9695,n000808,n004232,train,1
9696,n005700,n000696,train,1
9697,n003064,n000518,train,1
9698,n005791,n008947,train,1
9699,n005006,n006428,train,1
9700,n006133,n008883,train,0
9701,n001411,n006127,train,1
9702,n006471,n003346,train,1
9703,n006750,n003731,train,1
9704,n001210,n003810,train,1
9705,n004896,n000364,train,1
9706,n008091,n009198,train,1
9707,n001591,n000408,train,1
9708,n003525,n002877,train,1
9709,n006936,n002155,train,1
9710,n000669,n000223,train,1
9711,n001837,n001694,train,0
9712,n000601,n001875,train,0
9713,n005608,n002990,train,1
9714,n004313,n002566,train,1
9715,n004392,n001592,train,1
9716,n003494,n003784,train,1
9717,n001262,n004388,train,1
9718,n007386,n000965,train,1
9719,n002645,n003481,train,1
9720,n006899,n007776,train,0
9721,n006546,n001762,train,0
9722,n004718,n000613,train,0
9723,n004848,n005898,train,1
9724,n002494,n003242,train,1
9725,n006827,n003276,train,1
9726,n000041,n003100,train,1
9727,n007795,n005923,train,1
9728,n004230,n002073,train,1
9729,n001207,n005947,train,1
9730,n007563,n005988,train,1
9731,n007612,n000834,train,1
9732,n001343,n001462,train,1
9733,n007031,n003481,train,1
9734,n006222,n005125,train,1
9735,n000356,n001695,train,1
9736,n008617,n003968,train,1
9737,n009056,n006798,train,1
9738,n000347,n005166,train,1
9739,n002291,n007612,train,1
9740,n007046,n008857,train,1
9741,n000576,n000922,train,1
9742,n005738,n000090,train,1
9743,n005766,n006505,train,1
9744,n008007,n007565,train,0
9745,n008226,n005628,train,1
9746,n005810,n003136,train,1
9747,n001272,n005125,train,1
9748,n006360,n003226,train,1
9749,n003389,n007923,train,0
9750,n002494,n000049,train,1
9751,n007285,n006845,train,1
9752,n004690,n003941,train,1
9753,n008803,n009204,train,1
9754,n006515,n005876,train,0
9755,n001616,n000221,train,1
9756,n004230,n000054,train,1
9757,n001851,n007263,train,1
9758,n001348,n004418,train,1
9759,n008267,n006973,train,1
9760,n006076,n001684,train,1
9761,n003517,n006198,train,1
9762,n006133,n004822,train,1
9763,n005825,n007006,train,1
9764,n001795,n007194,train,1
9765,n003888,n006564,train,1
9766,n000028,n005443,train,1
9767,n005044,n008075,train,1
9768,n002195,n006282,train,1
9769,n004220,n007550,train,0
9770,n004303,n007321,train,1
9771,n004438,n006099,train,1
9772,n001738,n001859,train,1
9773,n007678,n004242,train,0
9774,n006441,n000144,train,1
9775,n002746,n001409,train,1
9776,n009076,n001411,train,1
9777,n003877,n007504,train,1
9778,n008781,n005676,train,1
9779,n004190,n005635,train,0
9780,n005464,n008874,train,0
9781,n006127,n000778,train,1
9782,n009056,n003638,train,1
9783,n001957,n001730,train,1
9784,n004736,n004476,train,1
9785,n000374,n008131,train,1
9786,n000612,n003806,train,1
9787,n007044,n007776,train,1
9788,n008335,n006860,train,1
9789,n003169,n004075,train,1
9790,n004448,n000562,train,1
9791,n005819,n008093,train,1
9792,n001145,n008679,train,1
9793,n000725,n004432,train,1
9794,n005699,n005399,train,1
9795,n000647,n009188,train,1
9796,n006719,n007403,train,1
9797,n006746,n008371,train,1
9798,n008285,n001979,train,1
9799,n003167,n000367,train,1
9800,n004108,n005275,train,0
9801,n008886,n006836,train,1
9802,n002813,n007627,train,1
9803,n006630,n000843,train,0
9804,n004175,n000619,train,1
9805,n005801,n002013,train,0
9806,n006791,n006843,train,1
9807,n002696,n000031,train,1
9808,n007465,n005362,train,1
9809,n004572,n000488,train,1
9810,n004054,n005103,train,0
9811,n004445,n004507,train,0
9812,n003915,n006286,train,1
9813,n009143,n002431,train,1
9814,n008202,n000976,train,1
9815,n004647,n008668,train,1
9816,n008568,n008550,train,1
9817,n005724,n003180,train,0
9818,n008709,n005311,train,1
9819,n007517,n005770,train,1
9820,n003290,n004840,train,1
9821,n002526,n001803,train,1
9822,n003785,n003546,train,1
9823,n002560,n005908,train,0
9824,n002631,n008711,train,1
9825,n001204,n000791,train,0
9826,n003858,n004577,train,0
9827,n006734,n004861,train,1
9828,n001373,n008880,train,1
9829,n003129,n004474,train,1
9830,n002490,n004932,train,0
9831,n001800,n002246,train,1
9832,n004369,n003818,train,1
9833,n006998,n007257,train,1
9834,n006538,n009132,train,1
9835,n007015,n008374,train,1
9836,n006078,n008262,train,1
9837,n004690,n008423,train,1
9838,n000618,n004027,train,1
9839,n002065,n001616,train,1
9840,n004623,n006542,train,1
9841,n008877,n007612,train,1
9842,n002750,n000077,train,1
9843,n006714,n004097,train,1
9844,n005767,n001063,train,1
9845,n007320,n003201,train,1
9846,n003416,n009222,train,1
9847,n000766,n003498,train,1
9848,n005376,n006252,train,1
9849,n002370,n006926,train,0
9850,n006239,n008227,train,1
9851,n003845,n001198,train,1
9852,n001469,n008193,train,1
9853,n007701,n000165,train,0
9854,n004870,n006173,train,0
9855,n000822,n007520,train,0
9856,n008696,n005020,train,1
9857,n000131,n000248,train,1
9858,n008507,n008845,train,1
9859,n004822,n001656,train,1
9860,n009002,n005475,train,0
9861,n006814,n008580,train,1
9862,n000258,n000546,train,1
9863,n006702,n001460,train,1
9864,n008611,n005757,train,1
9865,n000586,n000405,train,1
9866,n007975,n008382,train,1
9867,n007279,n008587,train,1
9868,n004310,n008707,train,0
9869,n009087,n003703,train,1
9870,n002705,n003282,train,1
9871,n006189,n000578,train,1
9872,n000424,n004048,train,0
9873,n007710,n004497,train,1
9874,n006602,n006407,train,1
9875,n000586,n003312,train,1
9876,n008906,n002993,train,1
9877,n006379,n002392,train,1
9878,n001297,n008206,train,1
9879,n005499,n002194,train,1
9880,n004670,n007349,train,1
9881,n001626,n008795,train,0
9882,n003966,n004216,train,1
9883,n000020,n001694,train,1
9884,n006511,n001246,train,0
9885,n003469,n009006,train,1
9886,n008181,n005825,train,1
9887,n008740,n001254,train,1
9888,n007442,n006158,train,1
9889,n000828,n002411,train,1
9890,n006862,n006965,train,1
9891,n006575,n000352,train,1
9892,n003197,n005044,train,1
9893,n002532,n003342,train,0
9894,n004729,n007305,train,1
9895,n005322,n000691,train,1
9896,n008161,n000045,train,1
9897,n006160,n001077,train,1
9898,n007710,n001298,train,1
9899,n006445,n003166,train,1
9900,n007048,n006974,train,1
9901,n006242,n005742,train,1
9902,n001379,n001055,train,1
9903,n007009,n008473,train,1
9904,n005678,n003319,train,1
9905,n009208,n004951,train,0
9906,n004410,n006623,train,0
9907,n008980,n000055,train,1
9908,n008441,n000742,train,0
9909,n005467,n008372,train,1
9910,n006602,n006850,train,1
9911,n003679,n001662,train,1
9912,n001343,n006330,train,1
9913,n001080,n008055,train,1
9914,n003109,n005461,train,1
9915,n001117,n006367,train,1
9916,n003336,n004819,train,1
9917,n000591,n001619,train,1
9918,n001531,n006933,train,1
9919,n009143,n005965,train,0
9920,n004038,n000015,train,0
9921,n007387,n006071,train,1
9922,n007999,n008017,train,0
9923,n000634,n009104,train,1
9924,n007775,n002313,train,1
9925,n000317,n009182,train,1
9926,n004187,n007186,train,1
9927,n005176,n007971,train,1
9928,n008702,n006078,train,1
9929,n008452,n001207,train,1
9930,n005972,n006632,train,0
9931,n007614,n007878,train,0
9932,n003347,n002853,train,1
9933,n001078,n002052,train,0
9934,n008295,n006206,train,1
9935,n000805,n008565,train,1
9936,n007293,n001563,train,1
9937,n000539,n000513,train,1
9938,n005151,n006784,train,1
9939,n008560,n003813,train,0
9940,n005674,n006602,train,0
9941,n002785,n000927,train,0
9942,n002461,n007097,train,0
9943,n005293,n001848,train,1
9944,n006827,n003422,train,1
9945,n006862,n000412,train,1
9946,n005314,n004303,train,1
9947,n006839,n004288,train,1
9948,n008649,n001918,train,1
9949,n000890,n004383,train,1
9950,n001276,n007685,train,1
9951,n000981,n009027,train,0
9952,n002172,n008596,train,1
9953,n003493,n000569,train,1
9954,n006447,n003720,train,1
9955,n005408,n009240,train,1
9956,n001917,n002451,train,1
9957,n007924,n007154,train,1
9958,n009104,n000391,train,1
9959,n007519,n000601,train,1
9960,n001882,n005735,train,0
9961,n001326,n000708,train,1
9962,n001305,n009139,train,1
9963,n006374,n005785,train,1
9964,n003985,n000462,train,1
9965,n000562,n007957,train,1
9966,n001494,n000930,train,0
9967,n001872,n009006,train,1
9968,n005150,n008946,train,1
9969,n006187,n000171,train,1
9970,n002912,n001647,train,1
9971,n005376,n008295,train,1
9972,n001645,n008668,train,1
9973,n006817,n009104,train,1
9974,n006843,n007636,train,1
9975,n004035,n006845,train,1
9976,n008202,n002087,train,1
9977,n001297,n004909,train,1
9978,n002955,n000412,train,1
9979,n000691,n005924,train,1
9980,n007247,n006868,train,1
9981,n005263,n005996,train,1
9982,n000092,n003218,train,1
9983,n006367,n008467,train,1
9984,n008391,n005700,train,1
9985,n008700,n009260,train,0
9986,n001724,n003070,train,0
9987,n005286,n002845,train,1
9988,n002514,n002437,train,0
9989,n003267,n003536,train,1
9990,n001088,n002668,train,0
9991,n002116,n002459,train,0
9992,n001103,n005388,train,1
9993,n000165,n001028,train,0
9994,n004509,n002616,train,1
9995,n007873,n008388,train,1
9996,n006433,n007018,train,1
9997,n002676,n000045,train,1
9998,n005012,n002902,train,1
9999,n002594,n000213,train,1
10000,n004610,n008903,train,0
10001,n003843,n002090,train,0
10002,n001940,n005413,train,0
10003,n001660,n000915,train,1
10004,n004831,n003179,train,1
10005,n000783,n004753,train,1
10006,n006957,n003699,train,1
10007,n003470,n007328,train,1
10008,n003283,n005725,train,1
10009,n005908,n001808,train,1
10010,n008116,n008864,train,1
10011,n001015,n008621,train,1
10012,n001280,n006520,train,1
10013,n005661,n003598,train,0
10014,n007316,n007674,train,1
10015,n002525,n001697,train,1
10016,n008820,n007685,train,1
10017,n002492,n006899,train,1
10018,n008267,n007961,train,1
10019,n001645,n000081,train,1
10020,n008157,n008781,train,1
10021,n000834,n007030,train,1
10022,n002390,n001060,train,1
10023,n000731,n006826,train,1
10024,n003423,n008990,train,1
10025,n004436,n004697,train,1
10026,n006370,n000060,train,1
10027,n002618,n003630,train,0
10028,n002862,n004667,train,0
10029,n000970,n008321,train,1
10030,n002969,n004954,train,1
10031,n004430,n000165,train,1
10032,n001700,n000248,train,1
10033,n008621,n004174,train,0
10034,n004360,n006611,train,1
10035,n009088,n004740,train,0
10036,n005584,n008165,train,0
10037,n001479,n001531,train,1
10038,n000412,n005150,train,1
10039,n002094,n000305,train,0
10040,n008310,n006387,train,1
10041,n001219,n005439,train,0
10042,n008010,n002750,train,1
10043,n001117,n005662,train,0
10044,n001713,n000387,train,1
10045,n005399,n008800,train,1
10046,n000970,n004741,train,1
10047,n003214,n001800,train,1
10048,n002541,n002807,train,1
10049,n001797,n006071,train,1
10050,n001354,n003955,train,1
10051,n007940,n001260,train,1
10052,n008374,n008049,train,0
10053,n007550,n000217,train,1
10054,n001254,n006698,train,1
10055,n003524,n004492,train,1
10056,n005449,n000351,train,1
10057,n001730,n001370,train,1
10058,n006160,n008471,train,1
10059,n006175,n003202,train,1
10060,n007982,n006581,train,1
10061,n009275,n009224,train,1
10062,n008569,n006884,train,1
10063,n004097,n000445,train,1
10064,n006674,n004887,train,1
10065,n006761,n002739,train,1
10066,n000391,n000443,train,1
10067,n000054,n004288,train,1
10068,n000833,n005975,train,1
10069,n006733,n007267,train,1
10070,n004327,n004303,train,1
10071,n008967,n000456,train,0
10072,n005246,n000840,train,0
10073,n005987,n001314,train,1
10074,n005100,n005310,train,1
10075,n008140,n002801,train,1
10076,n005442,n008568,train,1
10077,n008536,n007499,train,1
10078,n002489,n000743,train,1
10079,n002634,n006471,train,0
10080,n001557,n003029,train,1
10081,n007023,n007961,train,1
10082,n003416,n002071,train,1
10083,n004422,n001570,train,0
10084,n007387,n007089,train,0
10085,n007277,n008042,train,0
10086,n008391,n006402,train,0
10087,n001844,n004375,train,1
10088,n001712,n003129,train,1
10089,n001309,n006750,train,1
10090,n001305,n006457,train,0
10091,n001974,n001603,train,1
10092,n005443,n007157,train,0
10093,n006099,n000941,train,1
10094,n001719,n005357,train,1
10095,n005929,n004667,train,0
10096,n006054,n002603,train,1
10097,n001642,n000297,train,1
10098,n001662,n000492,train,0
10099,n000483,n001904,train,1
10100,n002213,n003682,train,1
10101,n000969,n008275,train,1
10102,n000871,n002631,train,0
10103,n001905,n007378,train,1
10104,n006149,n004829,train,1
10105,n008865,n001521,train,1
10106,n006954,n003968,train,0
10107,n003004,n006303,train,0
10108,n008954,n006443,train,1
10109,n004825,n001680,train,1
10110,n005051,n001356,train,1
10111,n005839,n003764,train,1
10112,n003278,n008860,train,1
10113,n008803,n006804,train,1
10114,n003398,n007908,train,1
10115,n008500,n006275,train,0
10116,n006612,n001638,train,0
10117,n005221,n001634,train,1
10118,n007282,n002247,train,0
10119,n001200,n003335,train,1
10120,n003614,n007644,train,1
10121,n002127,n000784,train,0
10122,n008925,n000916,train,1
10123,n000223,n008452,train,1
10124,n004910,n008924,train,1
10125,n000221,n004917,train,1
10126,n004616,n006926,train,1
10127,n006234,n003214,train,1
10128,n008132,n006066,train,0
10129,n000843,n001981,train,1
10130,n004837,n006412,train,0
10131,n001029,n006651,train,1
10132,n001269,n001866,train,1
10133,n002347,n007598,train,1
10134,n007348,n001690,train,1
10135,n001487,n003291,train,1
10136,n003394,n001501,train,1
10137,n002392,n003718,train,1
10138,n002607,n005298,train,1
10139,n001068,n008755,train,1
10140,n005043,n003318,train,1
10141,n002691,n005437,train,1
10142,n000985,n005933,train,1
10143,n006270,n002437,train,1
10144,n008761,n007783,train,1
10145,n008549,n006736,train,1
10146,n007824,n003755,train,1
10147,n007250,n006833,train,1
10148,n002989,n000512,train,1
10149,n006730,n006424,train,1
10150,n000907,n002841,train,1
10151,n003936,n004049,train,1
10152,n003656,n007764,train,1
10153,n003789,n000691,train,1
10154,n008375,n007817,train,1
10155,n002874,n006679,train,1
10156,n008088,n001346,train,0
10157,n007952,n002729,train,1
10158,n003471,n000899,train,0
10159,n009018,n007620,train,1
10160,n005757,n004318,train,1
10161,n004626,n005622,train,1
10162,n007623,n006386,train,1
10163,n004075,n007564,train,1
10164,n001615,n008966,train,1
10165,n002620,n006716,train,1
10166,n006865,n003736,train,1
10167,n008336,n004040,train,0
10168,n002902,n000647,train,0
10169,n005796,n005942,train,1
10170,n005597,n000146,train,1
10171,n006090,n005509,train,1
10172,n005466,n006836,train,1
10173,n006923,n007006,train,1
10174,n008749,n009151,train,1
10175,n001332,n000172,train,1
10176,n007774,n008022,train,1
10177,n000675,n001851,train,1
10178,n002031,n003542,train,1
10179,n006402,n004253,train,1
10180,n004310,n004683,train,1
10181,n008656,n003229,train,1
10182,n000664,n007090,train,0
10183,n001018,n009221,train,0
10184,n005021,n006007,train,1
10185,n003720,n002404,train,1
10186,n003041,n003355,train,1
10187,n008460,n003568,train,1
10188,n003347,n004388,train,1
10189,n008796,n001483,train,1
10190,n001043,n008925,train,1
10191,n001011,n007115,train,0
10192,n002558,n004056,train,0
10193,n003246,n007626,train,1
10194,n005993,n009053,train,1
10195,n005925,n004672,train,1
10196,n006819,n008342,train,1
10197,n000784,n002015,train,1
10198,n006807,n004054,train,0
10199,n000258,n004084,train,1
10200,n001098,n004775,train,1
10201,n000418,n007192,train,1
10202,n000384,n005566,train,0
10203,n005176,n007006,train,0
10204,n005574,n006422,train,1
10205,n006262,n003882,train,1
10206,n003989,n000131,train,1
10207,n004111,n001606,train,1
10208,n000783,n002558,train,1
10209,n001918,n000955,train,0
10210,n002944,n001287,train,0
10211,n008062,n003469,train,1
10212,n004998,n001705,train,1
10213,n009209,n000244,train,1
10214,n005622,n000524,train,1
10215,n002760,n006972,train,0
10216,n005896,n002495,train,0
10217,n001733,n001511,train,1
10218,n006780,n006694,train,1
10219,n002835,n007037,train,1
10220,n003837,n003303,train,1
10221,n001518,n003457,train,1
10222,n007426,n006870,train,1
10223,n007012,n008536,train,1
10224,n008019,n009113,train,1
10225,n004054,n003676,train,1
10226,n006456,n000613,train,1
10227,n004949,n001537,train,0
10228,n000880,n006149,train,1
10229,n008617,n005597,train,1
10230,n001713,n008477,train,1
10231,n001546,n004012,train,1
10232,n006566,n005858,train,0
10233,n000432,n008871,train,1
10234,n004954,n004098,train,1
10235,n002461,n001082,train,1
10236,n002780,n006559,train,1
10237,n003522,n000962,train,1
10238,n005404,n002922,train,1
10239,n005996,n003048,train,1
10240,n003202,n008219,train,1
10241,n005948,n002741,train,1
10242,n004876,n006548,train,1
10243,n006163,n009130,train,1
10244,n007873,n007901,train,1
10245,n007160,n009127,train,1
10246,n003982,n003119,train,0
10247,n005611,n005254,train,1
10248,n001116,n003487,train,1
10249,n002813,n005470,train,0
10250,n009261,n002049,train,1
10251,n005249,n009024,train,0
10252,n002953,n005910,train,1
10253,n002895,n005381,train,1
10254,n003029,n006965,train,1
10255,n001746,n002186,train,1
10256,n003929,n002769,train,0
10257,n000749,n003322,train,0
10258,n003130,n007023,train,1
10259,n001042,n005249,train,1
10260,n007172,n003858,train,1
10261,n008039,n004508,train,1
10262,n000028,n003774,train,0
10263,n003769,n001060,train,1
10264,n007641,n000828,train,1
10265,n000954,n005922,train,1
10266,n007109,n009062,train,1
10267,n007353,n001760,train,1
10268,n005173,n008065,train,1
10269,n003828,n007438,train,0
10270,n007999,n002338,train,0
10271,n000443,n008636,train,1
10272,n001086,n000907,train,1
10273,n002065,n009071,train,0
10274,n001006,n007445,train,1
10275,n001962,n003456,train,1
10276,n002893,n000074,train,1
10277,n007776,n009142,train,1
10278,n002835,n001724,train,0
10279,n008903,n007812,train,1
10280,n003723,n006438,train,1
10281,n002598,n000964,train,0
10282,n005665,n003924,train,1
10283,n005190,n005477,train,1
10284,n005743,n000378,train,0
10285,n000339,n004979,train,1
10286,n008273,n001688,train,1
10287,n005542,n001025,train,1
10288,n005816,n005502,train,0
10289,n002583,n003999,train,1
10290,n006104,n007428,train,0
10291,n006777,n007320,train,1
10292,n007549,n007152,train,0
10293,n006321,n008299,train,1
10294,n007157,n002649,train,0
10295,n001072,n009102,train,1
10296,n004963,n001784,train,1
10297,n008749,n001719,train,0
10298,n005103,n006519,train,1
10299,n005732,n000930,train,1
10300,n002050,n003002,train,1
10301,n008770,n008857,train,0
10302,n002276,n003401,train,1
10303,n007042,n009040,train,1
10304,n005850,n002940,train,1
10305,n001851,n004230,train,1
10306,n004131,n004174,train,1
10307,n000385,n006534,train,1
10308,n008617,n007212,train,1
10309,n008898,n001011,train,1
10310,n001889,n005336,train,0
10311,n008327,n005234,train,1
10312,n008917,n008569,train,1
10313,n006990,n002001,train,1
10314,n006495,n002521,train,1
10315,n000806,n009069,train,0
10316,n009082,n007314,train,1
10317,n004497,n005682,train,1
10318,n000252,n005006,train,1
10319,n001522,n009191,train,1
10320,n005517,n005293,train,1
10321,n001767,n005047,train,1
10322,n006688,n002553,train,1
10323,n005151,n002744,train,1
10324,n000580,n003546,train,1
10325,n008211,n008289,train,1
10326,n001352,n002822,train,1
10327,n006813,n003362,train,0
10328,n008334,n006966,train,1
10329,n004184,n000757,train,1
10330,n005858,n002745,train,1
10331,n006314,n004511,train,1
10332,n000847,n002652,train,1
10333,n008234,n000729,train,1
10334,n006263,n003899,train,1
10335,n003691,n008203,train,1
10336,n003908,n003799,train,1
10337,n008555,n008177,train,0
10338,n008956,n004320,train,1
10339,n000375,n000840,train,1
10340,n003256,n005353,train,1
10341,n007759,n000339,train,0
10342,n008708,n001315,train,1
10343,n002473,n007873,train,1
10344,n006594,n005283,train,0
10345,n000489,n001865,train,1
10346,n009062,n001833,train,1
10347,n006204,n002450,train,1
10348,n003426,n008092,train,1
10349,n008045,n005660,train,1
10350,n001577,n008398,train,1
10351,n001136,n003924,train,0
10352,n001083,n008646,train,1
10353,n005859,n000811,train,1
10354,n006506,n008804,train,1
10355,n004561,n005561,train,1
10356,n007337,n001879,train,1
10357,n000497,n004785,train,1
10358,n002115,n009087,train,1
10359,n005881,n007477,train,1
10360,n000504,n001343,train,1
10361,n008245,n006239,train,0
10362,n000375,n000519,train,0
10363,n008238,n008807,train,0
10364,n008459,n001613,train,1
10365,n003763,n001025,train,0
10366,n007794,n001657,train,1
10367,n006361,n000762,train,1
10368,n003048,n008329,train,1
10369,n005968,n001630,train,1
10370,n000244,n003346,train,1
10371,n006147,n003203,train,1
10372,n003755,n003715,train,1
10373,n005744,n006416,train,1
10374,n007482,n001099,train,1
10375,n005933,n006447,train,0
10376,n003289,n003638,train,1
10377,n008178,n002073,train,1
10378,n002519,n005479,train,1
10379,n000610,n005457,train,1
10380,n008048,n008745,train,1
10381,n009208,n007623,train,1
10382,n006158,n007632,train,1
10383,n005858,n004754,train,1
10384,n006946,n005669,train,1
10385,n003412,n003837,train,1
10386,n004335,n000743,train,1
10387,n007791,n000880,train,1
10388,n004334,n000607,train,1
10389,n007293,n004283,train,0
10390,n000319,n008967,train,1
10391,n006373,n005825,train,1
10392,n001373,n002123,train,1
10393,n001034,n007383,train,0
10394,n000100,n005396,train,1
10395,n007831,n002879,train,1
10396,n001108,n007791,train,1
10397,n004620,n004621,train,1
10398,n006542,n000420,train,0
10399,n002244,n001562,train,0
10400,n008928,n008049,train,1
10401,n007911,n002065,train,1
10402,n000112,n001587,train,1
10403,n002495,n007398,train,1
10404,n008422,n002716,train,1
10405,n005276,n000888,train,1
10406,n001078,n007017,train,1
10407,n003229,n001281,train,1
10408,n008071,n007886,train,1
10409,n003815,n005785,train,1
10410,n008597,n004184,train,1
10411,n006970,n007016,train,1
10412,n000408,n009181,train,1
10413,n000255,n006674,train,0
10414,n006604,n005717,train,1
10415,n006386,n008513,train,1
10416,n000049,n007263,train,1
10417,n001915,n007976,train,1
10418,n003026,n000134,train,1
10419,n006225,n005546,train,1
10420,n004489,n003119,train,1
10421,n006254,n005892,train,1
10422,n006855,n008365,train,1
10423,n009246,n007551,train,1
10424,n002614,n006107,train,1
10425,n000768,n001609,train,1
10426,n003787,n003005,train,1
10427,n002052,n003593,train,1
10428,n001866,n005574,train,1
10429,n002187,n001350,train,1
10430,n007756,n000094,train,1
10431,n005195,n003599,train,1
10432,n008378,n003522,train,0
10433,n007255,n004204,train,0
10434,n001055,n001680,train,1
10435,n008781,n004502,train,1
10436,n001088,n002611,train,1
10437,n006846,n000880,train,1
10438,n004436,n007907,train,1
10439,n008617,n004051,train,1
10440,n008262,n002971,train,1
10441,n007633,n003475,train,1
10442,n004718,n001336,train,1
10443,n001140,n007793,train,1
10444,n007393,n001702,train,1
10445,n007378,n001444,train,0
10446,n001508,n007803,train,1
10447,n001517,n005868,train,1
10448,n000657,n003020,train,1
10449,n001187,n008897,train,1
10450,n007763,n005410,train,1
10451,n006213,n006958,train,1
10452,n007682,n008102,train,0
10453,n003308,n004237,train,1
10454,n001143,n004242,train,0
10455,n006865,n002285,train,0
10456,n006236,n004666,train,1
10457,n001733,n000710,train,1
10458,n006387,n001186,train,0
10459,n000845,n008740,train,1
10460,n009151,n005924,train,1
10461,n004695,n005259,train,1
10462,n008516,n003660,train,1
10463,n003392,n001798,train,1
10464,n001449,n005090,train,1
10465,n003482,n002772,train,1
10466,n001350,n004943,train,0
10467,n000223,n008007,train,0
10468,n007658,n008045,train,1
10469,n005551,n008844,train,1
10470,n003365,n006877,train,0
10471,n001002,n001239,train,1
10472,n008875,n003223,train,1
10473,n006393,n003302,train,1
10474,n000561,n007765,train,1
10475,n004498,n006065,train,1
10476,n006635,n007083,train,1
10477,n003821,n001509,train,1
10478,n000625,n001028,train,1
10479,n006275,n006420,train,1
10480,n007527,n000871,train,1
10481,n006733,n004693,train,1
10482,n000981,n008556,train,0
10483,n007106,n002240,train,1
10484,n004589,n004283,train,1
10485,n008825,n002065,train,0
10486,n007044,n001562,train,1
10487,n008170,n008775,train,0
10488,n004234,n007458,train,1
10489,n003715,n004527,train,1
10490,n005514,n001378,train,1
10491,n007160,n006374,train,1
10492,n005534,n005555,train,1
10493,n006760,n007404,train,1
10494,n004794,n000618,train,1
10495,n004708,n008060,train,1
10496,n004309,n009222,train,1
10497,n002146,n001936,train,1
10498,n003135,n005690,train,1
10499,n003271,n006158,train,1
10500,n006191,n008101,train,1
10501,n006309,n000711,train,1
10502,n008707,n000916,train,0
10503,n008588,n001638,train,1
10504,n008512,n000715,train,1
10505,n002877,n002434,train,1
10506,n004806,n006379,train,1
10507,n008142,n003008,train,1
10508,n007910,n002633,train,1
10509,n002597,n007378,train,1
10510,n006505,n004998,train,1
10511,n007414,n001960,train,1
10512,n003936,n006995,train,1
10513,n003815,n007676,train,1
10514,n007262,n000412,train,0
10515,n004150,n007563,train,1
10516,n007227,n001633,train,0
10517,n002624,n002065,train,0
10518,n005274,n007333,train,1
10519,n000570,n007430,train,1
10520,n000761,n002735,train,0
10521,n008506,n001589,train,0
10522,n006814,n007083,train,1
10523,n002393,n003016,train,1
10524,n009139,n006174,train,1
10525,n001572,n005295,train,1
10526,n005591,n006327,train,1
10527,n003505,n003852,train,1
10528,n002797,n005615,train,1
10529,n007636,n001487,train,0
10530,n008565,n001358,train,1
10531,n001909,n005189,train,0
10532,n000910,n007669,train,1
10533,n001797,n001735,train,1
10534,n004102,n006187,train,1
10535,n006457,n006382,train,1
10536,n005125,n001960,train,1
10537,n007481,n009279,train,0
10538,n007563,n004301,train,1
10539,n003871,n002772,train,1
10540,n009127,n006828,train,1
10541,n008904,n001715,train,1
10542,n000309,n000716,train,0
10543,n005125,n002990,train,1
10544,n006229,n002832,train,1
10545,n007756,n000204,train,0
10546,n004620,n000976,train,0
10547,n004987,n001518,train,1
10548,n002772,n002952,train,1
10549,n004657,n007051,train,1
10550,n008561,n000614,train,1
10551,n002105,n000364,train,1
10552,n006006,n007888,train,1
10553,n001255,n005858,train,0
10554,n006760,n007906,train,1
10555,n000388,n004855,train,0
10556,n003324,n000047,train,1
10557,n000158,n000847,train,1
10558,n006517,n006801,train,0
10559,n001310,n005599,train,1
10560,n006826,n005597,train,1
10561,n008617,n006185,train,0
10562,n007434,n003302,train,1
10563,n009079,n008375,train,1
10564,n001912,n007079,train,0
10565,n002328,n003435,train,0
10566,n004129,n003872,train,1
10567,n001026,n004495,train,1
10568,n000840,n001866,train,1
10569,n000043,n006444,train,1
10570,n001219,n006166,train,0
10571,n007792,n009246,train,1
10572,n004476,n004700,train,1
10573,n004941,n006576,train,0
10574,n008230,n009174,train,1
10575,n008250,n000644,train,1
10576,n003068,n008852,train,1
10577,n000923,n004110,train,1
10578,n006477,n004481,train,1
10579,n006192,n008759,train,0
10580,n001511,n001603,train,1
10581,n001688,n001334,train,1
10582,n006714,n006990,train,0
10583,n008792,n006206,train,1
10584,n001403,n005138,train,1
10585,n007105,n008093,train,1
10586,n001483,n008904,train,0
10587,n007634,n001796,train,1
10588,n003743,n004917,train,1
10589,n002844,n004122,train,1
10590,n002663,n002832,train,1
10591,n006393,n005094,train,1
10592,n002352,n005542,train,1
10593,n002695,n008052,train,0
10594,n004269,n006952,train,0
10595,n001278,n006007,train,1
10596,n003597,n005376,train,1
10597,n008165,n007372,train,1
10598,n004232,n004242,train,0
10599,n008062,n004370,train,1
10600,n000942,n000025,train,0
10601,n003214,n003351,train,0
10602,n009253,n007288,train,0
10603,n000761,n002903,train,0
10604,n004164,n008513,train,0
10605,n009036,n003622,train,1
10606,n008507,n007761,train,1
10607,n001231,n008022,train,1
10608,n008707,n008868,train,1
10609,n004642,n006119,train,1
10610,n005739,n008457,train,1
10611,n008740,n000511,train,0
10612,n008800,n004569,train,1
10613,n004517,n005779,train,1
10614,n009200,n001422,train,1
10615,n008353,n006133,train,0
10616,n000866,n007248,train,1
10617,n001895,n000249,train,1
10618,n003100,n003131,train,1
10619,n004109,n001056,train,0
10620,n002308,n004146,train,0
10621,n002985,n005035,train,1
10622,n005402,n000682,train,0
10623,n006734,n006984,train,1
10624,n004193,n002476,train,0
10625,n007567,n000019,train,0
10626,n001131,n005804,train,1
10627,n008650,n008096,train,1
10628,n000957,n000297,train,1
10629,n008994,n007784,train,1
10630,n007878,n009039,train,1
10631,n006262,n004412,train,1
10632,n002323,n005254,train,1
10633,n004002,n000519,train,0
10634,n006060,n003078,train,1
10635,n001991,n002847,train,1
10636,n000749,n003697,train,0
10637,n001779,n007480,train,1
10638,n007831,n003433,train,1
10639,n004693,n005968,train,1
10640,n001410,n006775,train,1
10641,n001098,n005725,train,1
10642,n004806,n007941,train,1
10643,n008790,n008365,train,0
10644,n007684,n006254,train,0
10645,n003312,n008038,train,0
10646,n004012,n000547,train,1
10647,n008954,n006804,train,1
10648,n000525,n007283,train,1
10649,n001960,n002952,train,1
10650,n006106,n003082,train,1
10651,n005820,n002984,train,0
10652,n001098,n008165,train,1
10653,n003809,n002061,train,1
10654,n007504,n002256,train,0
10655,n005256,n006386,train,1
10656,n000664,n008148,train,1
10657,n001456,n008868,train,1
10658,n007219,n002039,train,1
10659,n007227,n007578,train,0
10660,n000528,n003351,train,1
10661,n006817,n001660,train,1
10662,n000399,n005426,train,0
10663,n000214,n002116,train,1
10664,n002733,n001521,train,1
10665,n001936,n007040,train,1
10666,n006400,n004614,train,0
10667,n006563,n008197,train,1
10668,n009025,n002390,train,1
10669,n002848,n007982,train,1
10670,n004365,n009030,train,1
10671,n008589,n008797,train,1
10672,n001914,n003768,train,1
10673,n002637,n002627,train,1
10674,n005646,n003226,train,0
10675,n003806,n002494,train,1
10676,n002777,n002070,train,1
10677,n007304,n008396,train,1
10678,n008705,n003549,train,1
10679,n000182,n002427,train,0
10680,n005614,n008587,train,1
10681,n000699,n005283,train,1
10682,n000391,n006236,train,1
10683,n005566,n001126,train,1
10684,n008250,n008748,train,1
10685,n003640,n004185,train,1
10686,n006861,n000458,train,1
10687,n006637,n003203,train,1
10688,n007813,n000882,train,1
10689,n001332,n004944,train,1
10690,n009277,n000168,train,1
10691,n004005,n004831,train,1
10692,n003996,n008289,train,1
10693,n003254,n006930,train,1
10694,n007620,n007692,train,1
10695,n003179,n004160,train,0
10696,n002047,n001889,train,1
10697,n004481,n000207,train,1
10698,n003381,n000692,train,0
10699,n003632,n007718,train,1
10700,n003425,n006314,train,1
10701,n002380,n001425,train,1
10702,n001617,n006012,train,1
10703,n008801,n001033,train,1
10704,n000456,n007017,train,1
10705,n002560,n004056,train,1
10706,n008013,n001602,train,1
10707,n000384,n004017,train,1
10708,n000185,n008549,train,1
10709,n001430,n003848,train,0
10710,n003331,n005895,train,1
10711,n005508,n007509,train,1
10712,n005883,n004848,train,1
10713,n002461,n003085,train,1
10714,n009252,n004718,train,1
10715,n005569,n003547,train,1
10716,n002497,n003437,train,1
10717,n000327,n002345,train,0
10718,n006017,n006119,train,1
10719,n002336,n006488,train,1
10720,n001503,n006548,train,1
10721,n005016,n003893,train,1
10722,n004996,n002843,train,1
10723,n001657,n003253,train,1
10724,n004054,n002147,train,1
10725,n009180,n001962,train,0
10726,n007132,n008782,train,0
10727,n003710,n009141,train,1
10728,n009017,n007083,train,1
10729,n003840,n001083,train,1
10730,n007837,n006509,train,1
10731,n006771,n003463,train,0
10732,n001837,n008762,train,0
10733,n008129,n004912,train,1
10734,n002710,n005993,train,1
10735,n002646,n008445,train,1
10736,n000143,n004982,train,1
10737,n005173,n001609,train,1
10738,n008915,n008375,train,1
10739,n000872,n004475,train,1
10740,n004979,n003646,train,1
10741,n000379,n009002,train,0
10742,n002974,n004717,train,1
10743,n001718,n002141,train,1
10744,n002890,n008755,train,1
10745,n004849,n002920,train,1
10746,n000184,n004288,train,1
10747,n002968,n002744,train,1
10748,n001933,n000049,train,1
10749,n007710,n002912,train,1
10750,n002490,n000664,train,1
10751,n002392,n000569,train,0
10752,n008998,n001249,train,1
10753,n005732,n004032,train,1
10754,n002358,n005471,train,1
10755,n000432,n006538,train,1
10756,n002620,n005096,train,1
10757,n006948,n000953,train,0
10758,n004968,n004499,train,1
10759,n007576,n008216,train,1
10760,n005720,n005414,train,0
10761,n004948,n000490,train,1
10762,n004378,n005039,train,1
10763,n003154,n004764,train,1
10764,n000584,n006733,train,0
10765,n009140,n005386,train,1
10766,n008142,n003679,train,0
10767,n006296,n003778,train,1
10768,n005608,n001770,train,1
10769,n007778,n000159,train,1
10770,n001219,n002323,train,1
10771,n008766,n001882,train,1
10772,n002926,n006660,train,1
10773,n008473,n000845,train,1
10774,n004304,n008568,train,1
10775,n004095,n005194,train,1
10776,n000755,n001641,train,0
10777,n004048,n005263,train,1
10778,n004711,n004665,train,1
10779,n004295,n000269,train,1
10780,n005460,n007321,train,1
10781,n008065,n000485,train,1
10782,n005097,n008423,train,0
10783,n009126,n005696,train,1
10784,n004888,n009258,train,0
10785,n008804,n008210,train,1
10786,n002427,n000474,train,1
10787,n006248,n005370,train,1
10788,n001962,n006534,train,1
10789,n000595,n003625,train,1
10790,n004637,n007313,train,1
10791,n001786,n008514,train,1
10792,n003788,n007392,train,1
10793,n001586,n004960,train,1
10794,n002226,n000024,train,1
10795,n003669,n007040,train,1
10796,n000425,n003850,train,1
10797,n003818,n001724,train,1
10798,n009177,n002333,train,1
10799,n008622,n008207,train,1
10800,n004986,n002795,train,1
10801,n009088,n002393,train,0
10802,n004304,n000184,train,1
10803,n003770,n006210,train,1
10804,n000024,n001602,train,1
10805,n003602,n000578,train,1
10806,n009033,n004304,train,1
10807,n004923,n000887,train,1
10808,n000048,n004234,train,1
10809,n006718,n006660,train,0
10810,n003621,n005517,train,0
10811,n000513,n002347,train,1
10812,n001695,n001521,train,0
10813,n002281,n009222,train,1
10814,n003167,n000762,train,0
10815,n000509,n003368,train,1
10816,n000675,n001754,train,1
10817,n005234,n005399,train,1
10818,n003285,n007598,train,1
10819,n002543,n006219,train,0
10820,n002599,n001194,train,1
10821,n007628,n002383,train,1
10822,n007589,n001312,train,0
10823,n005618,n008139,train,1
10824,n006705,n007558,train,1
10825,n001231,n007524,train,1
10826,n002292,n006967,train,1
10827,n003793,n000490,train,1
10828,n001905,n009143,train,1
10829,n003674,n003951,train,1
10830,n002471,n004914,train,1
10831,n004525,n008708,train,1
10832,n001246,n005696,train,1
10833,n004616,n002065,train,1
10834,n007727,n005718,train,1
10835,n001185,n007151,train,0
10836,n006862,n000965,train,1
10837,n000870,n008980,train,1
10838,n006831,n000176,train,1
10839,n004303,n004509,train,1
10840,n005470,n006219,train,1
10841,n007009,n007731,train,1
10842,n008617,n003925,train,1
10843,n008292,n007660,train,1
10844,n004590,n002755,train,1
10845,n005770,n008299,train,0
10846,n002459,n002565,train,1
10847,n008076,n005215,train,0
10848,n001724,n006009,train,1
10849,n004418,n003363,train,1
10850,n003173,n003323,train,1
10851,n006065,n000062,train,1
10852,n004876,n004171,train,0
10853,n000043,n000716,train,1
10854,n006720,n008140,train,0
10855,n004174,n002105,train,1
10856,n008406,n002786,train,1
10857,n003136,n005437,train,1
10858,n007053,n004517,train,1
10859,n007230,n007420,train,1
10860,n004849,n000232,train,1
10861,n004161,n004565,train,1
10862,n008569,n002446,train,0
10863,n003255,n000214,train,0
10864,n007227,n004042,train,1
10865,n005705,n008206,train,1
10866,n008273,n005206,train,1
10867,n000220,n001451,train,0
10868,n001130,n005734,train,0
10869,n003497,n000917,train,1
10870,n005638,n003047,train,1
10871,n006583,n003541,train,1
10872,n000158,n004134,train,1
10873,n005790,n003743,train,0
10874,n002670,n002899,train,1
10875,n004060,n003639,train,1
10876,n008764,n000248,train,1
10877,n003065,n008292,train,1
10878,n001373,n008625,train,1
10879,n000707,n008359,train,1
10880,n005597,n002912,train,1
10881,n002419,n003795,train,1
10882,n006830,n000872,train,0
10883,n007961,n005468,train,1
10884,n002067,n007793,train,1
10885,n003180,n002897,train,1
10886,n007084,n006341,train,1
10887,n009188,n003072,train,1
10888,n006763,n004044,train,1
10889,n001595,n003318,train,0
10890,n004509,n006378,train,1
10891,n004055,n006016,train,1
10892,n003976,n008854,train,1
10893,n000193,n007999,train,1
10894,n003541,n002136,train,1
10895,n007327,n008261,train,1
10896,n001017,n007968,train,1
10897,n008377,n005734,train,1
10898,n002247,n008904,train,1
10899,n000507,n000819,train,1
10900,n004668,n003723,train,1
10901,n001939,n002964,train,1
10902,n007043,n006147,train,1
10903,n000417,n004406,train,1
10904,n005852,n006303,train,1
10905,n001326,n002308,train,1
10906,n008669,n001157,train,1
10907,n009233,n008405,train,1
10908,n005244,n001168,train,1
10909,n004516,n008501,train,1
10910,n003721,n004507,train,0
10911,n006843,n000584,train,1
10912,n006490,n005987,train,1
10913,n006465,n000307,train,1
10914,n004996,n008673,train,1
10915,n002923,n001184,train,1
10916,n001335,n002393,train,1
10917,n008745,n007361,train,1
10918,n008207,n006844,train,1
10919,n008737,n008900,train,1
10920,n008605,n006204,train,1
10921,n003159,n001473,train,0
10922,n009198,n007723,train,1
10923,n005773,n009094,train,0
10924,n000970,n008513,train,1
10925,n001590,n004406,train,1
10926,n000327,n002953,train,1
10927,n007503,n006810,train,1
10928,n002724,n001281,train,0
10929,n002373,n001193,train,1
10930,n004848,n006791,train,1
10931,n003865,n003637,train,1
10932,n002986,n005343,train,1
10933,n003826,n000214,train,0
10934,n006218,n001398,train,1
10935,n005265,n006654,train,0
10936,n004711,n000580,train,1
10937,n006940,n005524,train,1
10938,n005705,n001205,train,1
10939,n002365,n004442,train,1
10940,n000171,n009069,train,1
10941,n006079,n002431,train,1
10942,n009147,n002431,train,1
10943,n002191,n005223,train,1
10944,n008872,n007047,train,1
10945,n001511,n006950,train,1
10946,n000622,n003039,train,1
10947,n003778,n004127,train,1
10948,n006375,n006810,train,0
10949,n004472,n005960,train,1
10950,n005711,n000845,train,1
10951,n001753,n002583,train,1
10952,n006153,n007952,train,1
10953,n006978,n007163,train,1
10954,n002708,n007355,train,1
10955,n002455,n003351,train,0
10956,n002755,n005814,train,1
10957,n007001,n002101,train,1
10958,n005011,n007952,train,0
10959,n008509,n003578,train,1
10960,n000613,n006583,train,1
10961,n001749,n006175,train,1
10962,n005215,n008649,train,1
10963,n005942,n003502,train,1
10964,n005546,n008845,train,1
10965,n007630,n004266,train,1
10966,n003674,n003166,train,1
10967,n002698,n008867,train,1
10968,n001616,n000191,train,1
10969,n005534,n007192,train,1
10970,n006475,n003322,train,0
10971,n002169,n004169,train,1
10972,n009018,n007855,train,0
10973,n001922,n008569,train,1
10974,n004594,n003818,train,1
10975,n006713,n003218,train,0
10976,n008334,n003166,train,1
10977,n003543,n008130,train,1
10978,n007180,n001964,train,1
10979,n005975,n007373,train,1
10980,n000046,n006571,train,1
10981,n000768,n007180,train,1
10982,n005182,n006709,train,1
10983,n000023,n005167,train,0
10984,n001911,n002725,train,1
10985,n008099,n006784,train,0
10986,n002807,n001320,train,1
10987,n007910,n007263,train,1
10988,n003447,n006655,train,1
10989,n008723,n004552,train,0
10990,n001194,n005538,train,1
10991,n000786,n002686,train,1
10992,n000296,n009133,train,0
10993,n005549,n004783,train,1
10994,n006688,n006067,train,1
10995,n000368,n002404,train,1
10996,n007979,n003372,train,0
10997,n006155,n007480,train,0
10998,n007172,n007752,train,1
10999,n000661,n000579,train,0
11000,n008790,n005870,train,1
11001,n000590,n008205,train,0
11002,n007221,n003860,train,1
11003,n006465,n000442,train,0
11004,n003253,n007290,train,1
11005,n006104,n001449,train,0
11006,n006226,n001373,train,1
11007,n008980,n005267,train,1
11008,n004361,n000601,train,1
11009,n000177,n006914,train,0
11010,n002427,n000799,train,0
11011,n008449,n002778,train,0
11012,n007886,n005546,train,1
11013,n005827,n007398,train,1
11014,n002822,n003578,train,0
11015,n001403,n002098,train,1
11016,n006815,n008080,train,1
11017,n008072,n002047,train,1
11018,n000290,n006491,train,1
11019,n001726,n004736,train,0
11020,n004133,n008611,train,1
11021,n002287,n008523,train,0
11022,n005410,n007206,train,1
11023,n006539,n003618,train,1
11024,n007340,n001595,train,1
11025,n005035,n005674,train,1
11026,n005460,n001494,train,0
11027,n006805,n004146,train,1
11028,n001716,n008001,train,1
11029,n004978,n008291,train,1
11030,n004024,n008801,train,1
11031,n000694,n007519,train,1
11032,n003536,n004833,train,0
11033,n002101,n005718,train,1
11034,n007948,n007130,train,1
11035,n003974,n001726,train,1
11036,n007551,n000229,train,1
11037,n007778,n006226,train,1
11038,n008904,n007270,train,1
11039,n005691,n000050,train,1
11040,n002533,n003337,train,1
11041,n005953,n002472,train,1
11042,n005573,n004704,train,1
11043,n002490,n006936,train,1
11044,n002061,n001557,train,0
11045,n001776,n003483,train,1
11046,n002057,n007206,train,1
11047,n004582,n005806,train,1
11048,n000656,n006756,train,0
11049,n006860,n003657,train,1
11050,n006804,n009139,train,0
11051,n002225,n002067,train,1
11052,n005401,n002388,train,1
11053,n004169,n001192,train,1
11054,n008893,n002301,train,1
11055,n006477,n005442,train,1
11056,n008157,n003895,train,1
11057,n008416,n008578,train,1
11058,n007359,n001117,train,0
11059,n003351,n002250,train,1
11060,n004361,n000288,train,1
11061,n008462,n007761,train,0
11062,n002978,n008924,train,1
11063,n008939,n001411,train,1
11064,n006373,n003004,train,1
11065,n007655,n007139,train,0
11066,n007906,n003598,train,1
11067,n008219,n008053,train,1
11068,n003597,n007090,train,0
11069,n003029,n000118,train,1
11070,n000625,n000964,train,1
11071,n003914,n004173,train,0
11072,n006509,n004481,train,1
11073,n009279,n000509,train,1
11074,n004855,n005034,train,1
11075,n008401,n002682,train,1
11076,n008479,n004671,train,1
11077,n007684,n008656,train,1
11078,n004107,n005235,train,1
11079,n008210,n007266,train,1
11080,n002408,n000466,train,1
11081,n009042,n006769,train,1
11082,n004890,n000128,train,1
11083,n007621,n006751,train,1
11084,n005759,n000980,train,1
11085,n007417,n000381,train,1
11086,n005878,n003041,train,1
11087,n009180,n008930,train,0
11088,n001356,n004282,train,1
11089,n006552,n002094,train,1
11090,n006900,n000875,train,1
11091,n001308,n008695,train,1
11092,n004000,n004807,train,0
11093,n009079,n000573,train,1
11094,n002152,n008792,train,1
11095,n007001,n002959,train,1
11096,n000019,n001726,train,1
11097,n003435,n006210,train,1
11098,n005289,n004381,train,1
11099,n007908,n004263,train,1
11100,n001037,n004462,train,1
11101,n003948,n004794,train,0
11102,n006236,n001056,train,0
11103,n005244,n006012,train,0
11104,n003709,n007428,train,1
11105,n005479,n008556,train,1
11106,n000011,n002287,train,0
11107,n002496,n002240,train,1
11108,n007116,n007163,train,1
11109,n007941,n003129,train,1
11110,n001899,n005953,train,0
11111,n001136,n004622,train,0
11112,n002881,n008562,train,0
11113,n003314,n001143,train,1
11114,n006438,n003004,train,1
11115,n004282,n008574,train,0
11116,n007727,n002921,train,1
11117,n009027,n001145,train,0
11118,n001522,n001782,train,0
11119,n006100,n002883,train,1
11120,n008364,n006313,train,1
11121,n008460,n007718,train,1
11122,n005893,n005944,train,1
11123,n008956,n002705,train,1
11124,n002812,n008797,train,0
11125,n007007,n001018,train,1
11126,n002964,n007567,train,1
11127,n009255,n003726,train,1
11128,n002432,n001666,train,1
11129,n006230,n004714,train,1
11130,n002599,n000223,train,1
11131,n003123,n008129,train,1
11132,n004783,n008771,train,1
11133,n007042,n009249,train,0
11134,n002242,n005561,train,1
11135,n005763,n008716,train,1
11136,n008522,n001392,train,1
11137,n000340,n006058,train,1
11138,n007321,n001798,train,1
11139,n003497,n007079,train,1
11140,n004111,n002128,train,1
11141,n007433,n002118,train,1
11142,n006119,n007921,train,1
11143,n006623,n004286,train,1
11144,n003425,n007634,train,0
11145,n007177,n003347,train,1
11146,n007320,n006760,train,1
11147,n006538,n003400,train,0
11148,n008274,n005625,train,1
11149,n000476,n001992,train,1
11150,n005039,n009044,train,1
11151,n001894,n007415,train,0
11152,n003521,n007475,train,1
11153,n003685,n004707,train,0
11154,n008789,n003851,train,1
11155,n004768,n001252,train,1
11156,n008807,n002656,train,1
11157,n000778,n005908,train,1
11158,n002830,n004269,train,0
11159,n003996,n006579,train,1
11160,n004131,n008217,train,1
11161,n001749,n008491,train,1
11162,n008207,n004917,train,1
11163,n001867,n006333,train,1
11164,n008725,n008248,train,1
11165,n007237,n008268,train,1
11166,n001549,n008981,train,1
11167,n008082,n007550,train,1
11168,n001638,n004238,train,1
11169,n000879,n004266,train,1
11170,n008335,n003303,train,1
11171,n001072,n004718,train,0
11172,n003290,n007373,train,1
11173,n004024,n007726,train,0
11174,n008998,n008375,train,1
11175,n006839,n007465,train,1
11176,n007915,n003935,train,1
11177,n004439,n004393,train,1
11178,n003909,n001801,train,1
11179,n000432,n007372,train,1
11180,n001760,n008238,train,1
11181,n000332,n008004,train,1
11182,n009036,n003756,train,1
11183,n000488,n001859,train,1
11184,n004616,n006456,train,1
11185,n005245,n003308,train,1
11186,n001382,n005592,train,1
11187,n008084,n008516,train,1
11188,n003429,n002708,train,1
11189,n007514,n007285,train,1
11190,n007776,n007172,train,0
11191,n003994,n000177,train,1
11192,n004193,n004369,train,1
11193,n001326,n005877,train,0
11194,n001522,n008060,train,1
11195,n009055,n003877,train,0
11196,n005773,n003450,train,1
11197,n007195,n006173,train,1
11198,n008013,n008732,train,1
11199,n007007,n003434,train,0
11200,n001140,n005543,train,0
11201,n007414,n000220,train,1
11202,n003170,n001547,train,0
11203,n000797,n000256,train,0
11204,n004044,n005968,train,1
11205,n007221,n007734,train,1
11206,n002670,n000981,train,1
11207,n008416,n008096,train,1
11208,n006103,n006329,train,1
11209,n008285,n003910,train,1
11210,n001712,n005426,train,1
11211,n006936,n003774,train,1
11212,n000969,n006750,train,1
11213,n002432,n003927,train,1
11214,n006056,n000023,train,0
11215,n006044,n003253,train,1
11216,n006275,n003450,train,1
11217,n009033,n004038,train,1
11218,n006778,n000919,train,1
11219,n007535,n000849,train,1
11220,n003350,n007095,train,1
11221,n008531,n005499,train,1
11222,n006713,n004896,train,1
11223,n006973,n007434,train,0
11224,n003407,n009233,train,1
11225,n006425,n007817,train,1
11226,n008825,n004896,train,1
11227,n003423,n004488,train,1
11228,n003543,n002742,train,1
11229,n001518,n008508,train,0
11230,n001800,n006071,train,1
11231,n000933,n007247,train,0
11232,n003721,n001060,train,1
11233,n003401,n009076,train,1
11234,n005279,n003308,train,1
11235,n002265,n006812,train,1
11236,n005458,n003149,train,1
11237,n008365,n007961,train,1
11238,n000181,n007054,train,1
11239,n000679,n002161,train,1
11240,n000162,n008908,train,1
11241,n006866,n005036,train,1
11242,n001305,n003267,train,1
11243,n002102,n004109,train,1
11244,n004657,n008622,train,1
11245,n006075,n003444,train,0
11246,n005051,n000393,train,1
11247,n001616,n006523,train,1
11248,n001939,n002607,train,1
11249,n002862,n002553,train,1
11250,n007528,n007655,train,1
11251,n006504,n007712,train,1
11252,n006950,n007421,train,1
11253,n001598,n004668,train,0
11254,n009182,n006044,train,0
11255,n000644,n008590,train,1
11256,n000603,n006946,train,1
11257,n000742,n001912,train,1
11258,n006509,n003303,train,1
11259,n002742,n006801,train,1
11260,n003437,n007350,train,1
11261,n004666,n006496,train,1
11262,n004819,n008551,train,1
11263,n002057,n007227,train,1
11264,n000105,n002740,train,1
11265,n005524,n005081,train,1
11266,n006549,n006462,train,1
11267,n005012,n008560,train,0
11268,n004376,n006389,train,1
11269,n002985,n005206,train,1
11270,n005609,n003853,train,0
11271,n001106,n008347,train,1
11272,n008256,n005499,train,1
11273,n002205,n004517,train,1
11274,n008001,n007106,train,0
11275,n008135,n001587,train,1
11276,n006242,n001832,train,1
11277,n008602,n007549,train,1
11278,n006937,n005590,train,1
11279,n005682,n001225,train,0
11280,n004581,n008668,train,1
11281,n008707,n001599,train,1
11282,n003392,n009117,train,1
11283,n003785,n004894,train,0
11284,n008946,n007404,train,0
11285,n007793,n005006,train,1
11286,n000126,n003482,train,1
11287,n000981,n003794,train,1
11288,n007578,n006716,train,0
11289,n009140,n002812,train,0
11290,n003315,n008675,train,1
11291,n000421,n005125,train,1
11292,n003815,n002711,train,1
11293,n002287,n002161,train,1
11294,n005376,n005460,train,1
11295,n008709,n008781,train,1
11296,n003308,n005475,train,1
11297,n005012,n006495,train,0
11298,n001278,n008462,train,1
11299,n003503,n009078,train,1
11300,n002830,n006274,train,0
11301,n005796,n002814,train,1
11302,n008308,n006750,train,1
11303,n005099,n005046,train,1
11304,n008309,n004111,train,0
11305,n009272,n002656,train,1
11306,n001732,n003202,train,0
11307,n000215,n005344,train,1
11308,n001521,n001117,train,1
11309,n003488,n004012,train,1
11310,n001005,n007504,train,1
11311,n001920,n002705,train,0
11312,n008466,n007048,train,1
11313,n003460,n006174,train,1
11314,n007615,n003793,train,1
11315,n007238,n000050,train,1
11316,n008257,n005576,train,1
11317,n006045,n004783,train,1
11318,n004150,n003683,train,0
11319,n000068,n001438,train,1
11320,n008923,n000605,train,0
11321,n003323,n006057,train,0
11322,n007043,n008974,train,1
11323,n006062,n006348,train,1
11324,n008757,n000898,train,1
11325,n005182,n007115,train,1
11326,n001451,n001785,train,1
11327,n004534,n005643,train,0
11328,n005722,n008014,train,1
11329,n006036,n000694,train,0
11330,n004526,n007279,train,1
11331,n006190,n002067,train,1
11332,n000010,n001848,train,1
11333,n006391,n006303,train,1
11334,n000713,n001284,train,1
11335,n005357,n001557,train,0
11336,n002471,n001618,train,1
11337,n000978,n006306,train,0
11338,n008120,n000048,train,1
11339,n003850,n002541,train,1
11340,n008547,n004041,train,0
11341,n000552,n001267,train,0
11342,n000440,n003068,train,1
11343,n007380,n001626,train,1
11344,n002048,n006792,train,1
11345,n005985,n004863,train,0
11346,n005221,n003758,train,0
11347,n002927,n005470,train,1
11348,n002812,n003099,train,0
11349,n002063,n003755,train,1
11350,n000848,n008262,train,1
11351,n001867,n003281,train,1
11352,n004019,n008897,train,1
11353,n003699,n008811,train,0
11354,n007335,n004594,train,1
11355,n008771,n005900,train,1
11356,n001010,n003895,train,1
11357,n006432,n005532,train,1
11358,n009111,n003598,train,1
11359,n009269,n001919,train,1
11360,n003614,n001131,train,1
11361,n003295,n008527,train,1
11362,n004794,n000198,train,1
11363,n002967,n005717,train,0
11364,n002243,n008917,train,1
11365,n005661,n004916,train,1
11366,n008138,n002186,train,1
11367,n003862,n003986,train,1
11368,n008799,n000045,train,1
11369,n008281,n003194,train,1
11370,n001567,n002739,train,1
11371,n001858,n004084,train,0
11372,n006448,n003880,train,1
11373,n003020,n001310,train,1
11374,n006791,n003074,train,1
11375,n006611,n001239,train,1
11376,n007272,n007948,train,0
11377,n008509,n007977,train,1
11378,n002651,n003709,train,0
11379,n002061,n004810,train,1
11380,n001220,n005221,train,1
11381,n005046,n003256,train,1
11382,n000387,n000811,train,1
11383,n003197,n000131,train,1
11384,n006175,n002146,train,1
11385,n001080,n009111,train,1
11386,n003547,n005508,train,1
11387,n000012,n008103,train,0
11388,n004645,n004508,train,1
11389,n000138,n002413,train,1
11390,n002531,n006321,train,1
11391,n008207,n000614,train,1
11392,n005998,n001653,train,1
11393,n003988,n007652,train,1
11394,n008320,n001395,train,1
11395,n004968,n007392,train,1
11396,n004929,n005947,train,1
11397,n000691,n007522,train,0
11398,n005815,n000712,train,1
11399,n006630,n002419,train,1
11400,n005860,n000185,train,1
11401,n007446,n004438,train,1
11402,n003394,n006548,train,1
11403,n008946,n003845,train,1
11404,n004979,n004525,train,1
11405,n001028,n003147,train,1
11406,n000923,n006849,train,1
11407,n003026,n002914,train,1
11408,n005895,n002702,train,1
11409,n008696,n003486,train,0
11410,n006324,n001725,train,1
11411,n000650,n000385,train,1
11412,n006864,n006544,train,1
11413,n008892,n004824,train,1
11414,n002812,n008080,train,0
11415,n000917,n003046,train,1
11416,n007094,n009241,train,0
11417,n007174,n003805,train,1
11418,n002436,n006630,train,1
11419,n008078,n006078,train,1
11420,n008756,n006820,train,1
11421,n002969,n007659,train,1
11422,n007501,n004432,train,1
11423,n001070,n003342,train,0
11424,n004049,n000387,train,0
11425,n003167,n007787,train,0
11426,n002230,n007079,train,1
11427,n003674,n002870,train,0
11428,n005735,n001625,train,1
11429,n001389,n006828,train,1
11430,n007139,n003340,train,1
11431,n001382,n009001,train,0
11432,n005147,n002692,train,1
11433,n000920,n005878,train,1
11434,n001255,n007054,train,0
11435,n006348,n000419,train,1
11436,n000618,n000221,train,1
11437,n003778,n005696,train,1
11438,n001968,n001849,train,1
11439,n004495,n005968,train,1
11440,n007960,n007628,train,1
11441,n004088,n007433,train,1
11442,n002656,n007097,train,0
11443,n005922,n005962,train,1
11444,n008636,n007409,train,1
11445,n001901,n006897,train,1
11446,n007954,n006206,train,1
11447,n008796,n008156,train,1
11448,n008811,n001113,train,1
11449,n005960,n001250,train,0
11450,n006846,n008393,train,1
11451,n000015,n001964,train,1
11452,n002476,n006147,train,1
11453,n007355,n001529,train,1
11454,n009104,n003951,train,1
11455,n009113,n005588,train,0
11456,n007007,n002705,train,0
11457,n004210,n006611,train,1
11458,n005943,n000909,train,1
11459,n000433,n007306,train,1
11460,n002653,n006148,train,1
11461,n002213,n006665,train,1
11462,n005850,n006872,train,1
11463,n006100,n006528,train,0
11464,n000964,n008184,train,1
11465,n003347,n004843,train,1
11466,n004700,n002993,train,0
11467,n004146,n000414,train,1
11468,n004773,n008910,train,1
11469,n009055,n001803,train,0
11470,n006104,n006483,train,0
11471,n008590,n001198,train,1
11472,n007943,n000112,train,1
11473,n001993,n001263,train,1
11474,n007564,n005404,train,1
11475,n005160,n004799,train,1
11476,n007755,n007722,train,0
11477,n002997,n008950,train,1
11478,n005900,n006163,train,1
11479,n000232,n005960,train,1
11480,n003142,n008871,train,1
11481,n006386,n005707,train,1
11482,n001015,n003143,train,1
11483,n005186,n008465,train,1
11484,n002388,n001170,train,1
11485,n000081,n003082,train,1
11486,n007718,n001602,train,1
11487,n000696,n002339,train,1
11488,n002189,n009210,train,1
11489,n006702,n000356,train,0
11490,n008226,n008751,train,0
11491,n003323,n008959,train,0
11492,n000622,n002084,train,1
11493,n003610,n005047,train,1
11494,n005518,n005177,train,0
11495,n003924,n001188,train,1
11496,n008465,n006807,train,1
11497,n000297,n005289,train,1
11498,n004220,n008093,train,0
11499,n006112,n007374,train,1
11500,n007768,n003291,train,1
11501,n001666,n006688,train,1
11502,n002691,n001517,train,0
11503,n003715,n003815,train,1
11504,n005825,n007565,train,1
11505,n006412,n006400,train,1
11506,n002225,n000963,train,0
11507,n003738,n000829,train,0
11508,n008766,n004896,train,0
11509,n005464,n005894,train,1
11510,n003456,n003303,train,1
11511,n005487,n007430,train,1
11512,n006899,n000626,train,1
11513,n001736,n002206,train,1
11514,n005096,n007787,train,1
11515,n000518,n008510,train,0
11516,n002521,n000662,train,1
11517,n000812,n006959,train,1
11518,n004389,n000538,train,1
11519,n007791,n008612,train,1
11520,n007993,n007112,train,1
11521,n009002,n003226,train,1
11522,n004099,n003314,train,1
11523,n006483,n006690,train,1
11524,n000435,n008775,train,1
11525,n004949,n002646,train,1
11526,n007417,n002766,train,1
11527,n002698,n003888,train,1
11528,n007279,n002338,train,1
11529,n001723,n005696,train,1
11530,n001933,n007109,train,1
11531,n008185,n008600,train,0
11532,n002882,n007519,train,1
11533,n005806,n007911,train,0
11534,n005168,n006417,train,1
11535,n005194,n006516,train,0
11536,n000977,n002052,train,1
11537,n007614,n002497,train,1
11538,n002455,n002543,train,0
11539,n007976,n004708,train,1
11540,n002525,n003948,train,1
11541,n005788,n007910,train,0
11542,n005717,n007808,train,1
11543,n006312,n001138,train,1
11544,n008906,n006763,train,1
11545,n003933,n004903,train,1
11546,n002751,n004253,train,1
11547,n008398,n001264,train,0
11548,n002098,n001657,train,1
11549,n006223,n008561,train,0
11550,n007961,n000829,train,1
11551,n004285,n002874,train,1
11552,n003698,n003593,train,1
11553,n000378,n000374,train,1
11554,n008364,n008910,train,1
11555,n004147,n008308,train,1
11556,n003315,n007831,train,1
11557,n008740,n008801,train,1
11558,n001586,n001789,train,1
11559,n004267,n005933,train,0
11560,n004572,n003764,train,1
11561,n006658,n000204,train,1
11562,n003895,n007237,train,1
11563,n000534,n004376,train,0
11564,n002446,n002059,train,0
11565,n005763,n000713,train,1
11566,n004646,n000915,train,0
11567,n003548,n006378,train,1
11568,n007968,n008901,train,1
11569,n005836,n001109,train,0
11570,n003945,n001283,train,1
11571,n006433,n003005,train,0
11572,n007552,n001778,train,0
11573,n004726,n006894,train,1
11574,n003310,n002048,train,1
11575,n005436,n001311,train,1
11576,n002716,n005689,train,1
11577,n007081,n002868,train,0
11578,n000445,n008479,train,1
11579,n003770,n004254,train,1
11580,n008295,n007882,train,1
11581,n006833,n002048,train,1
11582,n000024,n006119,train,1
11583,n003815,n005782,train,1
11584,n000797,n004432,train,0
11585,n003308,n002136,train,1
11586,n001968,n004620,train,0
11587,n000489,n004861,train,1
11588,n001369,n002438,train,0
11589,n000528,n005388,train,1
11590,n009245,n002023,train,0
11591,n004485,n004727,train,1
11592,n005574,n006722,train,1
11593,n002668,n003160,train,0
11594,n000240,n004713,train,1
11595,n000855,n006761,train,0
11596,n002418,n005390,train,1
11597,n004410,n001105,train,0
11598,n006516,n007932,train,1
11599,n003323,n000881,train,0
11600,n008836,n000445,train,1
11601,n001070,n001979,train,0
11602,n008474,n009012,train,1
11603,n001207,n001859,train,0
11604,n005067,n003828,train,0
11605,n005198,n001798,train,0
11606,n006099,n007969,train,1
11607,n003707,n008437,train,1
11608,n003047,n005574,train,1
11609,n002514,n007095,train,0
11610,n008597,n009012,train,1
11611,n003142,n001117,train,1
11612,n000768,n004188,train,1
11613,n003036,n000064,train,0
11614,n005234,n003670,train,1
11615,n008871,n000942,train,0
11616,n002358,n001332,train,1
11617,n000763,n005796,train,1
11618,n007387,n006583,train,1
11619,n000177,n001019,train,1
11620,n008369,n003568,train,1
11621,n008185,n008797,train,1
11622,n003246,n003029,train,1
11623,n008775,n008336,train,1
11624,n003643,n004451,train,0
11625,n002616,n001522,train,1
11626,n003407,n008144,train,1
11627,n002724,n006925,train,1
11628,n005194,n003502,train,1
11629,n001332,n007789,train,0
11630,n000520,n006059,train,1
11631,n002906,n005752,train,1
11632,n003674,n001718,train,1
11633,n008400,n001017,train,1
11634,n002226,n007115,train,1
11635,n004754,n008562,train,1
11636,n005588,n006771,train,0
11637,n007002,n007414,train,1
11638,n002964,n006386,train,1
11639,n008976,n000510,train,1
11640,n004173,n002837,train,0
11641,n000625,n005900,train,1
11642,n000361,n008842,train,1
11643,n000846,n007237,train,0
11644,n000123,n004832,train,1
11645,n006223,n006950,train,1
11646,n004856,n009240,train,0
11647,n000109,n001281,train,1
11648,n002447,n001615,train,1
11649,n001100,n003475,train,1
11650,n002841,n008679,train,0
11651,n005395,n005388,train,1
11652,n007661,n005016,train,0
11653,n007614,n009092,train,0
11654,n004264,n006252,train,1
11655,n002187,n006581,train,1
11656,n005543,n005176,train,0
11657,n008452,n005031,train,1
11658,n007018,n005429,train,1
11659,n002883,n002155,train,1
11660,n000288,n000049,train,1
11661,n006703,n009265,train,1
11662,n005866,n005717,train,1
11663,n000603,n000751,train,1
11664,n007768,n002430,train,1
11665,n002305,n004175,train,1
11666,n002473,n003113,train,1
11667,n005720,n008092,train,0
11668,n005423,n008589,train,1
11669,n006066,n005032,train,1
11670,n007257,n006828,train,1
11671,n003645,n000857,train,0
11672,n000236,n007304,train,1
11673,n007977,n004949,train,1
11674,n001334,n007116,train,1
11675,n002165,n000138,train,1
11676,n000228,n007051,train,0
11677,n003522,n005083,train,1
11678,n007206,n007517,train,1
11679,n002500,n001415,train,0
11680,n006542,n002246,train,1
11681,n007047,n000116,train,1
11682,n003041,n005988,train,1
11683,n000731,n006443,train,0
11684,n007507,n005717,train,1
11685,n000574,n000505,train,1
11686,n002038,n000960,train,0
11687,n007082,n004903,train,1
11688,n000207,n001756,train,1
11689,n007815,n002174,train,0
11690,n002438,n003474,train,0
11691,n007902,n007446,train,1
11692,n008892,n001406,train,1
11693,n004642,n002696,train,1
11694,n006941,n002031,train,1
11695,n000542,n008462,train,1
11696,n007915,n002879,train,1
11697,n002778,n004642,train,1
11698,n008516,n004671,train,1
11699,n008657,n005461,train,1
11700,n001479,n006899,train,1
11701,n007226,n000607,train,1
11702,n007208,n009157,train,1
11703,n009076,n005555,train,1
11704,n001395,n003968,train,0
11705,n001380,n004266,train,1
11706,n009162,n003789,train,1
11707,n006789,n007206,train,1
11708,n000063,n000579,train,1
11709,n007074,n008462,train,1
11710,n006163,n005688,train,1
11711,n001633,n003763,train,1
11712,n008158,n002736,train,1
11713,n008386,n000898,train,1
11714,n008182,n004760,train,1
11715,n004163,n004100,train,0
11716,n005467,n002098,train,1
11717,n008409,n004936,train,1
11718,n001596,n005116,train,1
11719,n009274,n000509,train,1
11720,n006219,n004195,train,1
11721,n008424,n002301,train,1
11722,n005811,n001724,train,1
11723,n008158,n000873,train,1
11724,n001633,n000393,train,1
11725,n006009,n001797,train,1
11726,n009165,n004819,train,1
11727,n008903,n000532,train,0
11728,n007318,n008744,train,0
11729,n001901,n005627,train,1
11730,n003147,n001848,train,1
11731,n006088,n003324,train,0
11732,n003906,n002244,train,1
11733,n003441,n008880,train,1
11734,n003621,n008585,train,1
11735,n007501,n007957,train,0
11736,n005551,n000885,train,1
11737,n006870,n000327,train,1
11738,n000131,n000904,train,0
11739,n003707,n001766,train,1
11740,n008148,n000614,train,0
11741,n001960,n001128,train,1
11742,n006564,n004056,train,1
11743,n003740,n007109,train,1
11744,n005801,n005696,train,1
11745,n006515,n005369,train,1
11746,n002525,n008625,train,1
11747,n006379,n006324,train,1
11748,n007351,n008803,train,0
11749,n001875,n006842,train,1
11750,n007972,n003685,train,0
11751,n002800,n000615,train,1
11752,n006156,n003818,train,1
11753,n001373,n008479,train,1
11754,n003065,n007561,train,1
11755,n002230,n005046,train,1
11756,n001809,n008019,train,0
11757,n009155,n008650,train,1
11758,n007799,n006265,train,1
11759,n003521,n009258,train,1
11760,n008057,n007488,train,1
11761,n001056,n003721,train,1
11762,n001803,n001589,train,0
11763,n002194,n007428,train,1
11764,n006846,n007393,train,1
11765,n002434,n009057,train,1
11766,n006252,n000685,train,1
11767,n004206,n004993,train,1
11768,n007288,n007777,train,1
11769,n002523,n005173,train,1
11770,n001205,n003572,train,1
11771,n004220,n000288,train,1
11772,n009055,n009245,train,1
11773,n000062,n002967,train,0
11774,n003943,n001469,train,1
11775,n007350,n008287,train,1
11776,n003289,n000562,train,1
11777,n001095,n003828,train,1
11778,n000511,n006194,train,1
11779,n001512,n000674,train,1
11780,n002526,n001785,train,1
11781,n007334,n008880,train,1
11782,n006981,n006649,train,1
11783,n006660,n003723,train,0
11784,n005182,n001625,train,0
11785,n003844,n007304,train,1
11786,n005176,n000608,train,1
11787,n002489,n003380,train,1
11788,n005933,n001827,train,1
11789,n002801,n007717,train,1
11790,n003463,n000855,train,1
11791,n007267,n006076,train,0
11792,n004253,n004019,train,1
11793,n003968,n008318,train,1
11794,n005305,n006010,train,1
11795,n004266,n006654,train,0
11796,n007200,n004707,train,1
11797,n008534,n005974,train,1
11798,n008929,n001652,train,1
11799,n007116,n004095,train,1
11800,n005825,n000569,train,0
11801,n002980,n000561,train,0
11802,n008915,n007658,train,1
11803,n003047,n000727,train,1
11804,n004480,n005968,train,1
11805,n000151,n002249,train,1
11806,n004899,n006013,train,1
11807,n003425,n004630,train,1
11808,n001060,n002668,train,0
11809,n008789,n006241,train,1
11810,n007458,n008112,train,1
11811,n008509,n001033,train,1
11812,n008418,n000432,train,1
11813,n008033,n000768,train,1
11814,n006261,n000757,train,0
11815,n007498,n001005,train,1
11816,n005954,n008245,train,1
11817,n007944,n004765,train,0
11818,n007404,n000656,train,1
11819,n006724,n003667,train,0
11820,n007521,n008667,train,1
11821,n000520,n008590,train,0
11822,n004134,n007186,train,1
11823,n007757,n008732,train,0
11824,n006665,n005661,train,1
11825,n002962,n001810,train,1
11826,n005125,n005785,train,1
11827,n001713,n005768,train,1
11828,n007070,n004497,train,1
11829,n006264,n002338,train,1
11830,n000717,n004584,train,1
11831,n007999,n003826,train,1
11832,n008865,n000210,train,1
11833,n004697,n008312,train,1
11834,n007858,n004760,train,1
11835,n001623,n000757,train,1
11836,n008781,n000556,train,1
11837,n008283,n005908,train,1
11838,n003365,n003008,train,1
11839,n007378,n006756,train,0
11840,n009056,n000767,train,1
11841,n006275,n005129,train,0
11842,n002832,n005160,train,1
11843,n006725,n007426,train,0
11844,n002073,n008318,train,1
11845,n008131,n003197,train,1
11846,n005662,n005743,train,0
11847,n005527,n008299,train,1
11848,n008908,n006329,train,1
11849,n008055,n005290,train,1
11850,n000417,n001932,train,1
11851,n008490,n000230,train,1
11852,n004498,n002710,train,1
11853,n007337,n003924,train,1
11854,n008877,n007564,train,1
11855,n006924,n008156,train,1
11856,n006639,n000184,train,1
11857,n004368,n000525,train,0
11858,n004929,n006254,train,1
11859,n004042,n004502,train,1
11860,n005185,n004309,train,1
11861,n000955,n003025,train,1
11862,n003223,n008135,train,1
11863,n004556,n006678,train,1
11864,n006110,n008175,train,0
11865,n008461,n005734,train,1
11866,n006110,n004066,train,0
11867,n004168,n008290,train,0
11868,n003016,n000304,train,1
11869,n000751,n007890,train,1
11870,n009018,n003738,train,1
11871,n008135,n007012,train,1
11872,n004769,n008545,train,1
11873,n004519,n007228,train,1
11874,n005881,n005031,train,1
11875,n006612,n003170,train,1
11876,n007029,n002069,train,1
11877,n003798,n003047,train,1
11878,n001954,n002646,train,1
11879,n002818,n001376,train,1
11880,n000052,n005246,train,1
11881,n008912,n004825,train,0
11882,n008075,n002265,train,1
11883,n001847,n005933,train,1
11884,n006462,n002240,train,1
11885,n000015,n008565,train,1
11886,n000524,n006724,train,1
11887,n006315,n001313,train,0
11888,n005685,n003799,train,1
11889,n000934,n004084,train,0
11890,n007043,n005147,train,1
11891,n001100,n006319,train,1
11892,n007252,n002978,train,1
11893,n009055,n000745,train,1
11894,n001347,n005560,train,1
11895,n003740,n004024,train,1
11896,n001462,n000848,train,1
11897,n004732,n004810,train,1
11898,n005267,n003169,train,1
11899,n007079,n008587,train,1
11900,n003645,n007291,train,1
11901,n002095,n003109,train,1
11902,n008617,n002395,train,1
11903,n000255,n007667,train,0
11904,n003524,n005463,train,0
11905,n004122,n003284,train,1
11906,n003218,n006065,train,1
11907,n007678,n005229,train,1
11908,n002099,n000099,train,1
11909,n000839,n003605,train,1
11910,n006239,n003568,train,1
11911,n000538,n003282,train,1
11912,n005020,n002949,train,1
11913,n003337,n005190,train,1
11914,n000267,n002854,train,1
11915,n003824,n002494,train,1
11916,n008416,n005965,train,1
11917,n003599,n006398,train,1
11918,n009117,n004264,train,1
11919,n005911,n000504,train,0
11920,n006963,n008981,train,1
11921,n000885,n000481,train,1
11922,n004867,n007015,train,1
11923,n001915,n008176,train,1
11924,n009256,n004585,train,1
11925,n003398,n006937,train,0
11926,n008497,n002662,train,1
11927,n006520,n006484,train,1
11928,n002605,n000277,train,1
11929,n005177,n007598,train,0
11930,n000840,n001595,train,1
11931,n007506,n008294,train,1
11932,n008990,n007318,train,1
11933,n008556,n007999,train,1
11934,n002301,n004740,train,1
11935,n008487,n002123,train,1
11936,n006140,n001194,train,1
11937,n006972,n000872,train,1
11938,n001272,n005273,train,1
11939,n006241,n004315,train,1
11940,n004562,n004569,train,1
11941,n008452,n003824,train,1
11942,n007134,n007374,train,1
11943,n005672,n008220,train,1
11944,n007226,n006163,train,1
11945,n005283,n000205,train,1
11946,n000848,n008798,train,1
11947,n000708,n005917,train,1
11948,n005961,n007502,train,0
11949,n004190,n004547,train,1
11950,n007044,n003154,train,1
11951,n000094,n000230,train,1
11952,n005909,n005965,train,1
11953,n004962,n006442,train,0
11954,n003982,n005129,train,0
11955,n008097,n001733,train,1
11956,n005573,n001860,train,0
11957,n009050,n009025,train,1
11958,n008900,n002123,train,0
11959,n002091,n005093,train,1
11960,n008747,n004206,train,1
11961,n008052,n006166,train,0
11962,n006691,n007051,train,1
11963,n003790,n007796,train,1
11964,n004549,n008427,train,1
11965,n002396,n006013,train,1
11966,n007565,n009036,train,1
11967,n001108,n008342,train,0
11968,n001539,n000963,train,1
11969,n002398,n004835,train,1
11970,n006575,n001575,train,0
11971,n008697,n006177,train,1
11972,n005580,n009111,train,1
11973,n007398,n001872,train,1
11974,n003433,n002589,train,0
11975,n003448,n005128,train,1
11976,n002800,n006563,train,1
11977,n001308,n007506,train,1
11978,n008660,n007046,train,0
11979,n004053,n004096,train,1
11980,n001962,n002086,train,1
11981,n005555,n001793,train,1
11982,n005785,n003074,train,0
11983,n007031,n004593,train,0
11984,n000988,n007292,train,1
11985,n007040,n007558,train,1
11986,n001638,n004602,train,1
11987,n008336,n008441,train,1
11988,n009139,n006448,train,1
11989,n002048,n005505,train,1
11990,n004642,n003418,train,0
11991,n002634,n008507,train,1
11992,n003340,n004849,train,1
11993,n006725,n002373,train,1
11994,n005879,n007217,train,0
11995,n008897,n001548,train,1
11996,n008550,n007576,train,0
11997,n002490,n005769,train,0
11998,n001024,n001131,train,1
11999,n008075,n003460,train,0
12000,n002194,n002723,train,0
12001,n006329,n000518,train,1
12002,n004708,n000564,train,1
12003,n003517,n003515,train,1
12004,n002497,n005924,train,0
12005,n007539,n009026,train,1
12006,n006751,n005763,train,0
12007,n003154,n001449,train,1
12008,n008080,n000391,train,0
12009,n009126,n001656,train,1
12010,n008979,n002893,train,0
12011,n009002,n005243,train,1
12012,n005317,n003132,train,1
12013,n005725,n000716,train,1
12014,n001136,n007468,train,1
12015,n000899,n004150,train,1
12016,n007717,n008770,train,1
12017,n007734,n005610,train,1
12018,n000488,n001700,train,1
12019,n006082,n000019,train,1
12020,n007115,n000440,train,1
12021,n008040,n009278,train,1
12022,n002882,n007380,train,0
12023,n006933,n007540,train,1
12024,n006319,n004992,train,0
12025,n004943,n007236,train,1
12026,n002750,n007403,train,1
12027,n008499,n004882,train,0
12028,n004987,n006850,train,0
12029,n007361,n004179,train,1
12030,n004768,n000566,train,1
12031,n006544,n009154,train,1
12032,n006312,n002673,train,1
12033,n001653,n008151,train,1
12034,n008050,n005703,train,1
12035,n003393,n000507,train,1
12036,n000745,n000811,train,1
12037,n004657,n005392,train,1
12038,n002040,n001548,train,0
12039,n007503,n002419,train,1
12040,n008892,n007299,train,1
12041,n005039,n002423,train,1
12042,n001619,n001403,train,1
12043,n008562,n007816,train,1
12044,n005576,n004849,train,0
12045,n006712,n002864,train,1
12046,n001376,n008330,train,1
12047,n008180,n004916,train,1
12048,n004680,n005985,train,1
12049,n004704,n002478,train,1
12050,n008631,n001017,train,1
12051,n000292,n000710,train,1
12052,n005984,n005879,train,1
12053,n001653,n007340,train,1
12054,n002881,n001810,train,1
12055,n000609,n002533,train,1
12056,n007628,n006694,train,1
12057,n003064,n004593,train,1
12058,n009049,n008857,train,0
12059,n008074,n003497,train,1
12060,n004948,n003850,train,1
12061,n006863,n003048,train,1
12062,n000915,n005734,train,1
12063,n007276,n007110,train,1
12064,n008573,n004497,train,0
12065,n007428,n002814,train,1
12066,n005044,n004732,train,1
12067,n006160,n005923,train,0
12068,n008836,n003058,train,1
12069,n006393,n006154,train,0
12070,n000341,n001665,train,1
12071,n000322,n008409,train,1
12072,n003669,n000116,train,0
12073,n003460,n000514,train,1
12074,n008940,n000511,train,1
12075,n000024,n005381,train,1
12076,n000097,n007763,train,0
12077,n005662,n005815,train,0
12078,n006312,n001859,train,1
12079,n000569,n001423,train,1
12080,n007647,n006492,train,1
12081,n003302,n002299,train,1
12082,n003283,n007139,train,1
12083,n001026,n006184,train,1
12084,n008238,n003312,train,1
12085,n002710,n003245,train,1
12086,n007313,n000895,train,0
12087,n001897,n000368,train,0
12088,n007236,n008516,train,1
12089,n000236,n000679,train,0
12090,n007293,n000763,train,1
12091,n009069,n002016,train,1
12092,n007311,n006099,train,1
12093,n003351,n003723,train,1
12094,n009117,n001411,train,1
12095,n004359,n007701,train,1
12096,n003870,n006804,train,0
12097,n007731,n000244,train,1
12098,n001350,n006309,train,1
12099,n008504,n004701,train,1
12100,n008603,n001450,train,1
12101,n007957,n009240,train,1
12102,n007669,n007387,train,1
12103,n001349,n001005,train,0
12104,n009222,n001422,train,1
12105,n005847,n008514,train,0
12106,n004637,n008193,train,1
12107,n004161,n004309,train,1
12108,n002612,n001262,train,1
12109,n008994,n001196,train,1
12110,n003419,n004179,train,1
12111,n000414,n002125,train,1
12112,n004096,n005625,train,1
12113,n005587,n002047,train,1
12114,n003027,n000466,train,0
12115,n003867,n001144,train,1
12116,n006492,n001352,train,1
12117,n005642,n001937,train,1
12118,n006847,n001110,train,1
12119,n007028,n001574,train,0
12120,n000812,n008182,train,1
12121,n007796,n003502,train,0
12122,n004484,n000564,train,1
12123,n002068,n000909,train,1
12124,n001099,n007634,train,1
12125,n009102,n009094,train,1
12126,n006116,n006016,train,1
12127,n000367,n001901,train,1
12128,n005309,n007590,train,1
12129,n003524,n003548,train,1
12130,n001686,n008903,train,0
12131,n001547,n000907,train,1
12132,n006776,n007117,train,1
12133,n004150,n005816,train,1
12134,n008210,n003710,train,1
12135,n004774,n001491,train,1
12136,n003738,n007018,train,1
12137,n003405,n000505,train,0
12138,n001363,n004932,train,0
12139,n005773,n006389,train,1
12140,n004703,n003020,train,1
12141,n000165,n004443,train,1
12142,n004309,n008669,train,1
12143,n006665,n002365,train,1
12144,n005858,n006371,train,1
12145,n002440,n000570,train,1
12146,n004996,n004704,train,1
12147,n003871,n008548,train,0
12148,n000591,n004845,train,1
12149,n000382,n002490,train,1
12150,n008585,n008084,train,1
12151,n000431,n008806,train,1
12152,n001263,n001937,train,1
12153,n007894,n001872,train,1
12154,n007498,n003076,train,1
12155,n009002,n005215,train,1
12156,n004507,n001665,train,0
12157,n002068,n008619,train,1
12158,n003412,n005702,train,1
12159,n000430,n003832,train,1
12160,n007930,n007140,train,1
12161,n005150,n009133,train,1
12162,n003166,n008082,train,1
12163,n001750,n004187,train,1
12164,n008930,n006057,train,0
12165,n002280,n006661,train,1
12166,n000707,n007924,train,1
12167,n002777,n007996,train,1
12168,n004093,n000980,train,1
12169,n005237,n000890,train,1
12170,n003398,n003380,train,1
12171,n004438,n008293,train,1
12172,n002611,n003509,train,1
12173,n006805,n006311,train,1
12174,n002240,n004627,train,1
12175,n002240,n000961,train,1
12176,n003154,n006324,train,1
12177,n006921,n003351,train,1
12178,n008588,n007119,train,1
12179,n008551,n004412,train,1
12180,n007915,n004079,train,1
12181,n003548,n006130,train,0
12182,n006434,n006530,train,1
12183,n007361,n006975,train,1
12184,n007138,n002514,train,1
12185,n004445,n003955,train,0
12186,n004359,n004042,train,1
12187,n000673,n007552,train,0
12188,n004840,n000562,train,1
12189,n003444,n002964,train,1
12190,n003400,n001810,train,1
12191,n004439,n000524,train,1
12192,n003423,n003910,train,0
12193,n002206,n006612,train,0
12194,n006958,n002686,train,1
12195,n008185,n005428,train,0
12196,n007485,n007048,train,1
12197,n001979,n002523,train,1
12198,n007485,n001083,train,1
12199,n000570,n001002,train,1
12200,n005724,n008860,train,1
12201,n004810,n002323,train,0
12202,n001754,n008184,train,1
12203,n001162,n002818,train,1
12204,n006400,n005608,train,1
12205,n008181,n000050,train,0
12206,n008253,n004848,train,1
12207,n006988,n004704,train,1
12208,n000817,n001728,train,1
12209,n005661,n009246,train,1
12210,n005483,n001853,train,1
12211,n003454,n008297,train,1
12212,n006521,n004561,train,0
12213,n004593,n008177,train,0
12214,n007957,n008057,train,0
12215,n006776,n004910,train,1
12216,n007034,n001736,train,1
12217,n008976,n005279,train,0
12218,n005870,n008304,train,0
12219,n000963,n002180,train,1
12220,n003869,n000524,train,1
12221,n000806,n008625,train,1
12222,n003563,n002828,train,1
12223,n002071,n002353,train,1
12224,n005276,n001939,train,1
12225,n004667,n006610,train,0
12226,n008142,n004549,train,1
12227,n001656,n001037,train,1
12228,n004837,n001832,train,0
12229,n005553,n007888,train,1
12230,n000485,n002292,train,1
12231,n003877,n006459,train,1
12232,n000843,n008971,train,1
12233,n007444,n005470,train,0
12234,n004160,n008397,train,1
12235,n004369,n009200,train,1
12236,n008383,n000978,train,1
12237,n008273,n008540,train,0
12238,n005176,n002635,train,1
12239,n002242,n000673,train,1
12240,n009260,n008148,train,1
12241,n008477,n001411,train,1
12242,n003631,n005995,train,1
12243,n004154,n004507,train,1
12244,n002719,n007272,train,1
12245,n009269,n006813,train,1
12246,n008365,n004235,train,1
12247,n007239,n007351,train,1
12248,n007731,n009005,train,1
12249,n003524,n001064,train,0
12250,n008994,n000590,train,1
12251,n001928,n003947,train,1
12252,n001531,n009018,train,1
12253,n004117,n003988,train,1
12254,n006102,n005182,train,1
12255,n003422,n001192,train,1
12256,n009063,n007421,train,1
12257,n007598,n003470,train,0
12258,n003888,n000728,train,1
12259,n003073,n001738,train,1
12260,n007122,n007262,train,1
12261,n000508,n006855,train,0
12262,n007265,n001764,train,1
12263,n000485,n000152,train,1
12264,n004783,n006636,train,1
12265,n006017,n002440,train,1
12266,n000845,n004107,train,1
12267,n000420,n003342,train,1
12268,n008161,n000895,train,1
12269,n008299,n003132,train,1
12270,n006374,n008395,train,1
12271,n003498,n008696,train,0
12272,n006546,n001415,train,0
12273,n000112,n003805,train,1
12274,n002499,n001070,train,1
12275,n002226,n007675,train,1
12276,n006234,n002856,train,0
12277,n007514,n004364,train,1
12278,n001316,n000977,train,1
12279,n008318,n000052,train,0
12280,n008547,n006924,train,1
12281,n001917,n006423,train,1
12282,n006804,n001785,train,1
12283,n001495,n001043,train,0
12284,n008499,n007383,train,0
12285,n001715,n001859,train,1
12286,n008088,n004546,train,1
12287,n002336,n001131,train,1
12288,n001308,n009056,train,1
12289,n008656,n002168,train,1
12290,n003218,n001557,train,1
12291,n004724,n003740,train,1
12292,n001209,n002402,train,1
12293,n003350,n008388,train,1
12294,n007509,n008099,train,1
12295,n007789,n003909,train,1
12296,n002147,n005877,train,1
12297,n008914,n000209,train,1
12298,n000162,n006974,train,1
12299,n001262,n004672,train,1
12300,n008378,n002038,train,1
12301,n001694,n001075,train,0
12302,n003810,n003308,train,1
12303,n006226,n003368,train,1
12304,n004829,n002933,train,1
12305,n001738,n003698,train,1
12306,n003078,n000895,train,1
12307,n001452,n002494,train,1
12308,n007070,n003844,train,1
12309,n006483,n001642,train,1
12310,n000113,n004616,train,1
12311,n005082,n001335,train,1
12312,n007271,n008930,train,1
12313,n007811,n005662,train,1
12314,n007915,n003154,train,1
12315,n002497,n006249,train,0
12316,n001722,n004769,train,0
12317,n004594,n005343,train,1
12318,n004547,n003064,train,1
12319,n004519,n001158,train,1
12320,n004188,n006959,train,1
12321,n008177,n003631,train,1
12322,n001803,n001700,train,1
12323,n002899,n000546,train,0
12324,n008497,n000262,train,1
12325,n001132,n009105,train,1
12326,n000445,n008040,train,0
12327,n001528,n008299,train,0
12328,n004835,n008203,train,1
12329,n007835,n003972,train,1
12330,n003470,n000591,train,1
12331,n003778,n008367,train,1
12332,n006081,n000046,train,1
12333,n005166,n006658,train,1
12334,n000933,n006416,train,1
12335,n001438,n001287,train,1
12336,n004456,n002278,train,1
12337,n004459,n008590,train,1
12338,n008310,n008545,train,1
12339,n003736,n002013,train,1
12340,n007446,n004282,train,1
12341,n005041,n005036,train,1
12342,n004244,n006154,train,1
12343,n008980,n000143,train,1
12344,n007250,n000054,train,1
12345,n007814,n002059,train,0
12346,n003319,n006839,train,0
12347,n005811,n004618,train,1
12348,n003844,n004970,train,1
12349,n002676,n000443,train,0
12350,n005866,n007632,train,1
12351,n006674,n002795,train,1
12352,n008310,n002698,train,1
12353,n004201,n002417,train,1
12354,n002118,n008940,train,1
12355,n002213,n000530,train,0
12356,n004729,n005554,train,1
12357,n000134,n007948,train,1
12358,n006980,n001762,train,1
12359,n000891,n007303,train,1
12360,n005139,n000052,train,1
12361,n000326,n002363,train,1
12362,n007076,n000724,train,1
12363,n002575,n005669,train,1
12364,n007375,n001185,train,1
12365,n008451,n000765,train,1
12366,n000581,n003041,train,1
12367,n002120,n008551,train,1
12368,n006899,n008308,train,1
12369,n008506,n008757,train,1
12370,n006889,n003203,train,1
12371,n004697,n000634,train,1
12372,n006198,n009166,train,0
12373,n007538,n005428,train,1
12374,n000479,n000762,train,1
12375,n000762,n003924,train,0
12376,n001662,n006502,train,1
12377,n000934,n003454,train,1
12378,n007880,n004848,train,0
12379,n005167,n008902,train,1
12380,n004288,n003109,train,1
12381,n004318,n006747,train,1
12382,n007522,n001939,train,0
12383,n009018,n008578,train,1
12384,n003346,n003374,train,1
12385,n007805,n009187,train,1
12386,n003578,n007655,train,1
12387,n003482,n006993,train,0
12388,n007552,n007335,train,1
12389,n002523,n001308,train,1
12390,n002339,n004896,train,1
12391,n002242,n000010,train,1
12392,n004867,n001164,train,1
12393,n002313,n007940,train,1
12394,n007976,n001849,train,1
12395,n004269,n000570,train,1
12396,n005632,n001121,train,0
12397,n005516,n004516,train,1
12398,n004845,n006690,train,1
12399,n001656,n004263,train,1
12400,n007853,n001856,train,0
12401,n007380,n006252,train,0
12402,n007444,n002745,train,0
12403,n007134,n007415,train,0
12404,n007931,n004881,train,1
12405,n000277,n000579,train,0
12406,n000048,n004430,train,0
12407,n009082,n005475,train,1
12408,n008285,n004963,train,1
12409,n006839,n008038,train,1
12410,n005057,n005005,train,1
12411,n007655,n004097,train,1
12412,n001184,n006115,train,1
12413,n005036,n005560,train,1
12414,n000602,n008561,train,1
12415,n004417,n002394,train,1
12416,n006666,n001103,train,1
12417,n008790,n008781,train,0
12418,n007816,n008886,train,1
12419,n008452,n006110,train,0
12420,n001106,n003945,train,1
12421,n003405,n002735,train,1
12422,n002924,n001260,train,1
12423,n005881,n007097,train,1
12424,n006400,n002533,train,0
12425,n001868,n008395,train,1
12426,n006279,n003879,train,1
12427,n006580,n002944,train,1
12428,n003638,n008088,train,1
12429,n001827,n004976,train,1
12430,n005502,n003400,train,0
12431,n008336,n000619,train,1
12432,n005426,n005253,train,1
12433,n008836,n004108,train,0
12434,n002897,n002918,train,1
12435,n008231,n001896,train,0
12436,n006750,n007343,train,1
12437,n007122,n003036,train,0
12438,n008173,n005611,train,0
12439,n006239,n005534,train,1
12440,n002697,n002155,train,1
12441,n007678,n007030,train,1
12442,n002914,n002240,train,0
12443,n005828,n008170,train,0
12444,n006994,n005933,train,1
12445,n006156,n008062,train,1
12446,n008157,n005192,train,1
12447,n006438,n008151,train,1
12448,n004708,n007712,train,1
12449,n002206,n004330,train,1
12450,n004036,n000548,train,1
12451,n003078,n006560,train,1
12452,n004964,n002594,train,1
12453,n000387,n008590,train,0
12454,n008083,n007655,train,1
12455,n000351,n000592,train,0
12456,n007799,n004525,train,1
12457,n008845,n007270,train,1
12458,n003450,n000476,train,1
12459,n000131,n005672,train,0
12460,n003493,n003674,train,1
12461,n008600,n002665,train,1
12462,n004755,n002713,train,0
12463,n002434,n000033,train,1
12464,n002699,n004325,train,1
12465,n000697,n002807,train,0
12466,n002409,n001917,train,0
12467,n000393,n008007,train,0
12468,n008833,n001238,train,1
12469,n004835,n002892,train,0
12470,n008614,n001517,train,1
12471,n000047,n009115,train,0
12472,n008466,n006666,train,1
12473,n003352,n007426,train,1
12474,n005767,n002045,train,1
12475,n006198,n005115,train,1
12476,n006773,n008636,train,1
12477,n003267,n001180,train,1
12478,n001316,n003448,train,0
12479,n004314,n000132,train,1
12480,n003158,n005129,train,1
12481,n006662,n006446,train,1
12482,n008500,n000463,train,1
12483,n003203,n004690,train,1
12484,n001215,n002553,train,0
12485,n007581,n002986,train,1
12486,n002105,n000100,train,1
12487,n007831,n006225,train,1
12488,n008814,n005985,train,1
12489,n006189,n002755,train,1
12490,n002786,n005390,train,1
12491,n003131,n002817,train,0
12492,n001098,n005259,train,1
12493,n002305,n004474,train,0
12494,n003076,n005486,train,1
12495,n005877,n006462,train,1
12496,n000519,n002959,train,1
12497,n003870,n008562,train,0
12498,n007334,n004097,train,1
12499,n005438,n000546,train,1
12500,n003853,n005527,train,1
12501,n001641,n004079,train,1
12502,n006132,n003269,train,1
12503,n001010,n006855,train,1
12504,n007055,n008283,train,1
12505,n008292,n007017,train,1
12506,n002597,n000726,train,1
12507,n003113,n001602,train,1
12508,n008678,n005464,train,1
12509,n003457,n006936,train,1
12510,n001063,n003460,train,1
12511,n003385,n001719,train,1
12512,n007375,n003136,train,1
12513,n006161,n008747,train,1
12514,n003789,n001557,train,0
12515,n007048,n004168,train,1
12516,n006612,n006226,train,1
12517,n007702,n002249,train,1
12518,n003135,n009233,train,1
12519,n003469,n003223,train,1
12520,n006775,n003637,train,1
12521,n006609,n000534,train,1
12522,n006870,n007933,train,1
12523,n002347,n007349,train,1
12524,n009162,n007944,train,1
12525,n004774,n006400,train,0
12526,n003105,n004547,train,0
12527,n003546,n007954,train,1
12528,n007264,n001015,train,1
12529,n003314,n009063,train,1
12530,n003815,n004205,train,1
12531,n003872,n007992,train,0
12532,n005406,n006679,train,1
12533,n006049,n003463,train,1
12534,n001254,n001772,train,1
12535,n007941,n004957,train,1
12536,n009257,n005131,train,1
12537,n008019,n000532,train,1
12538,n000564,n000715,train,1
12539,n007262,n003197,train,0
12540,n001343,n000100,train,1
12541,n001570,n004255,train,0
12542,n005195,n000803,train,1
12543,n004667,n004332,train,1
12544,n005580,n008990,train,1
12545,n003715,n002354,train,1
12546,n001756,n001912,train,1
12547,n005892,n001605,train,1
12548,n003852,n003948,train,1
12549,n003824,n000209,train,0
12550,n005461,n001778,train,1
12551,n004414,n006813,train,1
12552,n006736,n008082,train,1
12553,n005397,n000438,train,1
12554,n006177,n002611,train,0
12555,n003966,n002182,train,1
12556,n006856,n004942,train,0
12557,n003197,n006814,train,1
12558,n004737,n003393,train,1
12559,n008052,n001782,train,1
12560,n000552,n008334,train,1
12561,n009132,n003839,train,1
12562,n000803,n006321,train,1
12563,n004234,n002380,train,1
12564,n009162,n008272,train,1
12565,n006980,n009167,train,1
12566,n006127,n006543,train,1
12567,n001309,n005160,train,1
12568,n003058,n001712,train,1
12569,n009267,n008540,train,1
12570,n003335,n004866,train,1
12571,n006374,n004495,train,1
12572,n002553,n008509,train,1
12573,n006981,n001310,train,1
12574,n000820,n003835,train,1
12575,n003925,n000674,train,1
12576,n003483,n009168,train,0
12577,n000780,n001715,train,1
12578,n000895,n008544,train,1
12579,n001017,n005021,train,1
12580,n005791,n001132,train,0
12581,n006817,n001552,train,1
12582,n001403,n007254,train,1
12583,n006070,n007409,train,1
12584,n003310,n003715,train,1
12585,n005485,n006418,train,1
12586,n000646,n003207,train,1
12587,n005877,n001459,train,1
12588,n000955,n003618,train,1
12589,n001833,n008424,train,1
12590,n000150,n005711,train,1
12591,n007716,n005168,train,1
12592,n000104,n003377,train,1
12593,n001155,n002287,train,1
12594,n001657,n000486,train,1
12595,n002504,n008767,train,1
12596,n006870,n002213,train,1
12597,n003731,n007247,train,1
12598,n002265,n004834,train,0
12599,n001229,n002553,train,1
12600,n001018,n006017,train,1
12601,n005158,n009210,train,1
12602,n003923,n006225,train,1
12603,n002172,n001037,train,0
12604,n009104,n006847,train,1
12605,n006867,n003718,train,1
12606,n001284,n000829,train,1
12607,n000939,n000138,train,1
12608,n000109,n007936,train,1
12609,n009046,n007866,train,0
12610,n006387,n000065,train,0
12611,n006542,n003907,train,1
12612,n000812,n005873,train,1
12613,n007411,n003688,train,1
12614,n000710,n004389,train,1
12615,n001239,n006109,train,1
12616,n004960,n001899,train,1
12617,n008487,n002897,train,1
12618,n008791,n001188,train,1
12619,n002962,n008721,train,1
12620,n007160,n007623,train,1
12621,n005115,n006051,train,1
12622,n008883,n002386,train,1
12623,n006324,n002902,train,0
12624,n005966,n002605,train,1
12625,n007012,n003843,train,1
12626,n001308,n008871,train,1
12627,n000525,n002982,train,0
12628,n003342,n008101,train,1
12629,n008217,n007285,train,1
12630,n009069,n007295,train,1
12631,n008329,n002608,train,0
12632,n003862,n007503,train,1
12633,n003968,n004055,train,1
12634,n005766,n007109,train,1
12635,n003852,n004829,train,1
12636,n000360,n000888,train,1
12637,n004090,n005324,train,1
12638,n008214,n007757,train,0
12639,n002676,n002229,train,1
12640,n008743,n002653,train,1
12641,n003173,n004246,train,1
12642,n002380,n003784,train,1
12643,n000783,n007902,train,1
12644,n005041,n003271,train,0
12645,n006130,n003986,train,1
12646,n009087,n002670,train,0
12647,n002575,n004565,train,1
12648,n000579,n000046,train,1
12649,n001159,n007263,train,1
12650,n000327,n009210,train,1
12651,n000252,n001263,train,1
12652,n003840,n000788,train,0
12653,n007174,n006013,train,0
12654,n005869,n001726,train,1
12655,n000418,n003073,train,0
12656,n003157,n008440,train,1
12657,n006534,n007818,train,1
12658,n002833,n000828,train,1
12659,n001778,n007134,train,1
12660,n002920,n009252,train,1
12661,n004670,n004572,train,1
12662,n001992,n005358,train,1
12663,n009265,n001953,train,1
12664,n006746,n000920,train,1
12665,n005503,n000717,train,1
12666,n000021,n000881,train,1
12667,n008273,n006265,train,1
12668,n004835,n007550,train,1
12669,n000302,n002532,train,1
12670,n001263,n000118,train,1
12671,n008088,n002697,train,1
12672,n003622,n000603,train,1
12673,n007238,n006243,train,1
12674,n007654,n008474,train,1
12675,n001394,n000749,train,1
12676,n001718,n005493,train,0
12677,n003525,n007561,train,0
12678,n005350,n000244,train,1
12679,n008865,n008755,train,1
12680,n007076,n003610,train,0
12681,n002409,n007521,train,1
12682,n002817,n007006,train,1
12683,n006173,n003002,train,1
12684,n003004,n004079,train,1
12685,n000866,n002427,train,1
12686,n004754,n005770,train,1
12687,n004060,n003840,train,0
12688,n005021,n002980,train,1
12689,n008378,n000150,train,1
12690,n001844,n004533,train,1
12691,n001029,n008367,train,1
12692,n004729,n009069,train,1
12693,n005248,n009258,train,1
12694,n003726,n000519,train,1
12695,n003025,n009017,train,1
12696,n000094,n002358,train,1
12697,n000077,n000537,train,1
12698,n004729,n007866,train,1
12699,n003504,n005524,train,1
12700,n004981,n000229,train,1
12701,n007608,n005479,train,1
12702,n006493,n008694,train,0
12703,n001517,n000586,train,0
12704,n005635,n007320,train,0
12705,n003427,n000607,train,1
12706,n001634,n005472,train,1
12707,n002833,n009069,train,1
12708,n006867,n006560,train,1
12709,n003989,n008631,train,1
12710,n002887,n006417,train,1
12711,n006327,n008437,train,1
12712,n008673,n008205,train,1
12713,n000170,n004997,train,1
12714,n004438,n006435,train,1
12715,n006468,n005043,train,1
12716,n007404,n003454,train,0
12717,n007334,n000561,train,1
12718,n006862,n006994,train,1
12719,n003541,n000384,train,1
12720,n002497,n008292,train,1
12721,n004888,n007509,train,1
12722,n007157,n003793,train,1
12723,n001370,n002120,train,1
12724,n002955,n002830,train,1
12725,n008312,n004581,train,1
12726,n003790,n003661,train,0
12727,n000772,n003496,train,1
12728,n004866,n005386,train,1
12729,n000326,n001897,train,1
12730,n003139,n007426,train,1
12731,n000778,n006978,train,1
12732,n000270,n006792,train,0
12733,n007040,n004190,train,1
12734,n007031,n001547,train,1
12735,n004749,n004038,train,1
12736,n007659,n007726,train,1
12737,n006213,n001449,train,1
12738,n004426,n006107,train,1
12739,n006832,n002141,train,1
12740,n003302,n003715,train,1
12741,n003524,n007380,train,0
12742,n009132,n002202,train,1
12743,n005829,n000165,train,1
12744,n003697,n004718,train,0
12745,n004459,n004775,train,1
12746,n007803,n008151,train,1
12747,n000626,n000126,train,0
12748,n006899,n000102,train,0
12749,n001394,n004451,train,1
12750,n001994,n000602,train,1
12751,n009200,n004639,train,0
12752,n000412,n004806,train,1
12753,n007411,n006082,train,1
12754,n005942,n004492,train,0
12755,n002940,n007055,train,1
12756,n000126,n007911,train,1
12757,n007558,n005440,train,1
12758,n000364,n007641,train,1
12759,n004973,n002515,train,1
12760,n002386,n008401,train,1
12761,n007654,n008772,train,0
12762,n009155,n003840,train,1
12763,n007660,n005789,train,1
12764,n007082,n005827,train,1
12765,n001567,n000031,train,0
12766,n002205,n003821,train,1
12767,n006516,n002235,train,1
12768,n006907,n005739,train,1
12769,n002818,n006319,train,1
12770,n006915,n009098,train,1
12771,n003862,n003361,train,1
12772,n008180,n005970,train,0
12773,n002212,n002489,train,1
12774,n005850,n003923,train,0
12775,n006889,n004388,train,1
12776,n005185,n000857,train,1
12777,n007475,n007346,train,1
12778,n007270,n004840,train,1
12779,n004320,n003948,train,1
12780,n003064,n007521,train,1
12781,n001168,n003999,train,1
12782,n008971,n008078,train,1
12783,n004896,n002067,train,1
12784,n004942,n004775,train,0
12785,n002048,n001960,train,0
12786,n004572,n002525,train,1
12787,n000319,n006719,train,1
12788,n004639,n000590,train,1
12789,n006177,n004614,train,1
12790,n001740,n008757,train,1
12791,n002925,n004303,train,0
12792,n002256,n002191,train,1
12793,n003326,n001776,train,1
12794,n002547,n004546,train,1
12795,n000039,n004057,train,1
12796,n007359,n004695,train,0
12797,n004388,n001570,train,1
12798,n002490,n009180,train,1
12799,n005975,n006601,train,1
12800,n009046,n008906,train,0
12801,n005314,n007615,train,0
12802,n008007,n006637,train,1
12803,n005699,n006293,train,1
12804,n004381,n001894,train,1
12805,n004098,n005036,train,1
12806,n005371,n009268,train,1
12807,n005423,n006737,train,1
12808,n005702,n009055,train,0
12809,n005785,n006319,train,1
12810,n001463,n009274,train,1
12811,n007985,n005573,train,1
12812,n006502,n008389,train,1
12813,n002439,n008268,train,1
12814,n008397,n000942,train,1
12815,n004334,n002067,train,1
12816,n006578,n008308,train,1
12817,n003521,n005779,train,0
12818,n008756,n002651,train,1
12819,n002126,n003279,train,1
12820,n008622,n002616,train,0
12821,n009143,n004585,train,0
12822,n004864,n004704,train,1
12823,n005759,n004631,train,0
12824,n004753,n000866,train,0
12825,n000799,n006637,train,1
12826,n001478,n007589,train,1
12827,n005942,n005640,train,1
12828,n004954,n008967,train,1
12829,n005337,n009139,train,1
12830,n008790,n007198,train,1
12831,n007228,n000772,train,1
12832,n004470,n006446,train,1
12833,n007132,n000134,train,1
12834,n001599,n003517,train,1
12835,n006445,n003524,train,1
12836,n007446,n002339,train,1
12837,n003493,n003299,train,1
12838,n005131,n007221,train,1
12839,n007774,n007921,train,1
12840,n005685,n008330,train,1
12841,n001723,n000204,train,1
12842,n005311,n002285,train,1
12843,n000625,n007110,train,1
12844,n007437,n000960,train,1
12845,n001879,n000726,train,0
12846,n006185,n005868,train,1
12847,n002711,n009082,train,1
12848,n003577,n004024,train,1
12849,n005555,n003657,train,1
12850,n006756,n001389,train,1
12851,n001570,n006166,train,1
12852,n007918,n000969,train,1
12853,n003649,n006981,train,1
12854,n009200,n007365,train,1
12855,n002360,n006282,train,1
12856,n000871,n004509,train,1
12857,n001471,n002259,train,1
12858,n003941,n001641,train,1
12859,n007195,n007725,train,1
12860,n008048,n000184,train,0
12861,n005682,n007054,train,0
12862,n008409,n001198,train,1
12863,n001462,n001602,train,1
12864,n005660,n007291,train,0
12865,n004832,n000143,train,1
12866,n008959,n001447,train,1
12867,n006278,n005869,train,1
12868,n008148,n006773,train,1
12869,n003593,n003912,train,1
12870,n005678,n007037,train,1
12871,n006750,n000261,train,0
12872,n004829,n009025,train,0
12873,n007988,n004693,train,0
12874,n006489,n009134,train,0
12875,n007309,n001909,train,1
12876,n002242,n004445,train,1
12877,n007047,n000757,train,0
12878,n009252,n000168,train,1
12879,n005669,n005182,train,1
12880,n004315,n003011,train,1
12881,n000745,n009105,train,1
12882,n005369,n005082,train,0
12883,n001677,n001459,train,1
12884,n002785,n006972,train,1
12885,n000456,n001613,train,1
12886,n007558,n001626,train,0
12887,n006249,n002070,train,1
12888,n005651,n003016,train,1
12889,n001945,n008075,train,1
12890,n005913,n008884,train,1
12891,n000910,n004002,train,1
12892,n004335,n002927,train,1
12893,n006056,n001725,train,1
12894,n006636,n004129,train,0
12895,n006936,n006007,train,1
12896,n002531,n006978,train,1
12897,n004951,n001954,train,1
12898,n004577,n004773,train,1
12899,n005250,n000590,train,1
12900,n004023,n000897,train,0
12901,n002155,n004569,train,1
12902,n000174,n001605,train,1
12903,n002123,n000866,train,1
12904,n000539,n001701,train,1
12905,n000388,n007192,train,0
12906,n008351,n001760,train,1
12907,n000899,n005895,train,0
12908,n006865,n002637,train,1
12909,n008120,n008423,train,1
12910,n008096,n002700,train,1
12911,n000879,n002914,train,1
12912,n005703,n006103,train,1
12913,n001728,n008849,train,1
12914,n001773,n002115,train,1
12915,n007106,n005840,train,1
12916,n006810,n002603,train,1
12917,n003160,n003941,train,0
12918,n002413,n005369,train,1
12919,n005364,n001713,train,1
12920,n005545,n002864,train,1
12921,n008033,n002338,train,1
12922,n008976,n008226,train,1
12923,n007238,n006820,train,1
12924,n000499,n002287,train,0
12925,n006088,n001996,train,1
12926,n001157,n008833,train,1
12927,n000322,n006058,train,0
12928,n007831,n002984,train,1
12929,n000828,n004174,train,1
12930,n000647,n008333,train,1
12931,n005925,n002974,train,1
12932,n007915,n004154,train,0
12933,n001626,n000642,train,0
12934,n003568,n005034,train,1
12935,n002397,n005696,train,1
12936,n001072,n000440,train,0
12937,n009151,n007445,train,0
12938,n004445,n000417,train,1
12939,n000941,n005087,train,1
12940,n002015,n000024,train,1
12941,n000220,n004804,train,0
12942,n002347,n008210,train,1
12943,n006445,n002120,train,0
12944,n001867,n008097,train,1
12945,n002813,n008203,train,1
12946,n009241,n005131,train,1
12947,n008776,n008605,train,1
12948,n005275,n008336,train,1
12949,n003283,n007305,train,1
12950,n007704,n008363,train,1
12951,n002732,n006359,train,0
12952,n000920,n009070,train,0
12953,n005518,n003502,train,1
12954,n008531,n002495,train,1
12955,n002532,n008120,train,1
12956,n001033,n008736,train,1
12957,n000472,n002213,train,1
12958,n001358,n000236,train,1
12959,n008851,n001234,train,1
12960,n004672,n008310,train,1
12961,n008668,n008934,train,1
12962,n000638,n000561,train,0
12963,n001505,n000215,train,1
12964,n006584,n008101,train,1
12965,n008693,n001798,train,0
12966,n006059,n005402,train,1
12967,n004238,n001574,train,1
12968,n000547,n007262,train,1
12969,n007076,n005793,train,1
12970,n005553,n001336,train,0
12971,n000466,n000923,train,1
12972,n008650,n002348,train,1
12973,n001552,n001346,train,1
12974,n008596,n002705,train,1
12975,n000806,n008292,train,1
12976,n006546,n005158,train,0
12977,n006344,n006563,train,0
12978,n002276,n005608,train,1
12979,n005138,n002853,train,1
12980,n000564,n000532,train,1
12981,n007982,n007083,train,0
12982,n009265,n008836,train,1
12983,n000229,n000923,train,1
12984,n008550,n006459,train,0
12985,n000552,n001721,train,1
12986,n005317,n006573,train,1
12987,n001360,n002243,train,1
12988,n008994,n001882,train,1
12989,n006720,n001900,train,1
12990,n008133,n008845,train,1
12991,n006078,n003493,train,1
12992,n005995,n005967,train,1
12993,n006855,n008335,train,1
12994,n002188,n009044,train,1
12995,n007704,n004385,train,1
12996,n006489,n003008,train,0
12997,n007251,n009102,train,1
12998,n002977,n006983,train,1
12999,n001037,n001508,train,1
13000,n002733,n003471,train,1
13001,n008062,n001050,train,0
13002,n008501,n009053,train,1
13003,n002745,n000884,train,0
13004,n003555,n005625,train,1
13005,n007857,n003972,train,1
13006,n008158,n001015,train,1
13007,n008774,n000586,train,1
13008,n006842,n005293,train,1
13009,n000224,n000512,train,1
13010,n007716,n005978,train,0
13011,n007071,n000622,train,1
13012,n005660,n000748,train,1
13013,n001940,n003341,train,1
13014,n004599,n000113,train,1
13015,n003563,n006505,train,1
13016,n008575,n009036,train,1
13017,n009098,n000729,train,1
13018,n001652,n008405,train,1
13019,n004048,n002720,train,1
13020,n003340,n002070,train,1
13021,n000332,n001867,train,1
13022,n007265,n007366,train,0
13023,n008723,n003846,train,1
13024,n002397,n006416,train,1
13025,n004198,n001002,train,0
13026,n002039,n002700,train,1
13027,n000038,n007071,train,1
13028,n007944,n007776,train,0
13029,n003352,n004222,train,1
13030,n009265,n006780,train,1
13031,n000615,n003850,train,0
13032,n004549,n003143,train,1
13033,n002219,n007811,train,1
13034,n006679,n004994,train,1
13035,n000510,n000097,train,1
13036,n004525,n000054,train,0
13037,n001974,n009062,train,1
13038,n003912,n005433,train,1
13039,n007328,n004804,train,1
13040,n004646,n005614,train,1
13041,n006998,n003536,train,0
13042,n001100,n005754,train,1
13043,n001238,n006379,train,1
13044,n007251,n008499,train,0
13045,n008721,n009166,train,1
13046,n004285,n007271,train,1
13047,n000883,n005840,train,0
13048,n004164,n002769,train,1
13049,n001486,n004359,train,1
13050,n001736,n004882,train,0
13051,n009165,n002854,train,1
13052,n007482,n001083,train,0
13053,n007315,n007750,train,1
13054,n001911,n005816,train,1
13055,n007585,n002428,train,1
13056,n008072,n003625,train,1
13057,n005625,n003880,train,1
13058,n000228,n007180,train,1
13059,n006655,n008790,train,1
13060,n001349,n003933,train,1
13061,n006502,n006457,train,1
13062,n006191,n001789,train,1
13063,n001490,n003319,train,1
13064,n003810,n004332,train,1
13065,n007891,n005164,train,1
13066,n007692,n004146,train,1
13067,n007932,n007315,train,0
13068,n000848,n002476,train,1
13069,n005298,n000282,train,1
13070,n002425,n000374,train,1
13071,n003184,n000256,train,0
13072,n000157,n003838,train,1
13073,n008672,n003820,train,1
13074,n008268,n006103,train,1
13075,n001491,n001501,train,1
13076,n006933,n000910,train,0
13077,n004581,n008513,train,1
13078,n000443,n005067,train,0
13079,n003560,n000742,train,0
13080,n002729,n004951,train,1
13081,n000745,n003381,train,0
13082,n009077,n000903,train,1
13083,n001250,n005643,train,0
13084,n007076,n007361,train,1
13085,n006723,n004099,train,1
13086,n000963,n000776,train,1
13087,n003870,n003073,train,1
13088,n000963,n003101,train,1
13089,n006520,n005437,train,1
13090,n000146,n005665,train,1
13091,n000564,n007122,train,1
13092,n001065,n002881,train,1
13093,n007704,n000742,train,1
13094,n006844,n003347,train,0
13095,n003149,n000887,train,1
13096,n005099,n006462,train,0
13097,n005314,n001551,train,1
13098,n006396,n006278,train,1
13099,n003774,n005686,train,1
13100,n002447,n004430,train,1
13101,n008801,n008787,train,1
13102,n005538,n004130,train,0
13103,n004111,n004099,train,1
13104,n000446,n000385,train,1
13105,n002125,n007124,train,1
13106,n003497,n004671,train,1
13107,n001002,n008749,train,0
13108,n008545,n001688,train,1
13109,n006425,n001716,train,0
13110,n000351,n007558,train,0
13111,n002877,n003723,train,1
13112,n007509,n004794,train,1
13113,n007778,n008633,train,1
13114,n000514,n000479,train,1
13115,n005643,n004216,train,1
13116,n007524,n004497,train,1
13117,n007206,n008900,train,0
13118,n008551,n001034,train,0
13119,n004695,n000113,train,1
13120,n000151,n008329,train,0
13121,n005182,n001964,train,1
13122,n008451,n009217,train,0
13123,n004155,n002242,train,1
13124,n003517,n006746,train,1
13125,n008548,n006662,train,1
13126,n005524,n008531,train,1
13127,n008950,n001343,train,1
13128,n009133,n008703,train,0
13129,n002476,n007598,train,1
13130,n006815,n001994,train,1
13131,n003358,n004853,train,1
13132,n004888,n008736,train,1
13133,n001398,n001809,train,1
13134,n004150,n002237,train,0
13135,n002572,n002579,train,1
13136,n006792,n001336,train,1
13137,n004367,n002328,train,1
13138,n003738,n009151,train,0
13139,n005691,n003976,train,1
13140,n008267,n000491,train,1
13141,n000109,n006915,train,1
13142,n004389,n005035,train,1
13143,n002489,n002383,train,1
13144,n003404,n008418,train,1
13145,n002504,n004944,train,1
13146,n005686,n006817,train,1
13147,n009274,n006432,train,1
13148,n006391,n004206,train,1
13149,n001287,n007438,train,1
13150,n007850,n000896,train,0
13151,n005407,n001144,train,1
13152,n006644,n007698,train,1
13153,n005310,n006230,train,1
13154,n004969,n008897,train,1
13155,n000762,n007393,train,1
13156,n001641,n007615,train,1
13157,n002393,n002962,train,1
13158,n000193,n002622,train,1
13159,n007278,n004385,train,1
13160,n003541,n000498,train,1
13161,n005576,n002847,train,1
13162,n006047,n006867,train,1
13163,n008275,n002961,train,1
13164,n003690,n006262,train,1
13165,n007082,n003405,train,1
13166,n008667,n002572,train,1
13167,n008604,n003869,train,1
13168,n002910,n001037,train,1
13169,n006933,n008714,train,0
13170,n007590,n006832,train,1
13171,n007194,n008141,train,1
13172,n008193,n000346,train,1
13173,n005160,n001957,train,1
13174,n001945,n007558,train,0
13175,n001276,n007882,train,1
13176,n003888,n003149,train,1
13177,n005475,n002687,train,1
13178,n008402,n001136,train,1
13179,n005700,n009102,train,1
13180,n001680,n008928,train,1
13181,n006076,n004837,train,1
13182,n009122,n002732,train,1
13183,n002845,n000990,train,1
13184,n000249,n005674,train,0
13185,n006149,n008060,train,0
13186,n006484,n003511,train,0
13187,n001701,n002091,train,0
13188,n007999,n005558,train,1
13189,n002404,n001509,train,1
13190,n004321,n003870,train,0
13191,n007226,n000609,train,1
13192,n004672,n000379,train,1
13193,n000400,n001766,train,1
13194,n005401,n004147,train,1
13195,n006119,n008531,train,1
13196,n006924,n002120,train,1
13197,n005934,n006423,train,1
13198,n002201,n009002,train,1
13199,n003821,n000725,train,0
13200,n006229,n008382,train,1
13201,n008007,n005287,train,1
13202,n001232,n004917,train,1
13203,n004230,n004096,train,1
13204,n007902,n007853,train,1
13205,n003808,n001567,train,0
13206,n004810,n005747,train,1
13207,n004749,n000462,train,1
13208,n002977,n000294,train,1
13209,n004174,n007655,train,1
13210,n007301,n001505,train,1
13211,n000466,n008409,train,1
13212,n005609,n006234,train,1
13213,n006649,n003920,train,1
13214,n002086,n003825,train,1
13215,n002702,n000843,train,1
13216,n005732,n008799,train,1
13217,n004488,n000663,train,1
13218,n005840,n001779,train,1
13219,n004173,n007277,train,1
13220,n003549,n000432,train,1
13221,n003985,n002052,train,1
13222,n004297,n007818,train,1
13223,n004942,n001905,train,1
13224,n005437,n008628,train,1
13225,n004755,n005585,train,0
13226,n001314,n000767,train,1
13227,n006088,n009277,train,0
13228,n006870,n008371,train,1
13229,n003088,n007283,train,0
13230,n005458,n000356,train,1
13231,n008724,n001002,train,1
13232,n004282,n007559,train,1
13233,n007065,n004052,train,0
13234,n000077,n007824,train,1
13235,n000497,n009182,train,1
13236,n004732,n001354,train,1
13237,n009157,n000573,train,1
13238,n005229,n008168,train,1
13239,n005651,n000762,train,1
13240,n007957,n001185,train,1
13241,n000138,n006769,train,1
13242,n000511,n000378,train,1
13243,n001469,n008976,train,1
13244,n002719,n003639,train,1
13245,n008990,n007046,train,1
13246,n005661,n001373,train,1
13247,n007359,n009151,train,1
13248,n004729,n004373,train,1
13249,n007982,n001917,train,0
13250,n006173,n006359,train,1
13251,n005708,n002172,train,1
13252,n000340,n003447,train,1
13253,n003256,n000898,train,1
13254,n006087,n004107,train,1
13255,n007966,n004887,train,1
13256,n000995,n000976,train,1
13257,n002847,n004184,train,1
13258,n007632,n006265,train,0
13259,n008496,n000889,train,0
13260,n000619,n003475,train,1
13261,n005485,n000141,train,1
13262,n006720,n001732,train,1
13263,n002016,n007687,train,1
13264,n004253,n007255,train,0
13265,n009062,n001130,train,1
13266,n001227,n007194,train,1
13267,n002974,n001354,train,1
13268,n004040,n001762,train,1
13269,n004917,n002612,train,1
13270,n001487,n002646,train,1
13271,n005867,n003021,train,0
13272,n004954,n006672,train,0
13273,n001762,n008950,train,1
13274,n006012,n004023,train,1
13275,n005516,n000025,train,1
13276,n003575,n001349,train,1
13277,n005272,n006926,train,1
13278,n008116,n008144,train,1
13279,n003709,n007861,train,1
13280,n003308,n000580,train,0
13281,n002716,n003743,train,1
13282,n001249,n006778,train,1
13283,n002818,n003826,train,1
13284,n009141,n007194,train,0
13285,n008255,n009246,train,1
13286,n007907,n002297,train,1
13287,n001528,n007534,train,0
13288,n009040,n004122,train,0
13289,n008376,n003082,train,1
13290,n002564,n001552,train,1
13291,n004690,n008704,train,1
13292,n005163,n000801,train,1
13293,n003961,n008405,train,1
13294,n005660,n001224,train,1
13295,n003290,n000124,train,1
13296,n003707,n003216,train,0
13297,n001944,n001631,train,1
13298,n007415,n007873,train,0
13299,n000755,n009105,train,1
13300,n008852,n000341,train,0
13301,n002531,n000532,train,1
13302,n000025,n001914,train,1
13303,n002348,n003818,train,1
13304,n006323,n000839,train,1
13305,n009233,n002071,train,1
13306,n000487,n007001,train,1
13307,n000889,n004552,train,1
13308,n007911,n006116,train,1
13309,n000052,n007598,train,0
13310,n006925,n004230,train,1
13311,n008950,n003593,train,1
13312,n001740,n008939,train,0
13313,n004127,n007227,train,1
13314,n001229,n001868,train,0
13315,n002583,n000176,train,1
13316,n007172,n003649,train,0
13317,n003333,n003764,train,1
13318,n002364,n001863,train,1
13319,n007957,n005468,train,1
13320,n008388,n003463,train,1
13321,n001974,n004131,train,0
13322,n003317,n007044,train,1
13323,n004106,n007528,train,1
13324,n003082,n005608,train,1
13325,n008072,n007977,train,0
13326,n005889,n005725,train,1
13327,n006636,n003107,train,0
13328,n002161,n002259,train,1
13329,n008197,n001394,train,1
13330,n006249,n001392,train,1
13331,n006566,n001495,train,1
13332,n001246,n003784,train,1
13333,n006981,n008283,train,1
13334,n003269,n004668,train,1
13335,n009042,n006738,train,1
13336,n001128,n005357,train,0
13337,n002614,n000520,train,1
13338,n000033,n004282,train,0
13339,n003065,n000784,train,0
13340,n003398,n003978,train,1
13341,n000985,n006218,train,1
13342,n005782,n005358,train,1
13343,n005195,n008432,train,1
13344,n007678,n002496,train,1
13345,n008466,n005966,train,1
13346,n001899,n005477,train,0
13347,n000299,n006864,train,1
13348,n008538,n001329,train,1
13349,n007662,n001874,train,1
13350,n001574,n001460,train,1
13351,n008884,n001968,train,1
13352,n003568,n003968,train,0
13353,n001138,n003474,train,0
13354,n000546,n007017,train,0
13355,n001403,n000513,train,1
13356,n008451,n008873,train,0
13357,n006636,n000818,train,1
13358,n000570,n006998,train,1
13359,n008791,n006776,train,0
13360,n005287,n005972,train,1
13361,n003560,n005001,train,1
13362,n002698,n004230,train,1
13363,n000118,n007442,train,1
13364,n009166,n000891,train,0
13365,n000028,n003109,train,1
13366,n000728,n007715,train,1
13367,n008711,n008285,train,1
13368,n002879,n005699,train,1
13369,n007009,n002881,train,1
13370,n006007,n000818,train,1
13371,n004806,n001312,train,1
13372,n008849,n007960,train,1
13373,n001858,n002806,train,1
13374,n008365,n000799,train,0
13375,n004369,n000580,train,1
13376,n006206,n008288,train,1
13377,n002301,n002195,train,1
13378,n006618,n007940,train,1
13379,n000021,n003135,train,1
13380,n007514,n004517,train,1
13381,n006099,n008883,train,1
13382,n000296,n002847,train,1
13383,n001722,n002988,train,0
13384,n001231,n006842,train,1
13385,n004739,n004582,train,1
13386,n007752,n004201,train,1
13387,n008743,n006229,train,1
13388,n006609,n002624,train,1
13389,n004604,n001335,train,1
13390,n004614,n008825,train,1
13391,n006734,n007543,train,0
13392,n004210,n001854,train,1
13393,n008210,n005967,train,0
13394,n005929,n002438,train,1
13395,n001785,n007794,train,1
13396,n000379,n003278,train,0
13397,n001232,n002308,train,1
13398,n000846,n002278,train,1
13399,n000505,n005310,train,1
13400,n000592,n004334,train,1
13401,n002031,n001905,train,0
13402,n004122,n001625,train,0
13403,n003996,n006416,train,1
13404,n001522,n004360,train,1
13405,n001246,n004371,train,1
13406,n008738,n003936,train,0
13407,n005428,n006222,train,1
13408,n006872,n004205,train,0
13409,n003924,n001410,train,1
13410,n007969,n001812,train,1
13411,n006733,n003058,train,1
13412,n006944,n002940,train,1
13413,n002102,n006218,train,1
13414,n005198,n001713,train,1
13415,n002360,n008917,train,1
13416,n008082,n003416,train,1
13417,n006044,n001209,train,0
13418,n001026,n007250,train,1
13419,n003710,n000434,train,1
13420,n001042,n005244,train,1
13421,n004041,n001164,train,0
13422,n001354,n003377,train,0
13423,n002440,n007208,train,1
13424,n007992,n001343,train,1
13425,n008994,n005344,train,1
13426,n009056,n001206,train,1
13427,n004388,n007959,train,1
13428,n004056,n007718,train,1
13429,n001896,n001818,train,1
13430,n008792,n007535,train,0
13431,n003109,n000870,train,1
13432,n007130,n006721,train,1
13433,n000010,n001503,train,1
13434,n005684,n001798,train,1
13435,n000954,n000092,train,1
13436,n003841,n003142,train,1
13437,n003497,n005593,train,1
13438,n002686,n007165,train,1
13439,n005426,n003858,train,1
13440,n003541,n005966,train,1
13441,n004109,n009103,train,1
13442,n008656,n005791,train,0
13443,n001692,n007132,train,1
13444,n007517,n000425,train,1
13445,n007350,n003340,train,1
13446,n008333,n001749,train,1
13447,n004313,n002697,train,1
13448,n004255,n004899,train,0
13449,n002469,n006551,train,1
13450,n005443,n001946,train,0
13451,n006538,n007988,train,0
13452,n000605,n003404,train,1
13453,n000307,n000438,train,1
13454,n002402,n004417,train,0
13455,n005349,n006492,train,1
13456,n001897,n009157,train,0
13457,n007340,n007692,train,0
13458,n002922,n002373,train,1
13459,n008458,n006979,train,0
13460,n002392,n008501,train,1
13461,n004620,n000642,train,1
13462,n008465,n000898,train,1
13463,n000409,n006166,train,1
13464,n006618,n006867,train,1
13465,n005350,n002914,train,1
13466,n006860,n002541,train,1
13467,n004075,n001569,train,0
13468,n008396,n002683,train,1
13469,n003867,n001089,train,1
13470,n002033,n004987,train,1
13471,n008364,n008173,train,1
13472,n006193,n003996,train,1
13473,n003989,n003194,train,1
13474,n002328,n004726,train,1
13475,n003016,n004697,train,1
13476,n003763,n005770,train,1
13477,n003097,n001776,train,1
13478,n008865,n007054,train,0
13479,n004028,n004396,train,1
13480,n003787,n009111,train,1
13481,n006897,n005732,train,1
13482,n006644,n006833,train,1
13483,n003946,n001260,train,0
13484,n001797,n006520,train,1
13485,n007350,n006204,train,1
13486,n006594,n007589,train,1
13487,n002291,n002724,train,1
13488,n002174,n006258,train,1
13489,n001833,n005555,train,1
13490,n004543,n001732,train,1
13491,n007393,n006543,train,1
13492,n001863,n008914,train,1
13493,n004700,n006863,train,1
13494,n008168,n008412,train,1
13495,n008090,n004916,train,1
13496,n002191,n004949,train,1
13497,n004630,n000664,train,0
13498,n005279,n001966,train,1
13499,n003284,n007778,train,1
13500,n003851,n003421,train,0
13501,n002287,n003157,train,1
13502,n002125,n000217,train,1
13503,n006819,n005919,train,1
13504,n007237,n007704,train,1
13505,n003536,n000194,train,1
13506,n009039,n005574,train,0
13507,n006393,n002720,train,1
13508,n003475,n005688,train,1
13509,n005467,n005789,train,0
13510,n004465,n004754,train,0
13511,n005845,n007226,train,0
13512,n007015,n008457,train,1
13513,n006864,n006894,train,1
13514,n005580,n008042,train,1
13515,n003893,n009263,train,0
13516,n007932,n000776,train,1
13517,n008458,n005918,train,1
13518,n004031,n008175,train,1
13519,n007954,n007198,train,1
13520,n000019,n007973,train,1
13521,n002360,n000657,train,1
13522,n004711,n007574,train,1
13523,n003303,n001933,train,0
13524,n008168,n006462,train,1
13525,n004134,n001809,train,1
13526,n008216,n005223,train,1
13527,n000042,n004155,train,1
13528,n006855,n006694,train,1
13529,n004864,n008783,train,1
13530,n008290,n007957,train,1
13531,n004244,n002644,train,0
13532,n005909,n000212,train,1
13533,n009040,n008227,train,1
13534,n006933,n008299,train,0
13535,n005158,n007262,train,1
13536,n006521,n007081,train,1
13537,n001070,n007881,train,1
13538,n009121,n003070,train,0
13539,n001280,n006199,train,1
13540,n008380,n006313,train,1
13541,n000310,n007412,train,1
13542,n004012,n006222,train,1
13543,n002572,n000879,train,1
13544,n003340,n005020,train,1
13545,n005445,n005015,train,1
13546,n006850,n003906,train,1
13547,n005212,n004334,train,1
13548,n005505,n004866,train,0
13549,n001776,n007543,train,1
13550,n004687,n001696,train,1
13551,n009098,n000566,train,1
13552,n000168,n007751,train,1
13553,n000934,n004701,train,1
13554,n008335,n007959,train,1
13555,n005566,n007966,train,1
13556,n002126,n002360,train,1
13557,n000969,n002893,train,1
13558,n008483,n004805,train,1
13559,n007431,n002740,train,0
13560,n000801,n008084,train,0
13561,n008312,n000045,train,0
13562,n004336,n006980,train,0
13563,n000419,n000818,train,0
13564,n002631,n005125,train,1
13565,n002997,n003314,train,0
13566,n000757,n007639,train,1
13567,n006629,n008273,train,0
13568,n005938,n003793,train,0
13569,n004655,n006923,train,1
13570,n001245,n007434,train,1
13571,n005349,n000618,train,1
13572,n002560,n007216,train,1
13573,n002691,n001034,train,1
13574,n006161,n000249,train,1
13575,n000297,n004096,train,1
13576,n004288,n006147,train,1
13577,n005548,n005674,train,1
13578,n005850,n003820,train,0
13579,n007431,n004055,train,1
13580,n005811,n003649,train,1
13581,n001287,n008873,train,0
13582,n006327,n002760,train,1
13583,n001847,n003988,train,1
13584,n000442,n008868,train,1
13585,n008508,n008273,train,1
13586,n000539,n003147,train,1
13587,n000157,n001736,train,1
13588,n004581,n003481,train,1
13589,n000610,n007551,train,1
13590,n005686,n004543,train,1
13591,n001255,n001727,train,0
13592,n000650,n001232,train,1
13593,n007340,n008636,train,1
13594,n000047,n002545,train,1
13595,n004517,n008883,train,1
13596,n006894,n005584,train,1
13597,n000875,n008711,train,0
13598,n007777,n000431,train,1
13599,n009263,n006813,train,1
13600,n002521,n004389,train,1
13601,n008460,n007619,train,1
13602,n005674,n002180,train,1
13603,n000990,n008697,train,1
13604,n000497,n004235,train,1
13605,n003852,n001246,train,1
13606,n004467,n007968,train,1
13607,n005926,n003493,train,0
13608,n002404,n005439,train,1
13609,n006023,n004110,train,1
13610,n005438,n007661,train,1
13611,n003088,n005460,train,1
13612,n007803,n000687,train,1
13613,n000727,n006276,train,1
13614,n003909,n001866,train,1
13615,n004870,n009088,train,0
13616,n001126,n003442,train,1
13617,n006434,n005970,train,0
13618,n004030,n007412,train,1
13619,n003162,n004622,train,1
13620,n000309,n001063,train,0
13621,n007156,n001727,train,1
13622,n004367,n005330,train,0
13623,n001625,n000361,train,0
13624,n004492,n001788,train,1
13625,n000333,n004266,train,1
13626,n001609,n007660,train,1
13627,n005738,n004844,train,0
13628,n007460,n006323,train,1
13629,n003961,n000818,train,1
13630,n007522,n000229,train,1
13631,n005396,n006830,train,1
13632,n008080,n004367,train,0
13633,n006884,n001589,train,1
13634,n007124,n003350,train,1
13635,n004974,n005870,train,1
13636,n002052,n007353,train,0
13637,n004704,n003718,train,0
13638,n001598,n007079,train,1
13639,n006640,n002755,train,1
13640,n006232,n007445,train,0
13641,n002348,n009240,train,1
13642,n002404,n004521,train,1
13643,n002234,n003045,train,1
13644,n007739,n003130,train,1
13645,n001370,n004182,train,1
13646,n003934,n008737,train,0
13647,n002702,n001283,train,1
13648,n007415,n006150,train,1
13649,n000258,n003180,train,1
13650,n004711,n007115,train,1
13651,n003610,n005538,train,0
13652,n009113,n001248,train,1
13653,n001808,n002665,train,1
13654,n000674,n003450,train,1
13655,n007137,n005243,train,0
13656,n004590,n005632,train,1
13657,n002963,n006905,train,0
13658,n006763,n004336,train,1
13659,n004171,n005789,train,1
13660,n009062,n007264,train,1
13661,n006110,n000828,train,1
13662,n000647,n002141,train,0
13663,n008781,n003669,train,1
13664,n001653,n000158,train,1
13665,n002640,n004581,train,1
13666,n006374,n001562,train,1
13667,n000202,n008602,train,1
13668,n004093,n006079,train,0
13669,n006087,n003170,train,1
13670,n008466,n000097,train,1
13671,n002538,n004837,train,1
13672,n000603,n006465,train,1
13673,n001851,n006978,train,1
13674,n003897,n002440,train,1
13675,n001140,n009039,train,0
13676,n008923,n008485,train,1
13677,n002440,n006610,train,1
13678,n003394,n005371,train,1
13679,n004764,n002938,train,1
13680,n007090,n008131,train,1
13681,n007479,n002609,train,1
13682,n000673,n006798,train,1
13683,n009260,n002814,train,1
13684,n007718,n004687,train,1
13685,n004878,n002073,train,1
13686,n000379,n001231,train,1
13687,n003909,n005917,train,1
13688,n001447,n002813,train,0
13689,n003291,n003625,train,1
13690,n004002,n004703,train,1
13691,n006293,n006990,train,1
13692,n008956,n007227,train,1
13693,n009043,n001315,train,1
13694,n008288,n004283,train,1
13695,n001311,n007640,train,1
13696,n000302,n005615,train,1
13697,n002169,n006109,train,1
13698,n004210,n004882,train,1
13699,n002745,n008940,train,1
13700,n000369,n000010,train,1
13701,n008371,n007831,train,1
13702,n007228,n000661,train,1
13703,n002980,n002097,train,1
13704,n005318,n000580,train,1
13705,n007559,n005801,train,0
13706,n004410,n000039,train,1
13707,n001776,n007676,train,1
13708,n001310,n002374,train,1
13709,n001157,n002439,train,0
13710,n003481,n009157,train,1
13711,n002769,n003279,train,1
13712,n002879,n008631,train,0
13713,n000261,n000707,train,1
13714,n008959,n002797,train,0
13715,n001691,n006654,train,1
13716,n007787,n003824,train,0
13717,n004005,n007886,train,1
13718,n005688,n003826,train,1
13719,n009142,n007604,train,1
13720,n002817,n001641,train,1
13721,n005618,n004810,train,1
13722,n001631,n008151,train,0
13723,n003825,n005389,train,1
13724,n008414,n004110,train,1
13725,n008790,n008519,train,0
13726,n006189,n001782,train,1
13727,n001359,n001508,train,1
13728,n000310,n000882,train,0
13729,n002182,n006256,train,0
13730,n001105,n007549,train,1
13731,n007940,n001087,train,1
13732,n004533,n003555,train,0
13733,n000229,n000897,train,1
13734,n002338,n008291,train,1
13735,n004263,n003005,train,0
13736,n007824,n001483,train,1
13737,n005560,n006116,train,0
13738,n008516,n007230,train,0
13739,n008076,n000875,train,1
13740,n007065,n003157,train,1
13741,n004683,n003899,train,0
13742,n000326,n007639,train,1
13743,n003483,n002308,train,1
13744,n004175,n004023,train,1
13745,n001860,n003008,train,0
13746,n003974,n008979,train,0
13747,n001449,n003697,train,1
13748,n000043,n006425,train,0
13749,n001979,n002246,train,1
13750,n002614,n006204,train,1
13751,n007675,n003621,train,1
13752,n001950,n008004,train,1
13753,n007710,n006049,train,1
13754,n007254,n003503,train,1
13755,n003011,n005449,train,1
13756,n000893,n007861,train,1
13757,n005506,n009221,train,1
13758,n007824,n008365,train,0
13759,n003630,n008668,train,1
13760,n008168,n006516,train,1
13761,n006230,n001002,train,1
13762,n003392,n001617,train,1
13763,n000875,n008856,train,1
13764,n001962,n002949,train,1
13765,n005423,n004197,train,1
13766,n000412,n003463,train,1
13767,n004593,n000873,train,1
13768,n004819,n004044,train,1
13769,n001562,n006771,train,1
13770,n003307,n000564,train,0
13771,n004986,n005408,train,1
13772,n001511,n005324,train,1
13773,n003218,n008914,train,1
13774,n005317,n003720,train,1
13775,n007317,n008295,train,1
13776,n000059,n007051,train,1
13777,n001656,n008198,train,1
13778,n000813,n004426,train,1
13779,n007916,n003755,train,0
13780,n000414,n008568,train,1
13781,n000016,n004432,train,1
13782,n005283,n003927,train,0
13783,n000421,n001657,train,1
13784,n004942,n008173,train,0
13785,n002662,n001719,train,1
13786,n006391,n006636,train,1
13787,n005324,n001531,train,1
13788,n000669,n008660,train,1
13789,n003503,n004496,train,0
13790,n008238,n006773,train,1
13791,n004385,n007888,train,1
13792,n000763,n004594,train,0
13793,n006672,n002357,train,1
13794,n002354,n001776,train,1
13795,n004234,n007285,train,1
13796,n007318,n002476,train,1
13797,n000025,n000542,train,1
13798,n006446,n007880,train,1
13799,n003581,n005580,train,0
13800,n006584,n008544,train,1
13801,n004323,n004053,train,1
13802,n003351,n003784,train,1
13803,n002993,n009034,train,1
13804,n003360,n006018,train,1
13805,n009162,n006683,train,1
13806,n007565,n007796,train,1
13807,n004987,n006698,train,1
13808,n006171,n004708,train,0
13809,n001551,n008253,train,1
13810,n005357,n008781,train,1
13811,n008366,n008716,train,1
13812,n008844,n006844,train,1
13813,n001721,n006899,train,1
13814,n003515,n002597,train,1
13815,n008505,n003307,train,1
13816,n009061,n007272,train,1
13817,n004675,n001051,train,1
13818,n001238,n001713,train,1
13819,n007031,n006973,train,0
13820,n005506,n008845,train,1
13821,n005305,n005829,train,0
13822,n009255,n008505,train,1
13823,n004705,n000051,train,1
13824,n006199,n008587,train,0
13825,n001619,n003018,train,1
13826,n002925,n003041,train,1
13827,n002779,n006333,train,1
13828,n004480,n003614,train,1
13829,n000687,n002237,train,1
13830,n004052,n005676,train,0
13831,n004161,n005800,train,1
13832,n008588,n000780,train,1
13833,n001196,n001010,train,0
13834,n000707,n005694,train,1
13835,n006826,n006393,train,1
13836,n000896,n003201,train,1
13837,n001858,n007844,train,1
13838,n008798,n003699,train,1
13839,n001859,n006899,train,1
13840,n003046,n000466,train,1
13841,n008940,n004036,train,1
13842,n005779,n005345,train,1
13843,n008128,n000742,train,1
13844,n003389,n001403,train,1
13845,n000819,n002708,train,1
13846,n001315,n008589,train,1
13847,n006086,n008184,train,1
13848,n005944,n008687,train,1
13849,n003136,n009077,train,1
13850,n002978,n008625,train,1
13851,n002395,n001768,train,0
13852,n000043,n004182,train,1
13853,n004909,n004870,train,1
13854,n006279,n008789,train,1
13855,n006441,n000438,train,0
13856,n000311,n002063,train,0
13857,n008971,n000970,train,1
13858,n006780,n006698,train,1
13859,n002280,n001005,train,0
13860,n006867,n000917,train,1
13861,n004711,n006314,train,1
13862,n001631,n002514,train,1
13863,n008605,n004693,train,1
13864,n005212,n007328,train,1
13865,n005257,n001799,train,1
13866,n003509,n002118,train,1
13867,n000346,n000915,train,1
13868,n006420,n001633,train,1
13869,n004147,n000486,train,1
13870,n005522,n003906,train,1
13871,n000797,n002969,train,0
13872,n008597,n004693,train,0
13873,n007639,n008620,train,1
13874,n007614,n001415,train,1
13875,n006088,n001120,train,1
13876,n000378,n004726,train,0
13877,n006464,n004187,train,1
13878,n005028,n000174,train,1
13879,n006389,n001140,train,1
13880,n004505,n006528,train,1
13881,n001425,n008086,train,0
13882,n005640,n005166,train,1
13883,n000370,n001332,train,0
13884,n001404,n007250,train,1
13885,n002022,n007549,train,0
13886,n002732,n007967,train,1
13887,n007558,n002921,train,1
13888,n006604,n007521,train,1
13889,n006374,n003407,train,0
13890,n001276,n000499,train,1
13891,n005580,n002240,train,1
13892,n000748,n006926,train,1
13893,n007528,n008086,train,1
13894,n002560,n000414,train,1
13895,n000158,n006396,train,1
13896,n008668,n000388,train,0
13897,n001754,n007886,train,1
13898,n008775,n001186,train,0
13899,n008708,n004718,train,1
13900,n003809,n004700,train,1
13901,n002980,n000043,train,0
13902,n005702,n009102,train,0
13903,n006559,n005988,train,1
13904,n006421,n008423,train,1
13905,n008374,n006889,train,1
13906,n001698,n006059,train,1
13907,n001796,n007880,train,1
13908,n008292,n001206,train,1
13909,n003474,n008628,train,1
13910,n001595,n008507,train,1
13911,n006515,n007590,train,1
13912,n008959,n003622,train,1
13913,n005305,n001670,train,1
13914,n007974,n003746,train,1
13915,n001240,n000294,train,1
13916,n003555,n008351,train,1
13917,n001363,n002542,train,1
13918,n001081,n006065,train,1
13919,n006086,n006374,train,1
13920,n005108,n000855,train,1
13921,n005896,n005566,train,1
13922,n002769,n002281,train,0
13923,n003504,n007342,train,1
13924,n008241,n007309,train,1
13925,n000969,n002644,train,0
13926,n008807,n002955,train,0
13927,n002393,n003504,train,1
13928,n008738,n001497,train,1
13929,n008071,n006242,train,0
13930,n008966,n008129,train,1
13931,n000714,n003412,train,0
13932,n005740,n005708,train,1
13933,n001349,n002946,train,1
13934,n007480,n002459,train,1
13935,n001207,n003683,train,0
13936,n001607,n009030,train,1
13937,n003860,n005458,train,1
13938,n006160,n000428,train,1
13939,n002480,n007662,train,1
13940,n003481,n006635,train,0
13941,n008545,n005276,train,1
13942,n008753,n006407,train,1
13943,n006370,n008536,train,1
13944,n003815,n003362,train,0
13945,n001912,n004657,train,1
13946,n001994,n008838,train,1
13947,n003966,n001660,train,1
13948,n006707,n001598,train,0
13949,n002168,n005743,train,1
13950,n002118,n000048,train,1
13951,n005866,n000027,train,1
13952,n002354,n008383,train,1
13953,n000930,n004975,train,1
13954,n007342,n007130,train,0
13955,n001603,n000661,train,0
13956,n009071,n000511,train,1
13957,n004517,n000615,train,1
13958,n008245,n003879,train,1
13959,n003586,n001537,train,0
13960,n006846,n007252,train,1
13961,n004967,n003923,train,1
13962,n002338,n005353,train,1
13963,n002002,n003278,train,0
13964,n005560,n006155,train,1
13965,n005984,n000442,train,1
13966,n005789,n005265,train,1
13967,n002750,n005215,train,1
13968,n004886,n006722,train,0
13969,n007480,n000817,train,1
13970,n003483,n004332,train,1
13971,n002696,n006011,train,0
13972,n006321,n001716,train,0
13973,n008877,n008678,train,1
13974,n009134,n009122,train,1
13975,n000871,n004042,train,0
13976,n002547,n005094,train,1
13977,n006056,n001632,train,1
13978,n001939,n006905,train,1
13979,n004441,n009254,train,1
13980,n002395,n000258,train,1
13981,n002930,n006698,train,1
13982,n001657,n003201,train,1
13983,n000307,n000608,train,1
13984,n001026,n000938,train,1
13985,n001946,n004474,train,1
13986,n003809,n008452,train,1
13987,n001632,n004048,train,1
13988,n008138,n003683,train,1
13989,n001616,n000165,train,1
13990,n001696,n005624,train,0
13991,n002864,n000167,train,1
13992,n001378,n006051,train,1
13993,n003631,n002918,train,1
13994,n000537,n001725,train,0
13995,n004585,n009132,train,1
13996,n001624,n002131,train,0
13997,n005433,n002569,train,1
13998,n001342,n007480,train,1
13999,n002418,n003355,train,1
14000,n007273,n007817,train,0
14001,n002955,n008609,train,0
14002,n007652,n007762,train,0
14003,n002139,n001909,train,1
14004,n004994,n007481,train,1
14005,n002412,n008397,train,1
14006,n004303,n009240,train,1
14007,n005811,n007255,train,1
14008,n005839,n004467,train,1
14009,n000267,n002242,train,1
14010,n007641,n002471,train,0
14011,n002699,n002161,train,1
14012,n006239,n006190,train,1
14013,n007295,n006501,train,0
14014,n006983,n007257,train,1
14015,n005978,n001879,train,1
14016,n006067,n006551,train,1
14017,n008841,n007756,train,1
14018,n003625,n001574,train,1
14019,n006434,n002989,train,0
14020,n008312,n008898,train,1
14021,n005682,n002358,train,1
14022,n001915,n003176,train,1
14023,n001899,n001315,train,1
14024,n000986,n008540,train,1
14025,n007253,n007655,train,1
14026,n007993,n001719,train,1
14027,n003281,n005243,train,1
14028,n007777,n008700,train,1
14029,n005286,n002741,train,0
14030,n002558,n000204,train,1
14031,n005988,n006534,train,0
14032,n003167,n008330,train,1
14033,n006519,n000898,train,1
14034,n004146,n004459,train,1
14035,n002801,n005516,train,1
14036,n006244,n008415,train,0
14037,n002745,n005782,train,0
14038,n002989,n003389,train,1
14039,n003493,n005035,train,1
14040,n005401,n008544,train,1
14041,n001994,n000430,train,0
14042,n002220,n001131,train,0
14043,n008211,n002118,train,1
14044,n005337,n006966,train,1
14045,n002948,n004399,train,1
14046,n001450,n000105,train,0
14047,n009039,n003638,train,1
14048,n008980,n005508,train,1
14049,n000202,n000660,train,0
14050,n000762,n002924,train,1
14051,n007230,n000421,train,1
14052,n008795,n007314,train,0
14053,n001578,n004130,train,1
14054,n004379,n008870,train,1
14055,n005269,n007274,train,1
14056,n003986,n005369,train,1
14057,n008212,n004441,train,1
14058,n008198,n008767,train,1
14059,n000767,n004941,train,1
14060,n008057,n002022,train,1
14061,n007654,n005793,train,1
14062,n003835,n004567,train,0
14063,n000435,n006722,train,1
14064,n002741,n003319,train,1
14065,n006130,n001666,train,1
14066,n007421,n006275,train,1
14067,n005065,n006639,train,1
14068,n001993,n000673,train,1
14069,n000382,n002071,train,1
14070,n004499,n007288,train,1
14071,n000953,n005674,train,1
14072,n001624,n004565,train,1
14073,n007105,n007028,train,1
14074,n008048,n006302,train,1
14075,n007156,n002897,train,1
14076,n005981,n001352,train,1
14077,n002868,n000963,train,1
14078,n001315,n005362,train,0
14079,n000341,n002425,train,1
14080,n007361,n001859,train,1
14081,n002719,n007200,train,1
14082,n001200,n007477,train,1
14083,n003790,n001060,train,1
14084,n007083,n008197,train,1
14085,n005859,n004604,train,1
14086,n003549,n004356,train,0
14087,n000016,n003599,train,1
14088,n003630,n002182,train,1
14089,n003265,n003670,train,1
14090,n007372,n005053,train,1
14091,n004055,n004320,train,1
14092,n000443,n009104,train,1
14093,n005747,n002921,train,1
14094,n000162,n002440,train,1
14095,n003907,n008182,train,1
14096,n000434,n000054,train,1
14097,n006493,n006738,train,1
14098,n003143,n008861,train,1
14099,n004570,n005948,train,1
14100,n003785,n007979,train,0
14101,n009261,n006895,train,1
14102,n003380,n006549,train,1
14103,n007789,n006151,train,1
14104,n003819,n003720,train,1
14105,n001490,n003685,train,1
14106,n008504,n002825,train,1
14107,n002123,n006988,train,1
14108,n004680,n006017,train,1
14109,n005548,n006792,train,1
14110,n001996,n008473,train,0
14111,n005065,n001478,train,1
14112,n003170,n006441,train,1
14113,n007174,n008545,train,1
14114,n000875,n005472,train,1
14115,n001782,n007654,train,1
14116,n002599,n002716,train,0
14117,n005036,n008808,train,1
14118,n007421,n004760,train,1
14119,n000679,n001310,train,1
14120,n007094,n001702,train,1
14121,n005582,n001064,train,0
14122,n008088,n003915,train,1
14123,n009278,n008930,train,1
14124,n002395,n008673,train,1
14125,n004169,n003295,train,1
14126,n008900,n006489,train,1
14127,n007817,n003496,train,0
14128,n003976,n000780,train,1
14129,n001944,n000867,train,1
14130,n005879,n007134,train,1
14131,n006306,n000986,train,0
14132,n002609,n005925,train,1
14133,n005066,n006204,train,1
14134,n006371,n002668,train,1
14135,n001814,n008304,train,1
14136,n004561,n003054,train,1
14137,n001624,n004924,train,1
14138,n005471,n005406,train,1
14139,n008206,n004139,train,1
14140,n006713,n001900,train,1
14141,n002323,n004837,train,1
14142,n005549,n005908,train,1
14143,n009189,n006088,train,1
14144,n002036,n005409,train,0
14145,n003899,n006389,train,1
14146,n001589,n006864,train,1
14147,n000724,n006279,train,1
14148,n005506,n003338,train,1
14149,n006218,n006279,train,1
14150,n003133,n005499,train,1
14151,n001796,n007680,train,1
14152,n004931,n007535,train,0
14153,n001483,n006661,train,1
14154,n001267,n006496,train,1
14155,n004585,n007028,train,0
14156,n004584,n001352,train,0
14157,n008422,n007793,train,1
14158,n004195,n004267,train,1
14159,n000038,n006625,train,1
14160,n002131,n001528,train,0
14161,n002278,n008724,train,1
14162,n009004,n003315,train,1
14163,n001920,n008883,train,1
14164,n008191,n007692,train,1
14165,n008531,n000784,train,1
14166,n003907,n003806,train,1
14167,n002927,n002114,train,0
14168,n006870,n008184,train,1
14169,n000097,n008736,train,1
14170,n001017,n005742,train,1
14171,n003660,n001922,train,1
14172,n000961,n008724,train,1
14173,n000646,n000710,train,1
14174,n000054,n008416,train,1
14175,n005195,n004992,train,1
14176,n003910,n007861,train,1
14177,n004639,n008214,train,1
14178,n004637,n007198,train,0
14179,n000448,n002205,train,1
14180,n008663,n002071,train,0
14181,n006905,n004100,train,1
14182,n008261,n002126,train,1
14183,n003312,n008621,train,1
14184,n005343,n001606,train,1
14185,n003184,n008010,train,1
14186,n003848,n006712,train,1
14187,n007417,n000293,train,0
14188,n003418,n000497,train,1
14189,n000332,n005782,train,0
14190,n001346,n007507,train,1
14191,n005534,n002670,train,1
14192,n007318,n008678,train,0
14193,n006475,n002379,train,1
14194,n005168,n005622,train,0
14195,n006157,n000934,train,1
14196,n003935,n005428,train,0
14197,n004171,n000973,train,1
14198,n009209,n008088,train,0
14199,n005100,n001438,train,0
14200,n006492,n006252,train,0
14201,n003054,n001752,train,1
14202,n001113,n008241,train,1
14203,n009044,n002202,train,1
14204,n005558,n006933,train,1
14205,n001867,n003269,train,0
14206,n005582,n006894,train,1
14207,n008220,n007539,train,1
14208,n008883,n002492,train,1
14209,n006140,n007815,train,1
14210,n000305,n000745,train,1
14211,n007727,n008178,train,1
14212,n008861,n001780,train,0
14213,n005705,n005361,train,1
14214,n004755,n007333,train,1
14215,n003649,n003988,train,0
14216,n000223,n008660,train,1
14217,n000657,n004175,train,1
14218,n003469,n003218,train,1
14219,n002598,n002130,train,0
14220,n002812,n006959,train,1
14221,n007969,n007777,train,1
14222,n002583,n009004,train,1
14223,n006564,n001144,train,1
14224,n005527,n008934,train,0
14225,n002733,n003632,train,1
14226,n000224,n009057,train,0
14227,n004525,n002853,train,1
14228,n001940,n008033,train,1
14229,n005322,n002013,train,0
14230,n002033,n002189,train,1
14231,n001264,n006312,train,1
14232,n009122,n002102,train,1
14233,n003429,n000010,train,1
14234,n001529,n005039,train,1
14235,n006155,n002888,train,1
14236,n006239,n001081,train,1
14237,n003909,n006107,train,0
14238,n001309,n005428,train,1
14239,n006630,n002702,train,1
14240,n000724,n000324,train,1
14241,n004561,n006261,train,0
14242,n006807,n006073,train,1
14243,n000644,n000811,train,0
14244,n006973,n002388,train,1
14245,n008219,n003738,train,0
14246,n003044,n003113,train,1
14247,n002751,n002723,train,0
14248,n002767,n004049,train,1
14249,n000227,n007669,train,1
14250,n006838,n005212,train,1
14251,n005893,n001746,train,0
14252,n003427,n003755,train,1
14253,n006601,n003051,train,0
14254,n003361,n008841,train,0
14255,n008667,n001389,train,1
14256,n001348,n002951,train,1
14257,n007578,n005381,train,0
14258,n003524,n004714,train,1
14259,n005640,n005689,train,0
14260,n006274,n003130,train,1
14261,n000999,n002428,train,1
14262,n008620,n002386,train,1
14263,n008226,n004043,train,1
14264,n003869,n006079,train,1
14265,n005065,n003683,train,1
14266,n003228,n007403,train,1
14267,n002677,n008267,train,1
14268,n002088,n006724,train,0
14269,n003163,n008865,train,0
14270,n004670,n001060,train,1
14271,n007065,n006421,train,1
14272,n001404,n007364,train,1
14273,n006230,n005875,train,1
14274,n000158,n006252,train,1
14275,n005245,n002328,train,1
14276,n001715,n005436,train,0
14277,n008991,n003139,train,1
14278,n007253,n004837,train,1
14279,n004727,n001680,train,1
14280,n006140,n006519,train,1
14281,n001592,n008198,train,1
14282,n007581,n002543,train,1
14283,n000305,n004982,train,1
14284,n005635,n004367,train,1
14285,n007855,n000131,train,0
14286,n004832,n005987,train,1
14287,n006321,n008206,train,0
14288,n006990,n005859,train,1
14289,n001034,n001423,train,1
14290,n007640,n008681,train,1
14291,n006441,n004914,train,1
14292,n005470,n007444,train,0
14293,n006946,n006819,train,1
14294,n001702,n000215,train,1
14295,n008675,n007756,train,1
14296,n003054,n004096,train,1
14297,n005172,n005314,train,1
14298,n006112,n000150,train,1
14299,n003974,n007493,train,1
14300,n002242,n001186,train,1
14301,n001305,n005273,train,1
14302,n007157,n007458,train,1
14303,n000332,n003709,train,1
14304,n004474,n005622,train,1
14305,n005884,n008609,train,1
14306,n000511,n000384,train,1
14307,n003721,n006258,train,0
14308,n006041,n002500,train,0
14309,n006491,n007944,train,0
14310,n006249,n002888,train,0
14311,n004029,n008158,train,0
14312,n001312,n008633,train,1
14313,n004941,n001187,train,1
14314,n008274,n003278,train,1
14315,n005357,n008820,train,0
14316,n000011,n001837,train,1
14317,n002242,n008668,train,0
14318,n000228,n008640,train,0
14319,n002014,n005574,train,0
14320,n005244,n004263,train,1
14321,n006036,n007278,train,1
14322,n001945,n007678,train,0
14323,n008651,n007043,train,1
14324,n008173,n001380,train,0
14325,n006462,n007365,train,1
14326,n005357,n003222,train,1
14327,n001863,n001196,train,0
14328,n005223,n005276,train,1
14329,n008182,n000797,train,1
14330,n002683,n005609,train,1
14331,n000898,n008418,train,1
14332,n002644,n000435,train,1
14333,n004024,n008386,train,1
14334,n008667,n000763,train,0
14335,n007517,n002500,train,0
14336,n006720,n000510,train,1
14337,n002683,n005996,train,0
14338,n002543,n001964,train,1
14339,n000097,n001606,train,1
14340,n007543,n004131,train,0
14341,n001253,n000193,train,1
14342,n009126,n008427,train,0
14343,n009111,n005731,train,1
14344,n003132,n005353,train,1
14345,n001784,n003213,train,1
14346,n007414,n008471,train,0
14347,n003474,n001159,train,1
14348,n008633,n007967,train,1
14349,n004509,n004282,train,1
14350,n000099,n001346,train,1
14351,n007674,n006587,train,0
14352,n001459,n006256,train,1
14353,n008078,n004163,train,1
14354,n005241,n005206,train,1
14355,n004630,n005590,train,1
14356,n006972,n004102,train,1
14357,n002423,n006623,train,1
14358,n002853,n004509,train,0
14359,n008941,n006110,train,1
14360,n002478,n007071,train,0
14361,n003674,n006051,train,0
14362,n008075,n003223,train,1
14363,n002506,n001537,train,1
14364,n001382,n006067,train,1
14365,n006520,n007534,train,1
14366,n007757,n000969,train,1
14367,n000249,n000708,train,1
14368,n001998,n006694,train,1
14369,n004492,n002191,train,1
14370,n001024,n005817,train,1
14371,n008900,n007783,train,0
14372,n000481,n009254,train,1
14373,n000907,n004494,train,1
14374,n000024,n006446,train,0
14375,n006836,n002542,train,1
14376,n000104,n000333,train,0
14377,n001695,n008131,train,1
14378,n003068,n008135,train,1
14379,n008456,n006120,train,1
14380,n001270,n007685,train,0
14381,n008283,n009135,train,0
14382,n004887,n004949,train,1
14383,n003368,n007888,train,1
14384,n002050,n001033,train,1
14385,n008205,n004084,train,1
14386,n009233,n003213,train,1
14387,n004084,n000828,train,0
14388,n005678,n001808,train,1
14389,n007837,n004204,train,1
14390,n003735,n000907,train,1
14391,n000046,n007279,train,1
14392,n008477,n003222,train,1
14393,n005694,n007751,train,1
14394,n003521,n006082,train,0
14395,n005934,n008902,train,0
14396,n000159,n009077,train,1
14397,n002882,n005599,train,1
14398,n007891,n001159,train,0
14399,n003301,n003143,train,1
14400,n004038,n006908,train,1
14401,n002128,n004373,train,1
14402,n004238,n004929,train,1
14403,n007475,n002716,train,0
14404,n008371,n006580,train,1
14405,n002741,n008062,train,1
14406,n001478,n001552,train,0
14407,n003649,n008473,train,1
14408,n001848,n005524,train,1
14409,n007866,n007765,train,1
14410,n004739,n005793,train,1
14411,n005295,n009070,train,1
14412,n006682,n002900,train,1
14413,n006718,n007359,train,1
14414,n005566,n003368,train,1
14415,n006559,n001563,train,1
14416,n002864,n008496,train,1
14417,n001661,n000562,train,1
14418,n004179,n001858,train,1
14419,n004759,n004887,train,1
14420,n004853,n007470,train,1
14421,n003254,n008297,train,0
14422,n002396,n003214,train,1
14423,n008452,n008248,train,1
14424,n000206,n005542,train,0
14425,n001297,n005132,train,1
14426,n004508,n007769,train,1
14427,n007226,n003424,train,0
14428,n000644,n002408,train,0
14429,n005972,n001110,train,1
14430,n009115,n004508,train,1
14431,n005961,n004364,train,1
14432,n000662,n006338,train,0
14433,n007824,n002376,train,1
14434,n007936,n002968,train,1
14435,n007517,n003276,train,0
14436,n002830,n001479,train,1
14437,n004784,n005790,train,1
14438,n006712,n002370,train,1
14439,n004253,n002265,train,1
14440,n006023,n000420,train,1
14441,n000757,n001081,train,1
14442,n000232,n000481,train,0
14443,n008232,n001478,train,1
14444,n006313,n004028,train,1
14445,n002644,n005228,train,1
14446,n003350,n005483,train,0
14447,n006658,n003335,train,1
14448,n001229,n008004,train,1
14449,n003147,n003142,train,1
14450,n003036,n005464,train,1
14451,n000879,n006998,train,1
14452,n006644,n002015,train,1
14453,n009064,n008161,train,1
14454,n002883,n001899,train,1
14455,n004617,n002396,train,1
14456,n005365,n004460,train,1
14457,n004668,n007669,train,1
14458,n001517,n007910,train,0
14459,n004041,n003699,train,0
14460,n002392,n003021,train,1
14461,n002760,n009092,train,1
14462,n005538,n002514,train,1
14463,n007503,n003463,train,1
14464,n001859,n001766,train,0
14465,n005576,n008505,train,1
14466,n000428,n005400,train,1
14467,n005238,n001518,train,1
14468,n002520,n005200,train,1
14469,n001518,n004361,train,1
14470,n002447,n007315,train,1
14471,n004569,n006826,train,1
14472,n003245,n004095,train,1
14473,n005584,n007027,train,1
14474,n002723,n007155,train,1
14475,n004849,n008374,train,1
14476,n002665,n006306,train,1
14477,n004784,n007044,train,1
14478,n007713,n002357,train,1
14479,n001652,n000405,train,0
14480,n008561,n000532,train,1
14481,n004460,n003493,train,0
14482,n009142,n002862,train,1
14483,n005371,n009030,train,1
14484,n008704,n004740,train,1
14485,n000576,n000322,train,1
14486,n005995,n004616,train,1
14487,n006897,n007957,train,1
14488,n002912,n009071,train,0
14489,n008405,n002682,train,0
14490,n007710,n006769,train,0
14491,n003228,n005437,train,1
14492,n000795,n000513,train,1
14493,n004349,n006156,train,1
14494,n002558,n001625,train,1
14495,n002944,n002616,train,1
14496,n007301,n004204,train,1
14497,n007808,n006013,train,1
14498,n009099,n000737,train,1
14499,n007881,n003976,train,1
14500,n008597,n001784,train,0
14501,n002480,n000497,train,0
14502,n004254,n001814,train,1
14503,n006075,n002637,train,1
14504,n002739,n000036,train,1
14505,n007238,n004012,train,1
14506,n005163,n005286,train,1
14507,n000270,n003498,train,0
14508,n003683,n001342,train,0
14509,n001289,n003988,train,1
14510,n007040,n001552,train,1
14511,n003228,n004525,train,1
14512,n003412,n000625,train,1
14513,n001974,n006737,train,1
14514,n006323,n003437,train,1
14515,n006442,n001081,train,1
14516,n000927,n006691,train,0
14517,n004621,n001006,train,1
14518,n007502,n008523,train,1
14519,n001053,n000248,train,1
14520,n002525,n003912,train,1
14521,n001210,n000995,train,0
14522,n001077,n003743,train,1
14523,n000976,n000132,train,0
14524,n003549,n001692,train,1
14525,n000938,n003291,train,0
14526,n002473,n003261,train,1
14527,n004968,n007654,train,1
14528,n000143,n000057,train,1
14529,n002059,n008057,train,1
14530,n003871,n006156,train,1
14531,n004589,n006760,train,1
14532,n003494,n001392,train,1
14533,n005189,n002962,train,1
14534,n002553,n005265,train,1
14535,n008990,n009061,train,1
14536,n005108,n004032,train,1
14537,n008596,n002168,train,1
14538,n005591,n003154,train,1
14539,n004953,n005942,train,1
14540,n000962,n001602,train,1
14541,n003347,n002347,train,1
14542,n006420,n007112,train,1
14543,n007559,n000419,train,1
14544,n006863,n006926,train,1
14545,n004171,n007759,train,1
14546,n005580,n000748,train,1
14547,n001462,n003657,train,1
14548,n003018,n005180,train,1
14549,n005895,n009077,train,0
14550,n001670,n007119,train,1
14551,n004740,n001246,train,1
14552,n005125,n004422,train,1
14553,n007619,n001232,train,1
14554,n000023,n006963,train,1
14555,n001746,n004035,train,1
14556,n003850,n008262,train,1
14557,n007549,n008798,train,0
14558,n001495,n005395,train,0
14559,n004974,n002864,train,1
14560,n001628,n006023,train,1
14561,n003882,n005503,train,1
14562,n000848,n007338,train,1
14563,n006801,n006712,train,1
14564,n000613,n000412,train,1
14565,n007254,n003793,train,0
14566,n003555,n005609,train,1
14567,n003086,n008534,train,1
14568,n005192,n000019,train,1
14569,n004301,n002136,train,1
14570,n003657,n002440,train,1
14571,n007365,n003346,train,0
14572,n002073,n007488,train,1
14573,n006632,n001715,train,1
14574,n004301,n006575,train,1
14575,n008165,n004822,train,1
14576,n006356,n003522,train,1
14577,n006705,n002169,train,1
14578,n001055,n005426,train,1
14579,n008010,n005883,train,1
14580,n003216,n002830,train,1
14581,n006154,n006057,train,1
14582,n008458,n005624,train,1
14583,n006952,n002828,train,1
14584,n002040,n009203,train,1
14585,n003624,n008516,train,1
14586,n000825,n007880,train,1
14587,n005656,n007734,train,1
14588,n006810,n006666,train,1
14589,n003158,n003560,train,1
14590,n005125,n003828,train,1
14591,n007692,n001422,train,1
14592,n005025,n008033,train,1
14593,n000269,n008679,train,1
14594,n007976,n002980,train,1
14595,n003245,n000097,train,1
14596,n000999,n000235,train,1
14597,n006133,n004667,train,1
14598,n004646,n008990,train,1
14599,n000919,n001369,train,1
14600,n007761,n005697,train,1
14601,n003401,n002951,train,1
14602,n008789,n008903,train,1
14603,n002335,n003412,train,1
14604,n003201,n004383,train,1
14605,n004578,n006056,train,1
14606,n007645,n008427,train,1
14607,n002702,n000054,train,1
14608,n007458,n000727,train,1
14609,n008908,n000994,train,1
14610,n007318,n002485,train,1
14611,n006721,n000904,train,1
14612,n001957,n000220,train,1
14613,n006905,n006120,train,1
14614,n000036,n002993,train,1
14615,n008841,n007212,train,0
14616,n006573,n004371,train,1
14617,n000332,n001981,train,1
14618,n006822,n005718,train,1
14619,n001726,n002451,train,1
14620,n008156,n003577,train,1
14621,n004987,n008974,train,1
14622,n009139,n002814,train,1
14623,n004173,n002352,train,1
14624,n008509,n000461,train,1
14625,n000339,n007585,train,1
14626,n000054,n009069,train,1
14627,n008389,n002130,train,0
14628,n001380,n001276,train,1
14629,n008721,n007212,train,1
14630,n000396,n004727,train,0
14631,n007175,n005185,train,1
14632,n004213,n000443,train,1
14633,n005445,n005599,train,1
14634,n006088,n008283,train,1
14635,n003808,n008132,train,1
14636,n007386,n003924,train,1
14637,n009256,n006448,train,1
14638,n005025,n002229,train,1
14639,n003586,n002306,train,1
14640,n008424,n005436,train,1
14641,n008090,n000976,train,1
14642,n006995,n003393,train,1
14643,n008820,n002431,train,1
14644,n002635,n003517,train,1
14645,n001369,n008534,train,1
14646,n001358,n007725,train,0
14647,n003858,n006937,train,1
14648,n006995,n000092,train,1
14649,n005087,n000435,train,1
14650,n000201,n003147,train,1
14651,n001005,n004705,train,1
14652,n002241,n003819,train,1
14653,n004465,n004729,train,1
14654,n007704,n004534,train,1
14655,n005414,n006737,train,1
14656,n002162,n006382,train,1
14657,n002875,n003799,train,1
14658,n003184,n000193,train,1
14659,n001848,n008402,train,1
14660,n008504,n002023,train,1
14661,n000613,n001616,train,1
14662,n001992,n004334,train,1
14663,n002186,n000352,train,1
14664,n002615,n003119,train,1
14665,n003787,n004368,train,1
14666,n000227,n002456,train,1
14667,n005498,n004414,train,1
14668,n007132,n006172,train,1
14669,n001809,n008596,train,1
14670,n004266,n000440,train,1
14671,n006471,n003216,train,0
14672,n001451,n008582,train,1
14673,n006618,n002002,train,1
14674,n006737,n001210,train,1
14675,n000176,n009045,train,1
14676,n003271,n008561,train,1
14677,n002308,n000964,train,1
14678,n003837,n008275,train,1
14679,n003996,n004054,train,1
14680,n007536,n001808,train,1
14681,n006223,n004456,train,1
14682,n004495,n001252,train,1
14683,n006948,n003914,train,1
14684,n006423,n009070,train,1
14685,n007009,n000221,train,1
14686,n002431,n002039,train,1
14687,n005554,n003202,train,0
14688,n007392,n001780,train,1
14689,n004313,n008923,train,1
14690,n000262,n005269,train,1
14691,n005819,n004626,train,1
14692,n000393,n000489,train,1
14693,n007568,n000054,train,1
14694,n000333,n006493,train,0
14695,n007291,n004832,train,0
14696,n002677,n001751,train,1
14697,n009061,n009147,train,1
14698,n001249,n005930,train,1
14699,n007025,n003840,train,1
14700,n006580,n004525,train,0
14701,n004099,n008329,train,0
14702,n002739,n002745,train,1
14703,n008157,n005042,train,1
14704,n000422,n005948,train,0
14705,n001733,n002480,train,1
14706,n002553,n008967,train,1
14707,n000615,n001740,train,0
14708,n002875,n005610,train,1
14709,n008262,n003401,train,1
14710,n001713,n003303,train,1
14711,n007723,n001577,train,1
14712,n004902,n007922,train,1
14713,n007969,n000961,train,1
14714,n008238,n008836,train,1
14715,n002128,n002843,train,1
14716,n005593,n000293,train,1
14717,n006571,n002376,train,1
14718,n004610,n003496,train,1
14719,n005545,n008769,train,1
14720,n007808,n004323,train,1
14721,n008491,n005873,train,1
14722,n002881,n002814,train,1
14723,n005103,n007861,train,1
14724,n006651,n001652,train,1
14725,n003299,n006398,train,1
14726,n002348,n000594,train,0
14727,n004392,n000434,train,1
14728,n008402,n000064,train,1
14729,n002835,n000835,train,1
14730,n004933,n007756,train,1
14731,n006611,n000594,train,1
14732,n006908,n005886,train,1
14733,n005034,n001370,train,1
14734,n007576,n004992,train,1
14735,n007658,n002767,train,1
14736,n008359,n006423,train,1
14737,n001194,n001159,train,1
14738,n009057,n001882,train,0
14739,n007886,n001005,train,1
14740,n004492,n006198,train,1
14741,n002128,n001772,train,1
14742,n002583,n002189,train,1
14743,n002207,n002476,train,1
14744,n001920,n008892,train,1
14745,n003086,n002545,train,1
14746,n000326,n001331,train,1
14747,n007198,n004054,train,1
14748,n007195,n005397,train,1
14749,n002541,n004519,train,1
14750,n007944,n002976,train,1
14751,n002716,n000165,train,0
14752,n003756,n007228,train,0
14753,n004704,n004831,train,1
14754,n005012,n007338,train,1
14755,n002806,n005487,train,1
14756,n003598,n000893,train,0
14757,n003865,n001567,train,1
14758,n000201,n006150,train,1
14759,n005779,n009092,train,1
14760,n001064,n001674,train,1
14761,n001558,n000099,train,1
14762,n001289,n001853,train,1
14763,n000834,n008396,train,1
14764,n001501,n002532,train,1
14765,n001011,n002742,train,0
14766,n003245,n006855,train,0
14767,n009117,n007723,train,0
14768,n002699,n005381,train,1
14769,n006075,n002825,train,1
14770,n006563,n000366,train,1
14771,n008930,n006682,train,1
14772,n008568,n007752,train,0
14773,n000981,n005975,train,1
14774,n003921,n004941,train,1
14775,n006970,n005814,train,1
14776,n008268,n008550,train,1
14777,n004150,n004117,train,1
14778,n006206,n006889,train,0
14779,n003620,n007669,train,1
14780,n007615,n002256,train,1
14781,n005754,n004481,train,0
14782,n004917,n008369,train,0
14783,n004929,n009140,train,1
14784,n004684,n002098,train,1
14785,n007503,n000922,train,1
14786,n001918,n004862,train,1
14787,n002980,n008297,train,0
14788,n008950,n004671,train,0
14789,n003828,n004052,train,1
14790,n004330,n002652,train,1
14791,n007007,n004155,train,1
14792,n004392,n000181,train,0
14793,n008279,n008740,train,1
14794,n005790,n006814,train,0
14795,n007713,n007105,train,0
14796,n000116,n001896,train,1
14797,n008178,n005926,train,0
14798,n006658,n006306,train,1
14799,n007074,n002870,train,1
14800,n001283,n005042,train,1
14801,n003984,n005860,train,1
14802,n001082,n004967,train,0
14803,n000445,n001623,train,0
14804,n008748,n007968,train,1
14805,n000144,n001450,train,1
14806,n003835,n006047,train,1
14807,n001184,n000043,train,1
14808,n003132,n001674,train,1
14809,n008452,n009087,train,1
14810,n003201,n004932,train,1
14811,n002174,n001119,train,1
14812,n000421,n000985,train,0
14813,n003948,n000334,train,1
14814,n008981,n006028,train,1
14815,n007924,n004193,train,1
14816,n007847,n001271,train,1
14817,n000356,n003563,train,1
14818,n007348,n008923,train,1
14819,n001227,n002807,train,0
14820,n007109,n004890,train,1
14821,n009187,n008496,train,1
14822,n000027,n001473,train,1
14823,n005343,n002921,train,1
14824,n001452,n007137,train,1
14825,n001495,n002772,train,1
14826,n008133,n001120,train,1
14827,n006028,n002045,train,1
14828,n004582,n008212,train,1
14829,n000610,n004176,train,1
14830,n006157,n003444,train,1
14831,n001447,n003986,train,1
14832,n006576,n003100,train,1
14833,n002117,n008565,train,0
14834,n000047,n001089,train,1
14835,n000765,n007794,train,1
14836,n005877,n008910,train,1
14837,n000300,n000012,train,1
14838,n008548,n006580,train,1
14839,n003355,n009026,train,1
14840,n004604,n008617,train,0
14841,n000757,n000347,train,1
14842,n007236,n002391,train,1
14843,n001789,n000927,train,1
14844,n004129,n007117,train,0
14845,n002161,n001289,train,1
14846,n004195,n001764,train,1
14847,n002614,n006832,train,1
14848,n008497,n004819,train,1
14849,n001570,n001080,train,1
14850,n008560,n001180,train,1
14851,n005870,n008971,train,1
14852,n001686,n002476,train,0
14853,n007227,n003336,train,1
14854,n001928,n005800,train,1
14855,n004432,n004783,train,1
14856,n001186,n000467,train,1
14857,n009132,n008557,train,0
14858,n008042,n006082,train,0
14859,n002984,n001317,train,0
14860,n008101,n004205,train,1
14861,n000049,n006998,train,1
14862,n005769,n003281,train,1
14863,n005608,n000910,train,0
14864,n000212,n008499,train,0
14865,n004294,n007299,train,0
14866,n002235,n002337,train,1
14867,n005400,n006610,train,1
14868,n003498,n006175,train,1
14869,n005922,n006013,train,1
14870,n004075,n002982,train,1
14871,n006157,n002946,train,1
14872,n005255,n007561,train,1
14873,n002480,n008391,train,1
14874,n003559,n003194,train,1
14875,n002777,n008156,train,1
14876,n007750,n001766,train,1
14877,n000642,n000766,train,1
14878,n009181,n005588,train,1
14879,n001445,n008285,train,1
14880,n007156,n003173,train,1
14881,n004902,n003457,train,1
14882,n007028,n005929,train,1
14883,n006972,n000385,train,1
14884,n008217,n007901,train,0
14885,n002922,n008483,train,0
14886,n001196,n006155,train,0
14887,n005349,n003525,train,1
14888,n003201,n006158,train,1
14889,n005350,n002097,train,1
14890,n007661,n003060,train,0
14891,n001445,n008346,train,0
14892,n006900,n004451,train,1
14893,n004645,n000205,train,1
14894,n004525,n000826,train,0
14895,n007317,n006012,train,1
14896,n002033,n008705,train,1
14897,n002235,n000806,train,1
14898,n006422,n002128,train,0
14899,n000391,n004090,train,1
14900,n008449,n000375,train,1
14901,n003956,n006827,train,1
14902,n003778,n004210,train,1
14903,n000351,n005694,train,1
14904,n001314,n006727,train,1
14905,n007349,n005947,train,1
14906,n002733,n007954,train,1
14907,n000825,n003593,train,1
14908,n004023,n003643,train,0
14909,n003241,n002436,train,1
14910,n004283,n008441,train,1
14911,n007509,n006193,train,1
14912,n006668,n001591,train,1
14913,n006344,n007880,train,1
14914,n004286,n004668,train,1
14915,n002779,n002985,train,1
14916,n007434,n002948,train,1
14917,n002579,n007306,train,1
14918,n007322,n008133,train,1
14919,n007366,n008069,train,0
14920,n007282,n008708,train,1
14921,n001110,n008974,train,1
14922,n007051,n004684,train,1
14923,n006461,n008622,train,1
14924,n003869,n005694,train,1
14925,n006420,n008010,train,1
14926,n000123,n005747,train,1
14927,n000656,n004760,train,1
14928,n006157,n009155,train,1
14929,n002127,n005020,train,1
14930,n006694,n006314,train,1
14931,n005324,n006560,train,1
14932,n001661,n007054,train,0
14933,n009012,n002306,train,1
14934,n000486,n007170,train,1
14935,n007122,n001309,train,1
14936,n009143,n008693,train,1
14937,n001773,n006509,train,1
14938,n007337,n004957,train,1
14939,n000656,n000299,train,1
14940,n003605,n000101,train,1
14941,n001874,n006970,train,1
14942,n000077,n004616,train,0
14943,n008946,n007295,train,1
14944,n004430,n004704,train,1
14945,n000269,n005708,train,1
14946,n007755,n001312,train,1
14947,n007237,n007393,train,0
14948,n007435,n005543,train,0
14949,n007687,n003690,train,1
14950,n006839,n004610,train,0
14951,n005428,n004517,train,1
14952,n009034,n008084,train,1
14953,n000507,n002187,train,1
14954,n000400,n007476,train,0
14955,n009246,n002589,train,1
14956,n003521,n000954,train,1
14957,n007908,n009063,train,1
14958,n001517,n000043,train,1
14959,n000708,n009026,train,0
14960,n008649,n001549,train,1
14961,n006444,n002170,train,1
14962,n003769,n006274,train,0
14963,n007279,n006264,train,1
14964,n000960,n007151,train,1
14965,n005828,n007725,train,1
14966,n000548,n008239,train,1
14967,n001727,n002146,train,0
14968,n001865,n008908,train,1
14969,n008854,n000176,train,1
14970,n001911,n007295,train,1
14971,n008764,n000400,train,1
14972,n007717,n008711,train,1
14973,n001889,n003879,train,1
14974,n002431,n002579,train,0
14975,n004855,n000873,train,1
14976,n007626,n006023,train,1
14977,n006697,n008483,train,1
14978,n005097,n007712,train,1
14979,n006443,n002665,train,1
14980,n008732,n003229,train,1
14981,n008966,n006895,train,0
14982,n002899,n000028,train,1
14983,n008257,n001865,train,1
14984,n000910,n004028,train,1
14985,n001204,n004154,train,1
14986,n001219,n007561,train,1
14987,n002395,n009050,train,1
14988,n003845,n008203,train,1
14989,n005116,n007576,train,1
14990,n004330,n007718,train,1
14991,n007718,n002947,train,0
14992,n007763,n006936,train,0
14993,n000552,n008072,train,1
14994,n000131,n000880,train,1
14995,n000393,n002720,train,0
14996,n002951,n006256,train,1
14997,n006601,n000287,train,1
14998,n005881,n003323,train,1
14999,n008910,n005256,train,1
15000,n007837,n000141,train,1
15001,n009099,n000296,train,1
15002,n000783,n006698,train,1
15003,n007780,n003203,train,1
15004,n006011,n000748,train,1
15005,n007633,n000109,train,1
15006,n008250,n004084,train,1
15007,n001833,n009105,train,1
15008,n009198,n003748,train,1
15009,n001572,n006594,train,1
15010,n003838,n005357,train,1
15011,n007446,n003338,train,1
15012,n007373,n007293,train,1
15013,n005098,n005732,train,1
15014,n004760,n005158,train,1
15015,n008493,n006187,train,0
15016,n004174,n001785,train,1
15017,n005010,n009221,train,1
15018,n006891,n007540,train,1
15019,n002618,n004639,train,1
15020,n000813,n006412,train,1
15021,n001631,n007413,train,0
15022,n004578,n002087,train,1
15023,n001000,n000618,train,1
15024,n006717,n001395,train,1
15025,n001533,n009130,train,1
15026,n009004,n002990,train,1
15027,n006252,n008091,train,1
15028,n004671,n004556,train,1
15029,n008841,n008645,train,1
15030,n003955,n002427,train,1
15031,n001641,n005879,train,1
15032,n001696,n001863,train,1
15033,n009154,n002732,train,1
15034,n000497,n003925,train,1
15035,n004833,n000708,train,1
15036,n002099,n000642,train,1
15037,n006242,n000206,train,0
15038,n008841,n003444,train,1
15039,n000875,n008587,train,1
15040,n006823,n003704,train,1
15041,n002143,n004552,train,1
15042,n000569,n001695,train,1
15043,n001170,n005791,train,1
15044,n006185,n001624,train,1
15045,n003846,n002239,train,1
15046,n003279,n002547,train,1
15047,n000534,n004713,train,1
15048,n006147,n000870,train,0
15049,n004474,n003319,train,0
15050,n006861,n003730,train,1
15051,n003563,n001684,train,0
15052,n005034,n002736,train,1
15053,n008462,n007501,train,1
15054,n006667,n003352,train,0
15055,n005820,n004213,train,1
15056,n004160,n000486,train,0
15057,n001430,n005793,train,1
15058,n007265,n007780,train,1
15059,n001663,n004436,train,1
15060,n007315,n006511,train,1
15061,n001128,n008929,train,0
15062,n000574,n009254,train,1
15063,n008133,n005020,train,0
15064,n006527,n008346,train,1
15065,n002048,n004829,train,1
15066,n001778,n001188,train,1
15067,n009267,n009224,train,1
15068,n008617,n005897,train,0
15069,n001006,n001772,train,1
15070,n006870,n007446,train,1
15071,n003097,n009266,train,1
15072,n000270,n003283,train,0
15073,n000126,n005694,train,1
15074,n007383,n008774,train,1
15075,n008650,n002711,train,1
15076,n000491,n006420,train,0
15077,n000111,n003923,train,1
15078,n002569,n006187,train,1
15079,n000663,n007558,train,1
15080,n006746,n009103,train,0
15081,n001271,n003341,train,1
15082,n006102,n001018,train,1
15083,n003815,n005053,train,1
15084,n000726,n000321,train,1
15085,n002622,n002699,train,0
15086,n006950,n002206,train,1
15087,n004655,n007442,train,1
15088,n001885,n000806,train,1
15089,n000612,n003303,train,1
15090,n005965,n002500,train,1
15091,n004521,n002915,train,1
15092,n002373,n002047,train,1
15093,n004569,n007894,train,1
15094,n000996,n005173,train,1
15095,n006389,n000990,train,1
15096,n007615,n001690,train,0
15097,n000428,n005934,train,1
15098,n008374,n004005,train,1
15099,n002357,n000604,train,0
15100,n003593,n006845,train,0
15101,n008231,n000778,train,1
15102,n005445,n000077,train,1
15103,n004072,n000537,train,1
15104,n002887,n000422,train,1
15105,n003614,n008087,train,1
15106,n005801,n008261,train,0
15107,n000172,n005344,train,1
15108,n009115,n001700,train,1
15109,n000097,n002353,train,0
15110,n001106,n002569,train,1
15111,n007430,n004511,train,1
15112,n003961,n004259,train,1
15113,n003618,n006232,train,1
15114,n006973,n003726,train,1
15115,n002212,n002239,train,1
15116,n000105,n007380,train,1
15117,n004187,n007674,train,1
15118,n001696,n006771,train,1
15119,n007844,n003746,train,1
15120,n000537,n003849,train,1
15121,n005166,n002901,train,1
15122,n002686,n001558,train,1
15123,n005697,n004614,train,1
15124,n001549,n003254,train,1
15125,n005801,n007482,train,1
15126,n006012,n004887,train,1
15127,n007615,n002777,train,1
15128,n003549,n007805,train,1
15129,n001911,n007923,train,1
15130,n008762,n002328,train,1
15131,n001897,n008795,train,1
15132,n004923,n002249,train,0
15133,n001187,n001170,train,1
15134,n002418,n006924,train,0
15135,n007506,n003625,train,1
15136,n000042,n008762,train,1
15137,n001959,n005313,train,1
15138,n001188,n001762,train,1
15139,n001738,n004775,train,1
15140,n008075,n005185,train,1
15141,n001663,n002364,train,1
15142,n006661,n006984,train,1
15143,n008161,n008753,train,1
15144,n003326,n008759,train,1
15145,n006966,n007774,train,1
15146,n005516,n009077,train,1
15147,n006520,n003342,train,1
15148,n001456,n001509,train,0
15149,n005998,n006538,train,1
15150,n003859,n009025,train,1
15151,n001269,n002428,train,1
15152,n007337,n002903,train,1
15153,n001558,n002745,train,0
15154,n001625,n006443,train,1
15155,n004832,n000885,train,1
15156,n003350,n003149,train,1
15157,n003704,n002968,train,1
15158,n008422,n001854,train,1
15159,n007589,n006432,train,1
15160,n007633,n007450,train,1
15161,n003799,n007482,train,0
15162,n000421,n005711,train,1
15163,n005930,n004897,train,1
15164,n005260,n003048,train,1
15165,n002740,n000041,train,1
15166,n001043,n005785,train,1
15167,n001738,n008782,train,1
15168,n002149,n008506,train,0
15169,n003682,n006303,train,1
15170,n002978,n000712,train,0
15171,n007089,n006258,train,1
15172,n008241,n005455,train,1
15173,n005333,n006604,train,1
15174,n003167,n001736,train,1
15175,n001634,n008485,train,1
15176,n003879,n008347,train,1
15177,n005911,n008072,train,1
15178,n002086,n006831,train,1
15179,n002848,n007386,train,0
15180,n000184,n005042,train,1
15181,n006981,n000712,train,1
15182,n005754,n003421,train,1
15183,n006324,n008845,train,0
15184,n000113,n000885,train,1
15185,n009274,n000326,train,1
15186,n006386,n007936,train,0
15187,n006296,n006725,train,1
15188,n005392,n001562,train,1
15189,n002845,n002750,train,1
15190,n002982,n002226,train,1
15191,n002473,n007343,train,0
15192,n003986,n004888,train,0
15193,n005729,n000020,train,1
15194,n008636,n006865,train,1
15195,n002001,n000749,train,1
15196,n005358,n002050,train,1
15197,n002168,n004503,train,1
15198,n006844,n008507,train,1
15199,n002786,n004981,train,1
15200,n005401,n005410,train,1
15201,n002313,n008711,train,1
15202,n009098,n005192,train,1
15203,n003955,n001779,train,1
15204,n003723,n007157,train,1
15205,n004430,n008762,train,0
15206,n006709,n005295,train,1
15207,n008086,n007337,train,1
15208,n001421,n007274,train,1
15209,n006222,n004361,train,1
15210,n008198,n008166,train,1
15211,n003851,n000146,train,1
15212,n002912,n007432,train,1
15213,n005538,n000354,train,1
15214,n000608,n008580,train,1
15215,n008929,n002914,train,1
15216,n001727,n003107,train,0
15217,n002115,n004997,train,1
15218,n004633,n009098,train,1
15219,n005624,n007768,train,1
15220,n002915,n001138,train,0
15221,n003310,n006972,train,1
15222,n000978,n001041,train,1
15223,n005919,n001494,train,1
15224,n003076,n009278,train,1
15225,n003421,n008336,train,1
15226,n005580,n009082,train,1
15227,n006464,n004335,train,0
15228,n005126,n001403,train,0
15229,n006544,n005486,train,1
15230,n004844,n000808,train,1
15231,n003756,n007065,train,1
15232,n006975,n000212,train,1
15233,n000293,n006921,train,1
15234,n004903,n008368,train,1
15235,n004762,n002801,train,1
15236,n008228,n007616,train,1
15237,n005440,n001680,train,1
15238,n001801,n002766,train,1
15239,n008928,n001005,train,1
15240,n007221,n009258,train,1
15241,n008874,n001316,train,1
15242,n007359,n006736,train,0
15243,n002801,n005573,train,1
15244,n001083,n003291,train,1
15245,n007331,n003349,train,0
15246,n002938,n003880,train,1
15247,n004464,n002118,train,1
15248,n000710,n000046,train,1
15249,n005934,n004237,train,1
15250,n001697,n000538,train,1
15251,n008611,n003456,train,1
15252,n008460,n003184,train,1
15253,n001928,n003179,train,1
15254,n005502,n005260,train,0
15255,n002423,n001756,train,1
15256,n007527,n000849,train,1
15257,n004195,n007850,train,1
15258,n002903,n008310,train,1
15259,n008383,n002733,train,1
15260,n002843,n009222,train,1
15261,n004599,n006839,train,1
15262,n000204,n000961,train,1
15263,n007549,n009126,train,1
15264,n001602,n008087,train,1
15265,n001136,n000123,train,1
15266,n007437,n002755,train,1
15267,n009255,n008389,train,1
15268,n007627,n001487,train,1
15269,n001219,n001376,train,1
15270,n006921,n000620,train,1
15271,n001185,n005245,train,1
15272,n004127,n006963,train,1
15273,n001186,n008274,train,1
15274,n007304,n008880,train,1
15275,n003048,n007706,train,1
15276,n000650,n004234,train,1
15277,n000424,n000038,train,1
15278,n009139,n008857,train,1
15279,n000077,n001533,train,0
15280,n005138,n002116,train,1
15281,n008902,n004204,train,1
15282,n003159,n002083,train,1
15283,n008409,n003805,train,1
15284,n008782,n003166,train,0
15285,n008060,n000767,train,1
15286,n009132,n002395,train,1
15287,n002542,n002206,train,1
15288,n008714,n007844,train,1
15289,n005608,n009249,train,1
15290,n006963,n007476,train,1
15291,n004505,n004472,train,0
15292,n000492,n004110,train,1
15293,n000818,n003408,train,1
15294,n002459,n000895,train,1
15295,n005925,n004726,train,1
15296,n004618,n003197,train,0
15297,n007273,n004187,train,1
15298,n009240,n003213,train,0
15299,n003639,n008783,train,1
15300,n000570,n007437,train,1
15301,n005103,n003246,train,0
15302,n008291,n006612,train,1
15303,n001360,n002750,train,0
15304,n000663,n005705,train,1
15305,n005390,n004439,train,1
15306,n000227,n002818,train,1
15307,n002301,n007921,train,1
15308,n005867,n008297,train,1
15309,n002892,n000504,train,1
15310,n003444,n004887,train,1
15311,n007816,n002339,train,1
15312,n008389,n001750,train,0
15313,n005943,n005563,train,0
15314,n009063,n009033,train,1
15315,n008886,n005791,train,1
15316,n005768,n002499,train,1
15317,n006445,n006116,train,1
15318,n006988,n004438,train,1
15319,n001229,n005876,train,0
15320,n002541,n008415,train,1
15321,n006091,n002801,train,1
15322,n001415,n004963,train,1
15323,n002760,n000969,train,0
15324,n001053,n004232,train,1
15325,n005443,n007177,train,1
15326,n001547,n000650,train,0
15327,n007027,n000763,train,1
15328,n002130,n001531,train,1
15329,n006232,n005554,train,1
15330,n005640,n004175,train,1
15331,n009071,n000566,train,1
15332,n008055,n002609,train,1
15333,n005638,n006058,train,1
15334,n004809,n001326,train,1
15335,n008279,n002538,train,1
15336,n007621,n001170,train,1
15337,n008084,n001451,train,1
15338,n008971,n008555,train,1
15339,n002844,n002724,train,1
15340,n005279,n008724,train,1
15341,n000229,n006778,train,1
15342,n006713,n002069,train,1
15343,n004727,n006166,train,0
15344,n007079,n003871,train,0
15345,n005708,n003839,train,1
15346,n008091,n003407,train,1
15347,n001392,n008721,train,1
15348,n005439,n008393,train,1
15349,n002526,n004954,train,1
15350,n003718,n002326,train,1
15351,n007784,n002616,train,1
15352,n002469,n008590,train,1
15353,n009033,n006088,train,1
15354,n008974,n001281,train,1
15355,n004969,n007791,train,1
15356,n006282,n006850,train,0
15357,n006737,n000537,train,0
15358,n000497,n001954,train,1
15359,n000157,n002225,train,1
15360,n008476,n008267,train,1
15361,n001326,n003756,train,1
15362,n001937,n007309,train,0
15363,n005413,n004222,train,1
15364,n004994,n001245,train,0
15365,n008900,n002103,train,0
15366,n007255,n006838,train,1
15367,n003578,n007585,train,1
15368,n008893,n008892,train,0
15369,n002506,n000801,train,1
15370,n006847,n004426,train,1
15371,n001607,n006773,train,1
15372,n009040,n005966,train,1
15373,n002519,n004993,train,1
15374,n001827,n002845,train,1
15375,n006895,n006845,train,0
15376,n006042,n006925,train,1
15377,n006148,n000509,train,1
15378,n009265,n008703,train,1
15379,n000046,n006683,train,1
15380,n000985,n006270,train,0
15381,n004936,n000521,train,1
15382,n001051,n006846,train,0
15383,n005194,n002862,train,1
15384,n003849,n003088,train,1
15385,n006868,n000803,train,0
15386,n006678,n000194,train,1
15387,n006213,n006276,train,1
15388,n006618,n005988,train,1
15389,n002841,n002742,train,1
15390,n008531,n006941,train,1
15391,n007413,n009005,train,1
15392,n005614,n002663,train,0
15393,n008697,n005432,train,1
15394,n007313,n004525,train,1
15395,n004304,n006703,train,0
15396,n004774,n000033,train,1
15397,n008228,n008512,train,1
15398,n005810,n008202,train,1
15399,n008625,n007484,train,1
15400,n005875,n000487,train,1
15401,n002947,n000886,train,1
15402,n002953,n005246,train,1
15403,n005180,n007684,train,1
15404,n001320,n007124,train,1
15405,n003770,n007270,train,0
15406,n002699,n003991,train,1
15407,n003255,n006103,train,1
15408,n005498,n008371,train,1
15409,n008004,n005163,train,1
15410,n002182,n005185,train,1
15411,n002456,n000981,train,1
15412,n000412,n003018,train,0
15413,n008843,n006941,train,1
15414,n007916,n001645,train,0
15415,n005738,n001575,train,1
15416,n003418,n000825,train,0
15417,n002558,n008605,train,1
15418,n003290,n001911,train,1
15419,n008656,n006846,train,1
15420,n003667,n000034,train,1
15421,n000116,n008092,train,0
15422,n001072,n004155,train,1
15423,n009165,n001248,train,1
15424,n004645,n000391,train,1
15425,n008389,n004754,train,0
15426,n004513,n006115,train,0
15427,n000917,n007652,train,0
15428,n005010,n007667,train,0
15429,n007560,n004448,train,1
15430,n000396,n008966,train,1
15431,n006028,n008912,train,1
15432,n002677,n003908,train,1
15433,n008788,n004599,train,0
15434,n002504,n003950,train,0
15435,n003769,n001586,train,1
15436,n007048,n001120,train,1
15437,n005401,n002345,train,1
15438,n001193,n006465,train,1
15439,n000277,n003806,train,1
15440,n002365,n007025,train,0
15441,n008695,n001232,train,1
15442,n000024,n006489,train,1
15443,n004680,n007251,train,1
15444,n000529,n008900,train,1
15445,n008603,n006709,train,1
15446,n007470,n005466,train,1
15447,n002716,n004228,train,1
15448,n007619,n006805,train,1
15449,n004092,n001095,train,1
15450,n002098,n001342,train,0
15451,n000479,n001478,train,1
15452,n006505,n004981,train,1
15453,n001239,n007941,train,1
15454,n009087,n009064,train,0
15455,n000215,n008753,train,1
15456,n005057,n002777,train,1
15457,n008161,n004359,train,1
15458,n000492,n000780,train,0
15459,n000615,n006230,train,0
15460,n000835,n004107,train,0
15461,n003074,n006062,train,1
15462,n003372,n004494,train,1
15463,n003207,n000027,train,1
15464,n002538,n000657,train,1
15465,n005684,n008347,train,1
15466,n006520,n001438,train,1
15467,n005433,n000430,train,1
15468,n000857,n005893,train,1
15469,n004023,n007966,train,1
15470,n004412,n000270,train,1
15471,n002702,n002627,train,1
15472,n003493,n007761,train,1
15473,n005549,n005987,train,0
15474,n008375,n003723,train,0
15475,n008076,n002964,train,0
15476,n002558,n003916,train,1
15477,n000766,n007731,train,0
15478,n007886,n001033,train,1
15479,n000620,n001547,train,1
15480,n008472,n005428,train,1
15481,n002769,n008930,train,1
15482,n002691,n000019,train,0
15483,n001105,n000542,train,1
15484,n000062,n000682,train,0
15485,n000141,n000941,train,0
15486,n005561,n002180,train,1
15487,n006054,n002162,train,0
15488,n000307,n001078,train,1
15489,n004556,n001018,train,0
15490,n002335,n000539,train,1
15491,n000518,n003503,train,0
15492,n009002,n003474,train,0
15493,n008572,n007460,train,1
15494,n007658,n000887,train,1
15495,n001313,n009011,train,0
15496,n002235,n007228,train,0
15497,n007219,n005933,train,0
15498,n006016,n001473,train,1
15499,n001359,n001752,train,1
15500,n006861,n006751,train,0
15501,n002565,n008904,train,1
15502,n006622,n003997,train,1
15503,n008704,n001725,train,1
15504,n005532,n002396,train,1
15505,n006862,n003324,train,1
15506,n005569,n008467,train,1
15507,n006067,n000909,train,1
15508,n001089,n005592,train,1
15509,n005821,n000505,train,1
15510,n001539,n006062,train,1
15511,n007017,n003039,train,1
15512,n008285,n001421,train,1
15513,n006936,n000232,train,0
15514,n003543,n003261,train,1
15515,n003699,n001812,train,0
15516,n002374,n007042,train,1
15517,n003893,n008954,train,1
15518,n004054,n006618,train,1
15519,n003423,n001389,train,1
15520,n006610,n004521,train,0
15521,n003070,n001920,train,1
15522,n004193,n005142,train,1
15523,n004499,n000980,train,1
15524,n005458,n008745,train,1
15525,n002800,n004378,train,1
15526,n002980,n006616,train,0
15527,n006442,n001609,train,1
15528,n006803,n001343,train,1
15529,n004093,n006635,train,1
15530,n004498,n007968,train,1
15531,n007831,n003515,train,1
15532,n008336,n005574,train,0
15533,n000027,n006941,train,0
15534,n004146,n007931,train,1
15535,n005223,n007457,train,1
15536,n003838,n003996,train,1
15537,n008513,n008527,train,1
15538,n000440,n000969,train,1
15539,n007295,n005234,train,1
15540,n005392,n004168,train,1
15541,n005330,n000791,train,1
15542,n002569,n002973,train,1
15543,n002974,n008609,train,1
15544,n001726,n003707,train,1
15545,n008214,n007116,train,0
15546,n008588,n000031,train,1
15547,n004700,n008383,train,1
15548,n006023,n007417,train,0
15549,n006907,n006279,train,0
15550,n008180,n004769,train,1
15551,n009198,n003598,train,1
15552,n004498,n007520,train,1
15553,n000041,n004190,train,1
15554,n002645,n008141,train,1
15555,n000248,n007780,train,1
15556,n001148,n000483,train,1
15557,n006184,n008320,train,0
15558,n004475,n000399,train,1
15559,n001587,n002398,train,1
15560,n003602,n000384,train,1
15561,n001638,n008575,train,1
15562,n007941,n004589,train,1
15563,n000019,n000710,train,1
15564,n006751,n008573,train,1
15565,n000062,n003974,train,0
15566,n006751,n007476,train,1
15567,n000820,n004321,train,1
15568,n009155,n005147,train,1
15569,n007785,n007294,train,1
15570,n002207,n006047,train,1
15571,n002719,n007392,train,1
15572,n009221,n000112,train,0
15573,n003375,n008234,train,1
15574,n008772,n001051,train,0
15575,n000462,n000361,train,1
15576,n006678,n008849,train,1
15577,n005954,n000574,train,0
15578,n007933,n007719,train,1
15579,n007857,n005968,train,1
15580,n007644,n004169,train,1
15581,n009011,n004718,train,1
15582,n002620,n005611,train,1
15583,n005893,n008102,train,1
15584,n000674,n006714,train,0
15585,n002923,n002354,train,1
15586,n002380,n008617,train,1
15587,n009267,n000883,train,1
15588,n008076,n004897,train,1
15589,n003158,n003586,train,1
15590,n007639,n002700,train,1
15591,n001594,n005847,train,1
15592,n006263,n008087,train,1
15593,n000920,n007359,train,1
15594,n000656,n007313,train,1
15595,n001395,n000474,train,1
15596,n006747,n001227,train,1
15597,n001519,n000829,train,1
15598,n004373,n006564,train,0
15599,n000442,n007973,train,0
15600,n003049,n000434,train,1
15601,n004173,n007239,train,1
15602,n002419,n002188,train,0
15603,n000893,n000817,train,1
15604,n005132,n002326,train,1
15605,n007401,n006719,train,1
15606,n000332,n008356,train,1
15607,n007680,n004690,train,0
15608,n000364,n005195,train,1
15609,n002969,n001663,train,1
15610,n000505,n004330,train,1
15611,n008619,n003435,train,1
15612,n005432,n008574,train,0
15613,n005244,n006282,train,1
15614,n009269,n002071,train,1
15615,n005554,n000027,train,1
15616,n006060,n003021,train,1
15617,n006488,n007155,train,1
15618,n005961,n004017,train,1
15619,n001885,n006690,train,1
15620,n005466,n006856,train,0
15621,n004031,n006891,train,1
15622,n002436,n007778,train,0
15623,n006644,n000907,train,1
15624,n007675,n000277,train,1
15625,n002944,n003171,train,1
15626,n002354,n003568,train,1
15627,n002099,n005819,train,1
15628,n008694,n003242,train,1
15629,n004878,n006705,train,1
15630,n007634,n001879,train,1
15631,n007488,n000366,train,1
15632,n003569,n002137,train,0
15633,n000731,n004093,train,1
15634,n005166,n004516,train,0
15635,n004943,n001798,train,1
15636,n004684,n003961,train,0
15637,n001795,n002918,train,0
15638,n007534,n008906,train,1
15639,n001360,n006546,train,1
15640,n006278,n007315,train,1
15641,n003809,n001968,train,1
15642,n006889,n001219,train,1
15643,n004146,n005330,train,1
15644,n000546,n007667,train,1
15645,n003048,n001120,train,0
15646,n005840,n000378,train,0
15647,n001289,n003167,train,1
15648,n000289,n008705,train,0
15649,n008614,n008645,train,1
15650,n007479,n003737,train,1
15651,n003483,n006367,train,1
15652,n006051,n007425,train,1
15653,n005878,n005151,train,1
15654,n007549,n004631,train,1
15655,n002031,n005656,train,1
15656,n005911,n006370,train,1
15657,n008097,n002854,train,1
15658,n002038,n001782,train,1
15659,n000524,n006445,train,1
15660,n006844,n000109,train,1
15661,n000513,n002702,train,1
15662,n006742,n003921,train,1
15663,n007477,n007350,train,1
15664,n001847,n000498,train,1
15665,n000737,n007866,train,1
15666,n009126,n006828,train,1
15667,n007117,n001025,train,1
15668,n003784,n006446,train,0
15669,n002189,n007303,train,1
15670,n002890,n008074,train,1
15671,n007349,n008347,train,0
15672,n007012,n008771,train,0
15673,n008175,n005265,train,1
15674,n005985,n006833,train,1
15675,n004855,n004092,train,1
15676,n006649,n001186,train,1
15677,n001772,n008116,train,1
15678,n002048,n008860,train,1
15679,n005164,n003647,train,1
15680,n005974,n000828,train,1
15681,n000435,n006244,train,0
15682,n000871,n002243,train,1
15683,n006552,n002813,train,1
15684,n001430,n000691,train,0
15685,n005131,n007725,train,0
15686,n001103,n006222,train,1
15687,n004282,n008583,train,1
15688,n000825,n007282,train,1
15689,n003843,n004097,train,0
15690,n002760,n001642,train,1
15691,n000546,n007499,train,1
15692,n005388,n004031,train,0
15693,n003107,n003968,train,1
15694,n000024,n001347,train,1
15695,n008055,n001922,train,1
15696,n007723,n005588,train,1
15697,n008395,n001497,train,1
15698,n007374,n005277,train,0
15699,n001824,n008228,train,1
15700,n000046,n007698,train,1
15701,n007350,n003679,train,0
15702,n007776,n000908,train,1
15703,n006150,n003560,train,1
15704,n005642,n005035,train,1
15705,n008285,n004267,train,1
15706,n005651,n004809,train,0
15707,n005237,n005757,train,1
15708,n007160,n008578,train,0
15709,n008017,n005498,train,1
15710,n005200,n006155,train,1
15711,n001753,n004244,train,1
15712,n003278,n006816,train,1
15713,n007723,n004899,train,1
15714,n008248,n008875,train,0
15715,n004903,n008527,train,0
15716,n004630,n003498,train,1
15717,n003076,n009240,train,1
15718,n000463,n003785,train,1
15719,n008580,n003072,train,1
15720,n005732,n003795,train,1
15721,n006489,n008657,train,1
15722,n001762,n000419,train,0
15723,n001837,n008212,train,1
15724,n004936,n001272,train,1
15725,n008323,n008649,train,1
15726,n005458,n002914,train,0
15727,n008174,n006566,train,1
15728,n005803,n006718,train,1
15729,n009057,n001851,train,0
15730,n007409,n000904,train,1
15731,n004976,n003945,train,1
15732,n005256,n006717,train,1
15733,n000751,n008405,train,1
15734,n007759,n001586,train,1
15735,n008748,n004578,train,0
15736,n002545,n005172,train,1
15737,n000191,n005930,train,0
15738,n000806,n002338,train,0
15739,n007933,n007414,train,1
15740,n006229,n000757,train,1
15741,n005859,n001382,train,1
15742,n006501,n002155,train,0
15743,n000618,n000614,train,0
15744,n006813,n007272,train,0
15745,n004169,n005840,train,0
15746,n003795,n003951,train,0
15747,n007165,n005194,train,1
15748,n001100,n002724,train,1
15749,n003405,n004379,train,1
15750,n007534,n008588,train,0
15751,n003845,n000768,train,1
15752,n006324,n004304,train,1
15753,n000028,n004375,train,1
15754,n004297,n006637,train,0
15755,n006937,n006616,train,1
15756,n005093,n000712,train,1
15757,n006995,n000562,train,1
15758,n007967,n002541,train,1
15759,n002412,n001992,train,1
15760,n000252,n001680,train,1
15761,n005582,n002234,train,1
15762,n006456,n005770,train,0
15763,n008569,n001895,train,1
15764,n001011,n009162,train,0
15765,n004741,n007712,train,1
15766,n007279,n005582,train,0
15767,n001654,n005010,train,0
15768,n000601,n002101,train,0
15769,n004171,n004642,train,0
15770,n003929,n005388,train,1
15771,n008660,n005873,train,1
15772,n005397,n007725,train,0
15773,n006166,n009043,train,1
15774,n007055,n007009,train,1
15775,n000818,n001640,train,1
15776,n007322,n006149,train,1
15777,n003999,n008255,train,1
15778,n008461,n008714,train,0
15779,n001497,n003621,train,1
15780,n001026,n000650,train,0
15781,n003380,n004854,train,0
15782,n007713,n000111,train,1
15783,n003051,n002980,train,0
15784,n006263,n007433,train,1
15785,n005206,n008885,train,1
15786,n000713,n009261,train,0
15787,n003005,n000662,train,1
15788,n005689,n002835,train,1
15789,n008774,n006810,train,1
15790,n008060,n004267,train,1
15791,n006662,n004228,train,1
15792,n004616,n008744,train,1
15793,n004855,n001100,train,1
15794,n006691,n009127,train,1
15795,n005370,n005517,train,0
15796,n004344,n008049,train,0
15797,n002955,n004737,train,1
15798,n008077,n008308,train,1
15799,n005036,n007283,train,0
15800,n002616,n002358,train,1
15801,n003867,n000728,train,0
15802,n001510,n000205,train,1
15803,n004485,n005330,train,1
15804,n006491,n006132,train,1
15805,n005752,n008736,train,0
15806,n001051,n001749,train,1
15807,n009024,n008248,train,1
15808,n004855,n004238,train,0
15809,n004114,n005324,train,0
15810,n000920,n007678,train,1
15811,n004096,n002237,train,0
15812,n001373,n009168,train,1
15813,n004288,n002708,train,0
15814,n008144,n004371,train,0
15815,n000016,n001732,train,1
15816,n006232,n000580,train,1
15817,n007687,n000300,train,1
15818,n005284,n005158,train,1
15819,n006860,n007435,train,1
15820,n003363,n006232,train,1
15821,n006140,n004519,train,0
15822,n005190,n003119,train,1
15823,n003228,n007954,train,0
15824,n007252,n005711,train,1
15825,n001396,n000603,train,1
15826,n000051,n007236,train,1
15827,n004727,n006011,train,1
15828,n002854,n000520,train,1
15829,n002649,n005005,train,1
15830,n002993,n003955,train,1
15831,n001770,n009103,train,1
15832,n000954,n000105,train,1
15833,n002927,n009160,train,0
15834,n002063,n002050,train,1
15835,n007239,n007421,train,0
15836,n000336,n004914,train,1
15837,n000351,n000408,train,1
15838,n001180,n005096,train,1
15839,n005277,n000961,train,1
15840,n005344,n004897,train,1
15841,n006222,n007581,train,0
15842,n004184,n002097,train,1
15843,n000961,n007789,train,1
15844,n005889,n002455,train,1
15845,n001250,n008759,train,1
15846,n005566,n001314,train,0
15847,n004002,n001423,train,1
15848,n001478,n001692,train,1
15849,n007346,n001631,train,1
15850,n000198,n008578,train,1
15851,n008451,n001332,train,1
15852,n002496,n000920,train,1
15853,n009203,n008914,train,1
15854,n006690,n002779,train,1
15855,n000871,n003255,train,1
15856,n007002,n006151,train,1
15857,n009134,n007819,train,1
15858,n002182,n005158,train,1
15859,n008084,n004637,train,1
15860,n007016,n005437,train,0
15861,n005067,n003813,train,1
15862,n002092,n004618,train,1
15863,n002729,n002564,train,0
15864,n003317,n002640,train,1
15865,n003308,n007295,train,1
15866,n006820,n000381,train,1
15867,n003021,n003365,train,1
15868,n007109,n008865,train,1
15869,n002817,n002744,train,1
15870,n007718,n002187,train,1
15871,n004079,n008604,train,1
15872,n008460,n001698,train,1
15873,n005005,n008013,train,1
15874,n007372,n005560,train,1
15875,n007074,n006153,train,0
15876,n007436,n006189,train,0
15877,n003160,n007861,train,0
15878,n001088,n004565,train,1
15879,n003936,n007503,train,1
15880,n000324,n008383,train,1
15881,n001912,n001665,train,1
15882,n006923,n006842,train,1
15883,n000016,n008527,train,1
15884,n004198,n003860,train,1
15885,n006213,n004133,train,1
15886,n003997,n001192,train,1
15887,n009180,n002656,train,0
15888,n005001,n000332,train,1
15889,n004732,n005449,train,1
15890,n004687,n009046,train,1
15891,n000223,n008870,train,1
15892,n004774,n006236,train,1
15893,n003597,n003073,train,1
15894,n002338,n008138,train,1
15895,n008783,n005190,train,0
15896,n003690,n008335,train,1
15897,n006543,n005768,train,1
15898,n007818,n008139,train,1
15899,n007282,n005057,train,0
15900,n000265,n001625,train,1
15901,n002187,n006778,train,1
15902,n003798,n006163,train,1
15903,n002364,n006803,train,1
15904,n000857,n005443,train,1
15905,n003123,n008787,train,1
15906,n001799,n008562,train,1
15907,n001696,n003679,train,0
15908,n008166,n000289,train,0
15909,n007791,n002632,train,1
15910,n004887,n000212,train,1
15911,n000507,n004114,train,0
15912,n001483,n004701,train,0
15913,n002205,n002607,train,1
15914,n000122,n005502,train,1
15915,n006720,n003790,train,1
15916,n002523,n001462,train,1
15917,n006519,n003704,train,1
15918,n003714,n004500,train,1
15919,n005493,n004496,train,1
15920,n002514,n003342,train,1
15921,n006564,n000976,train,1
15922,n004229,n005221,train,0
15923,n003197,n008551,train,1
15924,n001598,n001828,train,1
15925,n000712,n003605,train,1
15926,n002438,n002944,train,1
15927,n001665,n003707,train,1
15928,n008736,n007198,train,1
15929,n006154,n007318,train,0
15930,n005622,n002697,train,1
15931,n002760,n008080,train,0
15932,n002126,n006060,train,1
15933,n003310,n001730,train,1
15934,n008275,n000210,train,1
15935,n005918,n006792,train,1
15936,n007361,n000507,train,0
15937,n005324,n004155,train,1
15938,n001690,n007667,train,1
15939,n001087,n006047,train,0
15940,n000043,n000857,train,1
15941,n003047,n002125,train,0
15942,n002740,n006170,train,1
15943,n007604,n003143,train,1
15944,n005907,n006777,train,1
15945,n003707,n003131,train,0
15946,n008620,n006156,train,1
15947,n003247,n002978,train,1
15948,n001131,n003710,train,1
15949,n000613,n008849,train,0
15950,n006360,n003698,train,1
15951,n004422,n002900,train,1
15952,n003824,n008330,train,1
15953,n000299,n001138,train,1
15954,n005344,n000849,train,1
15955,n003274,n004288,train,1
15956,n007321,n007451,train,1
15957,n006100,n007130,train,1
15958,n002249,n000205,train,1
15959,n004264,n005177,train,0
15960,n000270,n003726,train,1
15961,n008843,n005876,train,1
15962,n000978,n003542,train,0
15963,n006047,n000915,train,1
15964,n006329,n002575,train,1
15965,n006921,n005917,train,1
15966,n001490,n004705,train,1
15967,n004369,n006528,train,1
15968,n009277,n000168,train,1
15969,n004854,n002485,train,0
15970,n000287,n008678,train,1
15971,n008062,n004929,train,1
15972,n003536,n002393,train,1
15973,n000341,n005694,train,0
15974,n007680,n008792,train,1
15975,n002388,n008589,train,1
15976,n006864,n004428,train,1
15977,n003690,n000412,train,1
15978,n000236,n001072,train,0
15979,n007028,n001796,train,1
15980,n008476,n009039,train,1
15981,n007297,n003702,train,1
15982,n005311,n006776,train,1
15983,n000694,n000615,train,1
15984,n002172,n008457,train,0
15985,n008506,n002608,train,1
15986,n001950,n004185,train,0
15987,n003738,n005186,train,1
15988,n000875,n006730,train,1
15989,n005907,n006560,train,1
15990,n008157,n006915,train,1
15991,n006900,n003374,train,1
15992,n005129,n002533,train,1
15993,n001157,n006733,train,1
15994,n008663,n000340,train,1
15995,n002541,n003955,train,1
15996,n002843,n006723,train,1
15997,n005724,n008401,train,1
15998,n008180,n005960,train,1
15999,n000888,n009043,train,0
16000,n001250,n006815,train,0
16001,n008782,n006444,train,1
16002,n005975,n008548,train,1
16003,n002702,n000530,train,1
16004,n001100,n003488,train,1
16005,n005276,n009079,train,1
16006,n005108,n008193,train,1
16007,n008212,n006456,train,1
16008,n004621,n003214,train,0
16009,n005907,n002357,train,1
16010,n000556,n000855,train,1
16011,n008568,n000213,train,1
16012,n003637,n001930,train,1
16013,n007795,n004740,train,1
16014,n006823,n008716,train,1
16015,n006691,n004695,train,0
16016,n005277,n003784,train,0
16017,n005582,n006348,train,0
16018,n004732,n008497,train,0
16019,n000964,n009267,train,1
16020,n009073,n003846,train,1
16021,n006856,n008177,train,1
16022,n007612,n005672,train,1
16023,n006230,n003008,train,1
16024,n008349,n001502,train,1
16025,n000481,n000610,train,1
16026,n000542,n004195,train,0
16027,n000879,n005959,train,1
16028,n008605,n006158,train,1
16029,n001919,n008675,train,1
16030,n008493,n008770,train,1
16031,n005682,n002618,train,1
16032,n004878,n006071,train,1
16033,n006875,n002059,train,0
16034,n005094,n001486,train,1
16035,n004739,n003365,train,0
16036,n002977,n004286,train,1
16037,n004753,n003218,train,1
16038,n008329,n003392,train,1
16039,n001224,n001135,train,0
16040,n008507,n005041,train,1
16041,n004406,n003437,train,1
16042,n004485,n008580,train,0
16043,n009147,n007976,train,1
16044,n006193,n006103,train,1
16045,n003434,n000799,train,1
16046,n008500,n004824,train,1
16047,n006534,n002875,train,1
16048,n005624,n003088,train,1
16049,n004882,n005711,train,0
16050,n002864,n005344,train,1
16051,n008908,n001072,train,1
16052,n000602,n007437,train,1
16053,n004977,n006993,train,1
16054,n007425,n001343,train,1
16055,n004726,n001088,train,1
16056,n007355,n007301,train,1
16057,n004448,n004508,train,1
16058,n006771,n006815,train,0
16059,n004263,n005337,train,1
16060,n002136,n006016,train,1
16061,n007175,n000634,train,0
16062,n000408,n000171,train,1
16063,n000933,n004436,train,1
16064,n003207,n005164,train,0
16065,n000799,n005722,train,1
16066,n008792,n007226,train,1
16067,n008449,n005947,train,1
16068,n009027,n000139,train,1
16069,n006435,n009265,train,1
16070,n005500,n008227,train,1
16071,n001586,n008423,train,1
16072,n007617,n007796,train,1
16073,n006773,n007783,train,0
16074,n003769,n007318,train,1
16075,n002656,n006959,train,0
16076,n004732,n006598,train,1
16077,n000762,n007266,train,1
16078,n002938,n005913,train,1
16079,n008797,n001766,train,1
16080,n001900,n003169,train,1
16081,n005837,n002813,train,1
16082,n004954,n004886,train,1
16083,n006330,n008836,train,1
16084,n002045,n000843,train,0
16085,n000564,n003407,train,1
16086,n002250,n006750,train,1
16087,n009187,n008451,train,1
16088,n007484,n003735,train,0
16089,n001050,n004768,train,1
16090,n006548,n006578,train,1
16091,n008616,n000883,train,1
16092,n009062,n001767,train,1
16093,n007251,n007475,train,1
16094,n003610,n001930,train,1
16095,n004556,n002818,train,1
16096,n004704,n006154,train,0
16097,n003676,n001495,train,0
16098,n001751,n001773,train,1
16099,n008141,n002194,train,1
16100,n003358,n004565,train,1
16101,n006972,n000101,train,1
16102,n003605,n006639,train,1
16103,n001548,n000287,train,1
16104,n001312,n004102,train,1
16105,n002740,n005968,train,1
16106,n005993,n008583,train,1
16107,n005585,n000829,train,1
16108,n006496,n008795,train,1
16109,n000519,n003625,train,1
16110,n008745,n003746,train,1
16111,n008405,n007413,train,1
16112,n005094,n005229,train,1
16113,n008787,n008388,train,1
16114,n005237,n001735,train,1
16115,n003501,n002013,train,1
16116,n001727,n007765,train,1
16117,n005662,n002404,train,1
16118,n008203,n009034,train,1
16119,n001666,n005640,train,1
16120,n002649,n008393,train,1
16121,n007880,n002499,train,1
16122,n006750,n008476,train,1
16123,n007901,n003820,train,0
16124,n002149,n001889,train,1
16125,n005126,n005907,train,1
16126,n004866,n008048,train,1
16127,n000662,n003355,train,1
16128,n006293,n004111,train,1
16129,n006975,n006169,train,1
16130,n007023,n000368,train,1
16131,n007627,n002477,train,1
16132,n002506,n008508,train,1
16133,n006116,n007192,train,1
16134,n000472,n001469,train,1
16135,n008456,n006862,train,1
16136,n007425,n005432,train,1
16137,n002065,n005599,train,1
16138,n008055,n007375,train,1
16139,n003929,n004097,train,1
16140,n006771,n000996,train,1
16141,n008262,n002879,train,1
16142,n005433,n007954,train,1
16143,n002337,n003778,train,0
16144,n000669,n004572,train,0
16145,n002202,n002402,train,0
16146,n009002,n001109,train,1
16147,n002719,n008466,train,1
16148,n008383,n007967,train,0
16149,n008451,n000249,train,1
16150,n001808,n006306,train,1
16151,n002893,n008596,train,1
16152,n006668,n003227,train,1
16153,n002567,n005967,train,1
16154,n007361,n004822,train,0
16155,n002632,n001733,train,1
16156,n007701,n008569,train,0
16157,n004754,n007119,train,1
16158,n003318,n001359,train,1
16159,n003496,n005850,train,0
16160,n006330,n008562,train,1
16161,n007292,n001121,train,0
16162,n001314,n002202,train,1
16163,n003351,n001749,train,1
16164,n004344,n007006,train,1
16165,n005132,n003826,train,1
16166,n004325,n004755,train,0
16167,n003203,n006616,train,1
16168,n008792,n005847,train,1
16169,n002002,n000440,train,1
16170,n005892,n007335,train,0
16171,n001599,n005779,train,0
16172,n001633,n005044,train,1
16173,n003795,n000768,train,1
16174,n007071,n004428,train,1
16175,n005592,n006723,train,0
16176,n001522,n004238,train,1
16177,n001350,n009036,train,1
16178,n003319,n003401,train,0
16179,n009100,n000167,train,1
16180,n001854,n002864,train,1
16181,n004414,n006243,train,1
16182,n005295,n008956,train,1
16183,n004055,n009004,train,0
16184,n002806,n000843,train,0
16185,n006511,n005457,train,1
16186,n004916,n003625,train,1
16187,n001121,n006700,train,0
16188,n001072,n008585,train,1
16189,n002543,n008756,train,1
16190,n001656,n005237,train,1
16191,n008789,n000942,train,0
16192,n008721,n003497,train,1
16193,n002373,n008416,train,1
16194,n004718,n004465,train,1
16195,n008867,n007534,train,1
16196,n002719,n005445,train,1
16197,n000258,n004721,train,1
16198,n000176,n002137,train,1
16199,n008646,n004897,train,0
16200,n006244,n008721,train,1
16201,n002189,n007969,train,1
16202,n004929,n004668,train,1
16203,n001376,n008836,train,1
16204,n009012,n006930,train,1
16205,n000898,n007589,train,0
16206,n004604,n008275,train,0
16207,n001236,n007902,train,1
16208,n001018,n005884,train,1
16209,n006013,n006571,train,0
16210,n005286,n005021,train,1
16211,n004583,n004968,train,1
16212,n004785,n006148,train,1
16213,n002755,n004769,train,1
16214,n006370,n007859,train,1
16215,n007438,n007654,train,0
16216,n000101,n008738,train,1
16217,n006321,n005684,train,1
16218,n008181,n001289,train,1
16219,n006712,n007444,train,1
16220,n004917,n002521,train,1
16221,n004092,n000835,train,1
16222,n004481,n008864,train,0
16223,n008320,n003351,train,1
16224,n006937,n006468,train,1
16225,n006054,n003947,train,1
16226,n006373,n008725,train,1
16227,n002723,n005263,train,1
16228,n001157,n007007,train,0
16229,n006712,n006261,train,1
16230,n007784,n000185,train,0
16231,n004631,n007155,train,1
16232,n005057,n005021,train,0
16233,n009263,n006109,train,0
16234,n006803,n004019,train,1
16235,n007955,n004854,train,1
16236,n008964,n006584,train,1
16237,n006447,n007698,train,1
16238,n003697,n001250,train,0
16239,n003147,n002635,train,0
16240,n008138,n006889,train,1
16241,n008202,n007044,train,1
16242,n003214,n006712,train,1
16243,n007698,n005336,train,1
16244,n004508,n001595,train,1
16245,n008304,n000716,train,1
16246,n004802,n001798,train,0
16247,n008912,n001725,train,1
16248,n001463,n001782,train,1
16249,n001691,n003044,train,0
16250,n004229,n004031,train,1
16251,n001433,n008418,train,1
16252,n004602,n004279,train,1
16253,n006348,n001705,train,0
16254,n005310,n006637,train,1
16255,n007644,n006025,train,1
16256,n007194,n008273,train,0
16257,n002601,n007808,train,1
16258,n002952,n000391,train,0
16259,n002897,n006773,train,0
16260,n005132,n005200,train,1
16261,n009071,n004987,train,0
16262,n007372,n005461,train,1
16263,n006060,n001159,train,0
16264,n001749,n003657,train,1
16265,n005453,n002760,train,1
16266,n004057,n004356,train,1
16267,n001537,n006078,train,1
16268,n009187,n006109,train,1
16269,n000985,n002801,train,1
16270,n001633,n002990,train,1
16271,n004356,n004581,train,1
16272,n002483,n008388,train,1
16273,n006412,n007433,train,1
16274,n007484,n001285,train,1
16275,n008078,n003448,train,1
16276,n007628,n005532,train,1
16277,n003070,n000697,train,1
16278,n000717,n008191,train,1
16279,n002471,n001891,train,1
16280,n001164,n002708,train,1
16281,n003548,n000063,train,1
16282,n005147,n006936,train,1
16283,n009130,n006132,train,1
16284,n004368,n005608,train,1
16285,n005021,n006432,train,1
16286,n003778,n007811,train,0
16287,n008510,n002402,train,1
16288,n002237,n001728,train,1
16289,n005524,n000158,train,1
16290,n001640,n007911,train,0
16291,n007262,n006213,train,1
16292,n002985,n004036,train,1
16293,n002696,n004631,train,1
16294,n001844,n001916,train,1
16295,n002978,n008090,train,0
16296,n008551,n006846,train,1
16297,n002490,n002575,train,1
16298,n006683,n005705,train,1
16299,n000803,n008924,train,0
16300,n004162,n005235,train,1
16301,n005413,n001077,train,1
16302,n007589,n002854,train,1
16303,n004525,n004188,train,0
16304,n008516,n008173,train,0
16305,n000209,n005527,train,1
16306,n007156,n003228,train,0
16307,n004279,n007719,train,1
16308,n003853,n003720,train,1
16309,n005993,n007051,train,1
16310,n009263,n007552,train,1
16311,n001423,n008099,train,1
16312,n001239,n002485,train,1
16313,n000209,n005722,train,0
16314,n005558,n008651,train,1
16315,n002637,n000077,train,1
16316,n000381,n003278,train,1
16317,n000249,n006610,train,1
16318,n001289,n008946,train,1
16319,n000917,n004464,train,1
16320,n006464,n001957,train,0
16321,n001966,n001463,train,1
16322,n001117,n006720,train,0
16323,n003223,n000682,train,1
16324,n007982,n008093,train,0
16325,n004639,n006311,train,1
16326,n005330,n003107,train,1
16327,n007285,n007948,train,1
16328,n004084,n006382,train,1
16329,n005238,n008663,train,1
16330,n001645,n005691,train,1
16331,n004604,n003731,train,1
16332,n004509,n001920,train,1
16333,n004088,n001832,train,1
16334,n001795,n000825,train,1
16335,n003470,n004051,train,1
16336,n009005,n003826,train,1
16337,n000712,n006417,train,1
16338,n005479,n003302,train,1
16339,n006640,n008165,train,1
16340,n004161,n006836,train,1
16341,n003547,n004616,train,1
16342,n001803,n006832,train,1
16343,n007575,n005845,train,1
16344,n005674,n001164,train,1
16345,n008799,n003374,train,0
16346,n005628,n004993,train,1
16347,n001486,n007195,train,1
16348,n005195,n007706,train,1
16349,n007523,n003798,train,0
16350,n004785,n007963,train,1
16351,n000092,n001162,train,1
16352,n008759,n006293,train,1
16353,n001866,n009268,train,1
16354,n002653,n007208,train,0
16355,n002640,n002708,train,1
16356,n006161,n008798,train,1
16357,n007446,n008994,train,1
16358,n003281,n001348,train,1
16359,n008772,n007484,train,1
16360,n002059,n007502,train,1
16361,n001647,n000909,train,1
16362,n000424,n000417,train,0
16363,n006610,n003849,train,1
16364,n009265,n007311,train,1
16365,n006668,n001370,train,0
16366,n006471,n005396,train,1
16367,n008924,n003132,train,1
16368,n006648,n003290,train,1
16369,n003318,n001741,train,1
16370,n001641,n002256,train,1
16371,n002013,n006495,train,0
16372,n002353,n008346,train,1
16373,n007364,n001320,train,1
16374,n009180,n005978,train,1
16375,n001721,n000466,train,1
16376,n001814,n008947,train,0
16377,n008091,n002477,train,1
16378,n002930,n004122,train,1
16379,n008418,n004848,train,1
16380,n000682,n001738,train,1
16381,n004701,n004206,train,1
16382,n007348,n006860,train,1
16383,n003261,n009062,train,1
16384,n006842,n001462,train,1
16385,n000293,n002683,train,1
16386,n002364,n001894,train,0
16387,n005401,n001905,train,1
16388,n001119,n000116,train,1
16389,n006165,n005265,train,1
16390,n003478,n005147,train,1
16391,n005672,n006386,train,1
16392,n003360,n004549,train,1
16393,n001966,n003372,train,1
16394,n001080,n001143,train,1
16395,n002469,n000310,train,0
16396,n006163,n008776,train,1
16397,n006700,n004866,train,1
16398,n002691,n006861,train,1
16399,n006886,n001459,train,1
16400,n002759,n008547,train,1
16401,n000292,n006516,train,1
16402,n006914,n000497,train,0
16403,n001901,n007314,train,1
16404,n002902,n008072,train,1
16405,n002057,n006389,train,1
16406,n001738,n008085,train,1
16407,n005591,n003555,train,1
16408,n001897,n000748,train,0
16409,n000202,n007012,train,1
16410,n008860,n000326,train,1
16411,n006778,n004051,train,1
16412,n003493,n003704,train,1
16413,n008557,n002915,train,1
16414,n004288,n001721,train,0
16415,n004843,n001055,train,1
16416,n008759,n006049,train,0
16417,n002968,n002687,train,1
16418,n003047,n004111,train,1
16419,n001696,n007835,train,0
16420,n000057,n007006,train,1
16421,n008365,n003851,train,1
16422,n008885,n000122,train,0
16423,n001099,n000023,train,1
16424,n001315,n003068,train,1
16425,n008053,n000122,train,0
16426,n007590,n002101,train,1
16427,n006723,n001019,train,1
16428,n004866,n000307,train,1
16429,n000820,n009162,train,1
16430,n006930,n000086,train,1
16431,n002398,n006378,train,1
16432,n008745,n005697,train,1
16433,n006974,n007519,train,1
16434,n006539,n007752,train,0
16435,n007175,n000888,train,1
16436,n008881,n004683,train,1
16437,n008367,n000150,train,1
16438,n005524,n006983,train,1
16439,n005696,n004717,train,1
16440,n008516,n000899,train,1
16441,n007559,n005467,train,1
16442,n007458,n007012,train,1
16443,n008523,n000277,train,1
16444,n007223,n007502,train,1
16445,n000897,n000100,train,1
16446,n004204,n009221,train,1
16447,n006667,n007476,train,1
16448,n002437,n002425,train,0
16449,n005404,n007715,train,1
16450,n001537,n007223,train,1
16451,n006147,n001793,train,1
16452,n003027,n003308,train,1
16453,n005618,n008707,train,1
16454,n003654,n004102,train,1
16455,n001652,n005485,train,1
16456,n001263,n006036,train,0
16457,n008449,n000227,train,1
16458,n004088,n005093,train,1
16459,n007563,n007334,train,1
16460,n008487,n004476,train,1
16461,n000840,n004381,train,1
16462,n003568,n002235,train,1
16463,n008549,n005237,train,1
16464,n004095,n008461,train,0
16465,n004147,n005566,train,1
16466,n006501,n004854,train,1
16467,n004729,n008909,train,1
16468,n007614,n003331,train,1
16469,n000288,n004139,train,0
16470,n001633,n008191,train,0
16471,n007436,n005370,train,0
16472,n007311,n002567,train,0
16473,n007658,n004992,train,1
16474,n005608,n005892,train,1
16475,n001270,n004375,train,1
16476,n009186,n004242,train,1
16477,n001483,n000679,train,0
16478,n002940,n007725,train,0
16479,n005260,n008604,train,0
16480,n002951,n006831,train,0
16481,n006013,n008262,train,0
16482,n001395,n002626,train,1
16483,n007768,n007468,train,1
16484,n006958,n005868,train,0
16485,n004989,n006192,train,1
16486,n005028,n005254,train,1
16487,n005948,n000601,train,1
16488,n004266,n006191,train,1
16489,n008622,n008116,train,1
16490,n000387,n001103,train,1
16491,n004031,n002579,train,0
16492,n001309,n005743,train,1
16493,n007239,n000307,train,1
16494,n007881,n003234,train,1
16495,n001410,n000537,train,0
16496,n007524,n005859,train,1
16497,n003078,n002915,train,1
16498,n004896,n006869,train,0
16499,n001899,n009275,train,1
16500,n001087,n004285,train,0
16501,n007634,n007445,train,0
16502,n005286,n002742,train,0
16503,n004792,n006702,train,1
16504,n003021,n003270,train,1
16505,n000737,n004525,train,1
16506,n008010,n006356,train,1
16507,n008004,n002225,train,1
16508,n007986,n003166,train,1
16509,n005212,n006423,train,1
16510,n009103,n003212,train,1
16511,n001392,n008290,train,1
16512,n005585,n006612,train,1
16513,n000065,n005924,train,0
16514,n001940,n002614,train,1
16515,n001596,n007498,train,1
16516,n005840,n006830,train,1
16517,n006823,n003769,train,0
16518,n004970,n005168,train,1
16519,n003241,n001715,train,1
16520,n007850,n003972,train,1
16521,n002882,n000036,train,1
16522,n008790,n007678,train,1
16523,n000866,n000594,train,1
16524,n007967,n001733,train,1
16525,n005960,n001099,train,0
16526,n009071,n001727,train,1
16527,n008852,n005177,train,1
16528,n000134,n005942,train,1
16529,n004122,n002031,train,1
16530,n000727,n006746,train,0
16531,n004130,n002015,train,1
16532,n008514,n000673,train,1
16533,n006079,n009168,train,1
16534,n006011,n002050,train,1
16535,n008774,n003256,train,1
16536,n001350,n005350,train,1
16537,n004684,n001827,train,1
16538,n003763,n003624,train,1
16539,n001063,n000518,train,1
16540,n008512,n001378,train,1
16541,n002910,n008903,train,0
16542,n001992,n004334,train,1
16543,n003039,n005942,train,1
16544,n009077,n003956,train,0
16545,n002933,n007109,train,1
16546,n005299,n002713,train,1
16547,n008299,n007409,train,1
16548,n005436,n001674,train,1
16549,n008389,n004480,train,0
16550,n003871,n000900,train,1
16551,n003821,n002423,train,1
16552,n005900,n002713,train,1
16553,n005845,n005661,train,1
16554,n003301,n008465,train,1
16555,n000712,n001992,train,1
16556,n002652,n000102,train,1
16557,n000399,n003129,train,0
16558,n004944,n008176,train,1
16559,n006173,n009167,train,1
16560,n006990,n000132,train,1
16561,n000326,n001080,train,1
16562,n008856,n002614,train,1
16563,n004970,n001238,train,1
16564,n002161,n002412,train,0
16565,n005096,n005041,train,0
16566,n008245,n002899,train,1
16567,n000270,n001445,train,0
16568,n001263,n005548,train,0
16569,n004393,n005910,train,1
16570,n007578,n000379,train,1
16571,n002832,n002984,train,0
16572,n005944,n008681,train,1
16573,n000227,n001335,train,1
16574,n007522,n004657,train,1
16575,n006236,n009113,train,1
16576,n008289,n006102,train,1
16577,n009033,n000262,train,1
16578,n003945,n004439,train,1
16579,n002397,n001320,train,1
16580,n001252,n001599,train,0
16581,n005128,n008007,train,1
16582,n004056,n007276,train,1
16583,n004464,n007175,train,1
16584,n006995,n002202,train,1
16585,n006054,n007173,train,1
16586,n003307,n009182,train,1
16587,n005875,n006160,train,1
16588,n000910,n008506,train,0
16589,n000726,n006965,train,1
16590,n006041,n005923,train,1
16591,n008320,n007549,train,1
16592,n004370,n003222,train,0
16593,n001252,n002073,train,0
16594,n000302,n001234,train,0
16595,n008645,n001702,train,1
16596,n005293,n005810,train,1
16597,n007952,n006576,train,1
16598,n008871,n007034,train,0
16599,n001503,n007858,train,1
16600,n007079,n001198,train,0
16601,n003338,n003082,train,1
16602,n009026,n000400,train,1
16603,n009061,n005628,train,1
16604,n003498,n001422,train,1
16605,n006058,n001474,train,1
16606,n003646,n002015,train,0
16607,n004700,n000685,train,1
16608,n007285,n007431,train,1
16609,n004445,n005867,train,1
16610,n005197,n009221,train,1
16611,n005917,n001065,train,1
16612,n003413,n001469,train,1
16613,n005357,n007506,train,1
16614,n008493,n007795,train,1
16615,n006073,n002614,train,0
16616,n004882,n008792,train,1
16617,n003395,n009002,train,1
16618,n007979,n006116,train,1
16619,n003442,n001497,train,1
16620,n003924,n000647,train,1
16621,n003569,n002377,train,1
16622,n004023,n005789,train,1
16623,n008275,n003638,train,1
16624,n005400,n000408,train,1
16625,n005020,n001517,train,1
16626,n000490,n005295,train,1
16627,n005917,n004174,train,1
16628,n005845,n003502,train,1
16629,n001953,n000223,train,1
16630,n008852,n001778,train,1
16631,n005685,n007337,train,1
16632,n007409,n006417,train,0
16633,n005909,n002063,train,1
16634,n008440,n007918,train,1
16635,n004616,n001129,train,1
16636,n006822,n003985,train,0
16637,n001444,n000889,train,1
16638,n009011,n008084,train,0
16639,n000726,n004749,train,1
16640,n004146,n008771,train,1
16641,n002736,n007527,train,1
16642,n008445,n008151,train,1
16643,n002988,n004020,train,0
16644,n006049,n000825,train,1
16645,n008536,n005464,train,1
16646,n008917,n005624,train,0
16647,n003578,n001379,train,0
16648,n004330,n008476,train,1
16649,n007352,n005042,train,1
16650,n002649,n001603,train,1
16651,n004765,n007910,train,0
16652,n001994,n006464,train,1
16653,n007976,n008424,train,0
16654,n005996,n001519,train,1
16655,n004035,n001788,train,1
16656,n000574,n000955,train,0
16657,n000969,n005592,train,0
16658,n006062,n008456,train,1
16659,n000669,n005627,train,1
16660,n004963,n008790,train,0
16661,n004234,n002376,train,1
16662,n000356,n005893,train,1
16663,n002071,n007985,train,0
16664,n003630,n002328,train,0
16665,n007675,n008519,train,0
16666,n008077,n004931,train,1
16667,n002677,n004624,train,1
16668,n008231,n003470,train,0
16669,n001028,n007731,train,1
16670,n005245,n006153,train,1
16671,n003058,n005642,train,1
16672,n000443,n006198,train,1
16673,n008581,n006187,train,1
16674,n004436,n001670,train,1
16675,n005128,n001080,train,1
16676,n004438,n000710,train,1
16677,n005972,n007420,train,1
16678,n006456,n003867,train,1
16679,n000432,n007239,train,1
16680,n002860,n005445,train,1
16681,n001406,n005661,train,1
16682,n000310,n001746,train,1
16683,n001442,n007106,train,1
16684,n008857,n005614,train,1
16685,n008077,n002717,train,1
16686,n000618,n000221,train,1
16687,n007536,n002543,train,0
16688,n006382,n002146,train,1
16689,n006936,n005779,train,1
16690,n003255,n000052,train,0
16691,n006483,n005310,train,1
16692,n001853,n008681,train,1
16693,n000696,n004079,train,0
16694,n005310,n004266,train,1
16695,n009151,n008422,train,1
16696,n000347,n005128,train,1
16697,n006988,n002701,train,0
16698,n008262,n002750,train,0
16699,n000799,n002744,train,1
16700,n004139,n008640,train,1
16701,n005549,n007774,train,1
16702,n000157,n001445,train,1
16703,n007847,n008232,train,1
16704,n008772,n000905,train,0
16705,n005389,n006967,train,1
16706,n007082,n008437,train,1
16707,n006984,n001633,train,0
16708,n007366,n007894,train,0
16709,n008845,n001546,train,1
16710,n009061,n003317,train,0
16711,n007685,n005353,train,1
16712,n008513,n005087,train,0
16713,n005852,n006826,train,1
16714,n008514,n002301,train,1
16715,n005873,n003026,train,1
16716,n000490,n005739,train,0
16717,n006133,n007973,train,1
16718,n004932,n000408,train,1
16719,n002890,n000893,train,1
16720,n001497,n006870,train,1
16721,n008052,n002682,train,1
16722,n006012,n003704,train,1
16723,n008767,n003525,train,1
16724,n000511,n000144,train,1
16725,n003299,n007270,train,1
16726,n002146,n006923,train,1
16727,n005423,n004948,train,1
16728,n002478,n001423,train,1
16729,n003638,n003131,train,1
16730,n003295,n007444,train,1
16731,n007137,n004491,train,0
16732,n005479,n005475,train,1
16733,n000586,n000207,train,1
16734,n001206,n001844,train,1
16735,n000341,n000710,train,1
16736,n007488,n009055,train,1
16737,n004503,n000167,train,1
16738,n005707,n007976,train,1
16739,n001131,n000126,train,1
16740,n008114,n000290,train,1
16741,n006082,n003764,train,1
16742,n002086,n009055,train,1
16743,n007539,n003961,train,1
16744,n001991,n005900,train,0
16745,n003076,n001700,train,1
16746,n004978,n002887,train,1
16747,n000036,n004774,train,1
16748,n006112,n003685,train,1
16749,n007791,n009113,train,1
16750,n004053,n005031,train,1
16751,n001423,n002626,train,1
16752,n001180,n002520,train,1
16753,n008129,n000713,train,1
16754,n007901,n006865,train,1
16755,n006493,n000419,train,1
16756,n008432,n001917,train,1
16757,n003703,n000508,train,1
16758,n004204,n005500,train,0
16759,n008267,n007449,train,1
16760,n008798,n005284,train,1
16761,n004519,n006521,train,1
16762,n003289,n000995,train,0
16763,n006944,n003460,train,1
16764,n004890,n004667,train,0
16765,n008849,n000972,train,1
16766,n002651,n002635,train,1
16767,n006106,n007523,train,1
16768,n009057,n001148,train,1
16769,n000447,n008290,train,1
16770,n000474,n008513,train,1
16771,n006423,n000099,train,1
16772,n007831,n008283,train,1
16773,n001531,n006086,train,1
16774,n009209,n001249,train,1
16775,n008756,n001180,train,1
16776,n009026,n003180,train,1
16777,n004707,n007918,train,1
16778,n008014,n006917,train,1
16779,n004197,n004989,train,1
16780,n004964,n006842,train,1
16781,n008523,n005740,train,1
16782,n002702,n006718,train,1
16783,n008072,n006424,train,0
16784,n005867,n004941,train,1
16785,n000206,n004038,train,1
16786,n005894,n009140,train,1
16787,n006839,n002490,train,0
16788,n002922,n003859,train,0
16789,n008496,n007288,train,0
16790,n004187,n004705,train,1
16791,n005895,n000656,train,1
16792,n005471,n001336,train,1
16793,n005970,n003872,train,1
16794,n007012,n009256,train,0
16795,n006417,n007034,train,1
16796,n003572,n006662,train,1
16797,n004213,n000980,train,1
16798,n007522,n002982,train,0
16799,n006822,n002923,train,0
16800,n007503,n008814,train,1
16801,n008351,n007155,train,0
16802,n004335,n003843,train,1
16803,n005635,n002285,train,0
16804,n003315,n008851,train,1
16805,n004585,n006831,train,1
16806,n006769,n001666,train,1
16807,n008416,n006493,train,0
16808,n007933,n003407,train,1
16809,n008007,n002098,train,1
16810,n003207,n009127,train,1
16811,n004642,n002234,train,1
16812,n003421,n003278,train,1
16813,n004193,n005836,train,1
16814,n000578,n004107,train,1
16815,n003405,n006700,train,1
16816,n008605,n007084,train,1
16817,n007433,n000248,train,0
16818,n006441,n008825,train,0
16819,n007675,n007194,train,1
16820,n003395,n000995,train,1
16821,n001285,n000626,train,1
16822,n003991,n002120,train,0
16823,n006990,n004903,train,1
16824,n002326,n006921,train,1
16825,n002039,n004957,train,0
16826,n001863,n003342,train,0
16827,n001810,n000953,train,1
16828,n006610,n003350,train,0
16829,n001551,n005115,train,1
16830,n005886,n007910,train,1
16831,n002520,n008877,train,1
16832,n001267,n004713,train,1
16833,n007290,n000784,train,1
16834,n005782,n006058,train,1
16835,n003746,n002069,train,0
16836,n003895,n006724,train,1
16837,n002202,n005806,train,1
16838,n002036,n006974,train,0
16839,n007051,n002339,train,1
16840,n007796,n003818,train,0
16841,n002234,n003913,train,0
16842,n000569,n007248,train,1
16843,n007982,n008181,train,0
16844,n005870,n002521,train,1
16845,n003688,n007306,train,1
16846,n006519,n006273,train,1
16847,n005978,n007070,train,0
16848,n003469,n005643,train,1
16849,n008893,n000784,train,0
16850,n005257,n007254,train,1
16851,n006306,n000297,train,1
16852,n003657,n004618,train,1
16853,n001456,n002986,train,1
16854,n006530,n007110,train,1
16855,n008871,n001872,train,0
16856,n006170,n000057,train,1
16857,n000184,n001010,train,1
16858,n001860,n002247,train,1
16859,n001809,n002751,train,1
16860,n001312,n001628,train,1
16861,n007523,n006054,train,1
16862,n001240,n000379,train,0
16863,n000294,n001262,train,1
16864,n008979,n001904,train,1
16865,n002903,n003194,train,1
16866,n002723,n000795,train,1
16867,n002165,n000184,train,1
16868,n005442,n002235,train,1
16869,n008040,n005445,train,0
16870,n001599,n001752,train,1
16871,n004835,n004255,train,1
16872,n006199,n006314,train,1
16873,n002070,n003710,train,1
16874,n003810,n008928,train,1
16875,n005241,n005047,train,1
16876,n003457,n001666,train,1
16877,n000251,n006542,train,0
16878,n003867,n008914,train,1
16879,n006612,n003859,train,1
16880,n006254,n004684,train,1
16881,n004498,n006950,train,0
16882,n008745,n005234,train,0
16883,n002425,n004393,train,0
16884,n009256,n006636,train,1
16885,n000170,n007759,train,1
16886,n006504,n000060,train,1
16887,n002162,n007234,train,0
16888,n004525,n008289,train,1
16889,n007932,n009203,train,1
16890,n002742,n006661,train,1
16891,n003072,n006665,train,1
16892,n007172,n008994,train,1
16893,n002247,n007313,train,1
16894,n007460,n006667,train,1
16895,n000988,n007160,train,0
16896,n002644,n004977,train,1
16897,n005043,n002686,train,0
16898,n001252,n000384,train,0
16899,n006637,n005295,train,1
16900,n001666,n002485,train,1
16901,n009167,n002392,train,0
16902,n005177,n007374,train,1
16903,n005215,n007468,train,1
16904,n009198,n004675,train,0
16905,n004909,n000857,train,1
16906,n003226,n002404,train,1
16907,n003426,n002959,train,1
16908,n003803,n004802,train,0
16909,n002439,n004443,train,1
16910,n001005,n005597,train,1
16911,n005615,n003314,train,1
16912,n004492,n000090,train,1
16913,n004195,n002333,train,1
16914,n005043,n005099,train,0
16915,n006944,n000767,train,1
16916,n006386,n005461,train,1
16917,n004491,n007318,train,1
16918,n003474,n001996,train,1
16919,n006106,n002483,train,1
16920,n006528,n002812,train,1
16921,n007725,n005029,train,1
16922,n004072,n006156,train,1
16923,n003821,n007157,train,0
16924,n008021,n004626,train,0
16925,n009143,n002492,train,1
16926,n008909,n006884,train,1
16927,n006495,n000414,train,1
16928,n003895,n007564,train,1
16929,n004414,n003456,train,1
16930,n000716,n002455,train,1
16931,n006702,n008672,train,1
16932,n000420,n003845,train,0
16933,n002088,n008841,train,1
16934,n003568,n008514,train,1
16935,n002755,n000492,train,0
16936,n002710,n001859,train,1
16937,n005509,n008250,train,1
16938,n000900,n002963,train,1
16939,n004819,n000699,train,1
16940,n004406,n001246,train,1
16941,n008857,n007641,train,1
16942,n002560,n009278,train,1
16943,n008212,n009142,train,1
16944,n003815,n008881,train,1
16945,n005185,n006495,train,0
16946,n003302,n004235,train,1
16947,n006147,n008557,train,1
16948,n003869,n004942,train,0
16949,n008774,n008181,train,1
16950,n007759,n006516,train,0
16951,n001451,n007267,train,0
16952,n002926,n008545,train,1
16953,n006940,n000778,train,0
16954,n007940,n001106,train,1
16955,n005801,n000081,train,1
16956,n009097,n005918,train,1
16957,n002174,n004964,train,1
16958,n002455,n002566,train,1
16959,n005674,n002820,train,1
16960,n001863,n002670,train,1
16961,n006981,n008161,train,1
16962,n002247,n005744,train,1
16963,n006723,n008967,train,1
16964,n002607,n000227,train,1
16965,n004031,n005397,train,1
16966,n001558,n000592,train,1
16967,n001954,n005925,train,1
16968,n004095,n001780,train,1
16969,n004671,n005259,train,1
16970,n008782,n002698,train,1
16971,n005119,n009024,train,1
16972,n004667,n008365,train,1
16973,n000479,n002152,train,1
16974,n005518,n000347,train,1
16975,n002094,n008568,train,0
16976,n006447,n006658,train,1
16977,n006006,n006658,train,0
16978,n001363,n000699,train,1
16979,n005463,n000737,train,1
16980,n000713,n001716,train,0
16981,n003143,n009182,train,1
16982,n006261,n007343,train,1
16983,n000743,n003147,train,1
16984,n005828,n003463,train,1
16985,n002220,n007295,train,1
16986,n000590,n003227,train,1
16987,n008173,n007837,train,1
16988,n006286,n005436,train,1
16989,n007752,n004680,train,1
16990,n004155,n005164,train,1
16991,n000491,n002525,train,1
16992,n007992,n003637,train,1
16993,n000063,n005766,train,1
16994,n001705,n008902,train,1
16995,n000845,n006330,train,1
16996,n008587,n000916,train,1
16997,n001904,n004717,train,1
16998,n001953,n007411,train,0
16999,n001168,n003731,train,1
17000,n006983,n001331,train,0
17001,n007792,n001728,train,1
17002,n003082,n001503,train,1
17003,n002795,n001295,train,1
17004,n007115,n001272,train,1
17005,n007607,n008756,train,0
17006,n000296,n001026,train,1
17007,n003972,n004467,train,1
17008,n008365,n004573,train,0
17009,n009267,n008389,train,1
17010,n004036,n009258,train,1
17011,n001705,n009272,train,1
17012,n004044,n006761,train,1
17013,n008709,n008083,train,1
17014,n001442,n005669,train,1
17015,n006265,n006984,train,0
17016,n004385,n009036,train,1
17017,n001280,n003284,train,1
17018,n002045,n007674,train,1
17019,n004561,n009133,train,1
17020,n004741,n000126,train,1
17021,n000662,n008709,train,1
17022,n000784,n005400,train,1
17023,n006236,n000483,train,1
17024,n004876,n004853,train,1
17025,n004589,n006502,train,0
17026,n002337,n007706,train,1
17027,n007277,n003018,train,1
17028,n003697,n001998,train,0
17029,n003860,n008493,train,1
17030,n006869,n004516,train,1
17031,n006083,n006807,train,1
17032,n003736,n009249,train,0
17033,n001776,n000113,train,0
17034,n008472,n001695,train,1
17035,n004381,n000893,train,0
17036,n007257,n006722,train,0
17037,n007712,n005625,train,0
17038,n000113,n000340,train,1
17039,n000488,n005416,train,1
17040,n008268,n006226,train,1
17041,n003597,n007353,train,1
17042,n008287,n002616,train,1
17043,n003683,n000529,train,1
17044,n006688,n003222,train,1
17045,n007769,n000904,train,1
17046,n008241,n002933,train,1
17047,n007557,n000605,train,1
17048,n006311,n002450,train,1
17049,n004111,n006455,train,0
17050,n005767,n001818,train,1
17051,n006306,n003923,train,1
17052,n002598,n000619,train,1
17053,n008947,n006847,train,1
17054,n002879,n006009,train,1
17055,n004887,n003228,train,1
17056,n006341,n003852,train,1
17057,n008700,n000333,train,1
17058,n002514,n000065,train,1
17059,n004964,n005860,train,1
17060,n007263,n005397,train,0
17061,n002705,n003999,train,1
17062,n002847,n001456,train,1
17063,n006649,n009098,train,1
17064,n001577,n004970,train,1
17065,n007095,n002732,train,0
17066,n006778,n002759,train,0
17067,n003966,n002778,train,1
17068,n008596,n002065,train,1
17069,n002455,n005182,train,1
17070,n003502,n009082,train,0
17071,n008006,n006367,train,0
17072,n005260,n005811,train,1
17073,n004182,n009221,train,1
17074,n003173,n004593,train,1
17075,n004684,n007331,train,1
17076,n006153,n001161,train,1
17077,n006847,n000712,train,1
17078,n002785,n004048,train,1
17079,n005186,n005295,train,1
17080,n000507,n008604,train,1
17081,n007722,n001289,train,1
17082,n006946,n003346,train,1
17083,n007321,n007285,train,1
17084,n006857,n006417,train,1
17085,n002220,n003049,train,1
17086,n005176,n007815,train,1
17087,n004832,n005724,train,1
17088,n003157,n007442,train,1
17089,n008476,n008329,train,1
17090,n003910,n004332,train,1
17091,n006734,n001740,train,1
17092,n008562,n000124,train,1
17093,n008400,n006066,train,1
17094,n008767,n004584,train,1
17095,n003076,n001619,train,1
17096,n000126,n001347,train,1
17097,n008711,n006791,train,0
17098,n008505,n003645,train,1
17099,n003646,n002283,train,1
17100,n000829,n001359,train,1
17101,n007200,n002615,train,1
17102,n006867,n009245,train,1
17103,n004617,n001267,train,1
17104,n003706,n001609,train,1
17105,n001889,n008330,train,1
17106,n005893,n002967,train,0
17107,n006709,n006804,train,1
17108,n003421,n003969,train,1
17109,n004624,n006506,train,1
17110,n003312,n005889,train,1
17111,n007117,n003923,train,0
17112,n003605,n008112,train,0
17113,n003481,n003871,train,1
17114,n000532,n005684,train,1
17115,n005215,n004567,train,1
17116,n009099,n007859,train,1
17117,n007608,n005467,train,1
17118,n007002,n008017,train,1
17119,n008072,n003880,train,1
17120,n007294,n005609,train,1
17121,n002092,n004754,train,1
17122,n006966,n006047,train,1
17123,n001539,n000573,train,1
17124,n007551,n007506,train,1
17125,n000461,n006856,train,1
17126,n001940,n008850,train,1
17127,n002759,n007902,train,1
17128,n009187,n002099,train,1
17129,n000368,n001423,train,0
17130,n005223,n006112,train,1
17131,n000021,n005053,train,1
17132,n004992,n008416,train,1
17133,n008901,n000399,train,0
17134,n000569,n007521,train,1
17135,n000829,n008174,train,1
17136,n001231,n004020,train,1
17137,n004457,n001078,train,1
17138,n000808,n009056,train,0
17139,n004657,n000999,train,1
17140,n006629,n003787,train,1
17141,n004944,n003196,train,1
17142,n008364,n009005,train,1
17143,n002918,n006324,train,1
17144,n000113,n001194,train,0
17145,n000933,n000795,train,0
17146,n007328,n001694,train,1
17147,n009127,n006895,train,1
17148,n007963,n002394,train,1
17149,n008050,n008748,train,1
17150,n008560,n001589,train,0
17151,n007959,n001578,train,1
17152,n000728,n009011,train,1
17153,n007208,n002755,train,1
17154,n001180,n007504,train,0
17155,n000309,n005643,train,1
17156,n001227,n005458,train,0
17157,n005322,n003546,train,1
17158,n007110,n000748,train,1
17159,n008849,n006432,train,0
17160,n006705,n002068,train,1
17161,n009067,n005400,train,1
17162,n007380,n005177,train,1
17163,n002397,n003517,train,1
17164,n008606,n001229,train,1
17165,n005466,n000804,train,1
17166,n003871,n006872,train,1
17167,n006672,n007132,train,1
17168,n008409,n005624,train,0
17169,n006649,n001349,train,1
17170,n003622,n004130,train,0
17171,n004456,n001640,train,0
17172,n003755,n008527,train,1
17173,n002045,n007352,train,1
17174,n005769,n007079,train,1
17175,n004962,n008232,train,1
17176,n005729,n000414,train,1
17177,n003672,n004993,train,1
17178,n001799,n006491,train,1
17179,n000660,n004057,train,1
17180,n007057,n000374,train,1
17181,n005200,n006789,train,1
17182,n007565,n005876,train,1
17183,n008356,n005611,train,1
17184,n004040,n007824,train,1
17185,n006075,n000430,train,1
17186,n000361,n008144,train,0
17187,n001015,n007037,train,1
17188,n008611,n009135,train,1
17189,n005353,n007716,train,0
17190,n001254,n002092,train,1
17191,n006690,n005910,train,1
17192,n002795,n009046,train,0
17193,n001666,n007811,train,1
17194,n008675,n008807,train,1
17195,n003341,n007565,train,1
17196,n000419,n005682,train,1
17197,n001945,n000418,train,1
17198,n006073,n002115,train,1
17199,n007074,n004567,train,0
17200,n008708,n007094,train,1
17201,n005790,n001981,train,0
17202,n007130,n006127,train,1
17203,n002594,n000012,train,1
17204,n002862,n000193,train,0
17205,n002234,n001638,train,1
17206,n006690,n008540,train,0
17207,n007272,n008544,train,1
17208,n006725,n000141,train,1
17209,n003429,n008230,train,1
17210,n000027,n003790,train,1
17211,n001126,n001083,train,0
17212,n001315,n004894,train,1
17213,n007825,n001803,train,1
17214,n004457,n000969,train,1
17215,n000969,n005407,train,1
17216,n008897,n006036,train,1
17217,n003363,n002552,train,1
17218,n000521,n009070,train,1
17219,n009006,n002653,train,1
17220,n002682,n004475,train,0
17221,n003036,n005066,train,1
17222,n000642,n006110,train,1
17223,n004095,n008697,train,1
17224,n000934,n001760,train,1
17225,n004286,n004475,train,1
17226,n001932,n004495,train,1
17227,n003720,n008568,train,1
17228,n002169,n001346,train,1
17229,n001575,n006823,train,1
17230,n007647,n000321,train,1
17231,n003966,n005782,train,1
17232,n000737,n004093,train,0
17233,n003171,n004978,train,1
17234,n004832,n000908,train,1
17235,n003394,n000293,train,1
17236,n003956,n003041,train,0
17237,n009094,n002461,train,1
17238,n008103,n005886,train,1
17239,n000710,n005115,train,0
17240,n006884,n007789,train,1
17241,n006193,n007255,train,1
17242,n002837,n007044,train,1
17243,n008364,n000938,train,0
17244,n004360,n007866,train,1
17245,n001575,n005028,train,1
17246,n009070,n007264,train,1
17247,n001914,n008273,train,1
17248,n002358,n008851,train,1
17249,n007017,n006726,train,1
17250,n001312,n009125,train,1
17251,n006254,n003113,train,1
17252,n005673,n007521,train,1
17253,n008587,n002592,train,1
17254,n001856,n002189,train,1
17255,n006819,n006209,train,1
17256,n006086,n005066,train,1
17257,n002497,n003672,train,1
17258,n005418,n000282,train,1
17259,n007641,n001456,train,1
17260,n003073,n001281,train,1
17261,n001267,n001245,train,1
17262,n004012,n002143,train,1
17263,n001280,n005757,train,0
17264,n003483,n006248,train,0
17265,n005782,n006846,train,1
17266,n000699,n007888,train,1
17267,n008625,n008531,train,0
17268,n003691,n005622,train,1
17269,n006792,n008356,train,1
17270,n006444,n003795,train,1
17271,n008409,n000808,train,0
17272,n003055,n008774,train,1
17273,n007701,n001644,train,0
17274,n001663,n008203,train,1
17275,n008954,n006683,train,1
17276,n002353,n001343,train,1
17277,n003669,n003212,train,1
17278,n004562,n000252,train,0
17279,n005711,n000849,train,0
17280,n005852,n007901,train,1
17281,n000981,n004032,train,0
17282,n008170,n000489,train,1
17283,n008757,n004992,train,1
17284,n000111,n003085,train,1
17285,n008799,n001053,train,1
17286,n003848,n004974,train,1
17287,n009186,n004419,train,1
17288,n007351,n008902,train,1
17289,n001940,n005298,train,1
17290,n007044,n004773,train,0
17291,n003136,n005388,train,1
17292,n005682,n003350,train,0
17293,n008409,n005287,train,0
17294,n008220,n006516,train,1
17295,n006792,n000400,train,1
17296,n009038,n006707,train,1
17297,n004255,n000191,train,1
17298,n009272,n007311,train,1
17299,n008667,n005082,train,1
17300,n006941,n005397,train,1
17301,n006637,n000215,train,0
17302,n008925,n000249,train,1
17303,n002478,n001487,train,0
17304,n006016,n006374,train,1
17305,n000151,n007940,train,1
17306,n003392,n005909,train,0
17307,n002523,n005509,train,1
17308,n002187,n008917,train,0
17309,n006516,n006576,train,1
17310,n004320,n003169,train,1
17311,n006967,n006822,train,0
17312,n003740,n003941,train,1
17313,n004229,n007328,train,1
17314,n000488,n003768,train,1
17315,n000576,n000613,train,1
17316,n007702,n006819,train,0
17317,n005087,n008908,train,1
17318,n008423,n008695,train,1
17319,n004910,n000724,train,1
17320,n008156,n008323,train,1
17321,n005180,n000613,train,1
17322,n006612,n004833,train,1
17323,n007574,n002130,train,1
17324,n006998,n007808,train,1
17325,n007812,n003989,train,1
17326,n005363,n001260,train,1
17327,n003314,n006948,train,1
17328,n004376,n001410,train,1
17329,n006747,n005625,train,1
17330,n007271,n001011,train,1
17331,n008748,n005597,train,0
17332,n008219,n001897,train,1
17333,n000370,n005699,train,1
17334,n006016,n003284,train,0
17335,n005336,n000220,train,0
17336,n008116,n006856,train,1
17337,n007016,n003284,train,1
17338,n008088,n004718,train,1
17339,n008500,n000346,train,0
17340,n009050,n002049,train,1
17341,n000917,n003051,train,1
17342,n006926,n000920,train,0
17343,n000027,n002299,train,1
17344,n002188,n005409,train,1
17345,n008969,n002497,train,1
17346,n003877,n002971,train,1
17347,n009134,n003341,train,0
17348,n003916,n002237,train,1
17349,n003710,n000299,train,1
17350,n005485,n000920,train,1
17351,n006847,n009253,train,1
17352,n000954,n006527,train,1
17353,n009210,n001130,train,0
17354,n004931,n005742,train,1
17355,n003538,n008130,train,1
17356,n002930,n003347,train,1
17357,n000051,n006102,train,0
17358,n007411,n006488,train,1
17359,n001824,n001818,train,1
17360,n008872,n001866,train,1
17361,n003347,n006083,train,0
17362,n003994,n003434,train,1
17363,n005984,n001409,train,1
17364,n004203,n002194,train,1
17365,n001899,n002143,train,1
17366,n006709,n002293,train,1
17367,n000919,n009079,train,0
17368,n008437,n004361,train,1
17369,n008187,n005215,train,1
17370,n006057,n008006,train,1
17371,n007106,n003435,train,1
17372,n006219,n000134,train,1
17373,n007016,n003223,train,0
17374,n006855,n007777,train,1
17375,n005460,n008902,train,0
17376,n001818,n005584,train,1
17377,n002989,n008877,train,1
17378,n004494,n002940,train,1
17379,n000682,n008490,train,1
17380,n006078,n000442,train,1
17381,n001848,n008820,train,1
17382,n004176,n005267,train,1
17383,n004090,n002086,train,1
17384,n000995,n003416,train,0
17385,n005930,n001121,train,1
17386,n004516,n001128,train,1
17387,n000221,n007640,train,1
17388,n000027,n007283,train,1
17389,n003425,n003950,train,1
17390,n006718,n008788,train,0
17391,n007155,n000518,train,1
17392,n002205,n004655,train,0
17393,n000407,n004513,train,1
17394,n000443,n002187,train,1
17395,n001950,n004642,train,1
17396,n006908,n000646,train,1
17397,n006900,n006370,train,1
17398,n004760,n005500,train,1
17399,n001917,n004610,train,1
17400,n003494,n002118,train,1
17401,n003994,n002897,train,0
17402,n003319,n000062,train,1
17403,n005913,n000508,train,1
17404,n009027,n001148,train,1
17405,n001410,n002598,train,0
17406,n001724,n002036,train,1
17407,n005678,n006219,train,0
17408,n000573,n007236,train,1
17409,n007343,n002127,train,1
17410,n005879,n005047,train,1
17411,n008870,n008611,train,1
17412,n006110,n006539,train,1
17413,n007375,n001686,train,1
17414,n007212,n008336,train,1
17415,n000556,n008994,train,1
17416,n003541,n006506,train,1
17417,n000287,n001788,train,1
17418,n007768,n008072,train,1
17419,n006584,n001891,train,1
17420,n005785,n007941,train,1
17421,n004481,n006870,train,0
17422,n008589,n007481,train,1
17423,n000074,n008255,train,1
17424,n007952,n007764,train,1
17425,n008165,n005376,train,0
17426,n007457,n001738,train,1
17427,n003669,n006323,train,1
17428,n000887,n000518,train,0
17429,n000776,n004680,train,1
17430,n003099,n002116,train,1
17431,n001662,n003941,train,1
17432,n001615,n004701,train,1
17433,n006598,n007667,train,1
17434,n003504,n005503,train,1
17435,n005754,n003113,train,1
17436,n005892,n004360,train,1
17437,n004951,n002615,train,1
17438,n001463,n003267,train,1
17439,n008293,n007348,train,1
17440,n005402,n000333,train,0
17441,n004500,n006378,train,1
17442,n001964,n002720,train,1
17443,n005305,n004297,train,1
17444,n001723,n000081,train,1
17445,n003906,n004222,train,1
17446,n002229,n006311,train,1
17447,n006694,n005386,train,0
17448,n007373,n007257,train,1
17449,n002229,n000871,train,1
17450,n003907,n002700,train,1
17451,n002095,n006899,train,1
17452,n007451,n002492,train,1
17453,n007825,n004457,train,1
17454,n002377,n003082,train,1
17455,n004399,n003637,train,1
17456,n006338,n003254,train,1
17457,n005406,n006981,train,1
17458,n002662,n003853,train,1
17459,n004378,n005789,train,1
17460,n006505,n002697,train,1
17461,n001724,n003334,train,0
17462,n007520,n008336,train,1
17463,n000620,n000788,train,1
17464,n000224,n000204,train,1
17465,n003929,n000969,train,1
17466,n008668,n005731,train,1
17467,n007911,n004943,train,1
17468,n005847,n000277,train,1
17469,n006194,n003853,train,1
17470,n001378,n005269,train,1
17471,n001701,n000602,train,0
17472,n001946,n008721,train,1
17473,n008262,n001011,train,1
17474,n008217,n003385,train,1
17475,n000570,n001269,train,0
17476,n005138,n003049,train,1
17477,n005879,n006575,train,1
17478,n003968,n005697,train,0
17479,n002837,n004314,train,1
17480,n002187,n000374,train,1
17481,n005028,n002651,train,1
17482,n007282,n003852,train,1
17483,n005336,n003302,train,1
17484,n006845,n006662,train,1
17485,n004053,n004647,train,1
17486,n007306,n006171,train,0
17487,n005362,n000820,train,1
17488,n008214,n002921,train,1
17489,n007621,n008048,train,0
17490,n007975,n007607,train,1
17491,n005042,n002874,train,1
17492,n008574,n002716,train,0
17493,n004959,n008714,train,1
17494,n000915,n008141,train,1
17495,n005400,n001716,train,1
17496,n003976,n004286,train,1
17497,n006511,n008490,train,1
17498,n007122,n006817,train,1
17499,n000466,n002575,train,1
17500,n001539,n006519,train,0
17501,n002526,n004508,train,0
17502,n000102,n005016,train,1
17503,n005094,n001445,train,1
17504,n001376,n006265,train,1
17505,n002895,n008605,train,1
17506,n006609,n000104,train,1
17507,n006979,n001686,train,1
17508,n005433,n002632,train,1
17509,n004960,n004943,train,1
17510,n001185,n001315,train,1
17511,n000367,n003267,train,0
17512,n005807,n007992,train,1
17513,n007784,n008892,train,1
17514,n002632,n006078,train,0
17515,n001089,n003048,train,1
17516,n003852,n002061,train,1
17517,n000895,n001741,train,1
17518,n009057,n001148,train,0
17519,n004244,n006170,train,0
17520,n002682,n006803,train,1
17521,n006148,n007722,train,1
17522,n001633,n000784,train,0
17523,n003620,n000405,train,0
17524,n009255,n002698,train,0
17525,n003291,n006736,train,1
17526,n000620,n002323,train,1
17527,n006389,n002287,train,1
17528,n002444,n002390,train,1
17529,n007550,n001512,train,1
17530,n001331,n007789,train,1
17531,n000028,n006563,train,1
17532,n005464,n001537,train,0
17533,n003336,n004176,train,1
17534,n006276,n001914,train,1
17535,n006862,n008462,train,1
17536,n006455,n000999,train,1
17537,n009004,n003216,train,1
17538,n006432,n000287,train,1
17539,n004228,n004941,train,1
17540,n000552,n001753,train,0
17541,n003520,n004987,train,1
17542,n008531,n000994,train,1
17543,n007567,n005987,train,1
17544,n002893,n001308,train,0
17545,n001509,n001701,train,1
17546,n005439,n002875,train,0
17547,n006750,n001430,train,1
17548,n002059,n000262,train,1
17549,n004954,n007327,train,1
17550,n007835,n004753,train,1
17551,n002052,n004321,train,1
17552,n006242,n002742,train,1
17553,n007426,n001895,train,1
17554,n005944,n004122,train,1
17555,n000586,n006724,train,0
17556,n004829,n001753,train,1
17557,n005944,n002976,train,0
17558,n001509,n005126,train,1
17559,n006262,n000046,train,1
17560,n004309,n000804,train,1
17561,n001281,n001916,train,1
17562,n001594,n002948,train,1
17563,n000711,n008446,train,1
17564,n006161,n001473,train,1
17565,n002395,n009076,train,1
17566,n001919,n001185,train,1
17567,n001198,n007507,train,1
17568,n000561,n009121,train,1
17569,n008151,n003569,train,1
17570,n002720,n004527,train,0
17571,n001033,n004998,train,1
17572,n008851,n001165,train,0
17573,n003941,n007450,train,0
17574,n001086,n006742,train,1
17575,n008330,n009147,train,1
17576,n004973,n000292,train,1
17577,n008309,n005848,train,1
17578,n000385,n007818,train,1
17579,n008483,n006338,train,1
17580,n008740,n003683,train,0
17581,n001129,n001051,train,1
17582,n009204,n008088,train,0
17583,n002923,n003002,train,1
17584,n005553,n001232,train,1
17585,n005428,n006025,train,1
17586,n004732,n003355,train,1
17587,n006223,n007976,train,1
17588,n005662,n009127,train,1
17589,n003227,n006171,train,1
17590,n003790,n006169,train,0
17591,n001937,n008181,train,1
17592,n002292,n008950,train,1
17593,n009261,n006448,train,1
17594,n002388,n008633,train,1
17595,n002702,n002695,train,1
17596,n002938,n001654,train,0
17597,n007974,n000536,train,1
17598,n005948,n002888,train,1
17599,n008769,n005870,train,1
17600,n003504,n006622,train,1
17601,n005538,n005126,train,1
17602,n000414,n001882,train,1
17603,n000031,n006249,train,1
17604,n002379,n004484,train,0
17605,n005097,n006408,train,1
17606,n001746,n003270,train,1
17607,n008551,n007223,train,1
17608,n003845,n001723,train,1
17609,n000995,n005228,train,1
17610,n000978,n001592,train,1
17611,n001502,n006088,train,1
17612,n000167,n006948,train,1
17613,n008939,n003105,train,1
17614,n003731,n008365,train,1
17615,n005401,n000442,train,1
17616,n002446,n007641,train,1
17617,n000193,n008547,train,1
17618,n008226,n008600,train,1
17619,n003844,n000232,train,1
17620,n008185,n005897,train,1
17621,n005029,n005508,train,1
17622,n007122,n006816,train,1
17623,n001469,n007991,train,1
17624,n000454,n004174,train,1
17625,n003312,n000490,train,1
17626,n001209,n003921,train,1
17627,n005042,n006618,train,1
17628,n004314,n005021,train,0
17629,n008585,n007270,train,1
17630,n008038,n004055,train,1
17631,n000299,n005370,train,0
17632,n000573,n004503,train,1
17633,n000424,n004107,train,0
17634,n004534,n008368,train,1
17635,n004321,n000185,train,1
17636,n008974,n002830,train,1
17637,n002870,n001738,train,1
17638,n006917,n008867,train,0
17639,n000062,n007028,train,1
17640,n001915,n006974,train,0
17641,n008757,n006769,train,0
17642,n000601,n002377,train,1
17643,n003218,n006374,train,0
17644,n007540,n006303,train,1
17645,n006946,n003871,train,1
17646,n000538,n003389,train,1
17647,n006263,n004042,train,1
17648,n007519,n005185,train,1
17649,n000368,n008248,train,1
17650,n008743,n002598,train,1
17651,n005722,n004230,train,1
17652,n003764,n002358,train,1
17653,n005996,n007375,train,1
17654,n004646,n000172,train,1
17655,n003774,n002922,train,1
17656,n001863,n006733,train,1
17657,n003046,n004701,train,1
17658,n008602,n008873,train,1
17659,n005609,n008736,train,1
17660,n009016,n008336,train,1
17661,n000896,n004749,train,0
17662,n005767,n002116,train,1
17663,n002259,n003041,train,1
17664,n000882,n004978,train,1
17665,n001796,n006102,train,0
17666,n004962,n007250,train,1
17667,n000292,n008165,train,0
17668,n001578,n003078,train,0
17669,n006329,n000904,train,0
17670,n001529,n006150,train,0
17671,n000843,n002622,train,1
17672,n005638,n000090,train,0
17673,n002901,n001872,train,0
17674,n000447,n006076,train,1
17675,n008353,n007922,train,1
17676,n006635,n000407,train,1
17677,n001863,n002677,train,1
17678,n008849,n002612,train,1
17679,n002247,n004100,train,1
17680,n005083,n005047,train,0
17681,n006838,n006573,train,0
17682,n008902,n006884,train,1
17683,n003158,n000953,train,1
17684,n005900,n000988,train,1
17685,n002558,n002940,train,1
17686,n006252,n007475,train,1
17687,n000843,n000778,train,0
17688,n001117,n003158,train,0
17689,n007347,n001297,train,1
17690,n000134,n003494,train,1
17691,n006091,n006723,train,1
17692,n001110,n008114,train,1
17693,n000903,n003197,train,1
17694,n004670,n001549,train,1
17695,n004626,n007794,train,1
17696,n002360,n001630,train,1
17697,n005869,n006649,train,1
17698,n004385,n006771,train,1
17699,n007413,n008297,train,1
17700,n007785,n005485,train,1
17701,n006666,n001463,train,0
17702,n008281,n000432,train,1
17703,n006750,n004794,train,1
17704,n004593,n000824,train,1
17705,n000230,n004441,train,0
17706,n006424,n005361,train,1
17707,n006777,n002383,train,1
17708,n004459,n002526,train,1
17709,n008356,n003002,train,0
17710,n008865,n006239,train,0
17711,n004969,n000896,train,1
17712,n008980,n001549,train,0
17713,n001700,n000109,train,1
17714,n006974,n005314,train,1
17715,n002962,n000152,train,1
17716,n002194,n001764,train,0
17717,n001050,n006323,train,1
17718,n001930,n008219,train,1
17719,n002633,n004367,train,0
17720,n006813,n005702,train,1
17721,n005244,n009181,train,1
17722,n000400,n008522,train,1
17723,n002259,n001993,train,1
17724,n003433,n008133,train,1
17725,n004332,n004297,train,0
17726,n001138,n001335,train,1
17727,n002997,n007536,train,1
17728,n006305,n005138,train,1
17729,n008320,n003956,train,1
17730,n000113,n000749,train,1
17731,n008499,n007270,train,1
17732,n000299,n005028,train,1
17733,n003844,n008550,train,1
17734,n005453,n001957,train,1
17735,n002923,n006425,train,0
17736,n001121,n003060,train,1
17737,n004383,n003139,train,1
17738,n005093,n007687,train,1
17739,n005534,n007140,train,0
17740,n000847,n003270,train,1
17741,n003825,n000128,train,1
17742,n001382,n003828,train,0
17743,n003173,n002663,train,0
17744,n000955,n002397,train,1
17745,n003984,n007565,train,1
17746,n006981,n006447,train,1
17747,n003825,n002459,train,1
17748,n004442,n003828,train,1
17749,n006464,n005255,train,1
17750,n008048,n002532,train,0
17751,n006921,n007450,train,1
17752,n000300,n008103,train,0
17753,n006379,n007295,train,1
17754,n007283,n007991,train,1
17755,n002235,n006158,train,0
17756,n007539,n006262,train,1
17757,n008103,n006387,train,1
17758,n005972,n005390,train,1
17759,n000969,n003333,train,1
17760,n007157,n001260,train,1
17761,n005275,n005810,train,1
17762,n006330,n006094,train,1
17763,n006609,n005985,train,1
17764,n005773,n001901,train,1
17765,n005275,n001116,train,1
17766,n008294,n006493,train,1
17767,n006313,n003105,train,0
17768,n000757,n000909,train,1
17769,n006438,n009246,train,0
17770,n005934,n000530,train,1
17771,n002326,n003314,train,1
17772,n001641,n005485,train,0
17773,n000399,n003425,train,1
17774,n002805,n005025,train,0
17775,n001451,n008645,train,1
17776,n005215,n004886,train,1
17777,n008736,n004804,train,1
17778,n005614,n003091,train,0
17779,n005591,n002676,train,1
17780,n006865,n000366,train,1
17781,n000673,n002365,train,1
17782,n001574,n007392,train,1
17783,n001905,n001487,train,1
17784,n000909,n000051,train,1
17785,n002447,n009094,train,1
17786,n005177,n002860,train,0
17787,n005859,n002360,train,1
17788,n007717,n004707,train,1
17789,n000124,n003860,train,1
17790,n003614,n008694,train,1
17791,n009043,n006683,train,1
17792,n005894,n008499,train,1
17793,n006041,n003469,train,1
17794,n006519,n007468,train,0
17795,n002189,n001885,train,1
17796,n007568,n003226,train,1
17797,n005848,n007757,train,0
17798,n008065,n002291,train,0
17799,n002589,n006477,train,1
17800,n002990,n007565,train,0
17801,n005241,n009069,train,1
17802,n004093,n001533,train,1
17803,n006792,n007106,train,0
17804,n006820,n001055,train,1
17805,n006667,n007177,train,0
17806,n005532,n003838,train,1
17807,n008947,n000776,train,1
17808,n007632,n002632,train,0
17809,n006720,n008040,train,1
17810,n004168,n003434,train,1
17811,n004963,n000466,train,1
17812,n008193,n009027,train,1
17813,n004505,n001957,train,1
17814,n005767,n002313,train,1
17815,n001974,n002820,train,1
17816,n005246,n003347,train,0
17817,n004367,n008228,train,1
17818,n000847,n003755,train,1
17819,n002813,n008184,train,1
17820,n002469,n006697,train,0
17821,n005032,n007644,train,1
17822,n004902,n002490,train,1
17823,n003918,n001015,train,0
17824,n000267,n003718,train,1
17825,n008504,n007071,train,1
17826,n009142,n006441,train,1
17827,n002801,n004736,train,1
17828,n002471,n004932,train,1
17829,n001773,n008386,train,1
17830,n001086,n003837,train,1
17831,n004096,n006359,train,1
17832,n001471,n002755,train,1
17833,n006965,n005697,train,1
17834,n008021,n001528,train,1
17835,n001803,n001063,train,0
17836,n006308,n006832,train,1
17837,n005948,n009198,train,1
17838,n003310,n005869,train,1
17839,n000124,n007543,train,1
17840,n002644,n004959,train,1
17841,n007963,n008217,train,1
17842,n008226,n001760,train,1
17843,n004232,n002683,train,1
17844,n004198,n005369,train,1
17845,n005460,n000960,train,1
17846,n002240,n006083,train,1
17847,n002677,n006869,train,0
17848,n007333,n005256,train,0
17849,n009260,n005522,train,1
17850,n001858,n008197,train,1
17851,n004481,n003380,train,1
17852,n004055,n007539,train,1
17853,n001109,n004188,train,1
17854,n004201,n005392,train,1
17855,n007409,n001994,train,1
17856,n008838,n004616,train,1
17857,n008207,n000556,train,1
17858,n009025,n006618,train,1
17859,n005617,n006243,train,0
17860,n001578,n003872,train,1
17861,n001713,n008397,train,1
17862,n007226,n005364,train,1
17863,n003774,n000038,train,1
17864,n004581,n008759,train,1
17865,n006552,n005461,train,1
17866,n006073,n007993,train,1
17867,n008406,n001491,train,1
17868,n006717,n008356,train,1
17869,n001082,n000191,train,1
17870,n006742,n008165,train,1
17871,n007881,n004621,train,1
17872,n001557,n007640,train,1
17873,n006948,n006705,train,1
17874,n006490,n008872,train,0
17875,n004832,n005816,train,1
17876,n006082,n001533,train,1
17877,n001993,n005817,train,1
17878,n001070,n003247,train,1
17879,n000644,n000537,train,1
17880,n003036,n009006,train,1
17881,n003036,n008388,train,1
17882,n001105,n004267,train,1
17883,n003372,n002870,train,1
17884,n000064,n002047,train,1
17885,n003909,n001320,train,1
17886,n007054,n006578,train,1
17887,n001865,n004570,train,1
17888,n000300,n001413,train,1
17889,n002226,n000352,train,1
17890,n000489,n002835,train,1
17891,n000602,n000728,train,1
17892,n008600,n003948,train,1
17893,n004133,n001131,train,1
17894,n003242,n001569,train,0
17895,n000176,n000548,train,1
17896,n002305,n005286,train,1
17897,n004867,n008723,train,1
17898,n000191,n006583,train,1
17899,n007824,n005739,train,1
17900,n000143,n001631,train,1
17901,n006750,n000927,train,1
17902,n001754,n002117,train,1
17903,n005395,n006521,train,1
17904,n007585,n005246,train,1
17905,n000232,n008749,train,1
17906,n005779,n003670,train,1
17907,n007297,n007993,train,1
17908,n006477,n008585,train,0
17909,n004465,n005407,train,1
17910,n007966,n004849,train,1
17911,n001298,n000660,train,1
17912,n005096,n007445,train,1
17913,n005119,n008418,train,1
17914,n004909,n004040,train,1
17915,n004718,n001640,train,1
17916,n008096,n003746,train,1
17917,n004426,n009255,train,1
17918,n001423,n002428,train,1
17919,n000393,n005789,train,1
17920,n008581,n004361,train,0
17921,n004164,n008333,train,1
17922,n002189,n004213,train,1
17923,n000976,n005685,train,1
17924,n004832,n005093,train,1
17925,n006804,n005150,train,1
17926,n004637,n007029,train,1
17927,n000737,n001518,train,1
17928,n001159,n008395,train,1
17929,n006872,n006847,train,1
17930,n005469,n000893,train,1
17931,n007430,n008281,train,1
17932,n000996,n004623,train,1
17933,n003323,n005200,train,0
17934,n008398,n000463,train,0
17935,n007151,n004133,train,1
17936,n003581,n005893,train,1
17937,n004133,n003433,train,0
17938,n003947,n001491,train,1
17939,n003956,n000999,train,1
17940,n002280,n007435,train,0
17941,n007564,n004432,train,1
17942,n008241,n003568,train,1
17943,n006563,n001521,train,1
17944,n006049,n008702,train,1
17945,n003435,n001335,train,1
17946,n006737,n002213,train,0
17947,n003543,n000529,train,1
17948,n008900,n004480,train,1
17949,n002930,n004107,train,1
17950,n001994,n008268,train,1
17951,n001767,n008138,train,1
17952,n008898,n000729,train,1
17953,n003707,n002553,train,1
17954,n009249,n008294,train,1
17955,n006166,n002910,train,1
17956,n007676,n008485,train,1
17957,n004464,n001661,train,1
17958,n008040,n006062,train,1
17959,n008289,n004409,train,1
17960,n001269,n005944,train,1
17961,n008736,n006952,train,1
17962,n000181,n005138,train,1
17963,n008572,n002313,train,1
17964,n000317,n001425,train,1
17965,n005834,n002558,train,1
17966,n004996,n006348,train,0
17967,n007151,n003999,train,1
17968,n007952,n004204,train,1
17969,n009182,n001944,train,1
17970,n001652,n008461,train,1
17971,n000980,n005244,train,1
17972,n005924,n004174,train,0
17973,n002729,n009177,train,1
17974,n002723,n000047,train,1
17975,n001979,n005773,train,1
17976,n005752,n007661,train,1
17977,n000534,n000801,train,1
17978,n007333,n008620,train,0
17979,n007006,n007304,train,1
17980,n006952,n004448,train,0
17981,n009053,n002497,train,1
17982,n007725,n003317,train,0
17983,n009255,n003840,train,1
17984,n002988,n003068,train,1
17985,n003945,n000100,train,1
17986,n005362,n000116,train,1
17987,n001626,n009042,train,1
17988,n000618,n009002,train,1
17989,n002456,n007726,train,1
17990,n005803,n003085,train,1
17991,n008956,n005221,train,1
17992,n008120,n000845,train,1
17993,n002499,n004234,train,0
17994,n007340,n002432,train,1
17995,n005738,n001164,train,1
17996,n006564,n007604,train,1
17997,n004072,n008274,train,1
17998,n004768,n008424,train,1
17999,n005293,n008929,train,1
18000,n007793,n004948,train,1
18001,n001797,n009157,train,0
18002,n000529,n009279,train,1
18003,n002746,n007040,train,1
18004,n007304,n008401,train,1
18005,n003746,n002230,train,1
18006,n005138,n005506,train,0
18007,n008135,n000694,train,1
18008,n004388,n000421,train,1
18009,n004171,n005324,train,1
18010,n003563,n009160,train,1
18011,n000367,n007112,train,1
18012,n007503,n000520,train,1
18013,n004954,n005257,train,1
18014,n006884,n001644,train,1
18015,n003486,n007543,train,1
18016,n000619,n003447,train,1
18017,n001236,n000985,train,1
18018,n006305,n006761,train,1
18019,n007626,n001099,train,0
18020,n002047,n000250,train,1
18021,n001603,n004732,train,0
18022,n001575,n001522,train,1
18023,n005640,n006484,train,0
18024,n006258,n007891,train,1
18025,n003341,n005731,train,1
18026,n006868,n006370,train,1
18027,n000691,n007163,train,1
18028,n007458,n000021,train,1
18029,n004631,n007387,train,1
18030,n007831,n006174,train,1
18031,n002087,n002697,train,1
18032,n000817,n002969,train,1
18033,n006506,n001728,train,1
18034,n000466,n003991,train,1
18035,n005475,n004316,train,0
18036,n006899,n008506,train,0
18037,n009102,n000157,train,1
18038,n008245,n000538,train,1
18039,n000725,n005119,train,0
18040,n000806,n002049,train,1
18041,n003877,n008323,train,1
18042,n006210,n000890,train,1
18043,n002439,n007081,train,1
18044,n003401,n006007,train,0
18045,n001281,n005336,train,1
18046,n000224,n001205,train,1
18047,n001136,n000479,train,1
18048,n004825,n000283,train,1
18049,n006543,n000094,train,1
18050,n007481,n000969,train,1
18051,n001856,n003284,train,0
18052,n002543,n004107,train,1
18053,n004819,n001398,train,1
18054,n008097,n008575,train,0
18055,n000400,n003618,train,0
18056,n001138,n004028,train,1
18057,n005970,n000170,train,1
18058,n000897,n001037,train,1
18059,n000498,n000968,train,1
18060,n008473,n001814,train,1
18061,n001113,n007343,train,1
18062,n008014,n003004,train,1
18063,n005449,n002339,train,0
18064,n003798,n004511,train,1
18065,n000181,n006308,train,1
18066,n001359,n000973,train,0
18067,n004360,n007764,train,1
18068,n001940,n000520,train,1
18069,n000808,n006047,train,1
18070,n003416,n008406,train,1
18071,n007137,n005466,train,1
18072,n008297,n001483,train,0
18073,n004426,n002977,train,0
18074,n002335,n002141,train,1
18075,n006839,n001768,train,1
18076,n001438,n006864,train,1
18077,n004755,n006428,train,1
18078,n002206,n008077,train,1
18079,n002230,n005840,train,1
18080,n006274,n006447,train,0
18081,n008128,n003738,train,1
18082,n003994,n008940,train,1
18083,n008359,n004552,train,1
18084,n008193,n009274,train,0
18085,n001577,n001105,train,0
18086,n006185,n006120,train,1
18087,n007313,n000131,train,0
18088,n005397,n002229,train,0
18089,n002239,n006490,train,1
18090,n008693,n002339,train,0
18091,n000922,n004997,train,1
18092,n001619,n009046,train,0
18093,n001139,n004617,train,1
18094,n003004,n001005,train,1
18095,n003130,n000489,train,1
18096,n008234,n005464,train,1
18097,n006925,n006308,train,1
18098,n008789,n007678,train,1
18099,n002472,n000573,train,1
18100,n002740,n000434,train,1
18101,n004102,n004943,train,1
18102,n005665,n006275,train,0
18103,n002897,n006338,train,1
18104,n004855,n005834,train,1
18105,n009117,n008245,train,1
18106,n006066,n004051,train,1
18107,n006156,n005923,train,1
18108,n006109,n001796,train,1
18109,n005561,n007942,train,1
18110,n006559,n006133,train,1
18111,n006952,n003984,train,0
18112,n007444,n008241,train,1
18113,n002068,n002854,train,1
18114,n002115,n001078,train,1
18115,n008740,n004205,train,0
18116,n004088,n008418,train,1
18117,n002432,n001132,train,1
18118,n005416,n000811,train,1
18119,n007157,n007713,train,1
18120,n001017,n003837,train,1
18121,n009274,n003213,train,1
18122,n009253,n000396,train,1
18123,n005001,n006501,train,1
18124,n007076,n005972,train,1
18125,n008808,n007628,train,0
18126,n007973,n005896,train,1
18127,n003162,n002120,train,1
18128,n003832,n004754,train,1
18129,n001832,n001289,train,1
18130,n002436,n001723,train,1
18131,n007974,n008621,train,1
18132,n005587,n000532,train,1
18133,n006051,n005386,train,1
18134,n007349,n004428,train,0
18135,n004373,n006276,train,1
18136,n001103,n007139,train,1
18137,n007012,n009249,train,1
18138,n001056,n007576,train,1
18139,n003342,n005518,train,1
18140,n000109,n006163,train,1
18141,n007228,n007975,train,1
18142,n005663,n005440,train,1
18143,n007519,n004622,train,1
18144,n007621,n007264,train,1
18145,n002558,n006491,train,1
18146,n004117,n008845,train,1
18147,n002903,n002868,train,1
18148,n007969,n000424,train,0
18149,n007955,n003404,train,1
18150,n001205,n006090,train,1
18151,n004765,n005661,train,0
18152,n008227,n001911,train,1
18153,n000300,n007906,train,1
18154,n003699,n004096,train,1
18155,n005365,n001348,train,1
18156,n000511,n004426,train,1
18157,n002301,n004807,train,1
18158,n002968,n007460,train,1
18159,n005108,n008764,train,1
18160,n001346,n005160,train,1
18161,n005005,n008745,train,1
18162,n002248,n007200,train,1
18163,n004099,n005534,train,0
18164,n001863,n000776,train,1
18165,n004414,n000479,train,1
18166,n006546,n006102,train,1
18167,n004279,n004845,train,1
18168,n005543,n006724,train,1
18169,n001157,n004729,train,1
18170,n005439,n005020,train,1
18171,n004849,n007212,train,1
18172,n004675,n006073,train,1
18173,n008181,n006862,train,1
18174,n003026,n006018,train,1
18175,n007923,n008416,train,1
18176,n008176,n008187,train,1
18177,n005028,n003974,train,1
18178,n003184,n004829,train,1
18179,n008378,n001219,train,1
18180,n001425,n001041,train,1
18181,n007398,n008397,train,0
18182,n008396,n001389,train,0
18183,n001872,n007046,train,1
18184,n007916,n002436,train,1
18185,n002746,n000602,train,1
18186,n004887,n005263,train,1
18187,n007255,n003525,train,0
18188,n008523,n003497,train,0
18189,n004038,n005471,train,1
18190,n006921,n009025,train,1
18191,n004931,n004572,train,0
18192,n002990,n008606,train,1
18193,n002969,n001128,train,1
18194,n000817,n000675,train,1
18195,n002469,n002968,train,0
18196,n005584,n002719,train,0
18197,n002900,n007230,train,1
18198,n000963,n007137,train,1
18199,n002115,n006243,train,1
18200,n001070,n005886,train,1
18201,n006446,n006629,train,1
18202,n004630,n004481,train,1
18203,n007152,n008725,train,1
18204,n003925,n004840,train,1
18205,n008864,n007565,train,1
18206,n003955,n006889,train,0
18207,n005167,n004837,train,1
18208,n000505,n001904,train,1
18209,n007506,n005413,train,1
18210,n005470,n000334,train,0
18211,n006194,n001567,train,1
18212,n005173,n008897,train,1
18213,n000081,n006734,train,1
18214,n005769,n004876,train,1
18215,n005820,n006416,train,1
18216,n002063,n006391,train,1
18217,n008725,n004040,train,1
18218,n002023,n003647,train,0
18219,n007551,n002336,train,1
18220,n004822,n000626,train,1
18221,n001546,n000714,train,1
18222,n004174,n008560,train,1
18223,n005766,n008333,train,1
18224,n006398,n002691,train,1
18225,n000393,n001617,train,1
18226,n009067,n001206,train,1
18227,n000462,n002357,train,1
18228,n002038,n003308,train,1
18229,n001450,n009186,train,1
18230,n007795,n008522,train,1
18231,n005400,n000822,train,1
18232,n001529,n001789,train,0
18233,n007620,n004321,train,1
18234,n003414,n004683,train,1
18235,n008367,n001411,train,1
18236,n007065,n000102,train,1
18237,n001356,n001812,train,1
18238,n004028,n003274,train,1
18239,n005440,n006374,train,1
18240,n008774,n006206,train,1
18241,n001280,n004266,train,1
18242,n005896,n005725,train,0
18243,n007776,n007253,train,1
18244,n008231,n000150,train,1
18245,n007617,n001528,train,1
18246,n007620,n000725,train,1
18247,n003676,n004055,train,0
18248,n001733,n002101,train,0
18249,n003991,n002874,train,1
18250,n006697,n003730,train,1
18251,n008102,n007223,train,1
18252,n005238,n004533,train,0
18253,n007873,n003310,train,1
18254,n001638,n007765,train,1
18255,n006407,n006713,train,0
18256,n000236,n005477,train,1
18257,n001502,n002560,train,1
18258,n008458,n001411,train,1
18259,n001284,n008971,train,1
18260,n007598,n001519,train,0
18261,n001589,n005837,train,0
18262,n003049,n004630,train,0
18263,n005263,n000826,train,1
18264,n007509,n003594,train,0
18265,n008279,n006270,train,1
18266,n001010,n003234,train,0
18267,n008039,n007882,train,0
18268,n003463,n003999,train,1
18269,n001702,n008281,train,1
18270,n000054,n002778,train,1
18271,n005234,n009115,train,1
18272,n008582,n004220,train,1
18273,n001590,n002608,train,1
18274,n006637,n005006,train,1
18275,n004041,n007932,train,1
18276,n007380,n006293,train,1
18277,n005959,n005096,train,1
18278,n003602,n000805,train,1
18279,n007890,n002912,train,1
18280,n006468,n005265,train,1
18281,n004890,n000443,train,1
18282,n007996,n007524,train,1
18283,n000725,n006973,train,1
18284,n005625,n005158,train,1
18285,n002246,n000034,train,1
18286,n008514,n004992,train,1
18287,n001207,n001289,train,1
18288,n007778,n002755,train,1
18289,n006396,n005119,train,1
18290,n008749,n008787,train,1
18291,n000456,n004443,train,1
18292,n005884,n000396,train,0
18293,n006374,n006914,train,0
18294,n005911,n005632,train,1
18295,n007999,n008491,train,0
18296,n002047,n008092,train,1
18297,n001469,n001334,train,1
18298,n000382,n007722,train,1
18299,n008800,n007485,train,1
18300,n000819,n000699,train,0
18301,n006930,n001025,train,1
18302,n005744,n002360,train,1
18303,n003166,n003253,train,1
18304,n006584,n004594,train,1
18305,n003972,n001837,train,1
18306,n007404,n003844,train,1
18307,n004996,n004547,train,1
18308,n002985,n002526,train,1
18309,n009087,n007614,train,1
18310,n000109,n008950,train,1
18311,n006822,n007115,train,1
18312,n003447,n001017,train,1
18313,n001718,n002607,train,1
18314,n007952,n000520,train,1
18315,n000898,n003020,train,1
18316,n007784,n000783,train,1
18317,n004396,n007353,train,0
18318,n002893,n007090,train,1
18319,n006459,n007295,train,1
18320,n008255,n007755,train,1
18321,n007775,n002575,train,1
18322,n009210,n001109,train,1
18323,n002699,n001373,train,1
18324,n005768,n001574,train,1
18325,n000063,n002868,train,1
18326,n006423,n001220,train,0
18327,n002306,n004519,train,1
18328,n002516,n007492,train,1
18329,n008414,n000217,train,0
18330,n001966,n008398,train,1
18331,n000708,n009016,train,1
18332,n009274,n009224,train,1
18333,n000714,n002971,train,0
18334,n002364,n007509,train,1
18335,n004462,n002443,train,1
18336,n001904,n005590,train,1
18337,n003291,n007075,train,1
18338,n000829,n006897,train,1
18339,n001772,n000474,train,1
18340,n005392,n000288,train,1
18341,n008621,n003338,train,1
18342,n007560,n008372,train,1
18343,n003522,n005978,train,1
18344,n000485,n005878,train,1
18345,n008096,n003307,train,1
18346,n005517,n007959,train,1
18347,n002115,n008625,train,1
18348,n001121,n002501,train,1
18349,n000346,n003768,train,1
18350,n003660,n003363,train,1
18351,n006434,n007413,train,1
18352,n001546,n003496,train,1
18353,n009066,n000916,train,1
18354,n008120,n007029,train,0
18355,n006234,n002646,train,1
18356,n007217,n005192,train,1
18357,n003447,n002194,train,0
18358,n005944,n006070,train,0
18359,n005789,n008112,train,1
18360,n002436,n000334,train,1
18361,n004129,n006169,train,0
18362,n001944,n006734,train,1
18363,n006666,n000038,train,1
18364,n002926,n006712,train,1
18365,n002451,n006627,train,1
18366,n004344,n006308,train,1
18367,n002583,n008398,train,1
18368,n004244,n008082,train,1
18369,n002440,n007604,train,1
18370,n003819,n008723,train,1
18371,n004049,n004863,train,1
18372,n007780,n001086,train,1
18373,n008663,n009111,train,1
18374,n004203,n000319,train,1
18375,n004005,n002953,train,1
18376,n009016,n007678,train,1
18377,n001192,n004741,train,1
18378,n004131,n002673,train,1
18379,n003112,n000870,train,0
18380,n007115,n003654,train,1
18381,n006679,n007775,train,1
18382,n001832,n001219,train,1
18383,n004505,n006780,train,1
18384,n005806,n001043,train,1
18385,n001025,n000953,train,1
18386,n005237,n001750,train,0
18387,n001578,n001713,train,1
18388,n000159,n003194,train,1
18389,n002014,n007328,train,1
18390,n008022,n002016,train,1
18391,n005198,n002246,train,1
18392,n002663,n004439,train,1
18393,n007859,n003974,train,1
18394,n002545,n005569,train,1
18395,n003401,n001916,train,1
18396,n006804,n003113,train,1
18397,n002922,n003961,train,1
18398,n000976,n006616,train,1
18399,n004835,n000028,train,1
18400,n003563,n005475,train,1
18401,n003764,n008330,train,1
18402,n004443,n009277,train,1
18403,n001180,n002427,train,0
18404,n004631,n000269,train,0
18405,n004027,n008694,train,0
18406,n004315,n005404,train,0
18407,n000224,n006313,train,0
18408,n007460,n008181,train,1
18409,n000463,n004805,train,1
18410,n004897,n001184,train,1
18411,n007359,n001326,train,1
18412,n000980,n000813,train,1
18413,n004895,n004672,train,1
18414,n008293,n009011,train,1
18415,n006803,n006627,train,1
18416,n006166,n006612,train,1
18417,n004457,n001624,train,1
18418,n002895,n001590,train,0
18419,n004590,n003169,train,1
18420,n005576,n006256,train,1
18421,n004171,n003405,train,1
18422,n002023,n005498,train,1
18423,n009067,n004505,train,0
18424,n001135,n004502,train,1
18425,n005739,n007768,train,1
18426,n003318,n006457,train,1
18427,n008668,n008767,train,1
18428,n000124,n006422,train,1
18429,n001483,n007761,train,1
18430,n003475,n004263,train,1
18431,n006028,n004173,train,1
18432,n002057,n003132,train,1
18433,n002716,n008142,train,0
18434,n007641,n006242,train,1
18435,n007916,n007628,train,1
18436,n002717,n000048,train,1
18437,n001050,n007811,train,1
18438,n007704,n002165,train,1
18439,n004967,n007855,train,1
18440,n007993,n002202,train,0
18441,n004376,n007403,train,0
18442,n009256,n000143,train,1
18443,n001473,n001264,train,1
18444,n003497,n007200,train,0
18445,n004646,n001750,train,1
18446,n008158,n007044,train,1
18447,n008232,n007074,train,1
18448,n006011,n008165,train,1
18449,n004445,n002903,train,1
18450,n003941,n005072,train,1
18451,n000625,n005660,train,1
18452,n001879,n006789,train,1
18453,n008239,n009050,train,1
18454,n006160,n002702,train,1
18455,n008268,n004205,train,1
18456,n003423,n005487,train,0
18457,n003372,n005469,train,1
18458,n000795,n009151,train,1
18459,n001287,n007701,train,1
18460,n007558,n001170,train,1
18461,n001229,n001098,train,1
18462,n000660,n006924,train,0
18463,n003706,n001025,train,0
18464,n002050,n002740,train,0
18465,n000405,n002161,train,1
18466,n004042,n007558,train,1
18467,n001508,n004242,train,1
18468,n006418,n001856,train,1
18469,n000941,n005100,train,1
18470,n008808,n007485,train,1
18471,n008657,n003112,train,1
18472,n002944,n003368,train,1
18473,n002964,n006306,train,1
18474,n006155,n001998,train,1
18475,n000235,n006724,train,1
18476,n002978,n007640,train,1
18477,n001828,n003278,train,1
18478,n009004,n001725,train,0
18479,n006263,n003853,train,1
18480,n005688,n007880,train,1
18481,n003347,n005345,train,1
18482,n004216,n008931,train,1
18483,n006860,n007930,train,0
18484,n003130,n001034,train,1
18485,n000099,n001186,train,1
18486,n008807,n003036,train,1
18487,n005257,n008589,train,1
18488,n005189,n003586,train,1
18489,n003401,n000797,train,1
18490,n008389,n007517,train,1
18491,n000481,n004297,train,1
18492,n000546,n005182,train,0
18493,n006475,n001305,train,1
18494,n000848,n005810,train,1
18495,n006209,n002285,train,1
18496,n003423,n001974,train,1
18497,n005350,n005735,train,0
18498,n009135,n001512,train,1
18499,n007265,n002553,train,1
18500,n001276,n001533,train,0
18501,n001889,n006723,train,1
18502,n000499,n000642,train,0
18503,n008412,n005460,train,1
18504,n005663,n006204,train,1
18505,n008892,n005274,train,1
18506,n001578,n005580,train,1
18507,n003314,n007265,train,1
18508,n004443,n009117,train,1
18509,n005410,n002363,train,1
18510,n003522,n000748,train,1
18511,n007859,n004562,train,1
18512,n005618,n004460,train,1
18513,n000381,n000446,train,0
18514,n000674,n002635,train,0
18515,n004285,n006495,train,1
18516,n000232,n006408,train,0
18517,n004861,n006379,train,1
18518,n006218,n006988,train,1
18519,n006083,n008075,train,1
18520,n008293,n003525,train,1
18521,n007055,n008101,train,1
18522,n005370,n006521,train,1
18523,n005673,n005053,train,1
18524,n000171,n003135,train,0
18525,n002067,n000092,train,1
18526,n004570,n006324,train,0
18527,n008581,n009018,train,0
18528,n002514,n003097,train,0
18529,n004472,n003334,train,1
18530,n006308,n008212,train,1
18531,n002504,n007924,train,1
18532,n003934,n008980,train,1
18533,n001694,n005800,train,0
18534,n000409,n006849,train,1
18535,n001378,n000855,train,1
18536,n001055,n000334,train,0
18537,n003048,n000791,train,0
18538,n003207,n003815,train,1
18539,n002501,n004122,train,1
18540,n008114,n002862,train,0
18541,n004992,n000417,train,0
18542,n003375,n005036,train,1
18543,n008342,n000461,train,1
18544,n001778,n004856,train,1
18545,n004759,n004647,train,1
18546,n009017,n005190,train,1
18547,n001939,n006279,train,1
18548,n001206,n000488,train,1
18549,n007661,n003893,train,1
18550,n007520,n002393,train,1
18551,n008868,n006815,train,1
18552,n003335,n008588,train,0
18553,n006815,n007675,train,0
18554,n007436,n005848,train,1
18555,n007680,n007137,train,1
18556,n002101,n001779,train,0
18557,n009115,n002364,train,1
18558,n002691,n008619,train,0
18559,n008883,n002922,train,0
18560,n003865,n005005,train,1
18561,n000767,n008210,train,0
18562,n003444,n002280,train,1
18563,n006256,n002677,train,1
18564,n004736,n002631,train,1
18565,n005436,n003130,train,1
18566,n006700,n002985,train,1
18567,n000755,n002652,train,1
18568,n007359,n003984,train,1
18569,n006006,n005479,train,1
18570,n008602,n001591,train,1
18571,n002662,n005553,train,1
18572,n009160,n005237,train,0
18573,n005453,n001591,train,1
18574,n001704,n007669,train,1
18575,n007163,n003870,train,1
18576,n004379,n006723,train,1
18577,n007716,n007217,train,1
18578,n002947,n008165,train,1
18579,n004110,n007070,train,1
18580,n008320,n005118,train,1
18581,n006832,n006258,train,0
18582,n008788,n002099,train,0
18583,n005235,n003413,train,1
18584,n004593,n001164,train,1
18585,n005314,n001010,train,1
18586,n004853,n004099,train,1
18587,n008721,n008349,train,1
18588,n007961,n007239,train,1
18589,n006661,n000811,train,1
18590,n004690,n006933,train,1
18591,n007702,n001120,train,1
18592,n009203,n004422,train,1
18593,n005475,n003835,train,1
18594,n005770,n004414,train,0
18595,n006549,n006412,train,0
18596,n009098,n001024,train,0
18597,n004371,n000826,train,1
18598,n003310,n006239,train,1
18599,n004441,n003933,train,1
18600,n000139,n007974,train,1
18601,n005962,n000855,train,1
18602,n008612,n008349,train,0
18603,n003196,n004197,train,1
18604,n006789,n005913,train,0
18605,n002696,n006393,train,1
18606,n008825,n006506,train,1
18607,n005731,n006382,train,1
18608,n003676,n003307,train,1
18609,n004684,n006573,train,1
18610,n000717,n004931,train,1
18611,n002240,n001425,train,1
18612,n002922,n002686,train,1
18613,n006234,n001768,train,1
18614,n004367,n006154,train,1
18615,n004622,n001950,train,1
18616,n004242,n005277,train,1
18617,n005870,n004053,train,0
18618,n001964,n002890,train,0
18619,n002608,n003504,train,1
18620,n001157,n002188,train,0
18621,n005900,n006276,train,1
18622,n006917,n006244,train,0
18623,n001912,n006978,train,1
18624,n008039,n000880,train,1
18625,n005895,n003632,train,0
18626,n001444,n002244,train,1
18627,n008336,n001196,train,1
18628,n004419,n002219,train,1
18629,n004206,n007411,train,1
18630,n004711,n003487,train,1
18631,n000336,n004624,train,1
18632,n002195,n000250,train,1
18633,n005362,n002735,train,0
18634,n000530,n004426,train,1
18635,n000132,n006877,train,1
18636,n006575,n004349,train,0
18637,n006456,n000564,train,1
18638,n003234,n000799,train,1
18639,n001056,n006899,train,1
18640,n006604,n005269,train,1
18641,n001725,n006185,train,1
18642,n001666,n004854,train,0
18643,n008781,n002519,train,1
18644,n000954,n001818,train,0
18645,n004090,n006393,train,1
18646,n000144,n002597,train,1
18647,n004129,n000132,train,1
18648,n003105,n001404,train,1
18649,n002626,n000512,train,1
18650,n003041,n005686,train,1
18651,n007160,n009203,train,0
18652,n000497,n001828,train,1
18653,n005793,n001284,train,1
18654,n000454,n004962,train,1
18655,n002676,n006926,train,0
18656,n002095,n006861,train,0
18657,n001508,n006239,train,0
18658,n002976,n009157,train,1
18659,n000265,n001644,train,1
18660,n004500,n008917,train,1
18661,n003163,n007944,train,1
18662,n001060,n007334,train,1
18663,n005097,n003441,train,1
18664,n000194,n008448,train,1
18665,n007606,n005036,train,1
18666,n000536,n005404,train,1
18667,n005948,n002695,train,0
18668,n004861,n006548,train,0
18669,n002247,n004917,train,1
18670,n006468,n003740,train,1
18671,n008861,n006747,train,1
18672,n002353,n001652,train,0
18673,n002651,n005046,train,1
18674,n002347,n008033,train,1
18675,n005044,n000620,train,1
18676,n004834,n002646,train,0
18677,n004418,n000104,train,1
18678,n006709,n006736,train,1
18679,n001220,n002601,train,1
18680,n002649,n008132,train,1
18681,n000510,n003201,train,1
18682,n002363,n002354,train,0
18683,n004259,n006915,train,1
18684,n008156,n003541,train,1
18685,n000489,n006900,train,1
18686,n003119,n008256,train,0
18687,n005190,n003395,train,1
18688,n007015,n007442,train,1
18689,n000873,n005426,train,1
18690,n008288,n002506,train,1
18691,n000065,n005043,train,1
18692,n006312,n000236,train,0
18693,n003157,n003372,train,1
18694,n000977,n002874,train,1
18695,n005700,n004765,train,1
18696,n001131,n000731,train,1
18697,n006367,n004090,train,0
18698,n006506,n002729,train,1
18699,n008519,n005998,train,0
18700,n000300,n003704,train,1
18701,n005926,n004499,train,1
18702,n004364,n007431,train,0
18703,n000097,n008452,train,1
18704,n005229,n006438,train,1
18705,n002418,n008412,train,0
18706,n000995,n001824,train,1
18707,n004134,n004987,train,0
18708,n001662,n007372,train,0
18709,n005471,n008065,train,1
18710,n001289,n007762,train,0
18711,n001647,n005408,train,1
18712,n003661,n004439,train,1
18713,n004127,n001225,train,1
18714,n009026,n000977,train,1
18715,n008165,n000885,train,1
18716,n006667,n004412,train,1
18717,n001946,n001631,train,0
18718,n006204,n000220,train,1
18719,n001025,n004216,train,1
18720,n002456,n001552,train,1
18721,n003524,n000201,train,1
18722,n009134,n008161,train,1
18723,n005467,n003848,train,1
18724,n000908,n002031,train,1
18725,n004622,n005590,train,0
18726,n002404,n003509,train,1
18727,n006356,n004578,train,1
18728,n000025,n006073,train,1
18729,n002299,n001276,train,1
18730,n000489,n007787,train,1
18731,n001185,n000370,train,1
18732,n006602,n007731,train,0
18733,n006171,n000512,train,0
18734,n002963,n008255,train,1
18735,n005840,n008090,train,1
18736,n006738,n004967,train,1
18737,n001912,n000566,train,0
18738,n000867,n004336,train,1
18739,n004237,n002645,train,0
18740,n005624,n002434,train,1
18741,n008487,n005370,train,1
18742,n002063,n005804,train,1
18743,n009027,n006563,train,1
18744,n002801,n002976,train,1
18745,n006359,n007306,train,1
18746,n006519,n000207,train,1
18747,n008640,n002710,train,1
18748,n004459,n008885,train,1
18749,n007154,n004951,train,1
18750,n005678,n001962,train,0
18751,n003511,n001814,train,1
18752,n008854,n000012,train,1
18753,n004090,n006170,train,0
18754,n003936,n002496,train,1
18755,n003370,n008406,train,1
18756,n002993,n008836,train,1
18757,n003119,n001875,train,1
18758,n008446,n008466,train,1
18759,n002333,n003867,train,1
18760,n001854,n000702,train,0
18761,n008405,n006917,train,1
18762,n000521,n007009,train,0
18763,n007378,n008633,train,1
18764,n000965,n004552,train,1
18765,n000519,n007313,train,1
18766,n004097,n008166,train,1
18767,n004314,n007139,train,1
18768,n004577,n001254,train,1
18769,n002083,n007075,train,1
18770,n007552,n009151,train,1
18771,n003933,n000829,train,1
18772,n008078,n004902,train,1
18773,n002102,n004230,train,1
18774,n007013,n001797,train,0
18775,n003679,n001260,train,1
18776,n008881,n001411,train,1
18777,n003621,n000302,train,0
18778,n004418,n002155,train,0
18779,n000385,n004616,train,1
18780,n000510,n003214,train,1
18781,n004023,n000462,train,1
18782,n009186,n001936,train,1
18783,n005463,n002038,train,1
18784,n002120,n006088,train,0
18785,n001255,n005043,train,1
18786,n000962,n000356,train,1
18787,n007075,n004052,train,0
18788,n007291,n009177,train,1
18789,n005404,n000742,train,0
18790,n005041,n007739,train,0
18791,n005221,n004866,train,1
18792,n000462,n002915,train,1
18793,n004593,n004534,train,1
18794,n001200,n005392,train,1
18795,n006864,n004684,train,1
18796,n007535,n004835,train,1
18797,n005399,n004775,train,1
18798,n007477,n002542,train,1
18799,n002459,n008540,train,0
18800,n004495,n000920,train,1
18801,n001398,n005898,train,1
18802,n006330,n001451,train,1
18803,n005051,n006777,train,1
18804,n003315,n005414,train,0
18805,n003620,n008998,train,0
18806,n001220,n003743,train,1
18807,n004986,n008649,train,0
18808,n007589,n005147,train,0
18809,n008466,n006862,train,0
18810,n000489,n005611,train,1
18811,n003538,n005498,train,1
18812,n008803,n000055,train,1
18813,n005416,n000976,train,0
18814,n000223,n000370,train,1
18815,n000725,n003046,train,1
18816,n003159,n001130,train,1
18817,n007016,n007264,train,1
18818,n006274,n002374,train,1
18819,n007115,n003048,train,1
18820,n001320,n007881,train,1
18821,n008631,n005569,train,1
18822,n007070,n005673,train,1
18823,n003334,n005984,train,1
18824,n000899,n004418,train,0
18825,n002825,n007364,train,1
18826,n006198,n002566,train,1
18827,n003851,n008724,train,0
18828,n001964,n006501,train,1
18829,n004639,n001634,train,0
18830,n001271,n005866,train,1
18831,n006548,n000019,train,1
18832,n005948,n001936,train,1
18833,n003972,n006891,train,0
18834,n008854,n002364,train,1
18835,n006747,n008148,train,0
18836,n007316,n005779,train,1
18837,n005132,n007702,train,0
18838,n007640,n003347,train,1
18839,n008909,n002235,train,1
18840,n000228,n005094,train,1
18841,n001006,n005011,train,1
18842,n000576,n007431,train,1
18843,n003758,n008327,train,1
18844,n006501,n005029,train,1
18845,n006705,n008510,train,0
18846,n005043,n008033,train,1
18847,n002772,n008353,train,1
18848,n008398,n009061,train,0
18849,n007514,n004996,train,1
18850,n006730,n004562,train,1
18851,n006150,n006826,train,0
18852,n007042,n002912,train,1
18853,n000995,n000762,train,1
18854,n001187,n008696,train,1
18855,n006730,n005962,train,1
18856,n008330,n007692,train,1
18857,n001130,n003605,train,1
18858,n007793,n004030,train,0
18859,n003424,n008197,train,0
18860,n005869,n004432,train,1
18861,n008959,n008749,train,0
18862,n006073,n000702,train,1
18863,n008868,n005995,train,1
18864,n007574,n003505,train,1
18865,n007403,n004160,train,0
18866,n002434,n004543,train,0
18867,n007365,n007739,train,1
18868,n007715,n000751,train,1
18869,n003143,n006630,train,1
18870,n006447,n006305,train,0
18871,n006655,n003825,train,1
18872,n005599,n007346,train,1
18873,n001914,n006047,train,1
18874,n003315,n008898,train,0
18875,n004451,n001914,train,1
18876,n009004,n006209,train,1
18877,n005389,n006730,train,1
18878,n000327,n006100,train,0
18879,n007119,n003649,train,1
18880,n001653,n000765,train,0
18881,n008843,n001882,train,1
18882,n008253,n001343,train,1
18883,n001024,n001570,train,1
18884,n005883,n005817,train,1
18885,n000938,n007873,train,1
18886,n000170,n003926,train,1
18887,n005508,n001503,train,1
18888,n005041,n001552,train,1
18889,n009203,n001716,train,1
18890,n002964,n004318,train,0
18891,n003910,n002345,train,1
18892,n002118,n005881,train,0
18893,n003808,n007070,train,1
18894,n008176,n005284,train,1
18895,n004687,n004079,train,0
18896,n006810,n000725,train,0
18897,n008761,n000360,train,1
18898,n006444,n003657,train,0
18899,n003614,n004831,train,1
18900,n001661,n002061,train,1
18901,n004084,n006988,train,1
18902,n001311,n001633,train,0
18903,n007968,n006868,train,1
18904,n007952,n008800,train,1
18905,n000244,n006443,train,1
18906,n004492,n007105,train,1
18907,n005573,n003649,train,1
18908,n008490,n002357,train,1
18909,n005735,n003131,train,1
18910,n001800,n001490,train,1
18911,n006842,n007930,train,1
18912,n004396,n005457,train,1
18913,n006623,n009139,train,1
18914,n008330,n003301,train,1
18915,n008299,n005311,train,1
18916,n008165,n008886,train,1
18917,n008441,n005734,train,1
18918,n000538,n004031,train,0
18919,n006674,n008811,train,1
18920,n007359,n003895,train,0
18921,n003393,n005272,train,0
18922,n004017,n004981,train,0
18923,n002843,n004667,train,0
18924,n008849,n006907,train,1
18925,n004152,n003385,train,1
18926,n008261,n002980,train,1
18927,n006775,n002531,train,1
18928,n002220,n000162,train,0
18929,n002818,n005806,train,1
18930,n005674,n001868,train,1
18931,n001404,n006341,train,0
18932,n007942,n004210,train,0
18933,n008042,n006338,train,1
18934,n001616,n008418,train,1
18935,n001686,n004621,train,1
18936,n005198,n003956,train,1
18937,n001264,n005836,train,1
18938,n007420,n006972,train,1
18939,n007628,n003824,train,1
18940,n004441,n007090,train,1
18941,n005868,n005933,train,1
18942,n007778,n000610,train,1
18943,n003935,n000334,train,0
18944,n000594,n006661,train,1
18945,n000443,n008198,train,1
18946,n003469,n002723,train,0
18947,n005975,n009046,train,1
18948,n001503,n008622,train,1
18949,n006083,n005151,train,1
18950,n004755,n007931,train,0
18951,n001752,n001853,train,1
18952,n002755,n007563,train,1
18953,n007030,n000321,train,0
18954,n000804,n009122,train,1
18955,n005909,n002978,train,1
18956,n006980,n008850,train,1
18957,n004472,n004753,train,1
18958,n001837,n002901,train,1
18959,n007116,n007055,train,1
18960,n006747,n001109,train,1
18961,n008039,n001162,train,1
18962,n001725,n001522,train,1
18963,n005436,n005768,train,1
18964,n006073,n002182,train,0
18965,n003255,n001899,train,1
18966,n006204,n005609,train,0
18967,n001129,n009132,train,1
18968,n003628,n007617,train,1
18969,n006815,n008547,train,1
18970,n007652,n003787,train,1
18971,n002968,n004361,train,1
18972,n007057,n004417,train,1
18973,n004364,n009004,train,1
18974,n000134,n007132,train,1
18975,n001185,n002860,train,1
18976,n000065,n007769,train,0
18977,n002984,n008725,train,0
18978,n006133,n003307,train,1
18979,n008021,n004975,train,1
18980,n004436,n001119,train,1
18981,n002900,n003456,train,1
18982,n004174,n007451,train,1
18983,n004409,n008021,train,1
18984,n005167,n008838,train,0
18985,n006682,n004410,train,0
18986,n001653,n007924,train,0
18987,n000463,n008580,train,1
18988,n008396,n002696,train,1
18989,n003730,n008597,train,0
18990,n005471,n001677,train,1
18991,n008112,n001326,train,1
18992,n008636,n009126,train,1
18993,n002976,n002105,train,1
18994,n002624,n003347,train,1
18995,n000375,n001448,train,1
18996,n006219,n002603,train,1
18997,n005235,n004590,train,1
18998,n001246,n002283,train,1
18999,n009198,n000609,train,1
19000,n008432,n005892,train,1
19001,n007888,n001586,train,1
19002,n001113,n001329,train,1
19003,n005173,n005458,train,1
19004,n007163,n006090,train,1
19005,n003640,n006833,train,1
19006,n003065,n008711,train,0
19007,n008151,n000474,train,1
19008,n003497,n006860,train,1
19009,n002469,n002856,train,1
19010,n000973,n005046,train,1
19011,n004048,n002701,train,1
19012,n001140,n005558,train,1
19013,n008732,n004000,train,1
19014,n003398,n006576,train,1
19015,n008022,n007717,train,1
19016,n009004,n003956,train,1
19017,n006151,n006520,train,1
19018,n003912,n008459,train,1
19019,n007194,n005309,train,1
19020,n007493,n002644,train,1
19021,n005200,n001326,train,1
19022,n004498,n008459,train,1
19023,n002818,n009222,train,1
19024,n005697,n007906,train,1
19025,n004516,n007163,train,1
19026,n005814,n008704,train,0
19027,n006519,n001423,train,1
19028,n007321,n008156,train,1
19029,n007216,n003794,train,1
19030,n007493,n006425,train,1
19031,n005445,n006810,train,1
19032,n009186,n006727,train,1
19033,n000043,n008376,train,1
19034,n004853,n005610,train,1
19035,n002520,n008557,train,1
19036,n008804,n006716,train,1
19037,n008756,n009245,train,1
19038,n007328,n006618,train,1
19039,n006816,n007640,train,1
19040,n005819,n005432,train,1
19041,n002780,n003618,train,1
19042,n009132,n008791,train,1
19043,n006820,n001120,train,1
19044,n002668,n007563,train,1
19045,n007079,n008304,train,1
19046,n007817,n007076,train,1
19047,n007669,n008135,train,1
19048,n000804,n004617,train,1
19049,n006865,n003869,train,1
19050,n002717,n005516,train,1
19051,n001690,n000954,train,1
19052,n005532,n006060,train,0
19053,n005197,n001750,train,1
19054,n001185,n001505,train,1
19055,n001192,n006193,train,1
19056,n004238,n008622,train,1
19057,n001602,n004724,train,1
19058,n005015,n007988,train,0
19059,n000980,n006803,train,0
19060,n001469,n001619,train,1
19061,n004146,n006433,train,1
19062,n007090,n001624,train,0
19063,n000895,n006155,train,1
19064,n007855,n000532,train,1
19065,n002357,n007527,train,1
19066,n007335,n001100,train,1
19067,n004174,n009071,train,1
19068,n003969,n002335,train,1
19069,n008759,n004589,train,1
19070,n000985,n000711,train,0
19071,n005925,n008673,train,0
19072,n006891,n003435,train,1
19073,n008574,n001522,train,0
19074,n002376,n001868,train,1
19075,n004502,n004585,train,1
19076,n002644,n009139,train,1
19077,n000414,n008880,train,1
19078,n002419,n000871,train,1
19079,n005689,n007774,train,0
19080,n002990,n002920,train,1
19081,n008775,n008886,train,1
19082,n006914,n001487,train,1
19083,n000102,n006698,train,1
19084,n002948,n008279,train,1
19085,n005873,n005336,train,0
19086,n009204,n001284,train,1
19087,n007775,n008994,train,1
19088,n001280,n007457,train,0
19089,n006905,n000052,train,1
19090,n007943,n006173,train,0
19091,n007342,n007604,train,1
19092,n004237,n000422,train,1
19093,n004769,n004216,train,1
19094,n000048,n006190,train,1
19095,n006275,n006424,train,0
19096,n003456,n008383,train,1
19097,n000791,n002440,train,1
19098,n003656,n005418,train,1
19099,n007627,n004970,train,1
19100,n009160,n002333,train,1
19101,n006936,n001562,train,0
19102,n006587,n007442,train,0
19103,n003226,n002244,train,1
19104,n000050,n005090,train,1
19105,n002516,n003493,train,1
19106,n000546,n002778,train,1
19107,n005025,n004979,train,1
19108,n000619,n000047,train,1
19109,n002427,n003086,train,1
19110,n005820,n001723,train,1
19111,n002392,n005923,train,0
19112,n007425,n001589,train,1
19113,n002174,n008072,train,1
19114,n003520,n002451,train,1
19115,n004443,n008449,train,1
19116,n005938,n008364,train,1
19117,n003422,n008065,train,1
19118,n005732,n006163,train,1
19119,n000055,n007674,train,0
19120,n000900,n005960,train,1
19121,n006088,n005483,train,1
19122,n000819,n000131,train,1
19123,n003129,n005445,train,1
19124,n002830,n005759,train,1
19125,n007560,n009143,train,1
19126,n006967,n007007,train,1
19127,n001537,n000795,train,1
19128,n000887,n004705,train,0
19129,n002090,n004438,train,1
19130,n000963,n001132,train,1
19131,n000985,n004205,train,0
19132,n002736,n005968,train,1
19133,n009257,n002431,train,1
19134,n004513,n002634,train,1
19135,n008231,n000962,train,0
19136,n003559,n004176,train,1
19137,n001254,n007560,train,1
19138,n007725,n003948,train,1
19139,n004521,n008241,train,1
19140,n000566,n009252,train,0
19141,n004565,n007590,train,1
19142,n007815,n006461,train,0
19143,n007015,n009167,train,1
19144,n006493,n000210,train,1
19145,n008366,n002682,train,1
19146,n007567,n002483,train,1
19147,n003319,n000725,train,1
19148,n006654,n004079,train,1
19149,n006511,n003841,train,0
19150,n009157,n006468,train,1
19151,n003070,n005782,train,0
19152,n009053,n000977,train,0
19153,n008401,n000934,train,1
19154,n000847,n001389,train,1
19155,n007383,n005691,train,1
19156,n003645,n005093,train,1
19157,n005998,n003135,train,1
19158,n004620,n008516,train,1
19159,n004263,n003832,train,0
19160,n001812,n002427,train,1
19161,n006856,n008792,train,1
19162,n001879,n009177,train,0
19163,n001080,n006726,train,1
19164,n008088,n005974,train,1
19165,n003475,n005269,train,1
19166,n007074,n002733,train,1
19167,n000352,n007789,train,1
19168,n006501,n003404,train,0
19169,n004726,n004107,train,0
19170,n002899,n000818,train,1
19171,n008074,n006515,train,1
19172,n001433,n009245,train,1
19173,n002149,n008873,train,1
19174,n004572,n008667,train,1
19175,n005257,n005395,train,1
19176,n005131,n000692,train,1
19177,n005566,n003520,train,1
19178,n004810,n003295,train,1
19179,n005317,n007042,train,1
19180,n000202,n002022,train,1
19181,n001413,n003895,train,0
19182,n006468,n005660,train,1
19183,n002744,n002890,train,1
19184,n003788,n002141,train,0
19185,n001229,n007304,train,1
19186,n004794,n006278,train,0
19187,n002014,n003157,train,0
19188,n008669,n000472,train,1
19189,n002986,n000255,train,1
19190,n000694,n004410,train,1
19191,n004809,n001945,train,1
19192,n005272,n007023,train,1
19193,n004106,n000619,train,1
19194,n009274,n003840,train,0
19195,n003470,n000742,train,1
19196,n006868,n007549,train,1
19197,n003082,n004749,train,0
19198,n006895,n003486,train,1
19199,n006393,n008474,train,1
19200,n000198,n004419,train,1
19201,n007719,n001702,train,1
19202,n005984,n003130,train,1
19203,n003610,n008769,train,1
19204,n001447,n000252,train,1
19205,n005725,n001547,train,1
19206,n000251,n001452,train,1
19207,n003310,n000990,train,1
19208,n005954,n006109,train,1
19209,n002323,n005409,train,1
19210,n008776,n003427,train,0
19211,n007535,n003132,train,1
19212,n003196,n008748,train,1
19213,n000603,n007639,train,0
19214,n000167,n002131,train,0
19215,n009078,n003638,train,1
19216,n001180,n008291,train,1
19217,n005386,n000634,train,1
19218,n002901,n000442,train,0
19219,n003381,n007678,train,0
19220,n003639,n004954,train,1
19221,n007480,n002986,train,1
19222,n001224,n006312,train,1
19223,n003737,n007480,train,1
19224,n008207,n000512,train,1
19225,n005793,n008487,train,1
19226,n000405,n007660,train,1
19227,n005295,n003555,train,0
19228,n006051,n007520,train,1
19229,n004213,n004739,train,0
19230,n007436,n005283,train,1
19231,n000534,n000586,train,1
19232,n004375,n001754,train,0
19233,n000806,n004095,train,1
19234,n005766,n003715,train,1
19235,n008359,n008281,train,1
19236,n004092,n002777,train,1
19237,n003955,n006868,train,1
19238,n000485,n007364,train,1
19239,n001558,n001782,train,0
19240,n007412,n000474,train,0
19241,n009204,n007976,train,1
19242,n001194,n007866,train,1
19243,n000509,n002635,train,1
19244,n008523,n004974,train,1
19245,n004162,n001644,train,1
19246,n006616,n002870,train,1
19247,n007799,n002411,train,1
19248,n008915,n001624,train,1
19249,n006103,n000097,train,1
19250,n006738,n009001,train,1
19251,n004205,n000086,train,1
19252,n001087,n001824,train,1
19253,n001885,n002915,train,1
19254,n005574,n001198,train,1
19255,n003299,n002988,train,1
19256,n003088,n008205,train,1
19257,n006230,n007333,train,1
19258,n009266,n008703,train,1
19259,n002801,n000694,train,1
19260,n001991,n009221,train,0
19261,n001264,n006925,train,1
19262,n002207,n001490,train,1
19263,n000604,n003267,train,0
19264,n004235,n003989,train,1
19265,n007234,n003109,train,1
19266,n006382,n003318,train,1
19267,n007706,n005087,train,1
19268,n002446,n009033,train,1
19269,n004051,n002533,train,1
19270,n006897,n003991,train,0
19271,n006721,n003743,train,1
19272,n005166,n000903,train,1
19273,n003326,n007372,train,1
19274,n009166,n007264,train,1
19275,n008708,n002592,train,1
19276,n002146,n008513,train,1
19277,n003702,n001964,train,1
19278,n006493,n008588,train,1
19279,n008803,n003285,train,0
19280,n003502,n000287,train,1
19281,n000843,n008293,train,1
19282,n001897,n002777,train,1
19283,n000090,n000420,train,0
19284,n000224,n007195,train,1
19285,n003593,n004986,train,1
19286,n008903,n005554,train,0
19287,n002499,n002797,train,1
19288,n007792,n002806,train,1
19289,n001224,n003986,train,1
19290,n003925,n001043,train,1
19291,n006576,n001656,train,0
19292,n002567,n006611,train,1
19293,n006071,n000379,train,1
19294,n006543,n003838,train,1
19295,n002397,n001647,train,1
19296,n005437,n007853,train,1
19297,n007295,n007658,train,1
19298,n004942,n006667,train,1
19299,n002841,n001920,train,1
19300,n001754,n006308,train,1
19301,n002952,n002408,train,1
19302,n006579,n004127,train,1
19303,n003578,n007105,train,0
19304,n007138,n003107,train,1
19305,n002308,n002520,train,1
19306,n003910,n007835,train,0
19307,n004032,n007824,train,1
19308,n005588,n008477,train,1
19309,n000813,n002813,train,0
19310,n008582,n003622,train,0
19311,n005172,n000954,train,1
19312,n007503,n005051,train,1
19313,n004507,n006081,train,0
19314,n003991,n007317,train,0
19315,n008581,n000356,train,1
19316,n003795,n006815,train,0
19317,n001591,n003398,train,1
19318,n004862,n000157,train,1
19319,n008424,n005115,train,1
19320,n004349,n002095,train,0
19321,n008583,n001254,train,1
19322,n003625,n009268,train,1
19323,n004448,n003147,train,1
19324,n007996,n003758,train,1
19325,n007923,n000020,train,0
19326,n006722,n004912,train,1
19327,n009255,n001145,train,0
19328,n008804,n006847,train,1
19329,n006127,n007383,train,1
19330,n006623,n005006,train,1
19331,n000778,n004389,train,1
19332,n003076,n004881,train,1
19333,n003281,n001086,train,0
19334,n009252,n008309,train,1
19335,n008245,n004379,train,0
19336,n007808,n001186,train,0
19337,n008424,n005707,train,1
19338,n006936,n003568,train,1
19339,n009024,n008751,train,0
19340,n005283,n007081,train,1
19341,n005094,n002456,train,1
19342,n002946,n008391,train,1
19343,n002986,n001017,train,1
19344,n005044,n001479,train,1
19345,n000111,n004862,train,0
19346,n002067,n000986,train,1
19347,n005314,n006722,train,1
19348,n008216,n008364,train,1
19349,n004944,n005696,train,1
19350,n002735,n000875,train,1
19351,n005825,n006846,train,0
19352,n005311,n007687,train,1
19353,n008071,n008791,train,1
19354,n000317,n004448,train,1
19355,n007084,n005718,train,0
19356,n002879,n005768,train,1
19357,n001105,n007667,train,0
19358,n000054,n005651,train,1
19359,n006511,n006719,train,1
19360,n001615,n008057,train,1
19361,n005638,n007417,train,1
19362,n008424,n008737,train,1
19363,n000472,n005035,train,1
19364,n007616,n000012,train,1
19365,n000970,n007458,train,0
19366,n007465,n003683,train,0
19367,n008550,n000297,train,1
19368,n000923,n002705,train,1
19369,n002336,n000561,train,1
19370,n001409,n000333,train,0
19371,n009254,n008389,train,1
19372,n008906,n008440,train,1
19373,n007097,n002990,train,1
19374,n007350,n004944,train,1
19375,n005895,n000399,train,0
19376,n003046,n005228,train,0
19377,n003563,n006511,train,1
19378,n005096,n007991,train,1
19379,n009102,n000368,train,1
19380,n004187,n006700,train,1
19381,n002959,n007943,train,1
19382,n002376,n000418,train,1
19383,n007930,n006082,train,1
19384,n006515,n005875,train,1
19385,n008158,n008776,train,1
19386,n004301,n004210,train,1
19387,n001460,n001065,train,0
19388,n002242,n006418,train,1
19389,n004031,n005793,train,1
19390,n005396,n008281,train,1
19391,n006172,n007815,train,1
19392,n007282,n000762,train,1
19393,n003624,n003845,train,1
19394,n006252,n008845,train,1
19395,n005884,n000485,train,0
19396,n001701,n001592,train,1
19397,n004837,n006367,train,1
19398,n006921,n001489,train,1
19399,n002337,n004222,train,1
19400,n008367,n002733,train,1
19401,n007578,n006703,train,1
19402,n001521,n001665,train,0
19403,n006155,n005139,train,0
19404,n005309,n002091,train,1
19405,n003170,n004253,train,1
19406,n004164,n007713,train,1
19407,n004762,n008928,train,0
19408,n000909,n001502,train,1
19409,n004031,n003435,train,1
19410,n005006,n000938,train,0
19411,n005416,n005867,train,0
19412,n005365,n006263,train,1
19413,n000749,n008268,train,1
19414,n007988,n003234,train,1
19415,n008297,n005449,train,1
19416,n009005,n005468,train,1
19417,n004393,n009181,train,1
19418,n001705,n007504,train,1
19419,n008501,n000784,train,1
19420,n001833,n002807,train,1
19421,n004517,n004088,train,1
19422,n006801,n007718,train,1
19423,n001753,n005486,train,1
19424,n005850,n004620,train,1
19425,n002995,n004107,train,1
19426,n005284,n008981,train,1
19427,n006229,n006243,train,1
19428,n005896,n001055,train,1
19429,n008290,n008923,train,0
19430,n001684,n006112,train,1
19431,n006275,n000184,train,1
19432,n008140,n007173,train,1
19433,n008694,n001688,train,0
19434,n008864,n007641,train,0
19435,n008227,n005806,train,1
19436,n000265,n004020,train,0
19437,n008849,n006036,train,1
19438,n002495,n003985,train,1
19439,n004134,n006713,train,1
19440,n009279,n006432,train,0
19441,n009177,n006109,train,0
19442,n000834,n006091,train,1
19443,n008077,n005036,train,1
19444,n003605,n008605,train,0
19445,n004288,n005922,train,1
19446,n000340,n006974,train,1
19447,n002608,n006843,train,1
19448,n008013,n002243,train,1
19449,n000300,n005708,train,0
19450,n008460,n003643,train,1
19451,n004552,n004048,train,1
19452,n003267,n007795,train,1
19453,n003774,n004923,train,1
19454,n007279,n001596,train,1
19455,n004371,n005779,train,1
19456,n002837,n006838,train,1
19457,n005257,n006719,train,1
19458,n002402,n005445,train,0
19459,n006488,n000232,train,1
19460,n006056,n002461,train,1
19461,n000883,n000023,train,1
19462,n000547,n002521,train,1
19463,n007977,n004147,train,0
19464,n008523,n001760,train,1
19465,n007234,n006972,train,1
19466,n008342,n006924,train,1
19467,n002473,n007054,train,1
19468,n008898,n009166,train,1
19469,n002444,n006923,train,1
19470,n003840,n002837,train,1
19471,n005401,n006814,train,1
19472,n007682,n004933,train,1
19473,n008409,n009141,train,1
19474,n006438,n006495,train,1
19475,n007273,n001869,train,0
19476,n009189,n008231,train,1
19477,n001109,n004399,train,1
19478,n000619,n008227,train,1
19479,n003879,n005942,train,1
19480,n004693,n009187,train,1
19481,n005065,n003347,train,1
19482,n003160,n003504,train,1
19483,n008281,n006447,train,1
19484,n001773,n003267,train,1
19485,n006534,n000220,train,1
19486,n004933,n006191,train,1
19487,n008087,n006226,train,0
19488,n004646,n007504,train,1
19489,n005987,n008069,train,0
19490,n002478,n001478,train,0
19491,n004561,n001253,train,1
19492,n003132,n006073,train,1
19493,n005053,n002409,train,1
19494,n008669,n000755,train,1
19495,n005643,n007160,train,1
19496,n006654,n007557,train,1
19497,n005020,n001981,train,1
19498,n004672,n001240,train,1
19499,n005984,n001718,train,1
19500,n006396,n000514,train,1
19501,n001905,n002477,train,1
19502,n001075,n007536,train,1
19503,n008523,n006930,train,1
19504,n005440,n002063,train,1
19505,n007315,n006846,train,1
19506,n006925,n005455,train,1
19507,n004581,n006270,train,0
19508,n000151,n003969,train,1
19509,n000731,n003337,train,0
19510,n000379,n003850,train,1
19511,n004717,n008053,train,1
19512,n000889,n009186,train,1
19513,n007013,n006863,train,1
19514,n003835,n000985,train,1
19515,n005337,n007811,train,1
19516,n006258,n001753,train,1
19517,n008365,n009142,train,0
19518,n004721,n002383,train,1
19519,n003139,n005628,train,1
19520,n003160,n005766,train,1
19521,n001882,n000491,train,1
19522,n001132,n006662,train,0
19523,n003471,n000988,train,1
19524,n000594,n008807,train,1
19525,n002504,n000443,train,0
19526,n006511,n004861,train,1
19527,n006817,n005255,train,1
19528,n000448,n000904,train,1
19529,n005717,n002877,train,1
19530,n004099,n008898,train,1
19531,n000985,n004630,train,1
19532,n004282,n000724,train,1
19533,n007768,n006629,train,1
19534,n003457,n006382,train,0
19535,n000812,n006313,train,1
19536,n005611,n008197,train,1
19537,n001313,n002914,train,1
19538,n008568,n002514,train,1
19539,n004162,n003270,train,1
19540,n008657,n007285,train,1
19541,n000727,n006791,train,1
19542,n005406,n008185,train,1
19543,n006820,n006248,train,1
19544,n006304,n000251,train,1
19545,n008574,n008527,train,1
19546,n006629,n004843,train,1
19547,n001727,n004718,train,1
19548,n008877,n006763,train,1
19549,n006243,n005460,train,1
19550,n008230,n006683,train,1
19551,n008398,n001495,train,0
19552,n002598,n002920,train,1
19553,n002059,n006888,train,1
19554,n006065,n000433,train,1
19555,n007364,n006737,train,1
19556,n003408,n005811,train,1
19557,n008621,n003404,train,0
19558,n003370,n001413,train,0
19559,n004445,n004457,train,1
19560,n006662,n008796,train,1
19561,n000556,n005930,train,1
19562,n002807,n008293,train,0
19563,n007446,n004367,train,1
19564,n001109,n007831,train,1
19565,n004232,n000248,train,1
19566,n005276,n001011,train,1
19567,n005139,n008893,train,1
19568,n005825,n003803,train,1
19569,n007044,n001740,train,0
19570,n004235,n001993,train,1
19571,n004336,n002451,train,1
19572,n008144,n000290,train,1
19573,n001249,n007963,train,1
19574,n000440,n000425,train,1
19575,n004111,n005943,train,1
19576,n004099,n008875,train,1
19577,n009122,n004707,train,0
19578,n005243,n003859,train,1
19579,n003914,n003951,train,0
19580,n008291,n003723,train,1
19581,n007335,n004485,train,1
19582,n008346,n008771,train,1
19583,n008861,n007295,train,1
19584,n005243,n002038,train,0
19585,n003194,n002989,train,1
19586,n004933,n005119,train,1
19587,n006705,n003496,train,1
19588,n004941,n009191,train,1
19589,n004503,n004792,train,1
19590,n006172,n004618,train,1
19591,n007352,n007337,train,1
19592,n001463,n008295,train,0
19593,n006374,n005031,train,1
19594,n001767,n004496,train,1
19595,n003039,n004028,train,1
19596,n000890,n000374,train,1
19597,n001933,n002624,train,1
19598,n000881,n006933,train,1
19599,n004042,n006194,train,1
19600,n007177,n005287,train,0
19601,n002306,n006625,train,1
19602,n009189,n004320,train,1
19603,n008294,n002716,train,1
19604,n005409,n007636,train,1
19605,n000375,n003281,train,0
19606,n000849,n001479,train,1
19607,n004150,n005103,train,1
19608,n000539,n002246,train,1
19609,n002392,n000321,train,1
19610,n003860,n008651,train,1
19611,n004562,n007969,train,1
19612,n008268,n005493,train,1
19613,n002632,n005548,train,1
19614,n001474,n008702,train,0
19615,n006908,n000336,train,1
19616,n000717,n004418,train,0
19617,n004460,n008440,train,1
19618,n002016,n002259,train,1
19619,n006850,n007682,train,1
19620,n006496,n005248,train,1
19621,n008864,n004517,train,1
19622,n003255,n007780,train,0
19623,n000461,n003678,train,1
19624,n003869,n002186,train,1
19625,n001528,n003419,train,0
19626,n002096,n005524,train,1
19627,n005290,n002102,train,1
19628,n000799,n004373,train,1
19629,n006950,n005993,train,1
19630,n005283,n006738,train,1
19631,n001750,n001370,train,1
19632,n002883,n003948,train,1
19633,n007346,n005272,train,1
19634,n001310,n003630,train,1
19635,n006730,n001206,train,1
19636,n002801,n004491,train,1
19637,n007449,n003426,train,1
19638,n004970,n004376,train,1
19639,n007492,n007046,train,1
19640,n008398,n008845,train,1
19641,n008616,n008578,train,1
19642,n008406,n006984,train,1
19643,n002520,n001068,train,1
19644,n000152,n009038,train,0
19645,n004193,n007372,train,1
19646,n008456,n008565,train,1
19647,n003631,n005788,train,1
19648,n006702,n001896,train,0
19649,n001326,n003424,train,1
19650,n001642,n004675,train,0
19651,n009249,n006973,train,0
19652,n001773,n005166,train,1
19653,n000595,n005172,train,1
19654,n005593,n004259,train,1
19655,n007942,n002786,train,1
19656,n007674,n006649,train,1
19657,n003819,n006974,train,1
19658,n004962,n009122,train,1
19659,n005711,n006006,train,1
19660,n001872,n001011,train,1
19661,n004762,n007701,train,1
19662,n001398,n008391,train,1
19663,n003947,n001196,train,1
19664,n003139,n001749,train,1
19665,n006780,n006573,train,1
19666,n003456,n007172,train,1
19667,n005516,n004616,train,1
19668,n004048,n007115,train,0
19669,n005350,n003848,train,1
19670,n003113,n003698,train,0
19671,n002137,n005311,train,1
19672,n005722,n002717,train,1
19673,n004439,n007561,train,0
19674,n002820,n004485,train,1
19675,n005083,n007654,train,1
19676,n006580,n001912,train,1
19677,n002637,n007908,train,1
19678,n002237,n005439,train,0
19679,n006994,n001239,train,1
19680,n003517,n004364,train,0
19681,n001108,n008193,train,0
19682,n005010,n000221,train,1
19683,n003618,n004147,train,1
19684,n001624,n001519,train,1
19685,n004807,n009265,train,1
19686,n000143,n004687,train,1
19687,n006044,n000834,train,1
19688,n000248,n001105,train,1
19689,n006389,n000401,train,1
19690,n000193,n003778,train,1
19691,n004038,n005948,train,1
19692,n003202,n007018,train,1
19693,n007006,n004237,train,1
19694,n004110,n005819,train,1
19695,n007784,n005438,train,1
19696,n001136,n005697,train,1
19697,n002432,n007813,train,1
19698,n007787,n003271,train,1
19699,n001316,n005850,train,1
19700,n001231,n006359,train,1
19701,n007558,n003997,train,0
19702,n002149,n005608,train,0
19703,n005423,n008790,train,1
19704,n006523,n000900,train,1
19705,n008165,n006308,train,0
19706,n009054,n001075,train,1
19707,n002067,n009134,train,1
19708,n006502,n008573,train,1
19709,n002933,n000883,train,0
19710,n002084,n001395,train,1
19711,n001856,n000995,train,1
19712,n000729,n004923,train,1
19713,n000141,n009049,train,1
19714,n008092,n001721,train,0
19715,n007349,n004521,train,0
19716,n008880,n005443,train,1
19717,n008508,n001778,train,0
19718,n006828,n002380,train,1
19719,n008295,n005839,train,1
19720,n007266,n007239,train,1
19721,n008675,n007481,train,1
19722,n000336,n005010,train,1
19723,n001080,n003276,train,1
19724,n003509,n000556,train,0
19725,n004294,n008939,train,1
19726,n003991,n007492,train,1
19727,n005467,n006491,train,1
19728,n000656,n003882,train,1
19729,n001723,n005039,train,0
19730,n002143,n007470,train,1
19731,n001180,n009034,train,1
19732,n007042,n000288,train,1
19733,n002533,n003972,train,1
19734,n003049,n002822,train,1
19735,n003058,n001645,train,0
19736,n006509,n008910,train,1
19737,n000995,n009103,train,1
19738,n006148,n009117,train,1
19739,n001780,n004792,train,0
19740,n006459,n001605,train,1
19741,n000513,n005948,train,1
19742,n006860,n006836,train,1
19743,n001034,n007661,train,1
19744,n009255,n001148,train,1
19745,n008173,n003218,train,1
19746,n008547,n003247,train,1
19747,n004235,n007991,train,1
19748,n005487,n007053,train,1
19749,n004488,n005527,train,1
19750,n004464,n002830,train,1
19751,n005845,n004294,train,1
19752,n000791,n007775,train,1
19753,n001314,n005925,train,0
19754,n001234,n003412,train,1
19755,n005796,n001589,train,0
19756,n004970,n008479,train,1
19757,n000302,n001677,train,1
19758,n009182,n003682,train,1
19759,n007662,n007982,train,1
19760,n005402,n007138,train,1
19761,n000591,n003256,train,1
19762,n005468,n004516,train,1
19763,n005284,n003521,train,1
19764,n005185,n003770,train,1
19765,n004729,n005406,train,1
19766,n000870,n008964,train,1
19767,n003969,n003170,train,1
19768,n006018,n008908,train,1
19769,n006611,n005185,train,1
19770,n006826,n007567,train,1
19771,n008678,n008783,train,1
19772,n002168,n000625,train,1
19773,n008333,n001872,train,1
19774,n007239,n003594,train,1
19775,n007346,n002380,train,0
19776,n007543,n000977,train,1
19777,n004526,n006067,train,1
19778,n003769,n008802,train,1
19779,n006959,n008078,train,1
19780,n002161,n006504,train,1
19781,n007430,n002553,train,1
19782,n001269,n007969,train,1
19783,n004388,n001623,train,1
19784,n002870,n008801,train,1
19785,n007899,n002801,train,1
19786,n004599,n004301,train,1
19787,n001108,n003560,train,1
19788,n001713,n003072,train,1
19789,n008737,n009174,train,1
19790,n002594,n000341,train,1
19791,n001869,n006194,train,1
19792,n008353,n001099,train,1
19793,n002436,n005517,train,1
19794,n005729,n006090,train,1
19795,n006776,n007910,train,1
19796,n002230,n001539,train,1
19797,n005470,n006846,train,1
19798,n004714,n008416,train,1
19799,n006863,n005087,train,1
19800,n001155,n002828,train,0
19801,n000537,n001015,train,1
19802,n006812,n000707,train,1
19803,n007979,n007309,train,1
19804,n002347,n005821,train,1
19805,n001957,n007930,train,1
19806,n004385,n008376,train,1
19807,n003978,n003202,train,1
19808,n001389,n003253,train,0
19809,n002240,n007304,train,0
19810,n003947,n006868,train,1
19811,n004599,n007492,train,1
19812,n005806,n002597,train,1
19813,n005923,n009160,train,1
19814,n004572,n006234,train,0
19815,n004267,n004708,train,0
19816,n005879,n006672,train,1
19817,n007238,n006950,train,1
19818,n007084,n003065,train,1
19819,n008814,n009073,train,1
19820,n003368,n002724,train,1
19821,n007094,n002010,train,1
19822,n008004,n008288,train,1
19823,n006601,n006428,train,1
19824,n001946,n008396,train,0
19825,n003405,n001350,train,1
19826,n007470,n005223,train,1
19827,n000430,n009182,train,1
19828,n007030,n005094,train,0
19829,n000157,n004775,train,1
19830,n006872,n008449,train,1
19831,n000986,n006010,train,1
19832,n005015,n000364,train,1
19833,n004206,n007992,train,0
19834,n004365,n003947,train,1
19835,n004582,n002778,train,1
19836,n002740,n006761,train,1
19837,n004024,n005131,train,1
19838,n001735,n009002,train,1
19839,n003073,n007501,train,0
19840,n007292,n000922,train,1
19841,n000158,n008014,train,1
19842,n004764,n005416,train,1
19843,n006172,n007313,train,1
19844,n009040,n002016,train,1
19845,n002379,n004310,train,1
19846,n001966,n009115,train,1
19847,n003011,n005388,train,1
19848,n004909,n000518,train,1
19849,n007253,n006742,train,1
19850,n000692,n006304,train,0
19851,n005020,n005836,train,1
19852,n001329,n004244,train,1
19853,n007982,n008788,train,1
19854,n005622,n000524,train,0
19855,n002813,n006149,train,1
19856,n000090,n002841,train,1
19857,n008516,n005250,train,1
19858,n007628,n008850,train,1
19859,n008934,n000846,train,1
19860,n001068,n006013,train,1
19861,n000057,n004833,train,1
19862,n005350,n003918,train,1
19863,n007266,n003605,train,1
19864,n003682,n005972,train,1
19865,n008039,n003216,train,1
19866,n005418,n008714,train,0
19867,n003525,n004066,train,1
19868,n002354,n001194,train,1
19869,n004035,n001225,train,1
19870,n000784,n005015,train,1
19871,n002736,n006151,train,0
19872,n005789,n007374,train,1
19873,n004626,n006542,train,1
19874,n008318,n001702,train,1
19875,n005845,n001474,train,1
19876,n007627,n002103,train,1
19877,n005610,n003005,train,1
19878,n002496,n000265,train,1
19879,n008560,n004973,train,1
19880,n003203,n008556,train,1
19881,n006169,n008182,train,0
19882,n000889,n007445,train,1
19883,n003143,n004986,train,0
19884,n002050,n002313,train,1
19885,n004451,n002984,train,1
19886,n004621,n003820,train,1
19887,n002395,n004736,train,0
19888,n007230,n006041,train,0
19889,n000481,n008880,train,1
19890,n009177,n000261,train,1
19891,n007365,n008415,train,1
19892,n004721,n000194,train,0
19893,n007814,n008378,train,1
19894,n004130,n002651,train,1
19895,n002608,n005197,train,1
19896,n001686,n007238,train,1
19897,n007527,n005722,train,1
19898,n005260,n008950,train,1
19899,n000872,n008465,train,1
19900,n002419,n007034,train,1
19901,n009147,n001249,train,1
19902,n000870,n002609,train,1
19903,n002646,n000162,train,1
19904,n003105,n008898,train,1
19905,n002206,n000512,train,1
19906,n000294,n002633,train,1
19907,n007614,n002780,train,0
19908,n000573,n003372,train,0
19909,n005151,n000367,train,0
19910,n008318,n002971,train,1
19911,n000165,n003869,train,1
19912,n000157,n008974,train,1
19913,n000900,n007437,train,1
19914,n005021,n000532,train,1
19915,n002417,n003661,train,1
19916,n008401,n004525,train,1
19917,n005669,n006771,train,1
19918,n002241,n007888,train,1
19919,n006875,n004370,train,1
19920,n005984,n009088,train,1
19921,n000024,n004895,train,1
19922,n006803,n003654,train,0
19923,n007291,n007536,train,1
19924,n002328,n000574,train,1
19925,n002558,n001900,train,1
19926,n002687,n001070,train,1
19927,n002948,n007979,train,1
19928,n000201,n004388,train,1
19929,n001930,n000886,train,1
19930,n000547,n008049,train,1
19931,n002149,n008191,train,1
19932,n008856,n008994,train,0
19933,n003460,n006065,train,1
19934,n004862,n006604,train,0
19935,n006889,n005662,train,1
19936,n002285,n004914,train,1
19937,n009155,n007007,train,1
19938,n004987,n002759,train,1
19939,n007216,n006049,train,1
19940,n004562,n006521,train,1
19941,n008308,n008289,train,0
19942,n001433,n007053,train,1
19943,n004316,n003828,train,1
19944,n001396,n003988,train,1
19945,n004876,n003929,train,0
19946,n000882,n009134,train,1
19947,n008166,n007018,train,1
19948,n003710,n000726,train,1
19949,n007018,n001409,train,1
19950,n000767,n001495,train,1
19951,n008940,n000456,train,1
19952,n001844,n004213,train,0
19953,n002910,n005449,train,0
19954,n008791,n007251,train,1
19955,n008295,n005180,train,0
19956,n007071,n007614,train,1
19957,n008445,n003425,train,1
19958,n004667,n006640,train,0
19959,n000319,n004107,train,1
19960,n008287,n008994,train,1
19961,n004825,n007401,train,1
19962,n002594,n007908,train,1
19963,n002993,n006723,train,1
19964,n005597,n008806,train,1
19965,n008386,n001120,train,1
19966,n005472,n005850,train,1
19967,n008336,n003414,train,1
19968,n007803,n005925,train,1
19969,n001346,n009180,train,1
19970,n003149,n005959,train,0
19971,n000825,n000287,train,0
19972,n006489,n000561,train,1
19973,n001849,n002702,train,1
19974,n004997,n001914,train,1
19975,n001184,n009087,train,1
19976,n007366,n008723,train,1
19977,n001329,n000884,train,1
19978,n000881,n006076,train,0
19979,n001690,n001509,train,1
19980,n003731,n006402,train,1
19981,n006926,n004193,train,1
19982,n003055,n006058,train,0
19983,n005785,n005773,train,1
19984,n005505,n005066,train,0
19985,n008801,n003586,train,1
19986,n008001,n005475,train,1
19987,n000839,n004902,train,1
19988,n006725,n001126,train,0
19989,n002622,n004129,train,1
19990,n007775,n000954,train,1
19991,n006862,n005005,train,1
19992,n008114,n001326,train,0
19993,n006475,n003628,train,1
19994,n003586,n000059,train,1
19995,n007313,n007106,train,1
19996,n008704,n008112,train,1
19997,n002213,n001625,train,1
19998,n005988,n003915,train,1
19999,n005527,n001607,train,1
20000,n006850,n005705,train,1
20001,n001953,n000290,train,1
20002,n007271,n006265,train,1
20003,n007684,n007604,train,1
20004,n002622,n004316,train,1
20005,n007493,n005418,train,1
20006,n001421,n003953,train,1
20007,n000101,n003352,train,1
20008,n004741,n007437,train,1
20009,n001087,n006172,train,1
20010,n003011,n001828,train,1
20011,n007982,n008872,train,1
20012,n005241,n007292,train,1
20013,n008725,n002068,train,1
20014,n003785,n003414,train,1
20015,n005560,n000576,train,1
20016,n002444,n008510,train,0
20017,n006678,n007263,train,1
20018,n005464,n004993,train,1
20019,n006791,n004255,train,0
20020,n005527,n005599,train,1
20021,n003859,n003882,train,1
20022,n006870,n004414,train,1
20023,n008178,n007154,train,1
20024,n003375,n003434,train,1
20025,n007272,n006010,train,1
20026,n004622,n000015,train,0
20027,n007163,n001789,train,1
20028,n004617,n004565,train,1
20029,n003154,n004309,train,1
20030,n007482,n001332,train,1
20031,n003912,n002877,train,1
20032,n001732,n008806,train,1
20033,n001095,n006897,train,1
20034,n003065,n002428,train,1
20035,n006258,n008667,train,0
20036,n000717,n006844,train,0
20037,n005829,n004031,train,1
20038,n004160,n002856,train,1
20039,n002665,n006948,train,1
20040,n000855,n003798,train,1
20041,n008649,n004174,train,1
20042,n006333,n006042,train,1
20043,n000614,n007791,train,0
20044,n000710,n000425,train,1
20045,n002476,n008205,train,0
20046,n008872,n001968,train,1
20047,n002437,n005057,train,1
20048,n007037,n001916,train,1
20049,n001996,n001795,train,1
20050,n001617,n005876,train,1
20051,n005731,n003661,train,1
20052,n008374,n004106,train,1
20053,n002995,n006511,train,1
20054,n004916,n007805,train,1
20055,n000819,n001809,train,0
20056,n007959,n005508,train,1
20057,n000525,n008198,train,1
20058,n004577,n001056,train,1
20059,n000737,n004462,train,1
20060,n000960,n006006,train,1
20061,n007604,n005502,train,1
20062,n004253,n004147,train,1
20063,n002419,n004467,train,1
20064,n004760,n000487,train,1
20065,n001940,n008437,train,1
20066,n008976,n007968,train,1
20067,n005206,n007172,train,0
20068,n004325,n003740,train,1
20069,n004701,n005754,train,0
20070,n002434,n008861,train,1
20071,n004117,n002187,train,1
20072,n009127,n005549,train,0
20073,n001378,n008614,train,1
20074,n004489,n006714,train,0
20075,n004604,n005036,train,0
20076,n008082,n006668,train,1
20077,n004683,n002345,train,1
20078,n002431,n007320,train,1
20079,n001607,n006580,train,1
20080,n005720,n003610,train,1
20081,n008967,n005908,train,1
20082,n003265,n005126,train,1
20083,n002417,n004910,train,1
20084,n001572,n004297,train,1
20085,n008156,n000059,train,1
20086,n000518,n006060,train,1
20087,n007226,n005012,train,1
20088,n005592,n002901,train,1
20089,n002147,n003515,train,0
20090,n002409,n004701,train,1
20091,n008368,n006660,train,0
20092,n004409,n007392,train,1
20093,n005408,n003261,train,1
20094,n000039,n008901,train,0
20095,n002161,n003955,train,1
20096,n008050,n003501,train,0
20097,n005082,n000900,train,1
20098,n006375,n006356,train,1
20099,n009160,n006504,train,1
20100,n008096,n000262,train,1
20101,n004373,n001866,train,1
20102,n001567,n000430,train,1
20103,n008112,n005576,train,1
20104,n001070,n003302,train,1
20105,n001851,n005414,train,1
20106,n004844,n007436,train,0
20107,n007105,n006998,train,1
20108,n006496,n001522,train,1
20109,n007795,n006223,train,1
20110,n003002,n006644,train,1
20111,n003620,n007652,train,0
20112,n006416,n003641,train,1
20113,n006416,n000472,train,1
20114,n003639,n007075,train,1
20115,n004378,n003448,train,1
20116,n001799,n003253,train,0
20117,n003474,n008279,train,0
20118,n007288,n004102,train,1
20119,n006978,n006917,train,0
20120,n007682,n001785,train,0
20121,n006914,n001010,train,1
20122,n004154,n000065,train,1
20123,n004133,n007292,train,1
20124,n000532,n009255,train,1
20125,n002287,n002207,train,0
20126,n000446,n004637,train,1
20127,n006828,n001633,train,1
20128,n001360,n004369,train,0
20129,n003112,n006073,train,0
20130,n003549,n002461,train,1
20131,n003392,n005186,train,1
20132,n002083,n007973,train,0
20133,n000725,n007759,train,1
20134,n004680,n006870,train,1
20135,n002213,n006632,train,1
20136,n002297,n002480,train,1
20137,n000673,n004954,train,1
20138,n008534,n007971,train,1
20139,n002564,n005942,train,0
20140,n004264,n008074,train,0
20141,n002447,n003923,train,1
20142,n007421,n009122,train,1
20143,n007858,n002402,train,1
20144,n001705,n000915,train,1
20145,n002952,n005021,train,0
20146,n000289,n000456,train,1
20147,n004840,n004459,train,1
20148,n007796,n003924,train,1
20149,n003726,n006059,train,1
20150,n009117,n007437,train,1
20151,n001959,n004784,train,1
20152,n000425,n008087,train,1
20153,n005047,n004255,train,1
20154,n009168,n009122,train,1
20155,n000407,n000519,train,1
20156,n003271,n004792,train,0
20157,n002656,n007016,train,1
20158,n003704,n008175,train,1
20159,n000783,n006966,train,1
20160,n000986,n009040,train,1
20161,n004876,n000743,train,1
20162,n004106,n008797,train,1
20163,n008791,n001698,train,1
20164,n006544,n005472,train,1
20165,n005615,n002256,train,1
20166,n003643,n002146,train,1
20167,n001800,n005869,train,1
20168,n003569,n009045,train,1
20169,n007850,n007796,train,1
20170,n006204,n002760,train,0
20171,n002068,n001945,train,0
20172,n007632,n005011,train,1
20173,n006088,n007414,train,1
20174,n003843,n001359,train,0
20175,n007238,n004163,train,1
20176,n002095,n007774,train,1
20177,n002328,n004621,train,0
20178,n008255,n003394,train,1
20179,n000626,n000432,train,1
20180,n001851,n001490,train,1
20181,n000786,n001474,train,0
20182,n001210,n004740,train,0
20183,n007352,n001916,train,1
20184,n006722,n000497,train,1
20185,n005349,n004896,train,1
20186,n000710,n005770,train,1
20187,n008292,n006082,train,0
20188,n002777,n003509,train,1
20189,n008575,n008451,train,0
20190,n006344,n008849,train,0
20191,n005370,n000118,train,1
20192,n008800,n003624,train,1
20193,n008764,n008412,train,1
20194,n002739,n008583,train,1
20195,n005718,n007999,train,1
20196,n006070,n005720,train,1
20197,n000664,n004759,train,1
20198,n002287,n001072,train,0
20199,n006954,n001486,train,1
20200,n008397,n003839,train,1
20201,n006813,n001444,train,0
20202,n008198,n008555,train,1
20203,n004152,n002165,train,1
20204,n000784,n004494,train,1
20205,n005206,n007174,train,0
20206,n004110,n008267,train,0
20207,n002195,n008500,train,1
20208,n005926,n004997,train,1
20209,n007886,n000883,train,1
20210,n002411,n002188,train,1
20211,n007048,n007775,train,1
20212,n009160,n002670,train,1
20213,n005350,n005702,train,1
20214,n008697,n009187,train,1
20215,n009142,n006914,train,1
20216,n005839,n007327,train,1
20217,n004179,n000584,train,1
20218,n006700,n000446,train,1
20219,n005493,n003424,train,0
20220,n000041,n008747,train,0
20221,n005804,n005546,train,1
20222,n004498,n004023,train,1
20223,n006724,n007768,train,1
20224,n005241,n002394,train,1
20225,n004147,n006434,train,1
20226,n002039,n006104,train,1
20227,n002868,n004570,train,1
20228,n008202,n001529,train,1
20229,n001157,n002964,train,1
20230,n001081,n001712,train,1
20231,n008293,n004204,train,1
20232,n001240,n000713,train,1
20233,n001184,n002651,train,1
20234,n006630,n002033,train,1
20235,n001041,n008193,train,1
20236,n008309,n006672,train,1
20237,n002668,n008374,train,0
20238,n001395,n006723,train,1
20239,n006054,n008548,train,1
20240,n008176,n001017,train,1
20241,n003749,n004876,train,0
20242,n007614,n003099,train,0
20243,n003897,n004623,train,1
20244,n001356,n003769,train,1
20245,n007012,n001486,train,1
20246,n002833,n000692,train,1
20247,n001572,n007252,train,1
20248,n004443,n005729,train,1
20249,n001605,n008084,train,1
20250,n001065,n008544,train,1
20251,n003112,n007647,train,1
20252,n004185,n008803,train,0
20253,n007314,n007752,train,1
20254,n001442,n005548,train,1
20255,n004521,n000240,train,1
20256,n004974,n005432,train,1
20257,n005674,n001220,train,1
20258,n007223,n002946,train,1
20259,n007163,n004375,train,1
20260,n003908,n001389,train,1
20261,n001529,n003640,train,1
20262,n006655,n006612,train,1
20263,n003429,n003501,train,1
20264,n000267,n001305,train,1
20265,n003310,n003444,train,1
20266,n007234,n004109,train,1
20267,n003946,n008687,train,1
20268,n002259,n004399,train,1
20269,n005371,n009056,train,1
20270,n000537,n002094,train,1
20271,n007815,n002772,train,1
20272,n005875,n006236,train,1
20273,n000941,n006948,train,1
20274,n007065,n002489,train,0
20275,n007155,n006305,train,0
20276,n007763,n000305,train,1
20277,n006842,n004216,train,1
20278,n006424,n001591,train,1
20279,n007923,n000393,train,1
20280,n001863,n000051,train,1
20281,n005518,n002708,train,0
20282,n002094,n002959,train,1
20283,n001089,n005460,train,1
20284,n007789,n005293,train,1
20285,n000903,n005558,train,1
20286,n009030,n000965,train,1
20287,n004133,n008006,train,0
20288,n002716,n006062,train,0
20289,n003735,n000970,train,1
20290,n003683,n003279,train,1
20291,n007374,n003879,train,1
20292,n004185,n003318,train,1
20293,n004133,n002547,train,1
20294,n003915,n007785,train,1
20295,n002830,n008255,train,1
20296,n007076,n002337,train,1
20297,n000047,n006323,train,1
20298,n005273,n006432,train,1
20299,n007083,n000727,train,1
20300,n002504,n000657,train,1
20301,n001591,n008491,train,1
20302,n002677,n005697,train,0
20303,n006016,n000445,train,1
20304,n006109,n004969,train,1
20305,n002767,n005640,train,1
20306,n007355,n004499,train,1
20307,n003685,n008580,train,1
20308,n007030,n007034,train,1
20309,n002558,n006166,train,1
20310,n007915,n000528,train,1
20311,n005463,n005470,train,1
20312,n003394,n003620,train,1
20313,n001360,n007684,train,1
20314,n001131,n006333,train,1
20315,n007334,n005369,train,1
20316,n002700,n004040,train,1
20317,n001694,n008193,train,1
20318,n001661,n006348,train,0
20319,n006855,n000309,train,0
20320,n002978,n005593,train,1
20321,n009039,n005313,train,0
20322,n007538,n008693,train,1
20323,n006115,n000895,train,1
20324,n005449,n003497,train,1
20325,n008732,n007076,train,1
20326,n008940,n001089,train,1
20327,n006954,n000041,train,1
20328,n001594,n007348,train,1
20329,n003511,n003265,train,1
20330,n002280,n000265,train,1
20331,n005810,n007124,train,1
20332,n005309,n004269,train,1
20333,n007796,n008575,train,1
20334,n008406,n000123,train,1
20335,n005389,n005345,train,1
20336,n007089,n003667,train,0
20337,n003646,n007097,train,1
20338,n008540,n008013,train,0
20339,n005273,n002671,train,1
20340,n005034,n003674,train,0
20341,n005390,n008606,train,1
20342,n008166,n003365,train,0
20343,n002348,n008080,train,1
20344,n004741,n007992,train,1
20345,n001238,n004503,train,0
20346,n008452,n001853,train,1
20347,n003788,n000933,train,0
20348,n003245,n000957,train,1
20349,n009079,n007565,train,1
20350,n008865,n001962,train,1
20351,n004578,n005860,train,1
20352,n008193,n004933,train,1
20353,n008842,n000833,train,1
20354,n003163,n006579,train,1
20355,n008956,n009139,train,1
20356,n007787,n008506,train,1
20357,n001186,n006447,train,0
20358,n002244,n007482,train,1
20359,n002337,n002434,train,0
20360,n002691,n006983,train,1
20361,n002398,n006219,train,0
20362,n009253,n003593,train,1
20363,n005067,n001684,train,1
20364,n006110,n002395,train,1
20365,n008578,n006907,train,1
20366,n006157,n002472,train,1
20367,n001313,n008308,train,0
20368,n000839,n003370,train,1
20369,n006306,n003021,train,1
20370,n006697,n000420,train,1
20371,n001549,n003926,train,1
20372,n002243,n004409,train,0
20373,n001264,n007886,train,0
20374,n000340,n000094,train,1
20375,n001810,n002777,train,1
20376,n006583,n003929,train,0
20377,n000872,n007644,train,1
20378,n008914,n002893,train,1
20379,n008811,n000811,train,1
20380,n009275,n006780,train,1
20381,n004417,n008040,train,1
20382,n002531,n006206,train,1
20383,n005925,n007134,train,1
20384,n008493,n003819,train,1
20385,n008019,n002897,train,1
20386,n008228,n002601,train,1
20387,n004147,n003667,train,0
20388,n008998,n002599,train,1
20389,n001660,n000224,train,0
20390,n005212,n004197,train,1
20391,n004697,n007907,train,1
20392,n001320,n008297,train,0
20393,n003503,n006191,train,0
20394,n002940,n001730,train,0
20395,n008881,n000905,train,1
20396,n002579,n004773,train,1
20397,n008757,n002736,train,1
20398,n005962,n009204,train,1
20399,n006461,n002514,train,1
20400,n003852,n001780,train,1
20401,n004840,n000181,train,1
20402,n004737,n002745,train,1
20403,n001046,n000381,train,1
20404,n004133,n000525,train,0
20405,n002671,n002890,train,1
20406,n007755,n002835,train,1
20407,n001548,n004844,train,1
20408,n003918,n004492,train,1
20409,n005067,n006232,train,1
20410,n004783,n005573,train,1
20411,n002195,n006057,train,1
20412,n004977,n002492,train,1
20413,n007819,n006461,train,0
20414,n005926,n007959,train,1
20415,n006604,n008743,train,0
20416,n001352,n001824,train,1
20417,n008312,n006059,train,1
20418,n009203,n009147,train,0
20419,n007507,n007719,train,0
20420,n008991,n006838,train,1
20421,n004593,n004739,train,1
20422,n007436,n002766,train,0
20423,n007431,n008412,train,1
20424,n004721,n002532,train,1
20425,n007774,n005516,train,1
20426,n006396,n007071,train,0
20427,n000019,n000848,train,1
20428,n007413,n006110,train,1
20429,n000884,n006941,train,1
20430,n004957,n004150,train,1
20431,n003735,n006279,train,1
20432,n005791,n004977,train,1
20433,n001332,n008203,train,1
20434,n001099,n004205,train,1
20435,n002495,n007818,train,1
20436,n007565,n003016,train,0
20437,n006958,n004768,train,1
20438,n008774,n004359,train,1
20439,n004987,n008310,train,1
20440,n007216,n003234,train,1
20441,n003920,n002443,train,1
20442,n003941,n003824,train,1
20443,n007506,n003678,train,1
20444,n008516,n004470,train,1
20445,n002989,n004977,train,1
20446,n000221,n005234,train,1
20447,n006924,n006443,train,1
20448,n008721,n002665,train,1
20449,n006462,n009260,train,0
20450,n009180,n005180,train,1
20451,n004127,n003966,train,1
20452,n008085,n004637,train,0
20453,n007726,n001185,train,0
20454,n008687,n007627,train,1
20455,n002291,n002969,train,1
20456,n007154,n004806,train,1
20457,n008512,n009266,train,1
20458,n005235,n006184,train,1
20459,n002473,n006981,train,1
20460,n004066,n007413,train,1
20461,n001812,n003483,train,0
20462,n003142,n005042,train,1
20463,n007414,n003291,train,1
20464,n001109,n001738,train,1
20465,n002149,n007764,train,1
20466,n005337,n005850,train,1
20467,n002895,n008851,train,1
20468,n001478,n009209,train,1
20469,n001548,n001209,train,1
20470,n007315,n003621,train,1
20471,n000829,n000086,train,1
20472,n007762,n004623,train,1
20473,n003412,n004344,train,1
20474,n002605,n004873,train,0
20475,n003234,n000409,train,1
20476,n006891,n002772,train,1
20477,n007818,n004824,train,1
20478,n004193,n000064,train,1
20479,n002137,n004854,train,1
20480,n008721,n004825,train,1
20481,n007739,n006908,train,1
20482,n001724,n002061,train,0
20483,n004845,n000783,train,0
20484,n008861,n001232,train,1
20485,n007636,n000707,train,1
20486,n000883,n004266,train,1
20487,n001382,n003505,train,1
20488,n004457,n007018,train,1
20489,n008401,n006141,train,0
20490,n002895,n002612,train,1
20491,n005361,n006119,train,0
20492,n006191,n004645,train,0
20493,n006382,n008947,train,1
20494,n006714,n006484,train,1
20495,n005804,n008724,train,1
20496,n008604,n007844,train,0
20497,n004489,n008649,train,1
20498,n002825,n007318,train,1
20499,n004053,n000015,train,1
20500,n006822,n008226,train,1
20501,n003865,n009260,train,0
20502,n001421,n008551,train,0
20503,n000919,n001106,train,1
20504,n004525,n001413,train,1
20505,n004547,n005016,train,0
20506,n006258,n005988,train,1
20507,n003622,n002870,train,1
20508,n006666,n003112,train,1
20509,n006756,n007604,train,1
20510,n005044,n007784,train,1
20511,n002469,n000910,train,1
20512,n003361,n004267,train,1
20513,n000421,n002450,train,1
20514,n000341,n004017,train,0
20515,n006492,n002920,train,1
20516,n004259,n004475,train,0
20517,n008769,n003132,train,1
20518,n006059,n007055,train,1
20519,n001715,n005998,train,1
20520,n006864,n007263,train,1
20521,n001946,n008422,train,1
20522,n008452,n000152,train,0
20523,n002191,n004476,train,0
20524,n000065,n005409,train,1
20525,n007540,n002624,train,1
20526,n004234,n006155,train,1
20527,n001736,n002409,train,1
20528,n007442,n005561,train,1
20529,n009105,n002409,train,1
20530,n007768,n002313,train,1
20531,n007276,n001363,train,1
20532,n006843,n002432,train,1
20533,n008669,n008519,train,1
20534,n007432,n000485,train,1
20535,n003778,n001392,train,1
20536,n000548,n003301,train,0
20537,n004602,n008838,train,1
20538,n002206,n008202,train,1
20539,n002601,n001082,train,1
20540,n005267,n002130,train,1
20541,n009105,n002306,train,1
20542,n005545,n000824,train,1
20543,n007387,n009151,train,1
20544,n007999,n001311,train,0
20545,n002599,n001404,train,1
20546,n008181,n003628,train,1
20547,n004075,n009087,train,1
20548,n000232,n006661,train,1
20549,n008103,n004417,train,0
20550,n001267,n008395,train,1
20551,n003735,n004857,train,1
20552,n002500,n000915,train,1
20553,n001692,n000057,train,1
20554,n005587,n003832,train,1
20555,n004288,n006100,train,1
20556,n001295,n007321,train,1
20557,n007342,n001025,train,1
20558,n007044,n007498,train,1
20559,n008849,n004419,train,1
20560,n005253,n004949,train,0
20561,n007291,n000116,train,1
20562,n006149,n000622,train,1
20563,n003707,n007160,train,1
20564,n008954,n008310,train,1
20565,n006082,n000962,train,1
20566,n006668,n003041,train,1
20567,n002663,n003291,train,1
20568,n004399,n002139,train,1
20569,n006702,n007944,train,1
20570,n003824,n001837,train,1
20571,n009078,n008217,train,0
20572,n001396,n008132,train,1
20573,n006933,n008310,train,1
20574,n006416,n008549,train,0
20575,n002172,n000181,train,1
20576,n004147,n001170,train,1
20577,n002977,n007484,train,1
20578,n007303,n002201,train,1
20579,n004106,n008614,train,1
20580,n009121,n005985,train,1
20581,n000177,n006421,train,1
20582,n003969,n000251,train,1
20583,n001206,n000309,train,1
20584,n000507,n008588,train,1
20585,n001000,n002472,train,0
20586,n007350,n007701,train,0
20587,n003055,n008078,train,1
20588,n000132,n008917,train,0
20589,n007888,n000620,train,1
20590,n008198,n007575,train,1
20591,n000302,n005678,train,1
20592,n003821,n005028,train,0
20593,n009198,n002408,train,1
20594,n000512,n006984,train,1
20595,n007034,n008372,train,1
20596,n005065,n004229,train,0
20597,n000414,n007255,train,1
20598,n009143,n004861,train,1
20599,n002191,n005180,train,0
20600,n002278,n001451,train,1
20601,n000172,n004516,train,0
20602,n002566,n005889,train,1
20603,n006936,n003482,train,1
20604,n001590,n000697,train,1
20605,n001874,n005738,train,1
20606,n002612,n005168,train,1
20607,n006530,n002446,train,1
20608,n004508,n006338,train,1
20609,n007777,n009254,train,1
20610,n001316,n002031,train,1
20611,n000049,n002620,train,1
20612,n007784,n001607,train,1
20613,n002380,n008369,train,0
20614,n001788,n005206,train,1
20615,n006709,n001905,train,1
20616,n000461,n007906,train,1
20617,n002696,n005804,train,1
20618,n001389,n005093,train,1
20619,n002281,n007015,train,1
20620,n002180,n007017,train,1
20621,n007993,n002687,train,1
20622,n004964,n004997,train,1
20623,n002608,n002523,train,0
20624,n006361,n003880,train,1
20625,n004863,n005246,train,0
20626,n009050,n005961,train,1
20627,n001793,n002982,train,0
20628,n000352,n003614,train,0
20629,n000158,n006169,train,1
20630,n002099,n002760,train,1
20631,n001415,n004198,train,1
20632,n004174,n005816,train,1
20633,n004594,n005125,train,1
20634,n008771,n003214,train,1
20635,n007933,n007647,train,1
20636,n004304,n005790,train,0
20637,n008132,n005878,train,1
20638,n009024,n004472,train,1
20639,n003794,n000673,train,0
20640,n006655,n003324,train,1
20641,n009168,n004419,train,0
20642,n006713,n008017,train,0
20643,n003787,n000250,train,1
20644,n003282,n002910,train,1
20645,n002162,n005938,train,1
20646,n004184,n006700,train,1
20647,n005362,n000578,train,0
20648,n007540,n006082,train,0
20649,n002492,n002057,train,1
20650,n008166,n004472,train,1
20651,n007604,n002186,train,1
20652,n000835,n000990,train,1
20653,n000204,n006746,train,1
20654,n002944,n007257,train,1
20655,n002897,n002766,train,1
20656,n002280,n004417,train,0
20657,n001070,n001901,train,1
20658,n004987,n005662,train,0
20659,n005147,n000612,train,1
20660,n003840,n001501,train,1
20661,n000491,n004417,train,1
20662,n006424,n000933,train,0
20663,n004020,n002825,train,1
20664,n006751,n005662,train,1
20665,n000702,n002699,train,1
20666,n003265,n009168,train,1
20667,n002711,n004614,train,1
20668,n008462,n004005,train,1
20669,n002323,n007117,train,1
20670,n006360,n007811,train,0
20671,n000055,n005313,train,1
20672,n007283,n004017,train,1
20673,n005151,n003941,train,1
20674,n008320,n007327,train,1
20675,n005254,n004704,train,1
20676,n005625,n002404,train,1
20677,n003322,n001868,train,1
20678,n000805,n006654,train,0
20679,n003253,n004672,train,1
20680,n000065,n003203,train,1
20681,n008825,n004982,train,1
20682,n001046,n003463,train,1
20683,n003837,n003870,train,0
20684,n000174,n008052,train,1
20685,n005189,n008898,train,0
20686,n001395,n002169,train,1
20687,n000487,n002766,train,1
20688,n004310,n001912,train,0
20689,n004114,n005884,train,1
20690,n005286,n004370,train,1
20691,n004481,n005878,train,1
20692,n000322,n006509,train,1
20693,n004499,n003338,train,1
20694,n007106,n007814,train,1
20695,n009002,n003738,train,1
20696,n004313,n000763,train,1
20697,n002229,n002348,train,0
20698,n004849,n006371,train,1
20699,n006763,n006750,train,0
20700,n007112,n002560,train,1
20701,n007803,n008088,train,0
20702,n005966,n003723,train,1
20703,n004130,n002016,train,0
20704,n005968,n003341,train,0
20705,n001494,n004572,train,1
20706,n000763,n001603,train,1
20707,n003643,n005313,train,1
20708,n006163,n003099,train,1
20709,n001187,n001885,train,0
20710,n002951,n002989,train,1
20711,n002365,n008359,train,1
20712,n008471,n000307,train,1
20713,n002637,n007470,train,1
20714,n006274,n001991,train,1
20715,n009221,n002698,train,1
20716,n000122,n002533,train,1
20717,n002446,n007785,train,0
20718,n008582,n000230,train,1
20719,n006813,n000105,train,1
20720,n003377,n005390,train,1
20721,n004713,n002061,train,1
20722,n001736,n004460,train,1
20723,n006229,n006639,train,0
20724,n004799,n001033,train,1
20725,n008321,n001767,train,1
20726,n002893,n002944,train,1
20727,n008409,n007450,train,1
20728,n005428,n001483,train,1
20729,n009155,n005744,train,1
20730,n007659,n001438,train,1
20731,n001645,n004206,train,0
20732,n004768,n006730,train,1
20733,n002687,n008102,train,1
20734,n007001,n004066,train,1
20735,n009042,n007365,train,1
20736,n004282,n006625,train,1
20737,n000887,n005984,train,1
20738,n002692,n005389,train,1
20739,n005248,n007130,train,1
20740,n001210,n003555,train,1
20741,n000485,n007174,train,1
20742,n006102,n003999,train,1
20743,n000609,n006119,train,1
20744,n002418,n001106,train,1
20745,n001413,n008707,train,1
20746,n001916,n000797,train,1
20747,n004567,n001519,train,0
20748,n005245,n000731,train,1
20749,n003498,n003112,train,0
20750,n006571,n002963,train,1
20751,n002459,n006908,train,1
20752,n003214,n003794,train,1
20753,n005250,n000077,train,0
20754,n003546,n008565,train,0
20755,n006461,n003129,train,1
20756,n005295,n003372,train,1
20757,n006175,n002120,train,1
20758,n008304,n000036,train,1
20759,n007791,n006746,train,1
20760,n000248,n000062,train,1
20761,n005395,n003046,train,1
20762,n004238,n008966,train,1
20763,n007539,n004109,train,1
20764,n005200,n000374,train,1
20765,n003333,n007352,train,1
20766,n006447,n005672,train,1
20767,n001945,n008544,train,1
20768,n003730,n000256,train,1
20769,n008721,n008767,train,1
20770,n002036,n005275,train,1
20771,n001433,n006120,train,1
20772,n005789,n002649,train,1
20773,n003078,n002390,train,1
20774,n001589,n002895,train,1
20775,n002901,n000126,train,1
20776,n000687,n007079,train,1
20777,n002195,n002864,train,0
20778,n007434,n002800,train,1
20779,n006396,n002607,train,0
20780,n000524,n003910,train,1
20781,n007029,n001309,train,1
20782,n004441,n008019,train,1
20783,n002933,n008288,train,1
20784,n002817,n008782,train,1
20785,n003170,n008253,train,1
20786,n002023,n007844,train,1
20787,n004604,n003085,train,1
20788,n004480,n004481,train,1
20789,n004961,n005611,train,1
20790,n006169,n005029,train,1
20791,n005599,n000414,train,0
20792,n007160,n001358,train,0
20793,n000797,n009024,train,1
20794,n004581,n003838,train,0
20795,n004095,n006502,train,0
20796,n003123,n001788,train,1
20797,n008681,n005549,train,0
20798,n009268,n006432,train,1
20799,n009208,n000507,train,0
20800,n003163,n001518,train,1
20801,n004773,n005189,train,0
20802,n001875,n003340,train,1
20803,n003559,n002097,train,0
20804,n005563,n002259,train,1
20805,n002899,n001041,train,1
20806,n007317,n004974,train,1
20807,n007140,n007769,train,0
20808,n003639,n006264,train,1
20809,n007706,n000400,train,1
20810,n006622,n009279,train,1
20811,n008096,n001015,train,1
20812,n001680,n004368,train,1
20813,n006192,n005310,train,0
20814,n001065,n002476,train,0
20815,n008060,n002123,train,1
20816,n004264,n005305,train,1
20817,n008057,n004036,train,1
20818,n007375,n000396,train,1
20819,n007449,n009165,train,1
20820,n006361,n005757,train,1
20821,n002947,n001533,train,0
20822,n001490,n000573,train,0
20823,n005811,n007353,train,1
20824,n004806,n006065,train,1
20825,n005376,n008448,train,1
20826,n007015,n001677,train,0
20827,n009126,n008310,train,1
20828,n002289,n008437,train,1
20829,n009233,n008703,train,1
20830,n008477,n000954,train,1
20831,n004066,n003758,train,1
20832,n003228,n008210,train,1
20833,n000288,n005685,train,1
20834,n003487,n009181,train,1
20835,n002237,n003647,train,1
20836,n004499,n005083,train,1
20837,n006954,n005682,train,1
20838,n001754,n000443,train,1
20839,n001719,n008084,train,0
20840,n003004,n001663,train,1
20841,n002646,n007858,train,0
20842,n003421,n006303,train,1
20843,n002388,n006504,train,1
20844,n008304,n006042,train,1
20845,n005381,n005884,train,1
20846,n003281,n001572,train,0
20847,n005711,n003934,train,0
20848,n006515,n005275,train,0
20849,n007607,n003637,train,1
20850,n001998,n005194,train,1
20851,n008333,n008230,train,1
20852,n002364,n002180,train,1
20853,n004964,n001625,train,1
20854,n005416,n008708,train,1
20855,n007757,n006443,train,1
20856,n004428,n002427,train,1
20857,n008796,n002974,train,1
20858,n002993,n000561,train,1
20859,n003169,n003943,train,1
20860,n008499,n009165,train,1
20861,n008625,n008523,train,1
20862,n008128,n005395,train,1
20863,n000490,n002438,train,0
20864,n005413,n002964,train,1
20865,n008216,n004806,train,1
20866,n004044,n003637,train,1
20867,n007590,n007739,train,1
20868,n009130,n005908,train,1
20869,n001254,n003749,train,1
20870,n005811,n004485,train,0
20871,n000580,n001148,train,0
20872,n008388,n008885,train,1
20873,n004108,n000532,train,1
20874,n004833,n007606,train,1
20875,n004150,n007974,train,0
20876,n001521,n000489,train,1
20877,n001933,n003763,train,1
20878,n000674,n003803,train,0
20879,n002968,n008363,train,1
20880,n003404,n005553,train,1
20881,n006838,n007576,train,0
20882,n001037,n008211,train,0
20883,n007262,n005883,train,1
20884,n006831,n008991,train,1
20885,n009079,n002599,train,0
20886,n000491,n003393,train,0
20887,n000177,n005877,train,0
20888,n006423,n003398,train,1
20889,n008406,n008380,train,1
20890,n003685,n003813,train,1
20891,n003638,n000795,train,1
20892,n003622,n004494,train,1
20893,n001078,n004623,train,1
20894,n002402,n006855,train,1
20895,n007292,n002710,train,1
20896,n002607,n002388,train,1
20897,n008850,n008751,train,0
20898,n006198,n001945,train,1
20899,n003945,n000012,train,0
20900,n006311,n008536,train,1
20901,n005617,n000511,train,1
20902,n002592,n000882,train,0
20903,n002338,n002914,train,0
20904,n003046,n003363,train,1
20905,n008522,n002797,train,1
20906,n004496,n001297,train,1
20907,n001940,n001320,train,1
20908,n005975,n001653,train,1
20909,n006864,n008616,train,1
20910,n008432,n006468,train,1
20911,n008606,n007254,train,0
20912,n005166,n008427,train,1
20913,n006286,n008504,train,1
20914,n006530,n008509,train,1
20915,n000405,n007674,train,1
20916,n004320,n008617,train,0
20917,n008220,n004655,train,1
20918,n003645,n002656,train,0
20919,n004578,n006523,train,0
20920,n006477,n000181,train,1
20921,n006225,n005277,train,1
20922,n007726,n002050,train,1
20923,n001029,n007316,train,1
20924,n006314,n002833,train,1
20925,n002914,n000291,train,1
20926,n008991,n006941,train,1
20927,n008391,n004916,train,1
20928,n006421,n006379,train,1
20929,n001505,n007257,train,1
20930,n003610,n008083,train,1
20931,n008672,n003315,train,1
20932,n003457,n009050,train,0
20933,n007265,n005043,train,0
20934,n007445,n006954,train,1
20935,n008574,n008757,train,1
20936,n000745,n007237,train,1
20937,n006276,n002608,train,0
20938,n003661,n003849,train,1
20939,n004708,n005944,train,1
20940,n008790,n001278,train,1
20941,n005438,n008672,train,1
20942,n000399,n002353,train,1
20943,n005811,n005429,train,0
20944,n001145,n002938,train,1
20945,n004309,n003025,train,0
20946,n006769,n006970,train,1
20947,n007506,n004179,train,1
20948,n008909,n000368,train,1
20949,n002213,n000933,train,1
20950,n005215,n001570,train,1
20951,n008536,n005401,train,1
20952,n006468,n008904,train,1
20953,n000483,n005814,train,1
20954,n003362,n006151,train,1
20955,n002099,n001403,train,0
20956,n004187,n002906,train,1
20957,n008910,n000224,train,0
20958,n000235,n003450,train,1
20959,n007044,n003475,train,1
20960,n002095,n004845,train,1
20961,n006888,n008873,train,1
20962,n001837,n007514,train,1
20963,n001868,n005875,train,1
20964,n000883,n003504,train,1
20965,n003197,n000673,train,1
20966,n002417,n006734,train,1
20967,n000435,n005825,train,1
20968,n000414,n007110,train,1
20969,n001760,n008441,train,1
20970,n004882,n007636,train,1
20971,n007444,n006239,train,1
20972,n002471,n008800,train,1
20973,n000305,n007805,train,1
20974,n007297,n001389,train,1
20975,n006081,n001165,train,1
20976,n008368,n002835,train,1
20977,n002897,n001471,train,0
20978,n006210,n008631,train,1
20979,n000435,n007442,train,1
20980,n001733,n009039,train,1
20981,n002141,n008910,train,1
20982,n001918,n001795,train,1
20983,n002899,n000282,train,1
20984,n008931,n001780,train,1
20985,n007477,n003618,train,1
20986,n007458,n002951,train,1
20987,n002603,n006348,train,1
20988,n007750,n001657,train,1
20989,n006908,n005119,train,1
20990,n003756,n004805,train,0
20991,n004041,n000291,train,1
20992,n001533,n005811,train,1
20993,n004409,n007342,train,1
20994,n003478,n000839,train,0
20995,n001547,n004392,train,1
20996,n009070,n002733,train,1
20997,n003569,n000660,train,1
20998,n004097,n008590,train,1
20999,n000019,n005662,train,1
21000,n006107,n007444,train,0
21001,n006601,n007137,train,1
21002,n000609,n000507,train,1
21003,n003511,n001733,train,0
21004,n000360,n002147,train,1
21005,n004895,n002874,train,1
21006,n002692,n003676,train,1
21007,n000050,n001936,train,1
21008,n008723,n002127,train,1
21009,n002152,n007317,train,1
21010,n001785,n003907,train,1
21011,n003569,n006575,train,1
21012,n002612,n001078,train,1
21013,n004079,n002837,train,1
21014,n001867,n007522,train,1
21015,n008085,n005254,train,1
21016,n005873,n005029,train,1
21017,n006812,n003005,train,1
21018,n001168,n007612,train,1
21019,n004831,n007378,train,1
21020,n007328,n002649,train,1
21021,n002459,n008744,train,1
21022,n003291,n001249,train,1
21023,n000574,n005757,train,0
21024,n000368,n007644,train,1
21025,n004376,n004645,train,1
21026,n003123,n003643,train,0
21027,n001529,n000941,train,0
21028,n005381,n001465,train,1
21029,n001425,n000669,train,0
21030,n007152,n004332,train,1
21031,n006639,n000513,train,0
21032,n005257,n002425,train,1
21033,n005190,n004953,train,1
21034,n007221,n001037,train,0
21035,n007600,n007533,train,1
21036,n004451,n001851,train,1
21037,n003649,n007774,train,1
21038,n004549,n003170,train,1
21039,n000023,n008811,train,0
21040,n007558,n006546,train,1
21041,n007813,n009245,train,1
21042,n007294,n005502,train,1
21043,n003848,n005632,train,1
21044,n005819,n007536,train,1
21045,n007267,n005923,train,1
21046,n000605,n006750,train,0
21047,n002191,n001854,train,0
21048,n002444,n007561,train,1
21049,n008594,n003872,train,0
21050,n001981,n005919,train,1
21051,n003916,n001770,train,0
21052,n006542,n000450,train,1
21053,n002772,n003299,train,0
21054,n008461,n005947,train,1
21055,n004318,n006814,train,1
21056,n002212,n008371,train,1
21057,n001276,n006127,train,1
21058,n000788,n005560,train,1
21059,n004804,n000489,train,1
21060,n001425,n006303,train,1
21061,n008881,n008897,train,1
21062,n002870,n008700,train,1
21063,n001284,n002168,train,1
21064,n003474,n005046,train,0
21065,n007343,n005244,train,1
21066,n006256,n001509,train,1
21067,n007524,n008128,train,0
21068,n008799,n008783,train,1
21069,n008019,n000277,train,1
21070,n006551,n004203,train,1
21071,n005651,n001844,train,1
21072,n004385,n005987,train,1
21073,n009100,n005192,train,1
21074,n008583,n001577,train,1
21075,n007769,n001750,train,1
21076,n005006,n007519,train,1
21077,n005686,n007734,train,0
21078,n009017,n000011,train,1
21079,n007398,n006812,train,1
21080,n007924,n005362,train,0
21081,n007534,n003166,train,1
21082,n005742,n002219,train,0
21083,n008214,n001853,train,1
21084,n001099,n001252,train,0
21085,n009208,n003934,train,1
21086,n003841,n003825,train,1
21087,n002656,n007835,train,1
21088,n003524,n003999,train,1
21089,n007524,n004371,train,1
21090,n008850,n003365,train,1
21091,n005361,n006679,train,1
21092,n002725,n009181,train,1
21093,n001200,n005663,train,1
21094,n009186,n006688,train,0
21095,n005072,n003667,train,1
21096,n004367,n005395,train,1
21097,n006198,n004657,train,0
21098,n006229,n001140,train,1
21099,n000215,n007030,train,1
21100,n007540,n000977,train,1
21101,n006611,n002234,train,0
21102,n003091,n001634,train,1
21103,n003810,n000969,train,0
21104,n001625,n004032,train,1
21105,n000725,n005263,train,1
21106,n004060,n002137,train,0
21107,n009269,n008389,train,1
21108,n007285,n004890,train,1
21109,n000767,n008588,train,1
21110,n000576,n003377,train,1
21111,n002127,n004895,train,1
21112,n006261,n006966,train,1
21113,n004845,n008292,train,1
21114,n001547,n000994,train,1
21115,n002098,n009045,train,1
21116,n008667,n006812,train,1
21117,n003893,n002436,train,1
21118,n000528,n008628,train,1
21119,n007850,n006434,train,1
21120,n000910,n004855,train,1
21121,n007991,n008928,train,1
21122,n005524,n004819,train,1
21123,n002165,n002538,train,1
21124,n002918,n000391,train,1
21125,n006581,n004197,train,1
21126,n005702,n002444,train,0
21127,n007165,n004556,train,1
21128,n001897,n000783,train,1
21129,n001937,n004109,train,0
21130,n006705,n007006,train,1
21131,n001954,n004150,train,0
21132,n004768,n005930,train,0
21133,n007226,n008238,train,1
21134,n006229,n003368,train,1
21135,n002862,n006323,train,0
21136,n002473,n004684,train,0
21137,n006831,n008804,train,1
21138,n008857,n001255,train,0
21139,n005234,n000788,train,1
21140,n007084,n000408,train,1
21141,n008388,n003486,train,1
21142,n000485,n000646,train,1
21143,n008929,n008085,train,1
21144,n003563,n004976,train,0
21145,n008801,n003105,train,1
21146,n004987,n001392,train,1
21147,n006493,n003051,train,1
21148,n006944,n001844,train,1
21149,n001110,n008914,train,1
21150,n004543,n007444,train,1
21151,n006071,n001832,train,1
21152,n001465,n000871,train,0
21153,n001833,n009097,train,0
21154,n007954,n005929,train,0
21155,n009181,n004106,train,1
21156,n008508,n008914,train,1
21157,n006958,n003920,train,1
21158,n007338,n003381,train,0
21159,n002745,n003254,train,1
21160,n001642,n006566,train,1
21161,n007908,n003951,train,1
21162,n006456,n002419,train,1
21163,n002974,n006431,train,1
21164,n008226,n009141,train,1
21165,n000422,n002541,train,1
21166,n003628,n009141,train,0
21167,n000287,n003265,train,1
21168,n001939,n007564,train,1
21169,n000292,n000327,train,1
21170,n001080,n000638,train,0
21171,n004485,n001623,train,1
21172,n005725,n007992,train,1
21173,n000591,n008663,train,1
21174,n005984,n004840,train,1
21175,n000476,n007366,train,0
21176,n000418,n006683,train,1
21177,n001269,n004349,train,1
21178,n009168,n009224,train,0
21179,n006333,n008176,train,1
21180,n006071,n008572,train,0
21181,n003935,n001077,train,1
21182,n002016,n008766,train,1
21183,n005099,n004285,train,0
21184,n000421,n002701,train,1
21185,n008292,n007568,train,1
21186,n000694,n001479,train,1
21187,n007567,n002419,train,1
21188,n006702,n009253,train,1
21189,n007043,n003469,train,1
21190,n004213,n005151,train,1
21191,n004647,n001752,train,0
21192,n002105,n004399,train,1
21193,n004949,n008923,train,1
21194,n002608,n003352,train,1
21195,n000491,n000716,train,1
21196,n007521,n002785,train,1
21197,n007283,n002662,train,1
21198,n005691,n006191,train,1
21199,n002128,n005477,train,1
21200,n001653,n007652,train,1
21201,n001158,n006165,train,0
21202,n001343,n006665,train,1
21203,n008091,n007825,train,1
21204,n004507,n004182,train,0
21205,n001037,n005314,train,1
21206,n003301,n002212,train,0
21207,n004162,n002608,train,0
21208,n006551,n003620,train,1
21209,n007564,n005961,train,1
21210,n005371,n008789,train,1
21211,n005039,n007477,train,1
21212,n006305,n007519,train,1
21213,n004916,n004977,train,1
21214,n002194,n003429,train,1
21215,n005493,n004809,train,1
21216,n001116,n007109,train,1
21217,n000249,n002323,train,1
21218,n003912,n001068,train,1
21219,n008875,n000942,train,1
21220,n001347,n002023,train,1
21221,n006549,n005829,train,1
21222,n002841,n006891,train,1
21223,n000883,n006490,train,1
21224,n006839,n007016,train,1
21225,n006504,n003142,train,0
21226,n001438,n006563,train,1
21227,n008493,n002333,train,1
21228,n003315,n006946,train,0
21229,n005676,n004327,train,1
21230,n004844,n005754,train,0
21231,n005817,n001051,train,0
21232,n008376,n008802,train,1
21233,n006720,n004457,train,1
21234,n002724,n007835,train,0
21235,n000327,n001080,train,1
21236,n006190,n000251,train,1
21237,n006875,n000707,train,0
21238,n005437,n007254,train,1
21239,n001966,n000674,train,0
21240,n005442,n001772,train,1
21241,n002186,n003486,train,1
21242,n004027,n002374,train,1
21243,n009100,n000604,train,0
21244,n003447,n000405,train,1
21245,n004422,n005029,train,1
21246,n002959,n007217,train,1
21247,n009277,n008389,train,1
21248,n003676,n002575,train,1
21249,n002478,n003085,train,1
21250,n002837,n003646,train,0
21251,n004090,n008262,train,1
21252,n001378,n008283,train,1
21253,n000881,n000822,train,1
21254,n003326,n005397,train,1
21255,n000581,n007492,train,1
21256,n004210,n002977,train,1
21257,n003431,n003167,train,1
21258,n004755,n004547,train,1
21259,n000324,n002671,train,0
21260,n006504,n003179,train,0
21261,n001469,n006459,train,1
21262,n005917,n000417,train,1
21263,n003482,n000027,train,0
21264,n006433,n006581,train,1
21265,n002201,n002740,train,1
21266,n006666,n007578,train,1
21267,n001849,n005640,train,1
21268,n005868,n007117,train,1
21269,n006435,n005893,train,1
21270,n008761,n008505,train,1
21271,n007438,n004622,train,1
21272,n004737,n001450,train,1
21273,n006844,n000181,train,0
21274,n001245,n004992,train,1
21275,n008401,n002225,train,1
21276,n008253,n008021,train,1
21277,n009073,n001128,train,1
21278,n006400,n005967,train,0
21279,n005298,n009043,train,1
21280,n001916,n001229,train,1
21281,n005010,n001856,train,0
21282,n000289,n002354,train,1
21283,n004051,n000369,train,1
21284,n000213,n002186,train,0
21285,n009181,n004106,train,1
21286,n003810,n008193,train,0
21287,n009189,n007891,train,1
21288,n008702,n003315,train,1
21289,n003048,n008560,train,1
21290,n006147,n008929,train,0
21291,n005098,n002786,train,1
21292,n000399,n004203,train,1
21293,n006560,n004894,train,1
21294,n007432,n008497,train,1
21295,n006348,n009180,train,0
21296,n001735,n005502,train,0
21297,n001889,n003072,train,0
21298,n004029,n000489,train,1
21299,n007655,n008507,train,1
21300,n008979,n004204,train,1
21301,n003955,n002902,train,1
21302,n006761,n005065,train,1
21303,n004703,n008580,train,1
21304,n003639,n001860,train,1
21305,n000822,n002202,train,0
21306,n007718,n003867,train,1
21307,n004418,n004726,train,1
21308,n003201,n001119,train,1
21309,n002910,n003583,train,1
21310,n004332,n001358,train,1
21311,n001486,n000514,train,1
21312,n006538,n001320,train,1
21313,n000570,n004672,train,1
21314,n005139,n007967,train,0
21315,n004049,n007186,train,1
21316,n009272,n006636,train,0
21317,n002436,n000047,train,1
21318,n005731,n002500,train,1
21319,n007333,n006707,train,1
21320,n001549,n000422,train,1
21321,n003723,n006717,train,1
21322,n003547,n006204,train,1
21323,n001198,n008897,train,1
21324,n006016,n006970,train,1
21325,n004031,n008748,train,1
21326,n001105,n003082,train,1
21327,n006156,n005576,train,1
21328,n005546,n000762,train,1
21329,n003988,n006120,train,1
21330,n003483,n003347,train,1
21331,n009046,n009099,train,1
21332,n000855,n006635,train,1
21333,n004497,n008476,train,0
21334,n005953,n002172,train,1
21335,n001512,n000167,train,1
21336,n008397,n008561,train,1
21337,n008874,n005243,train,1
21338,n000454,n000899,train,1
21339,n006141,n006324,train,1
21340,n002425,n003843,train,0
21341,n006719,n006242,train,1
21342,n000177,n001398,train,1
21343,n003362,n003048,train,0
21344,n007751,n005067,train,0
21345,n005190,n003442,train,1
21346,n003688,n005759,train,1
21347,n005333,n004369,train,0
21348,n003441,n006265,train,1
21349,n000418,n002691,train,0
21350,n003398,n003698,train,1
21351,n007972,n001430,train,0
21352,n000201,n004462,train,1
21353,n007271,n008636,train,1
21354,n003070,n005665,train,0
21355,n006158,n006594,train,1
21356,n007106,n008604,train,1
21357,n008841,n000388,train,1
21358,n006023,n008299,train,1
21359,n003702,n001732,train,1
21360,n005672,n005517,train,1
21361,n005860,n008507,train,1
21362,n003285,n006988,train,1
21363,n007731,n006106,train,0
21364,n003778,n005938,train,1
21365,n006432,n001915,train,0
21366,n004164,n004982,train,1
21367,n004916,n001489,train,1
21368,n006059,n007816,train,1
21369,n005279,n005732,train,1
21370,n002520,n006756,train,0
21371,n003419,n007557,train,0
21372,n008230,n005576,train,0
21373,n000610,n000919,train,1
21374,n003202,n000443,train,1
21375,n008427,n000961,train,1
21376,n006303,n007349,train,0
21377,n004020,n004155,train,0
21378,n003021,n007023,train,1
21379,n000101,n008216,train,1
21380,n008077,n004456,train,1
21381,n002583,n002357,train,1
21382,n000711,n009209,train,1
21383,n004332,n008077,train,1
21384,n006884,n000458,train,1
21385,n002725,n000374,train,1
21386,n001605,n006265,train,1
21387,n002906,n002515,train,1
21388,n002531,n007366,train,1
21389,n003270,n009255,train,1
21390,n000791,n004464,train,1
21391,n008292,n003848,train,1
21392,n008013,n002951,train,1
21393,n006831,n006907,train,1
21394,n006579,n003481,train,1
21395,n006937,n008578,train,1
21396,n002915,n009024,train,0
21397,n008499,n000019,train,1
21398,n000165,n005869,train,1
21399,n004546,n005632,train,1
21400,n003685,n001666,train,0
21401,n001632,n009133,train,1
21402,n007620,n000887,train,1
21403,n001905,n000224,train,1
21404,n005869,n003070,train,1
21405,n001421,n003770,train,1
21406,n003136,n001773,train,0
21407,n001162,n005665,train,1
21408,n006517,n003054,train,1
21409,n001594,n005699,train,1
21410,n007247,n006007,train,1
21411,n000890,n002472,train,1
21412,n005724,n002687,train,1
21413,n004162,n000250,train,1
21414,n001756,n004220,train,1
21415,n000249,n002603,train,0
21416,n008540,n009087,train,1
21417,n005349,n001630,train,1
21418,n007328,n002882,train,1
21419,n008281,n006566,train,1
21420,n008281,n007880,train,1
21421,n006979,n002070,train,1
21422,n004888,n003234,train,1
21423,n007163,n000965,train,1
21424,n002698,n005767,train,1
21425,n007644,n001394,train,1
21426,n003546,n004399,train,1
21427,n000915,n006979,train,1
21428,n002881,n001918,train,1
21429,n004419,n001098,train,1
21430,n008452,n001502,train,1
21431,n003278,n004035,train,0
21432,n002102,n001677,train,1
21433,n009203,n008900,train,1
21434,n005590,n001398,train,1
21435,n005255,n008261,train,1
21436,n008416,n003026,train,1
21437,n006691,n004843,train,1
21438,n004279,n005900,train,1
21439,n003324,n001812,train,1
21440,n001011,n005471,train,0
21441,n005815,n005700,train,1
21442,n006842,n007349,train,1
21443,n001403,n005433,train,1
21444,n008456,n008947,train,1
21445,n003768,n000062,train,0
21446,n001557,n007195,train,0
21447,n003737,n001619,train,1
21448,n004963,n007437,train,1
21449,n007449,n004912,train,1
21450,n006302,n002490,train,1
21451,n006850,n000784,train,0
21452,n005673,n002096,train,1
21453,n002807,n001937,train,1
21454,n002515,n007936,train,1
21455,n006528,n007811,train,0
21456,n008946,n004040,train,1
21457,n005238,n000046,train,1
21458,n001422,n004534,train,1
21459,n001113,n003755,train,1
21460,n002103,n008693,train,1
21461,n001486,n003123,train,1
21462,n001644,n004439,train,0
21463,n000458,n007340,train,1
21464,n006655,n007417,train,1
21465,n003851,n007264,train,1
21466,n007054,n007785,train,0
21467,n005396,n007221,train,1
21468,n002398,n002828,train,0
21469,n000174,n009030,train,1
21470,n000594,n001120,train,0
21471,n002413,n001050,train,1
21472,n001234,n000580,train,1
21473,n001844,n003798,train,0
21474,n001531,n005610,train,1
21475,n002045,n003978,train,0
21476,n004266,n006763,train,0
21477,n005866,n008954,train,1
21478,n005255,n009036,train,1
21479,n002031,n008600,train,0
21480,n001089,n000873,train,1
21481,n000899,n000766,train,1
21482,n009076,n000400,train,1
21483,n001784,n002953,train,1
21484,n007814,n006877,train,1
21485,n007922,n007894,train,1
21486,n008120,n008014,train,1
21487,n005960,n004807,train,1
21488,n000152,n007378,train,1
21489,n006109,n001897,train,0
21490,n005463,n007194,train,1
21491,n006963,n002879,train,0
21492,n000068,n005561,train,0
21493,n003871,n002887,train,1
21494,n006981,n001511,train,1
21495,n000561,n001915,train,0
21496,n004164,n002219,train,0
21497,n005676,n004030,train,1
21498,n008346,n003142,train,1
21499,n007560,n001026,train,0
21500,n007960,n004961,train,1
21501,n008382,n000780,train,1
21502,n000552,n001053,train,1
21503,n001589,n004030,train,1
21504,n003469,n005363,train,0
21505,n006471,n004054,train,1
21506,n000327,n003912,train,1
21507,n000743,n004285,train,1
21508,n005139,n002404,train,1
21509,n003988,n007027,train,0
21510,n008367,n006720,train,0
21511,n002864,n000505,train,1
21512,n008703,n008045,train,1
21513,n006644,n005406,train,0
21514,n001701,n005442,train,0
21515,n002430,n007017,train,1
21516,n002828,n006140,train,0
21517,n008347,n005267,train,1
21518,n000784,n000309,train,0
21519,n009102,n000604,train,1
21520,n004198,n001625,train,1
21521,n006490,n005815,train,1
21522,n005566,n004282,train,1
21523,n007701,n001051,train,1
21524,n005618,n006314,train,1
21525,n007527,n008397,train,1
21526,n004216,n004667,train,1
21527,n004084,n006539,train,1
21528,n002494,n005868,train,1
21529,n002542,n002440,train,1
21530,n000915,n006028,train,0
21531,n004867,n005735,train,1
21532,n005449,n004096,train,1
21533,n001832,n004419,train,1
21534,n005803,n002742,train,1
21535,n008569,n002065,train,1
21536,n002249,n008077,train,1
21537,n002292,n007734,train,1
21538,n000715,n007698,train,1
21539,n007025,n006308,train,1
21540,n007901,n003004,train,1
21541,n007955,n003853,train,1
21542,n001130,n003560,train,1
21543,n007861,n008550,train,0
21544,n008711,n007340,train,0
21545,n008141,n000111,train,1
21546,n007262,n005011,train,1
21547,n003429,n003947,train,1
21548,n004941,n007481,train,1
21549,n003020,n002879,train,0
21550,n006886,n007105,train,1
21551,n007715,n004986,train,1
21552,n001631,n006725,train,1
21553,n006812,n002597,train,1
21554,n003956,n004373,train,1
21555,n006274,n001875,train,1
21556,n008465,n003618,train,1
21557,n003707,n001389,train,1
21558,n004832,n002376,train,1
21559,n004942,n007294,train,1
21560,n006636,n007349,train,1
21561,n008594,n001051,train,1
21562,n002918,n002444,train,1
21563,n007321,n000880,train,0
21564,n003826,n003132,train,1
21565,n002890,n008388,train,1
21566,n004160,n008799,train,1
21567,n003471,n004332,train,1
21568,n007047,n008767,train,1
21569,n006236,n004941,train,1
21570,n008267,n002921,train,0
21571,n006120,n000824,train,0
21572,n000490,n006583,train,1
21573,n001894,n008409,train,1
21574,n007490,n005343,train,1
21575,n005518,n003450,train,0
21576,n007712,n005388,train,1
21577,n004749,n001695,train,1
21578,n002735,n009268,train,1
21579,n005696,n002668,train,1
21580,n003447,n004365,train,1
21581,n002099,n004254,train,0
21582,n006367,n004768,train,1
21583,n005697,n009125,train,1
21584,n006013,n009079,train,1
21585,n001563,n008523,train,1
21586,n007858,n002014,train,1
21587,n001533,n003355,train,0
21588,n000715,n007374,train,1
21589,n009063,n007723,train,0
21590,n005087,n000433,train,1
21591,n000519,n008261,train,1
21592,n007304,n007575,train,1
21593,n006609,n006719,train,1
21594,n005825,n006495,train,0
21595,n005246,n006581,train,1
21596,n009134,n002446,train,1
21597,n001897,n004134,train,1
21598,n000847,n002070,train,1
21599,n004220,n009180,train,1
21600,n004903,n007777,train,1
21601,n002514,n005580,train,1
21602,n003845,n008372,train,0
21603,n005044,n000440,train,1
21604,n003704,n005464,train,1
21605,n008285,n007614,train,1
21606,n008256,n004303,train,1
21607,n000228,n001238,train,1
21608,n007109,n002354,train,1
21609,n008274,n004621,train,1
21610,n001200,n009210,train,1
21611,n004896,n001746,train,1
21612,n001827,n004356,train,1
21613,n000401,n000780,train,1
21614,n006393,n006817,train,1
21615,n000063,n002444,train,1
21616,n001549,n004929,train,1
21617,n007973,n007574,train,1
21618,n002963,n000297,train,1
21619,n007888,n000885,train,0
21620,n000269,n002469,train,1
21621,n008388,n009267,train,1
21622,n002370,n003267,train,1
21623,n003672,n001272,train,1
21624,n004042,n003086,train,1
21625,n003246,n001992,train,1
21626,n001017,n003342,train,1
21627,n005469,n008359,train,1
21628,n001430,n001575,train,1
21629,n007436,n003850,train,0
21630,n003154,n006742,train,1
21631,n005514,n005622,train,0
21632,n006660,n001442,train,1
21633,n008449,n007680,train,1
21634,n003784,n003986,train,0
21635,n002472,n008625,train,1
21636,n003984,n008903,train,0
21637,n004035,n008376,train,0
21638,n001656,n000804,train,1
21639,n002603,n003171,train,1
21640,n006416,n008771,train,1
21641,n004974,n000786,train,1
21642,n001628,n007316,train,1
21643,n003862,n000985,train,1
21644,n007598,n008255,train,0
21645,n007293,n009063,train,1
21646,n006106,n005057,train,1
21647,n005010,n007628,train,1
21648,n007097,n006842,train,1
21649,n000292,n009045,train,1
21650,n004205,n007482,train,1
21651,n000548,n007716,train,0
21652,n005093,n008505,train,1
21653,n000808,n005543,train,0
21654,n002862,n003303,train,0
21655,n001449,n008004,train,1
21656,n004053,n000352,train,1
21657,n001633,n004870,train,1
21658,n006058,n002101,train,0
21659,n008181,n005883,train,1
21660,n003435,n004264,train,0
21661,n006726,n000980,train,0
21662,n005966,n001087,train,1
21663,n001063,n007502,train,1
21664,n001215,n004521,train,1
21665,n003176,n001670,train,1
21666,n005789,n004238,train,1
21667,n008138,n006157,train,1
21668,n007138,n003986,train,1
21669,n003860,n009092,train,1
21670,n002515,n003413,train,1
21671,n008737,n005850,train,1
21672,n000101,n005699,train,1
21673,n006924,n007054,train,1
21674,n001042,n005591,train,1
21675,n003088,n002949,train,1
21676,n003862,n003877,train,0
21677,n005163,n002742,train,0
21678,n004383,n006889,train,1
21679,n000185,n001647,train,1
21680,n008923,n008802,train,1
21681,n000220,n002444,train,0
21682,n002687,n001946,train,1
21683,n005597,n001028,train,1
21684,n005485,n002243,train,1
21685,n006016,n005429,train,0
21686,n006051,n002139,train,0
21687,n006448,n000490,train,1
21688,n000866,n003381,train,1
21689,n003808,n007789,train,0
21690,n007979,n002903,train,1
21691,n004976,n003737,train,1
21692,n001508,n004246,train,1
21693,n004565,n000953,train,1
21694,n002338,n008562,train,0
21695,n005463,n006483,train,1
21696,n008178,n002172,train,0
21697,n001911,n003008,train,1
21698,n007361,n008672,train,0
21699,n001260,n004389,train,1
21700,n004527,n008538,train,1
21701,n000669,n004494,train,1
21702,n009077,n003702,train,1
21703,n007615,n007115,train,0
21704,n004631,n005151,train,1
21705,n000591,n005195,train,1
21706,n002439,n005186,train,1
21707,n008967,n005929,train,1
21708,n008415,n004485,train,1
21709,n000433,n002098,train,1
21710,n003921,n001897,train,0
21711,n004626,n002169,train,1
21712,n002427,n009191,train,1
21713,n004549,n007271,train,1
21714,n001867,n000262,train,1
21715,n005041,n000594,train,1
21716,n008294,n001570,train,1
21717,n001205,n001028,train,1
21718,n009180,n009224,train,1
21719,n003142,n006073,train,0
21720,n000866,n005343,train,1
21721,n002347,n002146,train,0
21722,n007411,n004962,train,1
21723,n004732,n000833,train,1
21724,n008062,n009099,train,0
21725,n000882,n001029,train,1
21726,n004639,n007352,train,1
21727,n008606,n002059,train,0
21728,n006994,n000184,train,0
21729,n001132,n003542,train,1
21730,n001180,n007372,train,1
21731,n000304,n005837,train,1
21732,n003270,n003835,train,1
21733,n000699,n008490,train,1
21734,n001891,n004853,train,0
21735,n003267,n000766,train,1
21736,n000504,n006036,train,1
21737,n005256,n000300,train,1
21738,n000418,n001795,train,1
21739,n001577,n007386,train,1
21740,n008883,n006400,train,1
21741,n001224,n001766,train,1
21742,n006836,n001155,train,1
21743,n002785,n004516,train,1
21744,n004993,n000916,train,0
21745,n006443,n001548,train,1
21746,n003569,n006550,train,1
21747,n001789,n005632,train,1
21748,n000450,n005517,train,1
21749,n008274,n003400,train,1
21750,n001473,n008979,train,1
21751,n008216,n002995,train,1
21752,n004792,n003132,train,1
21753,n007119,n006950,train,1
21754,n002888,n006905,train,1
21755,n005131,n000334,train,1
21756,n000244,n001248,train,1
21757,n004527,n000113,train,1
21758,n005632,n007761,train,1
21759,n003159,n003594,train,1
21760,n002434,n001808,train,1
21761,n009043,n004428,train,0
21762,n000626,n005051,train,1
21763,n003950,n003337,train,1
21764,n003749,n004618,train,0
21765,n001395,n000418,train,1
21766,n003672,n000366,train,1
21767,n006493,n000574,train,1
21768,n000917,n008516,train,1
21769,n005672,n003194,train,1
21770,n000206,n001814,train,1
21771,n004162,n001756,train,1
21772,n001638,n007992,train,1
21773,n002182,n001770,train,1
21774,n003610,n001505,train,1
21775,n007023,n008487,train,1
21776,n004210,n009076,train,1
21777,n000889,n008285,train,1
21778,n004038,n000422,train,0
21779,n007634,n003435,train,1
21780,n006408,n007346,train,1
21781,n001010,n008203,train,0
21782,n001037,n003447,train,1
21783,n002868,n006981,train,1
21784,n004412,n008721,train,1
21785,n004996,n007640,train,1
21786,n008516,n000715,train,1
21787,n007723,n005707,train,1
21788,n002701,n000198,train,1
21789,n004565,n001170,train,1
21790,n006549,n007490,train,1
21791,n006490,n003826,train,1
21792,n008422,n006721,train,0
21793,n006694,n004023,train,1
21794,n008039,n009125,train,1
21795,n003865,n004570,train,1
21796,n002874,n009046,train,0
21797,n003849,n000761,train,1
21798,n006116,n007769,train,1
21799,n005016,n005404,train,1
21800,n000884,n003395,train,1
21801,n006559,n002049,train,1
21802,n007941,n009036,train,0
21803,n004459,n004857,train,1
21804,n008168,n000765,train,1
21805,n002219,n000074,train,1
21806,n009005,n006921,train,1
21807,n001185,n000801,train,1
21808,n004216,n006990,train,1
21809,n004516,n006957,train,1
21810,n003463,n003838,train,1
21811,n002188,n000309,train,1
21812,n005087,n001063,train,0
21813,n005944,n003245,train,0
21814,n008400,n006275,train,0
21815,n006311,n002599,train,1
21816,n008256,n009246,train,0
21817,n000751,n002219,train,1
21818,n006304,n008090,train,0
21819,n008695,n007413,train,1
21820,n007335,n000569,train,1
21821,n002542,n006963,train,1
21822,n008499,n002820,train,1
21823,n000109,n003828,train,1
21824,n002890,n003395,train,1
21825,n003945,n001946,train,1
21826,n008814,n004361,train,1
21827,n003278,n000116,train,1
21828,n008583,n002205,train,1
21829,n003819,n000795,train,0
21830,n000715,n005295,train,1
21831,n005860,n004968,train,1
21832,n002538,n002854,train,1
21833,n007776,n008138,train,0
21834,n005437,n004163,train,0
21835,n004986,n006165,train,1
21836,n006465,n008672,train,1
21837,n000590,n008851,train,1
21838,n001380,n004029,train,1
21839,n006691,n007911,train,1
21840,n001867,n008376,train,1
21841,n005609,n005678,train,0
21842,n004645,n007403,train,0
21843,n004923,n004467,train,1
21844,n007775,n008800,train,0
21845,n008248,n000384,train,1
21846,n008219,n008512,train,1
21847,n007751,n008887,train,1
21848,n004943,n001531,train,1
21849,n005392,n003594,train,1
21850,n008877,n005988,train,1
21851,n004693,n007685,train,1
21852,n005221,n003994,train,0
21853,n004057,n003494,train,1
21854,n000604,n001633,train,1
21855,n004146,n009279,train,1
21856,n001010,n000717,train,1
21857,n003740,n002963,train,1
21858,n008351,n007434,train,1
21859,n008724,n008013,train,1
21860,n002225,n002103,train,1
21861,n003933,n004729,train,1
21862,n005978,n007304,train,1
21863,n004426,n005825,train,0
21864,n005703,n007902,train,1
21865,n003463,n003136,train,1
21866,n006265,n005638,train,1
21867,n002925,n005072,train,0
21868,n004232,n001270,train,0
21869,n007304,n007940,train,1
21870,n005466,n007886,train,1
21871,n005773,n007321,train,0
21872,n009257,n005790,train,1
21873,n006041,n001194,train,1
21874,n003281,n006815,train,1
21875,n008336,n002687,train,1
21876,n004533,n004857,train,1
21877,n004867,n004184,train,1
21878,n008903,n002670,train,1
21879,n000414,n008103,train,1
21880,n005396,n001382,train,1
21881,n003704,n003714,train,1
21882,n005900,n004701,train,1
21883,n001252,n007276,train,1
21884,n008363,n007901,train,0
21885,n000953,n007247,train,1
21886,n005699,n007212,train,0
21887,n009224,n003522,train,1
21888,n008075,n006563,train,0
21889,n006153,n000757,train,1
21890,n007878,n008398,train,1
21891,n001220,n006724,train,0
21892,n004365,n003897,train,1
21893,n005829,n001283,train,1
21894,n006270,n004862,train,1
21895,n003758,n006933,train,1
21896,n001896,n000783,train,0
21897,n005010,n003133,train,1
21898,n008376,n006112,train,1
21899,n002732,n008356,train,1
21900,n001721,n005260,train,1
21901,n000214,n008080,train,0
21902,n005628,n008870,train,1
21903,n005279,n001509,train,0
21904,n003497,n001632,train,1
21905,n004414,n004834,train,1
21906,n000438,n003073,train,1
21907,n001849,n008234,train,0
21908,n001415,n008323,train,1
21909,n005081,n005182,train,1
21910,n001738,n009045,train,1
21911,n003005,n008622,train,1
21912,n008418,n002652,train,1
21913,n000976,n008649,train,1
21914,n003870,n007907,train,1
21915,n006682,n002015,train,0
21916,n003736,n000996,train,1
21917,n001849,n006868,train,1
21918,n006950,n009087,train,0
21919,n006839,n005718,train,1
21920,n005021,n007975,train,1
21921,n003897,n008019,train,0
21922,n001382,n006618,train,1
21923,n003315,n002494,train,1
21924,n008363,n002915,train,1
21925,n001754,n003068,train,1
21926,n009249,n007944,train,1
21927,n006045,n005410,train,1
21928,n008007,n007881,train,1
21929,n008170,n001974,train,1
21930,n002541,n001113,train,0
21931,n007977,n005433,train,0
21932,n006870,n003536,train,1
21933,n006791,n000414,train,1
21934,n000162,n003504,train,1
21935,n000041,n000094,train,1
21936,n001950,n000319,train,1
21937,n003142,n007237,train,1
21938,n003283,n003702,train,1
21939,n007976,n005461,train,1
21940,n008228,n007413,train,1
21941,n007967,n008678,train,1
21942,n006116,n004849,train,1
21943,n007614,n007378,train,0
21944,n009011,n001491,train,1
21945,n007393,n004024,train,1
21946,n006594,n001657,train,1
21947,n007017,n002347,train,0
21948,n009044,n008934,train,1
21949,n002162,n000405,train,1
21950,n002545,n003697,train,1
21951,n000016,n003270,train,1
21952,n005284,n001933,train,1
21953,n000361,n006501,train,1
21954,n004497,n001164,train,1
21955,n001589,n002455,train,1
21956,n000895,n001422,train,0
21957,n007152,n000664,train,1
21958,n002360,n007138,train,1
21959,n001043,n002822,train,1
21960,n000255,n007501,train,1
21961,n006007,n005881,train,1
21962,n006801,n006965,train,1
21963,n001939,n002879,train,1
21964,n000167,n006803,train,1
21965,n006465,n001723,train,1
21966,n004616,n003559,train,1
21967,n000687,n003020,train,1
21968,n000980,n004222,train,0
21969,n006963,n009162,train,0
21970,n007316,n007969,train,1
21971,n008545,n003278,train,1
21972,n007470,n000282,train,1
21973,n005900,n000820,train,1
21974,n002057,n002877,train,1
21975,n005147,n000964,train,1
21976,n006515,n000826,train,0
21977,n007855,n002413,train,1
21978,n000393,n007507,train,1
21979,n004910,n000486,train,1
21980,n007661,n006559,train,1
21981,n002725,n000065,train,1
21982,n000916,n001665,train,1
21983,n001276,n000875,train,1
21984,n005457,n004038,train,1
21985,n001589,n005732,train,1
21986,n005640,n008157,train,0
21987,n004583,n001100,train,1
21988,n008461,n005788,train,1
21989,n004496,n001891,train,1
21990,n000213,n002646,train,1
21991,n007979,n007498,train,0
21992,n008382,n006443,train,1
21993,n002969,n005886,train,1
21994,n008227,n006815,train,1
21995,n004368,n007282,train,1
21996,n007157,n000888,train,1
21997,n005118,n008140,train,1
21998,n006386,n009165,train,0
21999,n008132,n008797,train,1
22000,n006527,n003813,train,1
22001,n001186,n002735,train,1
22002,n000539,n002924,train,0
22003,n003805,n000933,train,1
22004,n004582,n003136,train,1
22005,n008697,n004765,train,1
22006,n008091,n005966,train,1
22007,n007616,n008892,train,1
22008,n003027,n000492,train,1
22009,n001818,n000143,train,1
22010,n004393,n004040,train,1
22011,n004195,n006963,train,0
22012,n006156,n002864,train,0
22013,n002015,n006367,train,1
22014,n006062,n004388,train,1
22015,n004556,n007415,train,1
22016,n000152,n002592,train,1
22017,n006722,n006082,train,0
22018,n009094,n002599,train,0
22019,n008474,n000737,train,1
22020,n000310,n003815,train,1
22021,n003169,n006994,train,1
22022,n006282,n003676,train,0
22023,n001297,n003569,train,1
22024,n006428,n004593,train,0
22025,n006742,n003770,train,0
22026,n002297,n000848,train,0
22027,n002091,n007208,train,0
22028,n009104,n007393,train,1
22029,n009111,n008519,train,1
22030,n008458,n004637,train,1
22031,n000405,n000581,train,1
22032,n007174,n006714,train,1
22033,n008998,n004505,train,0
22034,n000923,n007535,train,1
22035,n007027,n004187,train,1
22036,n007252,n003525,train,1
22037,n001909,n008141,train,1
22038,n001239,n002575,train,0
22039,n006249,n006737,train,1
22040,n008843,n008256,train,1
22041,n006959,n008925,train,1
22042,n006546,n008086,train,1
22043,n003984,n004577,train,1
22044,n005793,n001537,train,0
22045,n006984,n007291,train,0
22046,n007948,n007436,train,1
22047,n000604,n005972,train,1
22048,n008925,n007817,train,1
22049,n003625,n004475,train,1
22050,n001287,n005116,train,1
22051,n009268,n002698,train,1
22052,n007361,n003924,train,1
22053,n001899,n006389,train,0
22054,n005445,n006720,train,1
22055,n004185,n008351,train,1
22056,n003389,n002376,train,1
22057,n006888,n000038,train,1
22058,n005987,n001501,train,1
22059,n009054,n003706,train,1
22060,n007029,n000590,train,1
22061,n007267,n004873,train,0
22062,n007023,n000909,train,1
22063,n007221,n006777,train,1
22064,n003469,n006575,train,1
22065,n005429,n004516,train,1
22066,n003521,n001135,train,1
22067,n005929,n003228,train,1
22068,n003706,n001005,train,1
22069,n003457,n005742,train,1
22070,n001411,n005587,train,1
22071,n000999,n001575,train,1
22072,n001068,n008971,train,1
22073,n003637,n000884,train,1
22074,n006528,n003661,train,0
22075,n008640,n008749,train,1
22076,n002278,n004973,train,1
22077,n006725,n007053,train,0
22078,n004959,n008807,train,1
22079,n008010,n007322,train,1
22080,n003618,n002128,train,1
22081,n008636,n004000,train,1
22082,n007943,n001808,train,1
22083,n005036,n005467,train,1
22084,n001854,n002516,train,1
22085,n005043,n004417,train,0
22086,n000094,n005206,train,1
22087,n000393,n003961,train,0
22088,n004373,n001396,train,1
22089,n005663,n007658,train,1
22090,n007180,n000909,train,1
22091,n005173,n008060,train,0
22092,n007365,n008782,train,1
22093,n007783,n006849,train,1
22094,n001510,n007051,train,1
22095,n000043,n007386,train,1
22096,n000896,n008395,train,0
22097,n008318,n003167,train,1
22098,n003036,n007955,train,1
22099,n008548,n007347,train,1
22100,n005125,n003101,train,0
22101,n001404,n001269,train,1
22102,n004017,n000537,train,0
22103,n003414,n006923,train,1
22104,n002276,n007081,train,1
22105,n001991,n003112,train,0
22106,n001727,n003423,train,1
22107,n000614,n003994,train,1
22108,n008681,n004627,train,0
22109,n004933,n007027,train,0
22110,n005221,n007374,train,1
22111,n002541,n005810,train,1
22112,n008033,n003433,train,1
22113,n007431,n008232,train,1
22114,n008910,n003223,train,1
22115,n000847,n007328,train,1
22116,n004703,n004565,train,1
22117,n003583,n005164,train,1
22118,n007053,n006387,train,0
22119,n000424,n005735,train,1
22120,n008395,n006930,train,1
22121,n005042,n005638,train,1
22122,n000105,n005518,train,1
22123,n004810,n005514,train,1
22124,n007954,n006534,train,1
22125,n004488,n001663,train,1
22126,n004810,n003835,train,0
22127,n000957,n008912,train,0
22128,n006703,n008523,train,1
22129,n002432,n000490,train,1
22130,n005624,n007484,train,1
22131,n006189,n004622,train,1
22132,n007567,n006457,train,0
22133,n002541,n004916,train,1
22134,n008230,n003726,train,1
22135,n001018,n004996,train,1
22136,n008138,n007692,train,0
22137,n002092,n000448,train,0
22138,n002560,n009245,train,1
22139,n007115,n000438,train,1
22140,n003362,n008304,train,1
22141,n006311,n006944,train,1
22142,n008289,n006174,train,0
22143,n002567,n005250,train,1
22144,n007652,n009263,train,1
22145,n003270,n006516,train,1
22146,n007803,n001406,train,1
22147,n005235,n002477,train,1
22148,n007698,n002778,train,1
22149,n005866,n000833,train,1
22150,n005094,n006206,train,0
22151,n009142,n005929,train,1
22152,n000962,n007932,train,1
22153,n005407,n004996,train,1
22154,n007623,n007002,train,1
22155,n001964,n008496,train,1
22156,n000768,n000927,train,1
22157,n005587,n001050,train,1
22158,n002411,n001619,train,1
22159,n003362,n007288,train,1
22160,n000922,n003909,train,1
22161,n008272,n001849,train,0
22162,n002780,n004997,train,1
22163,n001865,n005142,train,1
22164,n004549,n009274,train,0
22165,n001760,n008014,train,1
22166,n006279,n004379,train,1
22167,n006177,n002921,train,1
22168,n002237,n000387,train,1
22169,n007387,n006423,train,1
22170,n003704,n001586,train,1
22171,n004385,n002609,train,1
22172,n003859,n001046,train,1
22173,n001448,n003005,train,1
22174,n000230,n001519,train,0
22175,n002611,n002485,train,1
22176,n004108,n000051,train,1
22177,n000467,n002711,train,1
22178,n000835,n001889,train,1
22179,n008931,n009261,train,1
22180,n000419,n003002,train,1
22181,n003303,n003597,train,1
22182,n009006,n001946,train,1
22183,n002755,n001359,train,0
22184,n006073,n002640,train,1
22185,n007621,n004583,train,0
22186,n004616,n000855,train,1
22187,n007177,n000364,train,1
22188,n006465,n002769,train,0
22189,n008299,n003337,train,1
22190,n006994,n001589,train,1
22191,n007619,n000229,train,1
22192,n008356,n003166,train,0
22193,n003770,n006661,train,1
22194,n008371,n001786,train,1
22195,n000116,n004139,train,1
22196,n005376,n009245,train,1
22197,n007933,n004422,train,1
22198,n002632,n001900,train,1
22199,n000126,n005560,train,1
22200,n008239,n001768,train,1
22201,n002434,n005911,train,1
22202,n001531,n004549,train,1
22203,n000132,n008460,train,0
22204,n004562,n007476,train,1
22205,n004303,n000996,train,1
22206,n003718,n003184,train,1
22207,n008527,n001308,train,1
22208,n004020,n002538,train,1
22209,n000724,n001912,train,1
22210,n000309,n003956,train,1
22211,n002097,n005894,train,0
22212,n004448,n001215,train,1
22213,n004668,n008310,train,1
22214,n009094,n001447,train,0
22215,n007157,n006273,train,1
22216,n007228,n001445,train,1
22217,n004774,n008321,train,1
22218,n008462,n000251,train,1
22219,n001752,n009260,train,1
22220,n001398,n006459,train,1
22221,n005499,n004279,train,1
22222,n008959,n001373,train,1
22223,n008467,n008775,train,0
22224,n005493,n002326,train,1
22225,n007911,n000481,train,1
22226,n009257,n009122,train,0
22227,n000408,n000963,train,0
22228,n004887,n005125,train,1
22229,n008551,n007853,train,0
22230,n009191,n006769,train,1
22231,n008589,n009245,train,0
22232,n005908,n007095,train,1
22233,n004222,n005665,train,1
22234,n005837,n001863,train,1
22235,n004794,n007943,train,1
22236,n001796,n000364,train,1
22237,n002720,n007342,train,1
22238,n007155,n007551,train,0
22239,n004376,n002653,train,1
22240,n001592,n007155,train,1
22241,n007859,n001721,train,0
22242,n007908,n004585,train,1
22243,n008792,n007816,train,1
22244,n005662,n003803,train,1
22245,n000286,n006957,train,1
22246,n006889,n000518,train,1
22247,n007263,n005363,train,1
22248,n002553,n001728,train,0
22249,n004044,n005500,train,0
22250,n005763,n009105,train,0
22251,n003888,n007891,train,0
22252,n005744,n002651,train,1
22253,n005779,n005173,train,1
22254,n003423,n006993,train,1
22255,n001354,n000664,train,1
22256,n006857,n001793,train,1
22257,n002333,n008142,train,1
22258,n007276,n006552,train,1
22259,n003738,n005097,train,1
22260,n009076,n003374,train,1
22261,n006391,n004703,train,1
22262,n002946,n001255,train,1
22263,n000019,n001267,train,1
22264,n007522,n002649,train,1
22265,n004500,n008612,train,0
22266,n001138,n007223,train,0
22267,n005627,n002087,train,1
22268,n005884,n007704,train,0
22269,n007195,n007216,train,0
22270,n000043,n002676,train,1
22271,n007685,n008693,train,1
22272,n005615,n006434,train,1
22273,n004246,n005098,train,1
22274,n002514,n003197,train,1
22275,n007221,n002494,train,1
22276,n003456,n002769,train,1
22277,n003064,n000016,train,1
22278,n007886,n008476,train,1
22279,n004998,n009103,train,1
22280,n008619,n001409,train,1
22281,n003578,n001625,train,1
22282,n005277,n005503,train,1
22283,n006489,n001184,train,0
22284,n007617,n001139,train,1
22285,n000675,n005097,train,1
22286,n000347,n004886,train,1
22287,n005275,n007844,train,1
22288,n001657,n006175,train,1
22289,n001780,n006859,train,0
22290,n003820,n008406,train,1
22291,n008605,n001786,train,1
22292,n007018,n006261,train,1
22293,n007523,n004318,train,1
22294,n000172,n002514,train,1
22295,n004783,n003656,train,0
22296,n002777,n000277,train,1
22297,n006412,n003560,train,1
22298,n000262,n007837,train,1
22299,n002014,n003385,train,1
22300,n002425,n004834,train,0
22301,n008736,n000573,train,0
22302,n001209,n006028,train,1
22303,n002541,n003173,train,1
22304,n008702,n004244,train,1
22305,n008884,n009147,train,1
22306,n007270,n000828,train,0
22307,n004111,n008257,train,1
22308,n004448,n008767,train,1
22309,n003735,n005817,train,1
22310,n009105,n004794,train,1
22311,n004332,n002432,train,1
22312,n001170,n007262,train,1
22313,n004974,n003279,train,1
22314,n001459,n007674,train,1
22315,n003365,n000171,train,1
22316,n002409,n000094,train,1
22317,n004321,n007157,train,1
22318,n007632,n001768,train,1
22319,n002117,n000917,train,1
22320,n001315,n007095,train,1
22321,n001909,n006219,train,1
22322,n000899,n000917,train,1
22323,n003670,n004876,train,1
22324,n004295,n001224,train,1
22325,n006009,n004668,train,1
22326,n006583,n003790,train,1
22327,n006100,n003276,train,1
22328,n006261,n001126,train,0
22329,n008085,n003524,train,1
22330,n001086,n006967,train,1
22331,n000910,n004856,train,1
22332,n007907,n005883,train,0
22333,n006546,n002417,train,1
22334,n000317,n002864,train,0
22335,n008801,n004098,train,1
22336,n004052,n009188,train,1
22337,n009278,n002656,train,0
22338,n005318,n007484,train,1
22339,n003504,n003331,train,1
22340,n001305,n000286,train,1
22341,n008895,n006132,train,1
22342,n003416,n002751,train,1
22343,n005663,n006812,train,1
22344,n007498,n009255,train,1
22345,n002645,n001993,train,0
22346,n000134,n007776,train,1
22347,n000917,n003908,train,1
22348,n009099,n002599,train,1
22349,n003718,n005678,train,1
22350,n001705,n008668,train,1
22351,n007621,n005128,train,1
22352,n007685,n003549,train,1
22353,n009269,n005790,train,1
22354,n009004,n005267,train,1
22355,n005763,n001853,train,1
22356,n007524,n008135,train,1
22357,n005358,n002398,train,1
22358,n001168,n000660,train,0
22359,n005774,n007009,train,1
22360,n003997,n004774,train,1
22361,n002438,n002374,train,0
22362,n003380,n002644,train,1
22363,n002833,n003630,train,0
22364,n007303,n002614,train,1
22365,n008148,n006505,train,1
22366,n002542,n007044,train,0
22367,n000099,n005690,train,1
22368,n005974,n007411,train,1
22369,n008976,n002717,train,1
22370,n008128,n000122,train,1
22371,n005273,n007999,train,1
22372,n008622,n001746,train,0
22373,n004944,n002922,train,1
22374,n006610,n001623,train,1
22375,n004993,n003334,train,1
22376,n007250,n008569,train,1
22377,n008732,n005988,train,1
22378,n005477,n003913,train,0
22379,n008440,n008085,train,1
22380,n004100,n004314,train,0
22381,n009006,n005852,train,1
22382,n006276,n000839,train,1
22383,n008852,n002614,train,0
22384,n006842,n005453,train,1
22385,n005779,n009056,train,1
22386,n001113,n001724,train,1
22387,n004824,n001854,train,1
22388,n005362,n008980,train,1
22389,n002472,n000031,train,1
22390,n005987,n002202,train,1
22391,n002618,n004645,train,1
22392,n000039,n001756,train,1
22393,n001019,n002611,train,1
22394,n007568,n007386,train,1
22395,n001459,n007216,train,1
22396,n007850,n008867,train,1
22397,n009026,n004997,train,1
22398,n003203,n005757,train,1
22399,n002918,n004494,train,0
22400,n002301,n002833,train,1
22401,n001722,n003910,train,1
22402,n004406,n006623,train,1
22403,n000251,n000610,train,1
22404,n005866,n000889,train,0
22405,n008078,n005569,train,0
22406,n005087,n005953,train,0
22407,n006888,n001633,train,0
22408,n001728,n008924,train,0
22409,n002735,n004090,train,0
22410,n004924,n008745,train,0
22411,n002920,n001899,train,0
22412,n002925,n007228,train,0
22413,n005198,n004711,train,1
22414,n008476,n004929,train,0
22415,n002492,n004916,train,1
22416,n006817,n007378,train,1
22417,n004976,n004131,train,1
22418,n003934,n000033,train,1
22419,n005442,n004320,train,0
22420,n000159,n008165,train,0
22421,n000131,n006425,train,1
22422,n001113,n005139,train,0
22423,n007764,n006805,train,1
22424,n001143,n004114,train,0
22425,n003498,n007239,train,1
22426,n002835,n007941,train,1
22427,n004056,n005763,train,1
22428,n001138,n001088,train,1
22429,n006324,n002141,train,1
22430,n004657,n000603,train,1
22431,n009253,n008466,train,1
22432,n006161,n002494,train,0
22433,n003285,n006546,train,1
22434,n007816,n000847,train,1
22435,n008707,n001263,train,1
22436,n000504,n005399,train,1
22437,n002988,n004862,train,0
22438,n007963,n002614,train,0
22439,n008449,n008852,train,1
22440,n008216,n003169,train,1
22441,n003374,n008010,train,1
22442,n000012,n002256,train,1
22443,n004639,n004849,train,1
22444,n001575,n000687,train,1
22445,n005313,n003450,train,1
22446,n004500,n001996,train,1
22447,n001599,n001425,train,1
22448,n000614,n000763,train,1
22449,n002961,n005256,train,0
22450,n003505,n001130,train,1
22451,n006456,n004316,train,0
22452,n006276,n007030,train,1
22453,n000870,n002671,train,1
22454,n001721,n000256,train,1
22455,n003950,n004303,train,1
22456,n006185,n001633,train,1
22457,n003036,n000255,train,1
22458,n004391,n005617,train,1
22459,n000304,n004533,train,0
22460,n006658,n000028,train,1
22461,n003968,n008789,train,1
22462,n003448,n002515,train,1
22463,n000210,n006690,train,1
22464,n007701,n000578,train,1
22465,n004457,n007025,train,1
22466,n003546,n003242,train,1
22467,n004768,n001119,train,1
22468,n007303,n005770,train,1
22469,n007001,n002125,train,1
22470,n008588,n005176,train,1
22471,n006047,n000712,train,1
22472,n001170,n009134,train,1
22473,n008694,n001456,train,1
22474,n004310,n006444,train,1
22475,n006206,n002242,train,1
22476,n004472,n001236,train,1
22477,n003213,n007717,train,1
22478,n006484,n008130,train,1
22479,n000045,n003723,train,0
22480,n008903,n001578,train,1
22481,n008578,n004028,train,1
22482,n008969,n004406,train,1
22483,n007392,n001798,train,1
22484,n005837,n000986,train,0
22485,n005287,n008849,train,0
22486,n000942,n005371,train,1
22487,n001858,n009071,train,1
22488,n005119,n005785,train,1
22489,n006979,n008485,train,0
22490,n007759,n008141,train,1
22491,n000505,n000046,train,0
22492,n006198,n002742,train,1
22493,n006104,n009263,train,1
22494,n007960,n001478,train,0
22495,n001423,n001511,train,1
22496,n003027,n005615,train,1
22497,n006946,n006464,train,1
22498,n008423,n007524,train,1
22499,n007811,n004962,train,1
22500,n001188,n000883,train,1
22501,n007506,n001272,train,1
22502,n008423,n004708,train,1
22503,n008769,n007761,train,1
22504,n007445,n000124,train,1
22505,n007470,n004448,train,0
22506,n007293,n008994,train,1
22507,n008148,n003427,train,0
22508,n001782,n005189,train,1
22509,n000447,n006416,train,1
22510,n005131,n007414,train,1
22511,n004534,n008182,train,1
22512,n005522,n004480,train,0
22513,n000296,n002287,train,1
22514,n000352,n004526,train,1
22515,n001960,n000113,train,0
22516,n008205,n004472,train,1
22517,n002759,n003253,train,1
22518,n000077,n006899,train,1
22519,n007485,n004364,train,1
22520,n000881,n007655,train,1
22521,n006107,n000375,train,1
22522,n005449,n000788,train,1
22523,n003840,n003818,train,1
22524,n004371,n002455,train,1
22525,n004589,n000601,train,1
22526,n002265,n007048,train,0
22527,n002293,n003326,train,0
22528,n003441,n002395,train,0
22529,n006563,n003340,train,1
22530,n001478,n000726,train,1
22531,n001782,n005469,train,1
22532,n008356,n000780,train,0
22533,n005015,n000963,train,0
22534,n003334,n001139,train,1
22535,n001694,n002118,train,1
22536,n006721,n005611,train,0
22537,n003408,n005959,train,0
22538,n007282,n001438,train,1
22539,n004618,n001501,train,0
22540,n000917,n008310,train,1
22541,n006761,n002423,train,0
22542,n000812,n004134,train,1
22543,n004152,n005108,train,1
22544,n003228,n008737,train,1
22545,n004060,n008971,train,1
22546,n007117,n006462,train,1
22547,n005774,n001184,train,0
22548,n000899,n009275,train,1
22549,n005081,n002683,train,1
22550,n000530,n003820,train,1
22551,n005817,n001394,train,0
22552,n000408,n006081,train,1
22553,n003323,n005759,train,1
22554,n005503,n000942,train,1
22555,n001086,n008038,train,1
22556,n005674,n000041,train,1
22557,n009187,n002049,train,1
22558,n007712,n009115,train,1
22559,n008873,n008738,train,1
22560,n009189,n001262,train,1
22561,n002434,n003011,train,0
22562,n008587,n000333,train,1
22563,n002092,n005788,train,1
22564,n004464,n002170,train,1
22565,n006059,n000391,train,1
22566,n005754,n007658,train,1
22567,n007303,n005167,train,1
22568,n009094,n001196,train,1
22569,n001350,n003216,train,1
22570,n009141,n002717,train,1
22571,n009097,n000011,train,0
22572,n005981,n004996,train,1
22573,n006058,n008216,train,1
22574,n007888,n007282,train,1
22575,n003119,n006278,train,1
22576,n008161,n008838,train,0
22577,n007535,n001272,train,1
22578,n003821,n007944,train,0
22579,n001578,n006059,train,1
22580,n001616,n002977,train,1
22581,n007504,n007318,train,0
22582,n003170,n002632,train,1
22583,n000685,n003860,train,1
22584,n007282,n005381,train,1
22585,n004593,n004127,train,1
22586,n007023,n007662,train,1
22587,n004897,n004862,train,1
22588,n005138,n003769,train,1
22589,n000846,n000492,train,1
22590,n002483,n000691,train,1
22591,n003853,n000961,train,1
22592,n005896,n003483,train,1
22593,n003497,n000801,train,0
22594,n002801,n004624,train,1
22595,n005313,n007117,train,0
22596,n001220,n001895,train,0
22597,n000749,n007426,train,0
22598,n008416,n008432,train,1
22599,n006065,n000873,train,1
22600,n003858,n000887,train,1
22601,n002566,n000048,train,1
22602,n005408,n003470,train,1
22603,n002444,n006367,train,1
22604,n008886,n002447,train,0
22605,n000206,n005158,train,1
22606,n000440,n002335,train,0
22607,n002605,n001289,train,1
22608,n008191,n006722,train,0
22609,n006344,n007002,train,1
22610,n006655,n002614,train,1
22611,n004785,n003216,train,1
22612,n004197,n002333,train,1
22613,n002778,n007279,train,1
22614,n007138,n002933,train,1
22615,n007636,n006792,train,1
22616,n002038,n008380,train,0
22617,n004419,n007414,train,0
22618,n002242,n005410,train,1
22619,n000356,n008476,train,1
22620,n004496,n001010,train,1
22621,n007340,n004041,train,0
22622,n007519,n002785,train,0
22623,n007811,n001732,train,1
22624,n006888,n000472,train,1
22625,n001964,n000367,train,1
22626,n008766,n005313,train,1
22627,n004310,n001342,train,1
22628,n001766,n004321,train,1
22629,n001363,n002864,train,1
22630,n004837,n008603,train,0
22631,n001680,n007457,train,1
22632,n004931,n003735,train,0
22633,n000428,n001590,train,1
22634,n000595,n004499,train,1
22635,n000907,n003860,train,0
22636,n007295,n007645,train,1
22637,n008389,n001974,train,1
22638,n006801,n004098,train,1
22639,n000491,n008010,train,0
22640,n004726,n002906,train,1
22641,n001320,n001858,train,1
22642,n000202,n002391,train,1
22643,n001422,n003481,train,0
22644,n004000,n005651,train,1
22645,n007561,n007208,train,0
22646,n008364,n006602,train,1
22647,n007936,n002380,train,0
22648,n005276,n006629,train,1
22649,n005195,n000034,train,1
22650,n005800,n008069,train,1
22651,n003504,n001801,train,1
22652,n001940,n006184,train,1
22653,n000289,n002615,train,1
22654,n000534,n004977,train,0
22655,n006282,n000042,train,1
22656,n001433,n004665,train,1
22657,n007835,n005640,train,0
22658,n008141,n007837,train,1
22659,n002419,n005363,train,1
22660,n008001,n000159,train,1
22661,n005889,n003374,train,1
22662,n006886,n002244,train,0
22663,n001623,n004968,train,1
22664,n007944,n002881,train,1
22665,n001253,n002455,train,1
22666,n008406,n007616,train,0
22667,n000542,n001511,train,1
22668,n005773,n003350,train,1
22669,n007434,n006863,train,1
22670,n008908,n001283,train,1
22671,n006651,n007084,train,1
22672,n001689,n002506,train,0
22673,n001394,n002451,train,0
22674,n008474,n007340,train,1
22675,n002059,n006967,train,1
22676,n007924,n004697,train,1
22677,n002363,n005665,train,0
22678,n004109,n007417,train,1
22679,n006010,n002705,train,0
22680,n000232,n006966,train,0
22681,n000450,n006690,train,1
22682,n006849,n005560,train,1
22683,n008756,n003913,train,1
22684,n000483,n002492,train,1
22685,n008946,n002394,train,1
22686,n001462,n006170,train,1
22687,n003176,n000036,train,1
22688,n008083,n003242,train,1
22689,n002608,n003437,train,1
22690,n009203,n002732,train,1
22691,n003450,n007844,train,1
22692,n003317,n002897,train,1
22693,n003541,n007680,train,0
22694,n001413,n007262,train,1
22695,n002299,n005876,train,1
22696,n004313,n003333,train,1
22697,n009209,n001447,train,0
22698,n009063,n006360,train,1
22699,n006370,n001236,train,0
22700,n000102,n001068,train,1
22701,n001539,n002624,train,1
22702,n001187,n003867,train,1
22703,n003703,n001444,train,1
22704,n001824,n001135,train,0
22705,n005090,n007558,train,0
22706,n004864,n006313,train,1
22707,n002083,n004027,train,1
22708,n008483,n004201,train,1
22709,n003385,n008423,train,1
22710,n000970,n002301,train,0
22711,n005350,n004198,train,1
22712,n003498,n000055,train,1
22713,n008334,n008234,train,0
22714,n008004,n008083,train,1
22715,n006361,n008522,train,1
22716,n007685,n006836,train,1
22717,n002947,n003123,train,0
22718,n001574,n008363,train,1
22719,n005397,n007328,train,1
22720,n007550,n005212,train,0
22721,n007437,n005322,train,1
22722,n007549,n006274,train,1
22723,n002514,n008732,train,1
22724,n009191,n006980,train,0
22725,n002553,n005566,train,1
22726,n003135,n001272,train,0
22727,n004356,n005665,train,1
22728,n005814,n005678,train,1
22729,n002305,n006502,train,1
22730,n002822,n000346,train,1
22731,n003522,n002285,train,1
22732,n007993,n004957,train,1
22733,n005627,n004666,train,0
22734,n008165,n005065,train,1
22735,n005938,n008452,train,1
22736,n000020,n005739,train,1
22737,n004886,n004184,train,1
22738,n006972,n004462,train,1
22739,n000762,n005678,train,0
22740,n006359,n002345,train,1
22741,n001740,n000634,train,1
22742,n003916,n000351,train,0
22743,n008406,n003536,train,1
22744,n003625,n001719,train,1
22745,n001250,n002500,train,1
22746,n001869,n002237,train,1
22747,n009253,n008116,train,1
22748,n004626,n001590,train,1
22749,n009111,n005237,train,0
22750,n003078,n004561,train,1
22751,n006517,n008329,train,1
22752,n008377,n004759,train,1
22753,n008740,n001220,train,1
22754,n005517,n007759,train,1
22755,n002915,n001954,train,1
22756,n007819,n003723,train,1
22757,n000367,n001991,train,1
22758,n004313,n002899,train,0
22759,n008391,n008092,train,1
22760,n009001,n002717,train,1
22761,n005470,n009111,train,1
22762,n001445,n001832,train,0
22763,n000748,n008010,train,1
22764,n001634,n000674,train,1
22765,n006622,n000717,train,1
22766,n007481,n002440,train,1
22767,n008346,n002964,train,1
22768,n005774,n005674,train,0
22769,n005168,n004110,train,1
22770,n009182,n008309,train,1
22771,n006371,n003721,train,1
22772,n004618,n000811,train,1
22773,n006106,n003969,train,1
22774,n001631,n002777,train,1
22775,n000206,n001015,train,0
22776,n007955,n001879,train,1
22777,n003346,n000181,train,0
22778,n002131,n001479,train,1
22779,n002700,n000715,train,1
22780,n008798,n003525,train,1
22781,n003045,n001701,train,0
22782,n006856,n009043,train,1
22783,n008910,n002955,train,1
22784,n006402,n004693,train,1
22785,n005873,n008909,train,1
22786,n002128,n003710,train,0
22787,n008527,n002084,train,1
22788,n004381,n003790,train,1
22789,n001180,n004979,train,1
22790,n002711,n009155,train,1
22791,n007115,n002169,train,1
22792,n005674,n008457,train,0
22793,n005500,n008320,train,0
22794,n005025,n000981,train,1
22795,n001625,n007138,train,0
22796,n005696,n006737,train,1
22797,n008412,n007979,train,1
22798,n007007,n000765,train,0
22799,n000973,n000347,train,1
22800,n006970,n003918,train,1
22801,n003101,n001479,train,1
22802,n005554,n008274,train,1
22803,n008860,n007415,train,1
22804,n008473,n003769,train,0
22805,n000122,n006875,train,0
22806,n001868,n000290,train,1
22807,n006587,n006402,train,1
22808,n004044,n005132,train,1
22809,n006812,n004193,train,1
22810,n005943,n003955,train,1
22811,n001128,n000601,train,1
22812,n007977,n007952,train,1
22813,n006177,n005684,train,1
22814,n004773,n005975,train,1
22815,n003715,n001349,train,1
22816,n001161,n009044,train,1
22817,n001733,n001109,train,1
22818,n008168,n005918,train,1
22819,n003202,n004516,train,0
22820,n005878,n008551,train,1
22821,n002377,n001117,train,1
22822,n002383,n002807,train,0
22823,n000210,n008774,train,0
22824,n006863,n006936,train,1
22825,n005625,n008458,train,1
22826,n000024,n001490,train,1
22827,n004499,n005289,train,1
22828,n001449,n001528,train,1
22829,n000307,n000499,train,1
22830,n007717,n001283,train,1
22831,n004048,n004464,train,1
22832,n009217,n002392,train,1
22833,n001869,n008776,train,1
22834,n006988,n005892,train,1
22835,n004100,n000139,train,1
22836,n002634,n002624,train,1
22837,n007172,n009025,train,1
22838,n006995,n007775,train,1
22839,n002182,n000118,train,1
22840,n007739,n007982,train,1
22841,n000537,n001088,train,1
22842,n008609,n005423,train,1
22843,n000207,n008364,train,1
22844,n000893,n005686,train,1
22845,n006378,n007778,train,1
22846,n007320,n000361,train,1
22847,n007115,n009130,train,1
22848,n002565,n005409,train,1
22849,n002249,n006979,train,0
22850,n005176,n008272,train,0
22851,n006408,n002357,train,1
22852,n005098,n009279,train,1
22853,n001140,n000351,train,0
22854,n002695,n000711,train,1
22855,n002052,n008769,train,1
22856,n003672,n007634,train,1
22857,n008402,n000896,train,1
22858,n001574,n003029,train,1
22859,n006218,n006539,train,1
22860,n004802,n008459,train,0
22861,n008798,n007783,train,1
22862,n007888,n003568,train,1
22863,n002777,n000783,train,1
22864,n002444,n006130,train,1
22865,n007198,n001746,train,1
22866,n002039,n007614,train,1
22867,n005938,n006539,train,1
22868,n005622,n001143,train,1
22869,n000209,n005284,train,1
22870,n006891,n003203,train,1
22871,n001847,n002038,train,1
22872,n006079,n009077,train,0
22873,n003703,n002326,train,1
22874,n008116,n002843,train,1
22875,n008293,n002115,train,1
22876,n006087,n004279,train,1
22877,n000786,n006060,train,0
22878,n001359,n007792,train,1
22879,n001315,n000505,train,1
22880,n001105,n001145,train,1
22881,n009061,n001489,train,1
22882,n007539,n006866,train,1
22883,n004931,n007923,train,0
22884,n009105,n003869,train,1
22885,n004369,n007559,train,1
22886,n007278,n005688,train,1
22887,n002256,n001215,train,1
22888,n006511,n003349,train,1
22889,n003091,n001370,train,0
22890,n008580,n001780,train,1
22891,n004888,n001868,train,1
22892,n007383,n004675,train,1
22893,n003447,n006826,train,1
22894,n000206,n004368,train,1
22895,n007301,n008851,train,0
22896,n004802,n005663,train,1
22897,n001767,n000766,train,1
22898,n001549,n002665,train,0
22899,n004285,n007755,train,1
22900,n008274,n001551,train,1
22901,n006007,n004220,train,1
22902,n009038,n001510,train,1
22903,n000569,n000447,train,1
22904,n005463,n001511,train,1
22905,n001670,n000024,train,1
22906,n004769,n006520,train,1
22907,n003630,n004832,train,1
22908,n000043,n002170,train,1
22909,n007305,n002390,train,1
22910,n006700,n000820,train,1
22911,n002543,n000873,train,1
22912,n002489,n004621,train,1
22913,n004122,n003841,train,1
22914,n008272,n002940,train,1
22915,n008101,n008656,train,1
22916,n008371,n008555,train,0
22917,n006324,n000445,train,1
22918,n000977,n004030,train,1
22919,n007012,n001278,train,1
22920,n005108,n009147,train,1
22921,n002687,n008892,train,1
22922,n008789,n005555,train,1
22923,n000548,n007265,train,1
22924,n002499,n007957,train,0
22925,n001725,n001885,train,0
22926,n003169,n007340,train,1
22927,n004888,n008619,train,1
22928,n000420,n003282,train,0
22929,n000240,n007364,train,1
22930,n006423,n000409,train,1
22931,n006842,n003471,train,1
22932,n000824,n002881,train,0
22933,n001129,n003434,train,1
22934,n004102,n009254,train,0
22935,n009066,n001148,train,1
22936,n001767,n005593,train,1
22937,n008700,n002612,train,1
22938,n005759,n009266,train,1
22939,n001459,n004464,train,1
22940,n006519,n004833,train,1
22941,n005386,n003581,train,1
22942,n000251,n003073,train,1
22943,n003835,n008761,train,1
22944,n005729,n003920,train,1
22945,n003501,n009249,train,1
22946,n001447,n008782,train,1
22947,n006847,n002844,train,1
22948,n004739,n007262,train,1
22949,n006232,n007208,train,1
22950,n006062,n007420,train,1
22951,n002964,n007598,train,1
22952,n002626,n004147,train,1
22953,n007174,n002136,train,0
22954,n004647,n004886,train,1
22955,n002047,n000933,train,1
22956,n001512,n002313,train,0
22957,n003401,n004321,train,1
22958,n004303,n005483,train,1
22959,n003261,n002890,train,0
22960,n008084,n005995,train,1
22961,n008226,n005012,train,1
22962,n001159,n007731,train,0
22963,n004864,n004393,train,1
22964,n007206,n000761,train,1
22965,n003245,n005509,train,1
22966,n001780,n008775,train,1
22967,n001053,n001572,train,0
22968,n001828,n007414,train,1
22969,n001609,n008323,train,1
22970,n000685,n005925,train,1
22971,n006763,n005010,train,1
22972,n006204,n007055,train,1
22973,n005508,n008467,train,1
22974,n002123,n006698,train,1
22975,n006803,n008261,train,1
22976,n007718,n004057,train,1
22977,n001270,n009260,train,1
22978,n001314,n002226,train,1
22979,n000964,n000446,train,1
22980,n001533,n006714,train,1
22981,n008883,n000614,train,1
22982,n002483,n000063,train,1
22983,n000217,n007783,train,1
22984,n006056,n001490,train,1
22985,n000447,n000969,train,1
22986,n003222,n005934,train,1
22987,n008087,n003004,train,1
22988,n000676,n000525,train,1
22989,n003350,n003799,train,1
22990,n003720,n001702,train,1
22991,n005273,n009053,train,1
22992,n009088,n001944,train,1
22993,n007253,n001652,train,0
22994,n009062,n003840,train,1
22995,n004122,n003522,train,1
22996,n006736,n004704,train,0
22997,n003350,n008801,train,0
22998,n005243,n006471,train,0
22999,n008743,n000412,train,1
23000,n005768,n001267,train,0
23001,n004967,n008291,train,1
23002,n007417,n008261,train,1
23003,n008474,n005505,train,1
23004,n002105,n004017,train,1
23005,n007353,n001255,train,1
23006,n004051,n001403,train,1
23007,n001854,n002226,train,0
23008,n003416,n007076,train,1
23009,n006707,n008897,train,1
23010,n005228,n000270,train,1
23011,n002057,n009181,train,1
23012,n008602,n000910,train,1
23013,n005705,n006386,train,1
23014,n003784,n002095,train,1
23015,n001347,n004986,train,1
23016,n001409,n003076,train,1
23017,n000525,n004773,train,1
23018,n001165,n009054,train,1
23019,n008606,n001315,train,1
23020,n008144,n005788,train,1
23021,n002635,n007768,train,1
23022,n001832,n008356,train,1
23023,n000151,n007791,train,1
23024,n003698,n008130,train,1
23025,n000229,n001087,train,1
23026,n002143,n003826,train,1
23027,n001502,n006244,train,1
23028,n004043,n002285,train,1
23029,n006839,n007334,train,1
23030,n001207,n003737,train,1
23031,n009210,n003735,train,1
23032,n009001,n008934,train,1
23033,n007999,n002882,train,1
23034,n003723,n006983,train,1
23035,n004639,n006958,train,1
23036,n008753,n006441,train,1
23037,n005665,n002306,train,1
23038,n007632,n002071,train,1
23039,n008893,n000396,train,1
23040,n008052,n000370,train,1
23041,n004526,n000891,train,0
23042,n000904,n000795,train,1
23043,n000039,n001914,train,1
23044,n000525,n007482,train,1
23045,n003018,n006798,train,0
23046,n007194,n003593,train,1
23047,n000642,n006730,train,1
23048,n009168,n007617,train,0
23049,n002205,n004369,train,1
23050,n009133,n006360,train,1
23051,n000354,n005867,train,1
23052,n005918,n004870,train,1
23053,n004084,n005543,train,1
23054,n004516,n002063,train,1
23055,n001800,n000497,train,0
23056,n004703,n006917,train,1
23057,n008460,n007070,train,1
23058,n005788,n009121,train,1
23059,n002425,n005477,train,1
23060,n003985,n007320,train,1
23061,n002751,n001653,train,1
23062,n005458,n001410,train,1
23063,n005286,n008589,train,1
23064,n004982,n000168,train,0
23065,n000414,n000309,train,1
23066,n004232,n006573,train,1
23067,n003470,n004309,train,1
23068,n003363,n005860,train,1
23069,n004195,n004994,train,0
23070,n003475,n003005,train,0
23071,n002948,n005966,train,0
23072,n000194,n007785,train,1
23073,n002404,n006223,train,1
23074,n003123,n002103,train,1
23075,n003196,n004856,train,1
23076,n003002,n004810,train,1
23077,n003641,n008087,train,1
23078,n008400,n001895,train,1
23079,n007359,n005807,train,1
23080,n002828,n002427,train,1
23081,n000711,n006921,train,1
23082,n002817,n008333,train,1
23083,n008170,n001548,train,1
23084,n006169,n003289,train,1
23085,n003488,n005674,train,1
23086,n002579,n007230,train,1
23087,n008838,n000424,train,1
23088,n006056,n002172,train,1
23089,n002572,n004443,train,1
23090,n004439,n005289,train,1
23091,n007212,n008231,train,1
23092,n004318,n001317,train,0
23093,n006636,n004740,train,0
23094,n005158,n003444,train,0
23095,n001595,n005046,train,1
23096,n001548,n007076,train,1
23097,n003427,n004866,train,1
23098,n007702,n003969,train,1
23099,n000847,n009077,train,1
23100,n003691,n006564,train,1
23101,n007457,n005747,train,1
23102,n005453,n000957,train,1
23103,n005617,n005423,train,1
23104,n006078,n004017,train,0
23105,n006018,n009004,train,1
23106,n005993,n000847,train,1
23107,n002521,n003630,train,0
23108,n005442,n005228,train,1
23109,n002207,n002578,train,1
23110,n000424,n002841,train,1
23111,n005458,n003563,train,1
23112,n004556,n004475,train,0
23113,n008633,n001254,train,1
23114,n002083,n006778,train,1
23115,n000811,n002967,train,1
23116,n007723,n008745,train,1
23117,n000370,n002989,train,1
23118,n000292,n001762,train,1
23119,n005128,n006321,train,1
23120,n002397,n006965,train,0
23121,n002888,n004204,train,1
23122,n007619,n006737,train,1
23123,n004843,n002432,train,1
23124,n005313,n004198,train,1
23125,n001105,n006559,train,1
23126,n000818,n002888,train,1
23127,n002379,n005322,train,0
23128,n007795,n000994,train,1
23129,n003515,n004666,train,1
23130,n005700,n003505,train,1
23131,n008178,n001626,train,0
23132,n008490,n003678,train,1
23133,n002201,n009241,train,0
23134,n001028,n004897,train,1
23135,n001529,n007137,train,1
23136,n004367,n008287,train,1
23137,n003228,n000817,train,1
23138,n003426,n007023,train,1
23139,n001746,n003450,train,1
23140,n008904,n002333,train,1
23141,n005333,n005720,train,1
23142,n007539,n006367,train,1
23143,n003950,n006900,train,1
23144,n007306,n008769,train,1
23145,n005585,n002476,train,1
23146,n003895,n000267,train,1
23147,n001662,n002777,train,1
23148,n007311,n009115,train,0
23149,n003335,n009117,train,0
23150,n004697,n004810,train,1
23151,n002860,n005938,train,0
23152,n002897,n009209,train,0
23153,n005811,n006998,train,0
23154,n002061,n000252,train,1
23155,n002844,n004041,train,1
23156,n000664,n003996,train,0
23157,n000638,n000570,train,1
23158,n006091,n004665,train,1
23159,n005895,n009157,train,1
23160,n005082,n000382,train,0
23161,n003475,n002854,train,1
23162,n006400,n002143,train,1
23163,n003478,n003525,train,1
23164,n008367,n007165,train,1
23165,n003768,n003559,train,0
23166,n008329,n003401,train,0
23167,n000463,n000895,train,1
23168,n004066,n008587,train,1
23169,n000064,n000879,train,0
23170,n000324,n006819,train,1
23171,n000751,n005959,train,1
23172,n004968,n007317,train,1
23173,n006444,n002496,train,1
23174,n003702,n001494,train,1
23175,n001392,n006416,train,1
23176,n002879,n004680,train,1
23177,n005694,n001642,train,1
23178,n006147,n000304,train,1
23179,n008241,n004498,train,0
23180,n007993,n001767,train,1
23181,n002598,n003572,train,1
23182,n001603,n003698,train,1
23183,n001158,n006511,train,0
23184,n006959,n005678,train,1
23185,n006528,n004474,train,1
23186,n003809,n008895,train,1
23187,n004356,n006127,train,1
23188,n000504,n006204,train,1
23189,n003261,n007614,train,1
23190,n006836,n001865,train,1
23191,n004726,n000847,train,1
23192,n003748,n006576,train,1
23193,n000277,n003674,train,1
23194,n002483,n009069,train,1
23195,n000573,n006651,train,0
23196,n005779,n003494,train,1
23197,n001801,n007698,train,0
23198,n002447,n004451,train,0
23199,n005793,n002444,train,1
23200,n006712,n002786,train,1
23201,n004066,n004379,train,1
23202,n008560,n000729,train,1
23203,n002646,n000939,train,1
23204,n000132,n007294,train,0
23205,n000508,n008573,train,1
23206,n005439,n003976,train,1
23207,n001083,n000685,train,1
23208,n005363,n001395,train,0
23209,n006305,n007177,train,1
23210,n006278,n009188,train,1
23211,n003358,n002924,train,1
23212,n001139,n009012,train,0
23213,n006477,n001631,train,1
23214,n001347,n006983,train,1
23215,n002480,n004335,train,1
23216,n000875,n001297,train,1
23217,n004283,n006213,train,1
23218,n006844,n006926,train,1
23219,n003401,n002040,train,1
23220,n000440,n006611,train,1
23221,n002741,n002769,train,1
23222,n000207,n005632,train,1
23223,n007303,n000919,train,0
23224,n003697,n006018,train,0
23225,n008673,n001186,train,1
23226,n006321,n007315,train,1
23227,n005584,n003166,train,1
23228,n006915,n007619,train,0
23229,n008782,n001930,train,0
23230,n002117,n005390,train,1
23231,n006833,n004759,train,1
23232,n007658,n001704,train,1
23233,n006602,n003247,train,1
23234,n002425,n007873,train,1
23235,n004462,n005313,train,0
23236,n002723,n007074,train,1
23237,n001803,n007655,train,0
23238,n006348,n005769,train,0
23239,n008881,n008836,train,1
23240,n000674,n004578,train,1
23241,n000657,n001698,train,1
23242,n004849,n007465,train,1
23243,n001897,n006120,train,1
23244,n001267,n004186,train,1
23245,n006393,n008801,train,1
23246,n004054,n002843,train,0
23247,n001894,n002308,train,0
23248,n008210,n003581,train,1
23249,n002631,n002249,train,0
23250,n004088,n000824,train,1
23251,n005499,n003267,train,0
23252,n005960,n002115,train,1
23253,n004732,n001767,train,1
23254,n003107,n003524,train,1
23255,n007403,n001042,train,1
23256,n008091,n007393,train,1
23257,n006047,n008614,train,1
23258,n006908,n000547,train,1
23259,n008523,n007576,train,0
23260,n002732,n007999,train,1
23261,n001767,n004417,train,1
23262,n002953,n002394,train,1
23263,n008178,n004936,train,1
23264,n000497,n007431,train,1
23265,n001463,n000431,train,1
23266,n003324,n006219,train,1
23267,n003522,n002882,train,1
23268,n002477,n009208,train,1
23269,n002526,n000378,train,0
23270,n003657,n002380,train,1
23271,n006551,n003454,train,1
23272,n006402,n004412,train,0
23273,n004979,n006584,train,0
23274,n003331,n002716,train,1
23275,n002814,n002139,train,1
23276,n008389,n000973,train,1
23277,n002070,n007780,train,1
23278,n007796,n006391,train,1
23279,n007755,n000213,train,1
23280,n000024,n005313,train,0
23281,n003044,n005160,train,1
23282,n003846,n001606,train,0
23283,n006475,n001740,train,1
23284,n008203,n009269,train,1
23285,n008230,n004269,train,1
23286,n008197,n004102,train,1
23287,n000476,n000191,train,1
23288,n001026,n004759,train,1
23289,n006509,n006849,train,1
23290,n006789,n007831,train,1
23291,n008898,n005839,train,1
23292,n007880,n008538,train,1
23293,n007477,n002543,train,1
23294,n003899,n005868,train,1
23295,n004645,n006120,train,1
23296,n007819,n008114,train,1
23297,n002806,n001158,train,1
23298,n005970,n005344,train,1
23299,n006773,n008782,train,1
23300,n002962,n003950,train,1
23301,n004914,n006521,train,1
23302,n002677,n003408,train,1
23303,n003621,n003241,train,1
23304,n009160,n003317,train,0
23305,n002948,n004436,train,1
23306,n003503,n002759,train,1
23307,n002206,n005464,train,1
23308,n000824,n009043,train,1
23309,n001827,n005158,train,1
23310,n006079,n005524,train,1
23311,n008804,n005974,train,1
23312,n002724,n001185,train,1
23313,n001899,n001018,train,1
23314,n001928,n006041,train,1
23315,n009025,n000745,train,0
23316,n004072,n002887,train,1
23317,n002141,n005458,train,1
23318,n006433,n007304,train,1
23319,n000333,n000957,train,0
23320,n005249,n006219,train,1
23321,n004162,n007959,train,1
23322,n002094,n008275,train,1
23323,n006011,n008062,train,1
23324,n005125,n007641,train,1
23325,n004410,n003520,train,1
23326,n005518,n006827,train,1
23327,n003139,n002301,train,1
23328,n007803,n005938,train,1
23329,n002050,n000443,train,0
23330,n007680,n006256,train,1
23331,n006070,n003577,train,1
23332,n004714,n006071,train,0
23333,n004521,n009077,train,1
23334,n003945,n008619,train,1
23335,n003859,n000418,train,1
23336,n007306,n006571,train,1
23337,n004439,n007763,train,1
23338,n000213,n003941,train,1
23339,n001605,n000408,train,0
23340,n001860,n001501,train,0
23341,n004168,n001508,train,0
23342,n008588,n004139,train,1
23343,n008588,n008695,train,1
23344,n008293,n007031,train,1
23345,n002220,n002671,train,0
23346,n006516,n000101,train,1
23347,n002531,n007314,train,1
23348,n001772,n004639,train,1
23349,n006771,n003049,train,1
23350,n001236,n005563,train,1
23351,n006750,n002997,train,0
23352,n008974,n006329,train,0
23353,n008856,n005876,train,1
23354,n008391,n005322,train,1
23355,n007485,n007731,train,0
23356,n008161,n007514,train,1
23357,n003899,n009067,train,1
23358,n005177,n003746,train,1
23359,n000023,n004949,train,1
23360,n006810,n002242,train,1
23361,n006839,n003171,train,1
23362,n008620,n006360,train,1
23363,n004948,n004164,train,1
23364,n008548,n003778,train,1
23365,n000595,n000063,train,1
23366,n004584,n001329,train,1
23367,n003319,n007667,train,0
23368,n008369,n007082,train,1
23369,n007013,n000799,train,1
23370,n001930,n007013,train,1
23371,n003731,n007630,train,0
23372,n006990,n005978,train,1
23373,n006867,n005200,train,1
23374,n003444,n003790,train,1
23375,n003654,n008045,train,1
23376,n005358,n000020,train,1
23377,n007606,n007206,train,1
23378,n005663,n001486,train,1
23379,n007157,n005410,train,0
23380,n002418,n007716,train,1
23381,n001456,n003755,train,0
23382,n000986,n005942,train,0
23383,n004718,n008849,train,1
23384,n006627,n008605,train,1
23385,n008724,n002552,train,1
23386,n006341,n009274,train,1
23387,n008013,n004432,train,1
23388,n000521,n006702,train,1
23389,n006490,n003501,train,1
23390,n002806,n006733,train,1
23391,n007051,n007006,train,0
23392,n004717,n003843,train,1
23393,n001358,n009208,train,0
23394,n002299,n008017,train,0
23395,n001184,n003505,train,1
23396,n008902,n002395,train,1
23397,n004804,n006315,train,1
23398,n002769,n001879,train,0
23399,n005310,n005458,train,0
23400,n004585,n000674,train,1
23401,n008930,n002250,train,1
23402,n008120,n009143,train,1
23403,n001812,n007507,train,1
23404,n004344,n002306,train,1
23405,n006082,n008366,train,1
23406,n005811,n005735,train,1
23407,n002892,n003718,train,1
23408,n000805,n004359,train,0
23409,n000252,n005407,train,1
23410,n003433,n005651,train,0
23411,n007600,n001162,train,1
23412,n006229,n002213,train,0
23413,n006622,n000232,train,1
23414,n008510,n004978,train,1
23415,n006457,n001762,train,1
23416,n001740,n000539,train,0
23417,n001232,n005669,train,1
23418,n001398,n006465,train,0
23419,n007640,n001939,train,1
23420,n003295,n008861,train,1
23421,n004962,n004100,train,1
23422,n006302,n006370,train,1
23423,n004970,n004737,train,1
23424,n008924,n003706,train,1
23425,n006930,n004977,train,1
23426,n009078,n003360,train,0
23427,n008191,n000939,train,0
23428,n005463,n001918,train,1
23429,n000375,n001120,train,0
23430,n006502,n005907,train,1
23431,n001529,n006891,train,1
23432,n003434,n009054,train,1
23433,n001640,n002101,train,1
23434,n005700,n006274,train,1
23435,n003070,n001891,train,1
23436,n002745,n006270,train,0
23437,n004737,n005532,train,0
23438,n004197,n002023,train,1
23439,n002668,n001531,train,1
23440,n007481,n006543,train,1
23441,n005740,n003482,train,1
23442,n000532,n006222,train,1
23443,n004998,n002398,train,1
23444,n000881,n008093,train,1
23445,n001185,n000118,train,0
23446,n006819,n002805,train,0
23447,n004378,n006983,train,1
23448,n002542,n000660,train,1
23449,n008114,n009073,train,1
23450,n009036,n007866,train,1
23451,n005363,n007533,train,1
23452,n003162,n006886,train,1
23453,n007435,n005720,train,1
23454,n007181,n003907,train,1
23455,n007311,n008499,train,1
23456,n001462,n003201,train,1
23457,n008649,n008144,train,1
23458,n001503,n005197,train,1
23459,n008256,n006387,train,1
23460,n006338,n001950,train,1
23461,n003947,n005286,train,1
23462,n001896,n007538,train,1
23463,n001778,n005505,train,1
23464,n001159,n007075,train,1
23465,n008974,n005353,train,0
23466,n005801,n002137,train,1
23467,n002123,n002735,train,1
23468,n004700,n003097,train,1
23469,n003899,n000696,train,1
23470,n001954,n003021,train,1
23471,n004887,n000207,train,1
23472,n003511,n000430,train,1
23473,n001766,n004979,train,1
23474,n000139,n008048,train,1
23475,n005274,n005597,train,1
23476,n007634,n002432,train,1
23477,n003622,n005015,train,1
23478,n008388,n005362,train,1
23479,n003908,n001788,train,1
23480,n006187,n004849,train,1
23481,n004687,n006563,train,1
23482,n002265,n006672,train,0
23483,n007942,n004462,train,1
23484,n009045,n005407,train,1
23485,n000757,n003483,train,1
23486,n006254,n000184,train,1
23487,n007283,n000170,train,1
23488,n007037,n001638,train,0
23489,n001396,n006855,train,1
23490,n003044,n001227,train,1
23491,n001395,n003969,train,1
23492,n007722,n002769,train,1
23493,n003575,n005311,train,1
23494,n007973,n003748,train,1
23495,n007716,n008877,train,1
23496,n005344,n004335,train,0
23497,n003242,n004848,train,1
23498,n005768,n005684,train,0
23499,n006979,n005506,train,1
23500,n008897,n001652,train,1
23501,n002567,n005738,train,1
23502,n003769,n008170,train,1
23503,n007044,n003934,train,1
23504,n007001,n000768,train,0
23505,n002265,n000474,train,1
23506,n000534,n003011,train,1
23507,n009272,n003726,train,1
23508,n005408,n005889,train,1
23509,n004804,n008207,train,1
23510,n002291,n004443,train,1
23511,n007774,n006041,train,0
23512,n006425,n003423,train,1
23513,n008226,n002699,train,0
23514,n008366,n007415,train,1
23515,n004671,n007881,train,1
23516,n006256,n008868,train,1
23517,n001148,n003227,train,1
23518,n007785,n000435,train,1
23519,n000590,n004106,train,1
23520,n008804,n008156,train,1
23521,n009257,n004005,train,1
23522,n008049,n003423,train,0
23523,n004711,n002649,train,1
23524,n000529,n006496,train,1
23525,n002671,n007942,train,0
23526,n008767,n003778,train,1
23527,n002795,n006492,train,1
23528,n008901,n004910,train,1
23529,n005365,n006236,train,0
23530,n000834,n007017,train,1
23531,n004030,n007309,train,1
23532,n000619,n006823,train,1
23533,n006044,n003577,train,1
23534,n001690,n004845,train,1
23535,n004169,n001654,train,1
23536,n002532,n003630,train,1
23537,n000057,n002795,train,0
23538,n007628,n003996,train,1
23539,n005438,n005035,train,1
23540,n000990,n007600,train,1
23541,n005560,n002477,train,1
23542,n003301,n006703,train,1
23543,n009038,n003869,train,0
23544,n006445,n000215,train,1
23545,n006278,n002701,train,1
23546,n003918,n001772,train,1
23547,n005118,n007551,train,1
23548,n008755,n006367,train,1
23549,n005498,n001051,train,1
23550,n008405,n006151,train,1
23551,n008620,n000440,train,0
23552,n001738,n007117,train,1
23553,n000834,n007313,train,1
23554,n001957,n005483,train,1
23555,n005295,n007660,train,0
23556,n008514,n000419,train,1
23557,n007488,n006714,train,1
23558,n004470,n006543,train,1
23559,n007702,n004476,train,1
23560,n001917,n007267,train,1
23561,n005025,n009268,train,1
23562,n006718,n002489,train,1
23563,n001158,n000524,train,0
23564,n001119,n002297,train,1
23565,n002926,n005691,train,1
23566,n002456,n000743,train,0
23567,n006751,n008990,train,1
23568,n003669,n007528,train,1
23569,n006661,n000679,train,1
23570,n009111,n001705,train,0
23571,n005974,n006576,train,1
23572,n005998,n005131,train,1
23573,n001920,n002558,train,1
23574,n004583,n003360,train,1
23575,n006258,n007640,train,0
23576,n005139,n000725,train,1
23577,n000614,n008007,train,1
23578,n004525,n006244,train,1
23579,n004941,n005275,train,1
23580,n008084,n002395,train,0
23581,n003869,n008288,train,1
23582,n007173,n006527,train,1
23583,n002520,n007317,train,1
23584,n005622,n007387,train,0
23585,n000407,n006855,train,0
23586,n007317,n008796,train,1
23587,n007922,n004106,train,0
23588,n003408,n003323,train,1
23589,n007882,n008292,train,0
23590,n006974,n004079,train,0
23591,n002723,n006173,train,1
23592,n009092,n002516,train,1
23593,n004369,n000755,train,1
23594,n009027,n003706,train,1
23595,n000212,n007192,train,0
23596,n008806,n001088,train,1
23597,n008080,n003860,train,1
23598,n006623,n006225,train,1
23599,n009278,n002955,train,1
23600,n001740,n006867,train,1
23601,n000165,n001595,train,0
23602,n009066,n001236,train,0
23603,n000405,n003323,train,1
23604,n007434,n000210,train,1
23605,n007383,n001050,train,1
23606,n005922,n001723,train,1
23607,n001818,n006965,train,0
23608,n007378,n000512,train,0
23609,n007645,n004110,train,1
23610,n000025,n004895,train,1
23611,n008841,n000038,train,1
23612,n005031,n005729,train,1
23613,n003504,n001657,train,1
23614,n006771,n008675,train,1
23615,n005343,n007639,train,1
23616,n003350,n004724,train,1
23617,n005804,n004176,train,1
23618,n005837,n004106,train,1
23619,n006375,n003624,train,1
23620,n001644,n004028,train,1
23621,n008842,n001546,train,0
23622,n003541,n004391,train,1
23623,n002822,n005796,train,1
23624,n005457,n005549,train,1
23625,n004489,n008327,train,1
23626,n005968,n001209,train,1
23627,n002779,n007585,train,0
23628,n001130,n004890,train,1
23629,n000489,n002013,train,1
23630,n000767,n004711,train,1
23631,n006843,n008234,train,1
23632,n004936,n000866,train,1
23633,n007173,n002250,train,1
23634,n000214,n005041,train,1
23635,n007590,n009027,train,1
23636,n002656,n007403,train,1
23637,n002745,n008175,train,1
23638,n007894,n008588,train,1
23639,n007380,n005299,train,0
23640,n006563,n006160,train,1
23641,n000615,n007692,train,1
23642,n003926,n002392,train,1
23643,n000607,n000015,train,1
23644,n000644,n009125,train,1
23645,n009139,n002995,train,1
23646,n003229,n000090,train,1
23647,n006791,n005186,train,0
23648,n008180,n006505,train,1
23649,n001638,n000033,train,1
23650,n006714,n001000,train,1
23651,n004467,n005116,train,0
23652,n003201,n000922,train,1
23653,n005039,n007285,train,1
23654,n002095,n009011,train,0
23655,n007527,n008590,train,1
23656,n004139,n000514,train,0
23657,n005289,n007451,train,0
23658,n001064,n003953,train,1
23659,n000051,n000346,train,1
23660,n001317,n006709,train,1
23661,n007558,n006147,train,1
23662,n001634,n006421,train,1
23663,n001749,n000150,train,1
23664,n003913,n006286,train,1
23665,n003355,n002969,train,1
23666,n005869,n007342,train,1
23667,n009102,n007813,train,0
23668,n005503,n003347,train,1
23669,n006776,n002087,train,1
23670,n001184,n005100,train,1
23671,n006009,n008964,train,0
23672,n004941,n006527,train,0
23673,n007343,n004957,train,1
23674,n007805,n000033,train,1
23675,n001103,n001346,train,0
23676,n007057,n003242,train,1
23677,n004481,n001105,train,1
23678,n001033,n001410,train,1
23679,n009100,n005839,train,1
23680,n000768,n006629,train,1
23681,n005443,n001095,train,1
23682,n000223,n001425,train,0
23683,n000288,n008769,train,1
23684,n003234,n003915,train,1
23685,n007564,n008808,train,1
23686,n004582,n001894,train,0
23687,n005197,n006884,train,0
23688,n001605,n002092,train,1
23689,n004412,n005828,train,0
23690,n003374,n005461,train,0
23691,n006158,n002887,train,1
23692,n001959,n008861,train,1
23693,n004201,n008745,train,1
23694,n008198,n005087,train,1
23695,n000010,n003505,train,1
23696,n004154,n007716,train,1
23697,n005046,n004831,train,1
23698,n007089,n008323,train,1
23699,n006994,n004519,train,1
23700,n000201,n005585,train,1
23701,n009053,n005414,train,0
23702,n006859,n005229,train,1
23703,n008850,n006177,train,1
23704,n006523,n001239,train,1
23705,n000673,n006897,train,1
23706,n002434,n001641,train,1
23707,n007343,n007140,train,1
23708,n007285,n007762,train,0
23709,n002837,n003517,train,1
23710,n002413,n001017,train,1
23711,n001143,n000581,train,1
23712,n005160,n007812,train,1
23713,n006707,n000467,train,1
23714,n009267,n004951,train,1
23715,n000425,n003520,train,1
23716,n006070,n008080,train,1
23717,n006716,n003934,train,1
23718,n001586,n003803,train,1
23719,n006807,n004152,train,1
23720,n002673,n004399,train,0
23721,n004807,n007365,train,1
23722,n007911,n000249,train,1
23723,n002128,n004019,train,1
23724,n005948,n007484,train,0
23725,n008510,n006936,train,1
23726,n000128,n005223,train,1
23727,n002626,n007433,train,1
23728,n007450,n001522,train,1
23729,n004099,n008820,train,0
23730,n000258,n003454,train,1
23731,n007552,n003743,train,1
23732,n005580,n000849,train,1
23733,n006169,n000094,train,1
23734,n004186,n000454,train,1
23735,n002243,n008772,train,1
23736,n004365,n004870,train,1
23737,n001450,n007257,train,0
23738,n003086,n009200,train,0
23739,n007216,n007967,train,1
23740,n007784,n000302,train,1
23741,n005688,n000930,train,0
23742,n007200,n005642,train,1
23743,n005272,n002489,train,1
23744,n001930,n009191,train,1
23745,n001599,n008389,train,1
23746,n001750,n006438,train,1
23747,n007719,n002352,train,1
23748,n008383,n003414,train,1
23749,n004621,n007079,train,0
23750,n002864,n003139,train,1
23751,n000504,n006374,train,1
23752,n002997,n002015,train,1
23753,n007719,n000870,train,1
23754,n007777,n009111,train,1
23755,n007493,n008365,train,1
23756,n006315,n000033,train,0
23757,n004246,n006530,train,1
23758,n000144,n003194,train,1
23759,n008580,n007412,train,1
23760,n002893,n004642,train,1
23761,n002961,n007433,train,1
23762,n003290,n000472,train,0
23763,n008290,n000917,train,1
23764,n009157,n003913,train,1
23765,n008797,n002985,train,1
23766,n004572,n003521,train,1
23767,n007137,n002695,train,1
23768,n002760,n002575,train,1
23769,n007031,n005369,train,0
23770,n007383,n009057,train,0
23771,n004666,n001680,train,1
23772,n005542,n008268,train,0
23773,n008969,n000511,train,0
23774,n007644,n003645,train,1
23775,n001665,n001994,train,1
23776,n008497,n007882,train,0
23777,n003888,n001450,train,1
23778,n002665,n008873,train,1
23779,n000212,n001933,train,1
23780,n002180,n006549,train,0
23781,n001425,n008649,train,1
23782,n004052,n000289,train,1
23783,n008589,n006091,train,0
23784,n004441,n003950,train,1
23785,n007023,n005688,train,1
23786,n006501,n003160,train,1
23787,n004703,n003363,train,1
23788,n006094,n000182,train,1
23789,n006433,n008382,train,1
23790,n002906,n002837,train,1
23791,n008934,n005646,train,0
23792,n005418,n008959,train,1
23793,n004024,n004330,train,1
23794,n007952,n003850,train,1
23795,n002480,n006979,train,0
23796,n000462,n004051,train,1
23797,n005115,n007170,train,1
23798,n000461,n003714,train,0
23799,n001119,n002249,train,1
23800,n006016,n007616,train,1
23801,n005591,n004775,train,1
23802,n000888,n003710,train,0
23803,n001630,n004807,train,1
23804,n006804,n001317,train,1
23805,n003255,n007701,train,0
23806,n003261,n006161,train,1
23807,n001271,n003599,train,1
23808,n001347,n001002,train,1
23809,n000888,n008321,train,0
23810,n006324,n003593,train,1
23811,n002531,n005922,train,1
23812,n008825,n001594,train,1
23813,n003815,n008622,train,1
23814,n000812,n008708,train,0
23815,n008523,n004582,train,1
23816,n006502,n002130,train,1
23817,n005774,n001376,train,1
23818,n004627,n003167,train,1
23819,n001103,n008622,train,1
23820,n000051,n008747,train,1
23821,n001856,n000165,train,0
23822,n006538,n006445,train,1
23823,n008227,n005995,train,1
23824,n002256,n005691,train,1
23825,n000990,n007253,train,1
23826,n002436,n005553,train,1
23827,n004422,n004620,train,1
23828,n003943,n000532,train,1
23829,n004740,n008787,train,0
23830,n003799,n002287,train,1
23831,n007509,n002653,train,1
23832,n007506,n009187,train,1
23833,n009141,n008791,train,1
23834,n003368,n001762,train,1
23835,n008367,n009155,train,1
23836,n005390,n000731,train,1
23837,n001033,n007969,train,1
23838,n005034,n003385,train,1
23839,n006219,n005099,train,1
23840,n002833,n003784,train,0
23841,n006975,n007726,train,1
23842,n003770,n001613,train,1
23843,n001157,n001042,train,0
23844,n008981,n001165,train,1
23845,n004549,n000162,train,1
23846,n008589,n008241,train,0
23847,n007866,n005333,train,1
23848,n000767,n007238,train,1
23849,n001796,n001567,train,0
23850,n001510,n008941,train,1
23851,n003509,n005310,train,0
23852,n008544,n006171,train,1
23853,n003350,n007961,train,1
23854,n002971,n002964,train,1
23855,n003276,n003025,train,1
23856,n006477,n004507,train,1
23857,n002899,n001875,train,1
23858,n002395,n006010,train,0
23859,n002289,n002099,train,1
23860,n003070,n007375,train,1
23861,n009046,n008804,train,1
23862,n000529,n000256,train,0
23863,n000716,n002126,train,1
23864,n009222,n008285,train,1
23865,n004769,n001762,train,1
23866,n005656,n003583,train,1
23867,n008838,n007824,train,0
23868,n008657,n003956,train,1
23869,n002597,n003326,train,1
23870,n007606,n003921,train,1
23871,n003640,n008173,train,1
23872,n003899,n003870,train,0
23873,n008764,n005985,train,1
23874,n003380,n009030,train,0
23875,n007901,n007661,train,1
23876,n009139,n004964,train,1
23877,n004998,n004485,train,1
23878,n006886,n008501,train,1
23879,n006324,n005966,train,1
23880,n006517,n008019,train,1
23881,n002691,n001448,train,1
23882,n000610,n002735,train,0
23883,n003966,n004130,train,1
23884,n007581,n002780,train,0
23885,n003845,n000023,train,1
23886,n003860,n004572,train,1
23887,n000193,n008575,train,0
23888,n002397,n005443,train,1
23889,n000514,n005934,train,1
23890,n007029,n004396,train,1
23891,n008527,n007413,train,1
23892,n000311,n005485,train,1
23893,n003912,n002692,train,1
23894,n007165,n006563,train,1
23895,n000223,n005471,train,0
23896,n000682,n001590,train,1
23897,n000647,n003308,train,1
23898,n007288,n002364,train,0
23899,n005682,n008506,train,1
23900,n006823,n005461,train,1
23901,n007921,n005499,train,0
23902,n009255,n008908,train,1
23903,n006576,n007977,train,0
23904,n008389,n002033,train,0
23905,n006400,n005043,train,1
23906,n005206,n002050,train,0
23907,n009140,n009217,train,1
23908,n005661,n000755,train,1
23909,n000713,n004060,train,1
23910,n004107,n002212,train,1
23911,n004028,n008604,train,1
23912,n005361,n001905,train,1
23913,n001879,n009162,train,1
23914,n008004,n008872,train,1
23915,n008406,n006448,train,1
23916,n005016,n002900,train,1
23917,n000872,n007940,train,1
23918,n008811,n006262,train,1
23919,n007507,n001105,train,1
23920,n008947,n002348,train,1
23921,n002856,n003055,train,1
23922,n005011,n006691,train,0
23923,n006836,n004321,train,1
23924,n007752,n000537,train,0
23925,n002923,n002423,train,1
23926,n002971,n000472,train,1
23927,n007277,n004670,train,1
23928,n004932,n007521,train,0
23929,n001471,n005782,train,1
23930,n004831,n004754,train,1
23931,n000691,n004590,train,1
23932,n008368,n005543,train,1
23933,n009053,n003341,train,1
23934,n006845,n002930,train,1
23935,n000697,n008669,train,1
23936,n000010,n007342,train,1
23937,n001280,n009167,train,1
23938,n002624,n004030,train,1
23939,n000485,n006575,train,1
23940,n007170,n007850,train,1
23941,n007480,n000321,train,1
23942,n006042,n006520,train,1
23943,n008657,n004344,train,0
23944,n000743,n004075,train,1
23945,n008156,n001352,train,0
23946,n007386,n000223,train,1
23947,n003326,n007731,train,0
23948,n001106,n003441,train,1
23949,n000986,n002338,train,0
23950,n005827,n007674,train,1
23951,n002921,n000286,train,1
23952,n003423,n005708,train,1
23953,n006205,n002955,train,1
23954,n003994,n001633,train,1
23955,n002890,n004035,train,1
23956,n008477,n004949,train,1
23957,n008751,n002519,train,0
23958,n005847,n003690,train,1
23959,n008764,n002070,train,1
23960,n002597,n001638,train,1
23961,n003139,n003312,train,1
23962,n000159,n002097,train,1
23963,n000418,n000447,train,1
23964,n006018,n007156,train,0
23965,n008304,n002336,train,1
23966,n009253,n006895,train,1
23967,n007769,n002653,train,0
23968,n007051,n006120,train,1
23969,n002545,n003921,train,1
23970,n001979,n007338,train,1
23971,n000833,n006009,train,1
23972,n007991,n008177,train,1
23973,n000512,n004881,train,1
23974,n004987,n001297,train,1
23975,n003924,n002594,train,1
23976,n004614,n001638,train,0
23977,n004773,n002633,train,0
23978,n008508,n005486,train,1
23979,n003858,n005241,train,0
23980,n008581,n003026,train,1
23981,n006443,n006636,train,1
23982,n006917,n003737,train,1
23983,n000697,n004888,train,1
23984,n009042,n004378,train,1
23985,n001891,n000387,train,1
23986,n008956,n007639,train,1
23987,n003832,n001696,train,1
23988,n002339,n000292,train,0
23989,n005369,n001347,train,1
23990,n006627,n006006,train,0
23991,n007607,n008844,train,1
23992,n003341,n002812,train,0
23993,n008318,n005190,train,0
23994,n000530,n000210,train,1
23995,n008336,n009257,train,1
23996,n008792,n005588,train,1
23997,n004467,n008368,train,1
23998,n007352,n009167,train,1
23999,n008088,n008884,train,0
24000,n003078,n003301,train,1
24001,n006618,n008755,train,1
24002,n002170,n004534,train,1
24003,n002739,n002001,train,0
24004,n008187,n002925,train,0
24005,n005810,n005566,train,1
24006,n002547,n000428,train,0
24007,n002097,n005909,train,1
24008,n008013,n003511,train,1
24009,n004012,n000220,train,1
24010,n000051,n003025,train,0
24011,n001356,n003045,train,1
24012,n000634,n004992,train,1
24013,n005908,n007522,train,1
24014,n003948,n003920,train,1
24015,n000209,n002923,train,1
24016,n003989,n002225,train,0
24017,n007792,n002477,train,0
24018,n000118,n007908,train,1
24019,n006709,n008349,train,1
24020,n003375,n000576,train,1
24021,n002825,n003720,train,1
24022,n006501,n004232,train,1
24023,n002618,n006078,train,1
24024,n006864,n006070,train,0
24025,n006756,n007054,train,1
24026,n005469,n008556,train,1
24027,n008808,n007795,train,1
24028,n004480,n003302,train,1
24029,n003283,n007944,train,1
24030,n003331,n006198,train,0
24031,n004485,n008472,train,0
24032,n004912,n001143,train,1
24033,n007626,n003945,train,1
24034,n004594,n006972,train,0
24035,n008380,n008808,train,1
24036,n002989,n007255,train,1
24037,n000885,n000716,train,1
24038,n000277,n000375,train,1
24039,n001229,n004890,train,1
24040,n007501,n006856,train,1
24041,n002665,n006630,train,1
24042,n006261,n000045,train,1
24043,n006900,n003849,train,1
24044,n008366,n006601,train,1
24045,n007824,n000910,train,0
24046,n009077,n003026,train,1
24047,n004810,n000068,train,1
24048,n004052,n003862,train,1
24049,n002386,n002970,train,1
24050,n006866,n006305,train,1
24051,n005705,n002841,train,1
24052,n001389,n000193,train,1
24053,n008372,n008649,train,0
24054,n005538,n006640,train,1
24055,n006428,n000519,train,0
24056,n001557,n002592,train,1
24057,n008182,n006862,train,1
24058,n007968,n007704,train,1
24059,n002174,n008787,train,1
24060,n003679,n008368,train,1
24061,n006777,n008864,train,1
24062,n001784,n002328,train,1
24063,n008902,n009057,train,1
24064,n007393,n008257,train,1
24065,n007589,n005938,train,1
24066,n002489,n004253,train,1
24067,n003548,n004546,train,1
24068,n003295,n002973,train,1
24069,n008289,n000896,train,0
24070,n005324,n006222,train,1
24071,n000867,n006637,train,1
24072,n004222,n000699,train,1
24073,n003641,n004970,train,0
24074,n003624,n003808,train,1
24075,n009162,n008071,train,1
24076,n003543,n005067,train,0
24077,n007295,n000466,train,1
24078,n001551,n001403,train,1
24079,n006360,n001308,train,1
24080,n007589,n000920,train,1
24081,n000510,n003505,train,1
24082,n006330,n007435,train,1
24083,n008956,n009036,train,1
24084,n007908,n006717,train,1
24085,n000462,n004409,train,1
24086,n005850,n008774,train,1
24087,n003522,n003065,train,1
0,n007410,n002027,test,
1,n001275,n003713,test,
2,n009163,n002148,test,
3,n006469,n005341,test,
4,n007826,n004827,test,
5,n001134,n007981,test,
6,n008520,n003211,test,
7,n006043,n008243,test,
8,n006835,n003402,test,
9,n004061,n007670,test,
10,n003211,n003484,test,
11,n002349,n002420,test,
12,n007395,n005398,test,
13,n001671,n007742,test,
14,n005936,n000395,test,
15,n007289,n009037,test,
16,n005712,n003126,test,
17,n005366,n004105,test,
18,n003378,n005033,test,
19,n006916,n003957,test,
20,n001805,n001999,test,
21,n004934,n006591,test,
22,n000974,n000555,test,
23,n007388,n003191,test,
24,n008982,n000314,test,
25,n007323,n004119,test,
26,n006685,n005092,test,
27,n003373,n007142,test,
28,n001526,n001016,test,
29,n005671,n006033,test,
30,n003090,n001134,test,
31,n008146,n005540,test,
32,n002689,n006642,test,
33,n003080,n005812,test,
34,n002929,n000756,test,
35,n001711,n001902,test,
36,n002557,n007197,test,
37,n001887,n002737,test,
38,n004404,n006607,test,
39,n000588,n000759,test,
40,n003512,n008002,test,
41,n007553,n003198,test,
42,n001520,n005704,test,
43,n004183,n006684,test,
44,n004852,n007657,test,
45,n006220,n005481,test,
46,n004483,n001742,test,
47,n007376,n007455,test,
48,n000222,n007088,test,
49,n003615,n000453,test,
50,n006696,n000316,test,
51,n001319,n000506,test,
52,n006354,n003652,test,
53,n005258,n002175,test,
54,n000559,n001744,test,
55,n001887,n001826,test,
56,n005712,n007091,test,
57,n001440,n002204,test,
58,n003306,n004908,test,
59,n000680,n000974,test,
60,n004209,n000911,test,
61,n005224,n005704,test,
62,n003829,n004649,test,
63,n000402,n001583,test,
64,n002270,n000577,test,
65,n004747,n009110,test,
66,n005008,n007592,test,
67,n006250,n007754,test,
68,n004473,n002657,test,
69,n007289,n006916,test,
70,n002512,n005027,test,
71,n005601,n007259,test,
72,n001600,n004559,test,
73,n006029,n006231,test,
74,n007336,n000911,test,
75,n004950,n004362,test,
76,n002204,n001815,test,
77,n007846,n003204,test,
78,n004761,n000079,test,
79,n003900,n003080,test,
80,n000700,n001455,test,
81,n001842,n000844,test,
82,n007624,n006113,test,
83,n005378,n001949,test,
84,n001852,n000794,test,
85,n000703,n009145,test,
86,n006181,n000993,test,
87,n007681,n008780,test,
88,n007962,n004151,test,
89,n000087,n005605,test,
90,n001208,n003102,test,
91,n000222,n002003,test,
92,n001737,n007618,test,
93,n000071,n003773,test,
94,n004649,n003015,test,
95,n006250,n000645,test,
96,n005842,n002415,test,
97,n001142,n008855,test,
98,n000416,n006399,test,
99,n001675,n003633,test,
100,n002454,n002077,test,
101,n004119,n007382,test,
102,n001279,n000271,test,
103,n002975,n007754,test,
104,n009110,n004880,test,
105,n005382,n007629,test,
106,n009190,n008444,test,
107,n003235,n001307,test,
108,n006526,n001707,test,
109,n004636,n002834,test,
110,n006318,n000698,test,
111,n001235,n007690,test,
112,n002085,n002981,test,
113,n005054,n000816,test,
114,n008815,n008780,test,
115,n008793,n003063,test,
116,n001300,n001536,test,
117,n007736,n008563,test,
118,n006039,n002826,test,
119,n001504,n002331,test,
120,n003523,n002623,test,
121,n004529,n000087,test,
122,n008936,n006960,test,
123,n003339,n005325,test,
124,n001079,n005865,test,
125,n001038,n003306,test,
126,n000460,n005775,test,
127,n001391,n004674,test,
128,n001096,n005327,test,
129,n006217,n004710,test,
130,n001550,n007800,test,
131,n007000,n003831,test,
132,n008919,n004991,test,
133,n005007,n007838,test,
134,n003080,n001325,test,
135,n003957,n006476,test,
136,n006117,n007179,test,
137,n007926,n007064,test,
138,n001515,n000135,test,
139,n001949,n002275,test,
140,n002563,n006570,test,
141,n008819,n007983,test,
142,n006800,n003712,test,
143,n006227,n008066,test,
144,n000718,n002754,test,
145,n004119,n004455,test,
146,n001534,n008502,test,
147,n007197,n006997,test,
148,n002613,n008278,test,
149,n004720,n004808,test,
150,n003684,n006220,test,
151,n008107,n004466,test,
152,n005822,n006063,test,
153,n003609,n006403,test,
154,n000671,n007142,test,
155,n000760,n006809,test,
156,n002315,n006271,test,
157,n005775,n007962,test,
158,n005375,n008677,test,
159,n006918,n000937,test,
160,n002606,n001821,test,
161,n001052,n004214,test,
162,n001323,n008690,test,
163,n000044,n007746,test,
164,n003960,n006588,test,
165,n001134,n001221,test,
166,n006593,n009153,test,
167,n004926,n002148,test,
168,n000103,n001742,test,
169,n007471,n007486,test,
170,n003489,n006399,test,
171,n005285,n004965,test,
172,n003339,n000720,test,
173,n004566,n004504,test,
174,n006498,n003484,test,
175,n003198,n000495,test,
176,n008750,n006406,test,
177,n004236,n006692,test,
178,n007624,n000991,test,
179,n001709,n001290,test,
180,n005060,n007893,test,
181,n002551,n002298,test,
182,n000335,n003811,test,
183,n003573,n004872,test,
184,n006600,n003191,test,
185,n008632,n006522,test,
186,n006152,n003732,test,
187,n007566,n003884,test,
188,n003409,n002011,test,
189,n003019,n000096,test,
190,n006351,n006331,test,
191,n008134,n001583,test,
192,n005052,n009138,test,
193,n004287,n002420,test,
194,n005935,n007545,test,
195,n003466,n000067,test,
196,n005976,n007126,test,
197,n008280,n003791,test,
198,n008965,n003225,test,
199,n006787,n007312,test,
200,n001275,n007827,test,
201,n000084,n004003,test,
202,n007061,n007696,test,
203,n005999,n006152,test,
204,n003432,n003727,test,
205,n003006,n006824,test,
206,n003512,n002998,test,
207,n003035,n000121,test,
208,n001323,n001560,test,
209,n001212,n006137,test,
210,n007998,n007884,test,
211,n005052,n003608,test,
212,n001391,n002929,test,
213,n003344,n005659,test,
214,n007443,n003857,test,
215,n002613,n006469,test,
216,n007742,n006469,test,
217,n004339,n003402,test,
218,n003453,n002316,test,
219,n007840,n003492,test,
220,n003708,n004191,test,
221,n002077,n005595,test,
222,n007526,n000517,test,
223,n008680,n006084,test,
224,n007312,n002798,test,
225,n003905,n005304,test,
226,n004880,n009238,test,
227,n003960,n002842,test,
228,n002072,n008712,test,
229,n001361,n004965,test,
230,n008666,n001861,test,
231,n004181,n004659,test,
232,n008960,n008741,test,
233,n004654,n004852,test,
234,n007953,n006268,test,
235,n008638,n004641,test,
236,n006349,n007800,test,
237,n007222,n005378,test,
238,n007696,n003576,test,
239,n001540,n007362,test,
240,n007376,n009110,test,
241,n002666,n002781,test,
242,n007370,n007772,test,
243,n000359,n006453,test,
244,n008641,n003596,test,
245,n008734,n006704,test,
246,n008354,n005133,test,
247,n006513,n004212,test,
248,n003204,n003965,test,
249,n001233,n002134,test,
250,n008328,n005644,test,
251,n003250,n004790,test,
252,n006507,n000175,test,
253,n005715,n006332,test,
254,n003182,n001999,test,
255,n007782,n004688,test,
256,n003680,n007707,test,
257,n004142,n008316,test,
258,n008911,n007637,test,
259,n006000,n004747,test,
260,n007454,n008734,test,
261,n004544,n008607,test,
262,n005952,n008439,test,
263,n006854,n005544,test,
264,n008834,n001873,test,
265,n003539,n003238,test,
266,n007225,n001951,test,
267,n000794,n007197,test,
268,n007125,n009089,test,
269,n004345,n003479,test,
270,n008408,n006381,test,
271,n005716,n005594,test,
272,n003905,n003056,test,
273,n005681,n001325,test,
274,n003596,n002886,test,
275,n002183,n006033,test,
276,n001926,n005537,test,
277,n002204,n007399,test,
278,n006024,n006910,test,
279,n006124,n000017,test,
280,n009216,n002754,test,
281,n008817,n008938,test,
282,n001748,n000386,test,
283,n008352,n002617,test,
284,n003664,n007917,test,
285,n006596,n008043,test,
286,n007231,n001582,test,
287,n002405,n000192,test,
288,n008647,n004952,test,
289,n007828,n006600,test,
290,n005775,n006613,test,
291,n000328,n004518,test,
292,n006577,n003902,test,
293,n005855,n002576,test,
294,n000276,n004558,test,
295,n002320,n003970,test,
296,n001555,n002222,test,
297,n008623,n005595,test,
298,n007092,n001989,test,
299,n005634,n003250,test,
300,n002171,n004927,test,
301,n004636,n005378,test,
302,n005567,n002762,test,
303,n004287,n008192,test,
304,n004504,n004598,test,
305,n002171,n004069,test,
306,n001431,n006220,test,
307,n000935,n001361,test,
308,n007707,n004345,test,
309,n002076,n007938,test,
310,n004781,n001093,test,
311,n006113,n002085,test,
312,n005949,n005268,test,
313,n007771,n005009,test,
314,n003059,n006294,test,
315,n001339,n000777,test,
316,n009089,n000416,test,
317,n001559,n007472,test,
318,n002017,n005141,test,
319,n006131,n000219,test,
320,n006473,n003028,test,
321,n004074,n004531,test,
322,n006557,n002075,test,
323,n003811,n007098,test,
324,n001039,n002787,test,
325,n007202,n007601,test,
326,n005649,n006271,test,
327,n007362,n005218,test,
328,n001323,n001703,test,
329,n001534,n001440,test,
330,n008993,n000991,test,
331,n002368,n004908,test,
332,n006541,n008949,test,
333,n006608,n002689,test,
334,n008059,n005076,test,
335,n001550,n002054,test,
336,n005325,n002804,test,
337,n007341,n005567,test,
338,n001094,n004598,test,
339,n003684,n007867,test,
340,n002400,n005704,test,
341,n000070,n001835,test,
342,n007583,n003615,test,
343,n006499,n001643,test,
344,n006577,n003601,test,
345,n007782,n003887,test,
346,n000640,n002055,test,
347,n006228,n001265,test,
348,n009096,n001693,test,
349,n006906,n005315,test,
350,n002004,n002804,test,
351,n007801,n005127,test,
352,n008638,n008481,test,
353,n002178,n001455,test,
354,n008537,n002410,test,
355,n003177,n004170,test,
356,n004347,n001972,test,
357,n003514,n007827,test,
358,n004706,n005494,test,
359,n004483,n007736,test,
360,n000645,n006288,test,
361,n007107,n000948,test,
362,n008960,n005315,test,
363,n009259,n006337,test,
364,n006480,n004990,test,
365,n003975,n008570,test,
366,n005822,n005384,test,
367,n008742,n005089,test,
368,n006122,n007889,test,
369,n003919,n002858,test,
370,n003219,n001102,test,
371,n003719,n001883,test,
372,n001327,n006337,test,
373,n003250,n001852,test,
374,n003174,n001842,test,
375,n001580,n001261,test,
376,n007213,n005843,test,
377,n005616,n006181,test,
378,n006291,n006961,test,
379,n007344,n009163,test,
380,n004706,n002051,test,
381,n004536,n005634,test,
382,n003445,n000983,test,
383,n007806,n005596,test,
384,n006507,n004018,test,
385,n009164,n008163,test,
386,n005431,n001030,test,
387,n007983,n007826,test,
388,n005733,n006795,test,
389,n007187,n000494,test,
390,n007388,n003438,test,
391,n007302,n006589,test,
392,n004598,n003446,test,
393,n004641,n008638,test,
394,n009227,n001835,test,
395,n001514,n008847,test,
396,n005075,n008041,test,
397,n000313,n000135,test,
398,n003998,n004651,test,
399,n007926,n008233,test,
400,n003339,n007469,test,
401,n002350,n009184,test,
402,n008146,n004816,test,
403,n002160,n002076,test,
404,n005382,n004544,test,
405,n002387,n000365,test,
406,n001534,n001604,test,
407,n006004,n007067,test,
408,n009230,n008698,test,
409,n003243,n004291,test,
410,n008233,n006758,test,
411,n006220,n003648,test,
412,n001235,n001374,test,
413,n003975,n005268,test,
414,n004290,n009192,test,
415,n005741,n006752,test,
416,n005905,n001534,test,
417,n004598,n006038,test,
418,n006800,n001214,test,
419,n007579,n008919,test,
420,n003231,n001668,test,
421,n001544,n001003,test,
422,n008201,n006558,test,
423,n002003,n009149,test,
424,n006641,n001504,test,
425,n004062,n008061,test,
426,n000794,n008054,test,
427,n008826,n003485,test,
428,n005224,n005342,test,
429,n002185,n001729,test,
430,n007913,n001455,test,
431,n000769,n008284,test,
432,n008739,n006790,test,
433,n009247,n000550,test,
434,n000577,n003701,test,
435,n002829,n001870,test,
436,n005171,n000164,test,
437,n003874,n007758,test,
438,n005398,n003030,test,
439,n002403,n004615,test,
440,n000703,n008041,test,
441,n006486,n004640,test,
442,n000083,n001441,test,
443,n005210,n007461,test,
444,n008780,n002551,test,
445,n006220,n002606,test,
446,n003680,n006953,test,
447,n005207,n006624,test,
448,n008648,n006089,test,
449,n001555,n000484,test,
450,n008481,n004648,test,
451,n004143,n005366,test,
452,n009074,n008835,test,
453,n004937,n002003,test,
454,n008302,n003944,test,
455,n001333,n001201,test,
456,n002657,n005024,test,
457,n007771,n006380,test,
458,n009179,n003327,test,
459,n006271,n000666,test,
460,n004016,n006878,test,
461,n003534,n008298,test,
462,n009068,n000320,test,
463,n005227,n004566,test,
464,n008134,n004991,test,
465,n007746,n007980,test,
466,n009096,n000577,test,
467,n000484,n002020,test,
468,n005857,n006033,test,
469,n006790,n006951,test,
470,n004575,n002904,test,
471,n008428,n007336,test,
472,n002536,n007760,test,
473,n002320,n002012,test,
474,n008919,n002027,test,
475,n007670,n001887,test,
476,n005075,n002712,test,
477,n009251,n007807,test,
478,n008249,n001258,test,
479,n001036,n007233,test,
480,n005983,n002272,test,
481,n007511,n004935,test,
482,n003343,n000901,test,
483,n003777,n002340,test,
484,n002573,n003193,test,
485,n002776,n009021,test,
486,n004566,n002062,test,
487,n006376,n001748,test,
488,n000103,n008434,test,
489,n003485,n002359,test,
490,n004016,n007289,test,
491,n007809,n004347,test,
492,n008246,n004937,test,
493,n005945,n008517,test,
494,n006388,n000004,test,
495,n003182,n000979,test,
496,n003067,n000568,test,
497,n008638,n007259,test,
498,n004529,n007801,test,
499,n008024,n004212,test,
500,n004341,n002160,test,
501,n000079,n003391,test,
502,n002606,n003439,test,
503,n006476,n003244,test,
504,n002582,n006918,test,
505,n009110,n006139,test,
506,n001958,n006728,test,
507,n007707,n001967,test,
508,n005936,n002602,test,
509,n006882,n005528,test,
510,n002536,n006624,test,
511,n009227,n003987,test,
512,n003235,n000563,test,
513,n003121,n002183,test,
514,n004177,n007214,test,
515,n008938,n000017,test,
516,n001152,n008960,test,
517,n001545,n005022,test,
518,n005812,n008408,test,
519,n009120,n002790,test,
520,n006969,n001265,test,
521,n000701,n005797,test,
522,n000553,n007455,test,
523,n006406,n007471,test,
524,n007461,n003878,test,
525,n001213,n007131,test,
526,n000121,n006650,test,
527,n004651,n008107,test,
528,n009239,n000478,test,
529,n003919,n005906,test,
530,n008648,n005865,test,
531,n001813,n006898,test,
532,n001673,n006764,test,
533,n005950,n004901,test,
534,n005170,n003694,test,
535,n001671,n007806,test,
536,n004966,n001504,test,
537,n001327,n007830,test,
538,n006358,n003772,test,
539,n002315,n008642,test,
540,n006499,n009202,test,
541,n004523,n006415,test,
542,n006363,n001931,test,
543,n006294,n008153,test,
544,n001472,n007224,test,
545,n004821,n007469,test,
546,n004142,n000583,test,
547,n000741,n002185,test,
548,n000944,n007197,test,
549,n002509,n007532,test,
550,n007107,n003063,test,
551,n004612,n004734,test,
552,n006000,n004003,test,
553,n003539,n008955,test,
554,n008542,n003842,test,
555,n003328,n007690,test,
556,n003609,n004121,test,
557,n003938,n005033,test,
558,n006955,n000759,test,
559,n000698,n005058,test,
560,n000645,n007846,test,
561,n001241,n005775,test,
562,n007569,n007729,test,
563,n003181,n003791,test,
564,n009120,n002129,test,
565,n006231,n009238,test,
566,n009179,n001871,test,
567,n000271,n006363,test,
568,n006480,n005736,test,
569,n001428,n004435,test,
570,n000700,n008720,test,
571,n001223,n005853,test,
572,n007259,n006588,test,
573,n002046,n008054,test,
574,n008938,n004808,test,
575,n003500,n002657,test,
576,n001391,n003224,test,
577,n008354,n003409,test,
578,n006641,n009248,test,
579,n008647,n006043,test,
580,n003965,n007696,test,
581,n007203,n004791,test,
582,n002907,n005906,test,
583,n001559,n006684,test,
584,n005384,n006591,test,
585,n008586,n000002,test,
586,n003562,n006641,test,
587,n007224,n003512,test,
588,n008960,n002184,test,
589,n004607,n005008,test,
590,n006699,n008535,test,
591,n000395,n002666,test,
592,n000773,n006643,test,
593,n001102,n005398,test,
594,n007583,n002842,test,
595,n007461,n004386,test,
596,n005849,n003868,test,
597,n001096,n007020,test,
598,n006401,n005127,test,
599,n009171,n008425,test,
600,n006298,n002994,test,
601,n006101,n004814,test,
602,n009223,n001835,test,
603,n008688,n005476,test,
604,n008840,n001351,test,
605,n000243,n005033,test,
606,n007569,n008680,test,
607,n003500,n007396,test,
608,n007067,n003264,test,
609,n007336,n005291,test,
610,n007461,n003378,test,
611,n003006,n005141,test,
612,n004821,n000331,test,
613,n003523,n009110,test,
614,n003199,n003596,test,
615,n001387,n004076,test,
616,n003759,n004606,test,
617,n006641,n007656,test,
618,n004415,n002816,test,
619,n005281,n005075,test,
620,n002726,n002602,test,
621,n008945,n005014,test,
622,n009227,n004554,test,
623,n001604,n002512,test,
624,n007893,n004990,test,
625,n005515,n001673,test,
626,n006596,n000551,test,
627,n003153,n008840,test,
628,n007879,n002704,test,
629,n002415,n003939,test,
630,n004473,n007695,test,
631,n004156,n004446,test,
632,n003626,n005539,test,
633,n009219,n008632,test,
634,n000313,n000992,test,
635,n007889,n003884,test,
636,n007728,n000110,test,
637,n007553,n003198,test,
638,n006005,n007743,test,
639,n001676,n003734,test,
640,n006906,n000983,test,
641,n002310,n005348,test,
642,n001555,n006000,test,
643,n005315,n005339,test,
644,n005332,n003151,test,
645,n005658,n005296,test,
646,n004302,n001427,test,
647,n001048,n008384,test,
648,n003919,n003975,test,
649,n002748,n002012,test,
650,n008579,n003604,test,
651,n007197,n002464,test,
652,n003576,n006545,test,
653,n001223,n000098,test,
654,n001258,n003177,test,
655,n000494,n003689,test,
656,n002134,n000911,test,
657,n001676,n004490,test,
658,n006910,n004077,test,
659,n008951,n004860,test,
660,n000868,n006951,test,
661,n004653,n005634,test,
662,n004512,n002346,test,
663,n003977,n003884,test,
664,n000583,n004016,test,
665,n001892,n007683,test,
666,n008739,n005481,test,
667,n002111,n005202,test,
668,n003992,n002196,test,
669,n002011,n007729,test,
670,n003694,n004640,test,
671,n007362,n000588,test,
672,n008428,n006642,test,
673,n003125,n002998,test,
674,n005492,n007946,test,
675,n008780,n008494,test,
676,n005258,n002018,test,
677,n003591,n003694,test,
678,n001400,n000044,test,
679,n000794,n006607,test,
680,n007467,n009138,test,
681,n007483,n003006,test,
682,n006512,n005038,test,
683,n001436,n004341,test,
684,n000494,n008642,test,
685,n005865,n004956,test,
686,n004869,n001717,test,
687,n006591,n007197,test,
688,n008690,n000993,test,
689,n001790,n001893,test,
690,n003231,n006498,test,
691,n008224,n005595,test,
692,n003063,n008201,test,
693,n002527,n007268,test,
694,n007572,n003519,test,
695,n001223,n005575,test,
696,n004781,n000670,test,
697,n001288,n008098,test,
698,n001222,n008641,test,
699,n000473,n006595,test,
700,n006684,n002272,test,
701,n005634,n003063,test,
702,n001839,n009149,test,
703,n003378,n003905,test,
704,n001887,n000069,test,
705,n008938,n001048,test,
706,n007848,n004076,test,
707,n002192,n001123,test,
708,n006902,n001886,test,
709,n004877,n003103,test,
710,n007711,n005531,test,
711,n003467,n003439,test,
712,n003177,n000653,test,
713,n003829,n005109,test,
714,n000992,n003080,test,
715,n002638,n003019,test,
716,n000551,n004194,test,
717,n009205,n000451,test,
718,n000732,n003174,test,
719,n008945,n006902,test,
720,n008831,n000314,test,
721,n008809,n006406,test,
722,n004493,n003512,test,
723,n005595,n008911,test,
724,n000794,n006352,test,
725,n005728,n003344,test,
726,n005420,n004990,test,
727,n008639,n000071,test,
728,n006033,n008041,test,
729,n002907,n006696,test,
730,n005931,n007742,test,
731,n007917,n000852,test,
732,n000175,n003500,test,
733,n008340,n005331,test,
734,n000216,n003485,test,
735,n002661,n005202,test,
736,n004420,n006685,test,
737,n004404,n001052,test,
738,n007033,n004907,test,
739,n000979,n004008,test,
740,n003863,n007395,test,
741,n003138,n001673,test,
742,n008481,n001614,test,
743,n002816,n005339,test,
744,n001906,n007624,test,
745,n008240,n007232,test,
746,n006498,n006607,test,
747,n006280,n005949,test,
748,n001096,n000115,test,
749,n000163,n001542,test,
750,n002829,n001826,test,
751,n008411,n001251,test,
752,n009192,n007770,test,
753,n001504,n007544,test,
754,n003617,n007802,test,
755,n005704,n009068,test,
756,n008070,n005171,test,
757,n001988,n005749,test,
758,n005291,n009120,test,
759,n009234,n008201,test,
760,n008399,n001825,test,
761,n002277,n000666,test,
762,n007926,n004329,test,
763,n008494,n001693,test,
764,n007583,n007740,test,
765,n001560,n002405,test,
766,n005535,n004479,test,
767,n003019,n006228,test,
768,n004094,n008012,test,
769,n000732,n008758,test,
770,n001536,n006600,test,
771,n007681,n003516,test,
772,n007809,n005761,test,
773,n006043,n008188,test,
774,n001500,n002003,test,
775,n002661,n002981,test,
776,n001222,n001214,test,
777,n004343,n000640,test,
778,n001967,n005659,test,
779,n009146,n005716,test,
780,n002253,n004116,test,
781,n000216,n006947,test,
782,n005203,n004938,test,
783,n005341,n001560,test,
784,n005901,n002935,test,
785,n000550,n001241,test,
786,n003666,n007838,test,
787,n005415,n006620,test,
788,n006040,n007743,test,
789,n000115,n004838,test,
790,n006089,n000793,test,
791,n001831,n006968,test,
792,n005931,n003181,test,
793,n005218,n008146,test,
794,n005927,n000392,test,
795,n001906,n002811,test,
796,n002133,n001233,test,
797,n002231,n008296,test,
798,n006358,n007629,test,
799,n007000,n002958,test,
800,n006228,n008830,test,
801,n003260,n005501,test,
802,n007838,n005106,test,
803,n003713,n007705,test,
804,n003684,n002994,test,
805,n004688,n000494,test,
806,n003257,n003617,test,
807,n001671,n008579,test,
808,n007362,n000553,test,
809,n003673,n006569,test,
810,n002072,n005761,test,
811,n006882,n002528,test,
812,n004786,n000449,test,
813,n001580,n000197,test,
814,n003831,n004249,test,
815,n007235,n002315,test,
816,n001646,n006754,test,
817,n002886,n002765,test,
818,n006195,n000789,test,
819,n005398,n004166,test,
820,n000769,n008284,test,
821,n007461,n002510,test,
822,n008492,n003992,test,
823,n008855,n003773,test,
824,n005008,n003329,test,
825,n002004,n001374,test,
826,n007800,n001007,test,
827,n003151,n008666,test,
828,n004814,n002330,test,
829,n005056,n003757,test,
830,n000966,n000449,test,
831,n001864,n007884,test,
832,n009227,n003357,test,
833,n005476,n003694,test,
834,n003042,n006704,test,
835,n004629,n004781,test,
836,n004901,n008278,test,
837,n008564,n003652,test,
838,n003260,n002722,test,
839,n003117,n005375,test,
840,n004937,n001748,test,
841,n003588,n006762,test,
842,n002484,n001643,test,
843,n004648,n003596,test,
844,n002254,n007790,test,
845,n007790,n002454,test,
846,n005385,n006744,test,
847,n007771,n003059,test,
848,n001949,n006397,test,
849,n004094,n000469,test,
850,n007405,n007456,test,
851,n001152,n003114,test,
852,n005797,n005224,test,
853,n007586,n003191,test,
854,n002296,n004271,test,
855,n007388,n000494,test,
856,n002051,n002509,test,
857,n001620,n002834,test,
858,n008154,n002858,test,
859,n008189,n001178,test,
860,n004674,n002231,test,
861,n004249,n004446,test,
862,n009089,n000771,test,
863,n003369,n006152,test,
864,n004940,n008136,test,
865,n000876,n001124,test,
866,n001711,n000852,test,
867,n006486,n007486,test,
868,n008715,n001339,test,
869,n000844,n003125,test,
870,n005325,n001201,test,
871,n003114,n003464,test,
872,n005224,n006331,test,
873,n002694,n008316,test,
874,n002858,n008247,test,
875,n000453,n008190,test,
876,n004194,n003056,test,
877,n006603,n005999,test,
878,n004450,n002387,test,
879,n005701,n001261,test,
880,n006556,n007004,test,
881,n006453,n008384,test,
882,n006113,n003587,test,
883,n006024,n007120,test,
884,n000135,n000231,test,
885,n007670,n003719,test,
886,n003666,n001440,test,
887,n006499,n000323,test,
888,n006195,n007946,test,
889,n006890,n008780,test,
890,n006731,n000931,test,
891,n000457,n004352,test,
892,n002787,n006699,test,
893,n008546,n006040,test,
894,n006453,n008809,test,
895,n008951,n001261,test,
896,n001870,n005704,test,
897,n000473,n005874,test,
898,n005447,n007867,test,
899,n000314,n008529,test,
900,n000750,n007508,test,
901,n005945,n001534,test,
902,n001367,n001958,test,
903,n003443,n003666,test,
904,n003608,n009264,test,
905,n006114,n005281,test,
906,n003868,n008439,test,
907,n008475,n005949,test,
908,n003330,n007187,test,
909,n000993,n001275,test,
910,n005161,n004907,test,
911,n005415,n001004,test,
912,n007970,n001203,test,
913,n003664,n006787,test,
914,n003042,n000169,test,
915,n001093,n004404,test,
916,n008911,n004906,test,
917,n007396,n004821,test,
918,n008835,n002858,test,
919,n000268,n008224,test,
920,n006645,n001985,test,
921,n008171,n001213,test,
922,n006363,n001004,test,
923,n004191,n004352,test,
924,n004420,n006181,test,
925,n003829,n000355,test,
926,n004692,n009137,test,
927,n002829,n000242,test,
928,n005601,n003182,test,
929,n001251,n004650,test,
930,n000993,n006005,test,
931,n003995,n006366,test,
932,n006499,n003003,test,
933,n008542,n006874,test,
934,n000935,n001668,test,
935,n008481,n007197,test,
936,n007962,n009096,test,
937,n004955,n000085,test,
938,n002528,n005989,test,
939,n000231,n007913,test,
940,n005971,n000555,test,
941,n004231,n003467,test,
942,n007131,n006556,test,
943,n008447,n000741,test,
944,n004386,n001737,test,
945,n002865,n000593,test,
946,n009205,n003998,test,
947,n002032,n004839,test,
948,n007020,n002468,test,
949,n002077,n003680,test,
950,n006388,n000991,test,
951,n005826,n006138,test,
952,n006203,n006613,test,
953,n007396,n001344,test,
954,n007544,n005906,test,
955,n004317,n006337,test,
956,n002790,n001424,test,
957,n003306,n004268,test,
958,n006955,n005568,test,
959,n001561,n009190,test,
960,n008698,n000357,test,
961,n003519,n001039,test,
962,n000681,n004877,test,
963,n007396,n001177,test,
964,n006200,n005979,test,
965,n005038,n001902,test,
966,n004922,n006603,test,
967,n009037,n006473,test,
968,n004965,n001542,test,
969,n000781,n002790,test,
970,n007601,n000794,test,
971,n000645,n002522,test,
972,n000110,n002160,test,
973,n003604,n005270,test,
974,n009074,n007033,test,
975,n001016,n008819,test,
976,n008307,n008670,test,
977,n002798,n008306,test,
978,n003238,n002204,test,
979,n003066,n007233,test,
980,n008186,n002776,test,
981,n004018,n009158,test,
982,n001924,n006003,test,
983,n009238,n000632,test,
984,n004816,n000720,test,
985,n005596,n000901,test,
986,n001500,n003887,test,
987,n006744,n002340,test,
988,n000555,n006781,test,
989,n009095,n004506,test,
990,n007336,n000974,test,
991,n004018,n007583,test,
992,n001472,n001290,test,
993,n005540,n000807,test,
994,n000502,n004735,test,
995,n009138,n003287,test,
996,n003719,n004194,test,
997,n000359,n006214,test,
998,n003783,n004473,test,
999,n008816,n005178,test,
1000,n002222,n009146,test,
1001,n003364,n003553,test,
1002,n004839,n007758,test,
1003,n001639,n007830,test,
1004,n003313,n003712,test,
1005,n007670,n005976,test,
1006,n002359,n003500,test,
1007,n008306,n008826,test,
1008,n006795,n009089,test,
1009,n007809,n008984,test,
1010,n003371,n007510,test,
1011,n000632,n000773,test,
1012,n008152,n003677,test,
1013,n008154,n007544,test,
1014,n001424,n001504,test,
1015,n004991,n005890,test,
1016,n002350,n005292,test,
1017,n000218,n005239,test,
1018,n007004,n000773,test,
1019,n004747,n004613,test,
1020,n002694,n002712,test,
1021,n002008,n004827,test,
1022,n003692,n006280,test,
1023,n009231,n007770,test,
1024,n000720,n001673,test,
1025,n007114,n001880,test,
1026,n006997,n001097,test,
1027,n004362,n006911,test,
1028,n006570,n004869,test,
1029,n003432,n000160,test,
1030,n001366,n001504,test,
1031,n009136,n001112,test,
1032,n005239,n002113,test,
1033,n007222,n004939,test,
1034,n008793,n006251,test,
1035,n000002,n000545,test,
1036,n007323,n008171,test,
1037,n007642,n000386,test,
1038,n000241,n005535,test,
1039,n003942,n006498,test,
1040,n005655,n008236,test,
1041,n004847,n005927,test,
1042,n005531,n005130,test,
1043,n004427,n006480,test,
1044,n008847,n005291,test,
1045,n006202,n003019,test,
1046,n001208,n002405,test,
1047,n003231,n007242,test,
1048,n000079,n007544,test,
1049,n007846,n007696,test,
1050,n003751,n006553,test,
1051,n004478,n004270,test,
1052,n003366,n007396,test,
1053,n001883,n001030,test,
1054,n001583,n008246,test,
1055,n005826,n001988,test,
1056,n002371,n007088,test,
1057,n002737,n003306,test,
1058,n004209,n007399,test,
1059,n005161,n008586,test,
1060,n008345,n005424,test,
1061,n001307,n008826,test,
1062,n007998,n005484,test,
1063,n006768,n000593,test,
1064,n006354,n001729,test,
1065,n006203,n008354,test,
1066,n003250,n005826,test,
1067,n003734,n000071,test,
1068,n000718,n000816,test,
1069,n004539,n002994,test,
1070,n001388,n007483,test,
1071,n004827,n001876,test,
1072,n004395,n008058,test,
1073,n006291,n009220,test,
1074,n008734,n007586,test,
1075,n006985,n001375,test,
1076,n007111,n005949,test,
1077,n006077,n003939,test,
1078,n001047,n002368,test,
1079,n000693,n008068,test,
1080,n006589,n003438,test,
1081,n003712,n008642,test,
1082,n005971,n000991,test,
1083,n001251,n008690,test,
1084,n004559,n003492,test,
1085,n003919,n009081,test,
1086,n001455,n003636,test,
1087,n005060,n004659,test,
1088,n003942,n004605,test,
1089,n003957,n003650,test,
1090,n008975,n000966,test,
1091,n005575,n009216,test,
1092,n008455,n007801,test,
1093,n002198,n008683,test,
1094,n000671,n004688,test,
1095,n007746,n004181,test,
1096,n006570,n005882,test,
1097,n000992,n007235,test,
1098,n004058,n000008,test,
1099,n000901,n007781,test,
1100,n003998,n004121,test,
1101,n003944,n002694,test,
1102,n001668,n006084,test,
1103,n003650,n006297,test,
1104,n003266,n007782,test,
1105,n008819,n006029,test,
1106,n004427,n006600,test,
1107,n000598,n005419,test,
1108,n005567,n008945,test,
1109,n000451,n000453,test,
1110,n001044,n004939,test,
1111,n003971,n007126,test,
1112,n004386,n003028,test,
1113,n001076,n000693,test,
1114,n007225,n005761,test,
1115,n007754,n000565,test,
1116,n003177,n008866,test,
1117,n000816,n003250,test,
1118,n003863,n003181,test,
1119,n006643,n002913,test,
1120,n006795,n003601,test,
1121,n006369,n003485,test,
1122,n004735,n008316,test,
1123,n006960,n007683,test,
1124,n003633,n001431,test,
1125,n003739,n005957,test,
1126,n002296,n008136,test,
1127,n005315,n002371,test,
1128,n006339,n000330,test,
1129,n000306,n003062,test,
1130,n001568,n002062,test,
1131,n004838,n003868,test,
1132,n002175,n005022,test,
1133,n003876,n007848,test,
1134,n008153,n008688,test,
1135,n004816,n005296,test,
1136,n005812,n002134,test,
1137,n004545,n001561,test,
1138,n005171,n001985,test,
1139,n001673,n007802,test,
1140,n001047,n003874,test,
1141,n007840,n005657,test,
1142,n001835,n007946,test,
1143,n008094,n002865,test,
1144,n004653,n008532,test,
1145,n004901,n007120,test,
1146,n007179,n007341,test,
1147,n001176,n003931,test,
1148,n005497,n000070,test,
1149,n007788,n003287,test,
1150,n000816,n008243,test,
1151,n006768,n008945,test,
1152,n008579,n000079,test,
1153,n008307,n006401,test,
1154,n008041,n007691,test,
1155,n005152,n007187,test,
1156,n001822,n007807,test,
1157,n009031,n003772,test,
1158,n004268,n008846,test,
1159,n008632,n002366,test,
1160,n000653,n006117,test,
1161,n001545,n000583,test,
1162,n005227,n007596,test,
1163,n002826,n009007,test,
1164,n003514,n004466,test,
1165,n001047,n007748,test,
1166,n006280,n000577,test,
1167,n001924,n005890,test,
1168,n007323,n007618,test,
1169,n002366,n007689,test,
1170,n005141,n007391,test,
1171,n007656,n005076,test,
1172,n007797,n008960,test,
1173,n005027,n003204,test,
1174,n006513,n000759,test,
1175,n005141,n007601,test,
1176,n001880,n006768,test,
1177,n001601,n009101,test,
1178,n006033,n002689,test,
1179,n003003,n001431,test,
1180,n007242,n006645,test,
1181,n002344,n000931,test,
1182,n000017,n004518,test,
1183,n001903,n002929,test,
1184,n003695,n005203,test,
1185,n007395,n000502,test,
1186,n006781,n004148,test,
1187,n004271,n005033,test,
1188,n003250,n008992,test,
1189,n006351,n007453,test,
1190,n006033,n008298,test,
1191,n005420,n002826,test,
1192,n005733,n002941,test,
1193,n007187,n006364,test,
1194,n005292,n007740,test,
1195,n000268,n004143,test,
1196,n008384,n008122,test,
1197,n005812,n008835,test,
1198,n001091,n006381,test,
1199,n004290,n004648,test,
1200,n003357,n007690,test,
1201,n007010,n007946,test,
1202,n002054,n007892,test,
1203,n002754,n009091,test,
1204,n004865,n007801,test,
1205,n006956,n007092,test,
1206,n004922,n007596,test,
1207,n008107,n005605,test,
1208,n007508,n001091,test,
1209,n009146,n002537,test,
1210,n003305,n008328,test,
1211,n001842,n007259,test,
1212,n000070,n004971,test,
1213,n003174,n006766,test,
1214,n007455,n002113,test,
1215,n002200,n007583,test,
1216,n007202,n008680,test,
1217,n003204,n003262,test,
1218,n007004,n002008,test,
1219,n009190,n000851,test,
1220,n004971,n001279,test,
1221,n004395,n004158,test,
1222,n002834,n009190,test,
1223,n006759,n007875,test,
1224,n003479,n007456,test,
1225,n003445,n002498,test,
1226,n006704,n006349,test,
1227,n004341,n004971,test,
1228,n006558,n001967,test,
1229,n007114,n008750,test,
1230,n007483,n002602,test,
1231,n000852,n005027,test,
1232,n005497,n005227,test,
1233,n003903,n004823,test,
1234,n003191,n008780,test,
1235,n004275,n000089,test,
1236,n000473,n008683,test,
1237,n000272,n006677,test,
1238,n006354,n002420,test,
1239,n008341,n003175,test,
1240,n000241,n006122,test,
1241,n004939,n005056,test,
1242,n008818,n007887,test,
1243,n003175,n006692,test,
1244,n004745,n003102,test,
1245,n000219,n000365,test,
1246,n004780,n006696,test,
1247,n004416,n001711,test,
1248,n002557,n005657,test,
1249,n002726,n008647,test,
1250,n003970,n008644,test,
1251,n008968,n009248,test,
1252,n007553,n000852,test,
1253,n002790,n006795,test,
1254,n004167,n002992,test,
1255,n006570,n000643,test,
1256,n000380,n003081,test,
1257,n002621,n003369,test,
1258,n006380,n006024,test,
1259,n002704,n007443,test,
1260,n001102,n006084,test,
1261,n003911,n003443,test,
1262,n002018,n008542,test,
1263,n006429,n008066,test,
1264,n005169,n006024,test,
1265,n008846,n009264,test,
1266,n004132,n007213,test,
1267,n008517,n002722,test,
1268,n007069,n000135,test,
1269,n005927,n007453,test,
1270,n001877,n003182,test,
1271,n003970,n006217,test,
1272,n001989,n008520,test,
1273,n001023,n009184,test,
1274,n007370,n007197,test,
1275,n003240,n004158,test,
1276,n007199,n004592,test,
1277,n009183,n006032,test,
1278,n006969,n001178,test,
1279,n003019,n004401,test,
1280,n006029,n004539,test,
1281,n008760,n005415,test,
1282,n005935,n004830,test,
1283,n001877,n007884,test,
1284,n006004,n000693,test,
1285,n006074,n004966,test,
1286,n003708,n003816,test,
1287,n005931,n001397,test,
1288,n009145,n002748,test,
1289,n004922,n001802,test,
1290,n001967,n009137,test,
1291,n007665,n001327,test,
1292,n007869,n002400,test,
1293,n007728,n008671,test,
1294,n003240,n007312,test,
1295,n004651,n005296,test,
1296,n000781,n006473,test,
1297,n008690,n009248,test,
1298,n000484,n000219,test,
1299,n004401,n004512,test,
1300,n000222,n005741,test,
1301,n006369,n000330,test,
1302,n001233,n003343,test,
1303,n008224,n003508,test,
1304,n001142,n005494,test,
1305,n003911,n004420,test,
1306,n003695,n009096,test,
1307,n002133,n001514,test,
1308,n000666,n002253,test,
1309,n003003,n005056,test,
1310,n001585,n006951,test,
1311,n004653,n004490,test,
1312,n003128,n002349,test,
1313,n003971,n002003,test,
1314,n002776,n000350,test,
1315,n002271,n008341,test,
1316,n006735,n004189,test,
1317,n001815,n003260,test,
1318,n003006,n008741,test,
1319,n004596,n004444,test,
1320,n005178,n006752,test,
1321,n008819,n003742,test,
1322,n000551,n001306,test,
1323,n008866,n002872,test,
1324,n008070,n006217,test,
1325,n000416,n007788,test,
1326,n004615,n006138,test,
1327,n006603,n007336,test,
1328,n006499,n000600,test,
1329,n006740,n009163,test,
1330,n003759,n006536,test,
1331,n009236,n008632,test,
1332,n007376,n004603,test,
1333,n006399,n009223,test,
1334,n005022,n001514,test,
1335,n007586,n003250,test,
1336,n007443,n004290,test,
1337,n004343,n000080,test,
1338,n006038,n000553,test,
1339,n007840,n006536,test,
1340,n003636,n007572,test,
1341,n001614,n004827,test,
1342,n001748,n003397,test,
1343,n006259,n000732,test,
1344,n000792,n003181,test,
1345,n001076,n005826,test,
1346,n008043,n006364,test,
1347,n008760,n007259,test,
1348,n001286,n000103,test,
1349,n007677,n002056,test,
1350,n005268,n001815,test,
1351,n008835,n000983,test,
1352,n008345,n006809,test,
1353,n007202,n001583,test,
1354,n001676,n002898,test,
1355,n008677,n004966,test,
1356,n006139,n004143,test,
1357,n007666,n007286,test,
1358,n001306,n005332,test,
1359,n006744,n007214,test,
1360,n005084,n004566,test,
1361,n009145,n005476,test,
1362,n006960,n004166,test,
1363,n002774,n007232,test,
1364,n004640,n002909,test,
1365,n006910,n007711,test,
1366,n006339,n007740,test,
1367,n003601,n004003,test,
1368,n007456,n001842,test,
1369,n008826,n003257,test,
1370,n007422,n003957,test,
1371,n000807,n004603,test,
1372,n005327,n001325,test,
1373,n006919,n001323,test,
1374,n002204,n003263,test,
1375,n005481,n003443,test,
1376,n006152,n007214,test,
1377,n003884,n000701,test,
1378,n003464,n000002,test,
1379,n000069,n006214,test,
1380,n008012,n001924,test,
1381,n000110,n001579,test,
1382,n002175,n004558,test,
1383,n007344,n001877,test,
1384,n004710,n001870,test,
1385,n005855,n001588,test,
1386,n001542,n003791,test,
1387,n002111,n004823,test,
1388,n007341,n002689,test,
1389,n001268,n004311,test,
1390,n002762,n008643,test,
1391,n007319,n003198,test,
1392,n009106,n007705,test,
1393,n007884,n004116,test,
1394,n004938,n004649,test,
1395,n003739,n002340,test,
1396,n008502,n003313,test,
1397,n008968,n000577,test,
1398,n006390,n005258,test,
1399,n007800,n008190,test,
1400,n001600,n003476,test,
1401,n004382,n002294,test,
1402,n002787,n005713,test,
1403,n005704,n001327,test,
1404,n002907,n001805,test,
1405,n009227,n007471,test,
1406,n000335,n001536,test,
1407,n001737,n001208,test,
1408,n000219,n003960,test,
1409,n000545,n007781,test,
1410,n002315,n007178,test,
1411,n007516,n002185,test,
1412,n000161,n004991,test,
1413,n006752,n005775,test,
1414,n001805,n001864,test,
1415,n003812,n002954,test,
1416,n001707,n001241,test,
1417,n002613,n000545,test,
1418,n005540,n007875,test,
1419,n007472,n004598,test,
1420,n008517,n000495,test,
1421,n006003,n001986,test,
1422,n003971,n001566,test,
1423,n001938,n004575,test,
1424,n007066,n004926,test,
1425,n003063,n001436,test,
1426,n003200,n007689,test,
1427,n000732,n008246,test,
1428,n000179,n007772,test,
1429,n001400,n002371,test,
1430,n002296,n008296,test,
1431,n008439,n003772,test,
1432,n005999,n007455,test,
1433,n000655,n004167,test,
1434,n002661,n007583,test,
1435,n008515,n005671,test,
1436,n002468,n005106,test,
1437,n001364,n001790,test,
1438,n007728,n000083,test,
1439,n006383,n004659,test,
1440,n006758,n000135,test,
1441,n001499,n007467,test,
1442,n005268,n007405,test,
1443,n001094,n002929,test,
1444,n008992,n001493,test,
1445,n008070,n006410,test,
1446,n002765,n008832,test,
1447,n003327,n006291,test,
1448,n003262,n008832,test,
1449,n006934,n009237,test,
1450,n008644,n001873,test,
1451,n007233,n006790,test,
1452,n009110,n001097,test,
1453,n001804,n008968,test,
1454,n002199,n005594,test,
1455,n003206,n006259,test,
1456,n007738,n003619,test,
1457,n001980,n008061,test,
1458,n007150,n001274,test,
1459,n005855,n004545,test,
1460,n003445,n006212,test,
1461,n007656,n006137,test,
1462,n003680,n004352,test,
1463,n000002,n006135,test,
1464,n003038,n000318,test,
1465,n006591,n002346,test,
1466,n008579,n003344,test,
1467,n004231,n008643,test,
1468,n005863,n006227,test,
1469,n004839,n008280,test,
1470,n005178,n002222,test,
1471,n001938,n006595,test,
1472,n008993,n003992,test,
1473,n009239,n007754,test,
1474,n002928,n004058,test,
1475,n006122,n002454,test,
1476,n002498,n008945,test,
1477,n001635,n005141,test,
1478,n001988,n003466,test,
1479,n005285,n007738,test,
1480,n008252,n007379,test,
1481,n000312,n009184,test,
1482,n000517,n004386,test,
1483,n002331,n007989,test,
1484,n003693,n000671,test,
1485,n006139,n002505,test,
1486,n008224,n000550,test,
1487,n006114,n001366,test,
1488,n002294,n005419,test,
1489,n005812,n004612,test,
1490,n004342,n008089,test,
1491,n002175,n004074,test,
1492,n001877,n002606,test,
1493,n003409,n004307,test,
1494,n000017,n000703,test,
1495,n005375,n004710,test,
1496,n006677,n006369,test,
1497,n001365,n000575,test,
1498,n006349,n004950,test,
1499,n007926,n004142,test,
1500,n001540,n000017,test,
1501,n008018,n003440,test,
1502,n006553,n003944,test,
1503,n004988,n007302,test,
1504,n001601,n004148,test,
1505,n001235,n008475,test,
1506,n003761,n004927,test,
1507,n007069,n000956,test,
1508,n005054,n005613,test,
1509,n002346,n008945,test,
1510,n004808,n001319,test,
1511,n003713,n006685,test,
1512,n004926,n004302,test,
1513,n000313,n004466,test,
1514,n004814,n002505,test,
1515,n003878,n006569,test,
1516,n006139,n004231,test,
1517,n001455,n008154,test,
1518,n008005,n005385,test,
1519,n006893,n006919,test,
1520,n007319,n004780,test,
1521,n007405,n008064,test,
1522,n008041,n009013,test,
1523,n001636,n001079,test,
1524,n008307,n006558,test,
1525,n001908,n004069,test,
1526,n002498,n003153,test,
1527,n006620,n002992,test,
1528,n007953,n004094,test,
1529,n006620,n002935,test,
1530,n008779,n005733,test,
1531,n000070,n003902,test,
1532,n003006,n004236,test,
1533,n007754,n002522,test,
1534,n003364,n007995,test,
1535,n006004,n001288,test,
1536,n004209,n008439,test,
1537,n006553,n003043,test,
1538,n000553,n008247,test,
1539,n008002,n002310,test,
1540,n004275,n004763,test,
1541,n007705,n000478,test,
1542,n003757,n000876,test,
1543,n001076,n004800,test,
1544,n001659,n006113,test,
1545,n006600,n004415,test,
1546,n008579,n002138,test,
1547,n008444,n003829,test,
1548,n000991,n006453,test,
1549,n002867,n004965,test,
1550,n005076,n008563,test,
1551,n007946,n009220,test,
1552,n005890,n001004,test,
1553,n007838,n002349,test,
1554,n002454,n008218,test,
1555,n002148,n003695,test,
1556,n007289,n002505,test,
1557,n001949,n008720,test,
1558,n008319,n009144,test,
1559,n008328,n004720,test,
1560,n001040,n003373,test,
1561,n000241,n002904,test,
1562,n004603,n003272,test,
1563,n008677,n006762,test,
1564,n003287,n007092,test,
1565,n008666,n001973,test,
1566,n009138,n007618,test,
1567,n001038,n008671,test,
1568,n000266,n009226,test,
1569,n004076,n007423,test,
1570,n004065,n000353,test,
1571,n008579,n005476,test,
1572,n006752,n002359,test,
1573,n001361,n001668,test,
1574,n008632,n005765,test,
1575,n002765,n003659,test,
1576,n000484,n003957,test,
1577,n006960,n002536,test,
1578,n003519,n004016,test,
1579,n000197,n003373,test,
1580,n004450,n006038,test,
1581,n003739,n002804,test,
1582,n003855,n001307,test,
1583,n007150,n002992,test,
1584,n003297,n007642,test,
1585,n006764,n006912,test,
1586,n006699,n000971,test,
1587,n003979,n005325,test,
1588,n004062,n002025,test,
1589,n004450,n002858,test,
1590,n008543,n001588,test,
1591,n006800,n008263,test,
1592,n004558,n003489,test,
1593,n001668,n007913,test,
1594,n008741,n006476,test,
1595,n003507,n006906,test,
1596,n000069,n006910,test,
1597,n004362,n006394,test,
1598,n003138,n000344,test,
1599,n005935,n000559,test,
1600,n004523,n007467,test,
1601,n004790,n001926,test,
1602,n000243,n003043,test,
1603,n009037,n001825,test,
1604,n002774,n007511,test,
1605,n002975,n001391,test,
1606,n002171,n000698,test,
1607,n001004,n006753,test,
1608,n007983,n004166,test,
1609,n008447,n007681,test,
1610,n001085,n005431,test,
1611,n009234,n007666,test,
1612,n000197,n001990,test,
1613,n003225,n004786,test,
1614,n001988,n001990,test,
1615,n001852,n004287,test,
1616,n006004,n000121,test,
1617,n007802,n008107,test,
1618,n007069,n004605,test,
1619,n007566,n002183,test,
1620,n000276,n003722,test,
1621,n006139,n008537,test,
1622,n004165,n006403,test,
1623,n002929,n006414,test,
1624,n004105,n001007,test,
1625,n005078,n006307,test,
1626,n007203,n003694,test,
1627,n003022,n008005,test,
1628,n006613,n007998,test,
1629,n001074,n003692,test,
1630,n009153,n007187,test,
1631,n008535,n005331,test,
1632,n002349,n008201,test,
1633,n008532,n001886,test,
1634,n006613,n005268,test,
1635,n001877,n003727,test,
1636,n001258,n003306,test,
1637,n005547,n000670,test,
1638,n000600,n002904,test,
1639,n003608,n007649,test,
1640,n004167,n000593,test,
1641,n005239,n000335,test,
1642,n000241,n002798,test,
1643,n001102,n005130,test,
1644,n008832,n000944,test,
1645,n002032,n008579,test,
1646,n007695,n000386,test,
1647,n001273,n002298,test,
1648,n004483,n004872,test,
1649,n007754,n006114,test,
1650,n002008,n007871,test,
1651,n003650,n008830,test,
1652,n004965,n002602,test,
1653,n003200,n007758,test,
1654,n000306,n007471,test,
1655,n009231,n001203,test,
1656,n004343,n003244,test,
1657,n001258,n009196,test,
1658,n002704,n000583,test,
1659,n003648,n003144,test,
1660,n007144,n007746,test,
1661,n007275,n003900,test,
1662,n002562,n003438,test,
1663,n006916,n006380,test,
1664,n002522,n009035,test,
1665,n000098,n007656,test,
1666,n007242,n004934,test,
1667,n004348,n007038,test,
1668,n000357,n004872,test,
1669,n006200,n000398,test,
1670,n008758,n008002,test,
1671,n003153,n000103,test,
1672,n001544,n008354,test,
1673,n001030,n007455,test,
1674,n001073,n000653,test,
1675,n007107,n002737,test,
1676,n001839,n001344,test,
1677,n004734,n006181,test,
1678,n003028,n004554,test,
1679,n006074,n004800,test,
1680,n006910,n007069,test,
1681,n001441,n007356,test,
1682,n005515,n007067,test,
1683,n000944,n002359,test,
1684,n005655,n005419,test,
1685,n004531,n006369,test,
1686,n002041,n002562,test,
1687,n003128,n008758,test,
1688,n006916,n003971,test,
1689,n006228,n004466,test,
1690,n003244,n003297,test,
1691,n005946,n002032,test,
1692,n003062,n002151,test,
1693,n008100,n006429,test,
1694,n003235,n002100,test,
1695,n006061,n000365,test,
1696,n008899,n004641,test,
1697,n001027,n005207,test,
1698,n003975,n000544,test,
1699,n001986,n002966,test,
1700,n004874,n009171,test,
1701,n007184,n007187,test,
1702,n001729,n003035,test,
1703,n004249,n003440,test,
1704,n002025,n001703,test,
1705,n003366,n007827,test,
1706,n001364,n009031,test,
1707,n004780,n002178,test,
1708,n007592,n008298,test,
1709,n005379,n006607,test,
1710,n003944,n006250,test,
1711,n003868,n003604,test,
1712,n006735,n006050,test,
1713,n007088,n003262,test,
1714,n008284,n000758,test,
1715,n004636,n007782,test,
1716,n001383,n004529,test,
1717,n007275,n007772,test,
1718,n003439,n001888,test,
1719,n004922,n009145,test,
1720,n000323,n000777,test,
1721,n007399,n001241,test,
1722,n003399,n002536,test,
1723,n006410,n006259,test,
1724,n001090,n003391,test,
1725,n002184,n002145,test,
1726,n004531,n004901,test,
1727,n006050,n001455,test,
1728,n007828,n002666,test,
1729,n001364,n004681,test,
1730,n006783,n000567,test,
1731,n005161,n009145,test,
1732,n006790,n006570,test,
1733,n000670,n004386,test,
1734,n003876,n007592,test,
1735,n008341,n007000,test,
1736,n001787,n008012,test,
1737,n004575,n003990,test,
1738,n000611,n009179,test,
1739,n007092,n001902,test,
1740,n003198,n002510,test,
1741,n001671,n006595,test,
1742,n007033,n005704,test,
1743,n001177,n004745,test,
1744,n001124,n006124,test,
1745,n002270,n007840,test,
1746,n005024,n001152,test,
1747,n003272,n001093,test,
1748,n001839,n008671,test,
1749,n005058,n000732,test,
1750,n008734,n009236,test,
1751,n005315,n004696,test,
1752,n004341,n007092,test,
1753,n005339,n007004,test,
1754,n005905,n004535,test,
1755,n001428,n008064,test,
1756,n007601,n002617,test,
1757,n005092,n000558,test,
1758,n008068,n004720,test,
1759,n002272,n006835,test,
1760,n002253,n001787,test,
1761,n006591,n003378,test,
1762,n006593,n005291,test,
1763,n002145,n001703,test,
1764,n000671,n006429,test,
1765,n003829,n003604,test,
1766,n003965,n000103,test,
1767,n007092,n008837,test,
1768,n008680,n006642,test,
1769,n002452,n000944,test,
1770,n004790,n000600,test,
1771,n003339,n009158,test,
1772,n006002,n003240,test,
1773,n007379,n001327,test,
1774,n003015,n004612,test,
1775,n002452,n006513,test,
1776,n007797,n001535,test,
1777,n006137,n006704,test,
1778,n007370,n002834,test,
1779,n004352,n001152,test,
1780,n007516,n006744,test,
1781,n005544,n003601,test,
1782,n006401,n006476,test,
1783,n001839,n006426,test,
1784,n006061,n000794,test,
1785,n004473,n008794,test,
1786,n008537,n004311,test,
1787,n003719,n005178,test,
1788,n002537,n009196,test,
1789,n007743,n008122,test,
1790,n000655,n007788,test,
1791,n003863,n008911,test,
1792,n003193,n001958,test,
1793,n004227,n007917,test,
1794,n005976,n003829,test,
1795,n007801,n007323,test,
1796,n007529,n004648,test,
1797,n002510,n007038,test,
1798,n004478,n003652,test,
1799,n009158,n001526,test,
1800,n006955,n004339,test,
1801,n006032,n001472,test,
1802,n001094,n001173,test,
1803,n008352,n008826,test,
1804,n006040,n004702,test,
1805,n002689,n002175,test,
1806,n006113,n001636,test,
1807,n002505,n000868,test,
1808,n002762,n006113,test,
1809,n000175,n004725,test,
1810,n001076,n003371,test,
1811,n001097,n005202,test,
1812,n005979,n009041,test,
1813,n006997,n005713,test,
1814,n002536,n002058,test,
1815,n002776,n006369,test,
1816,n002330,n002148,test,
1817,n003438,n001999,test,
1818,n004990,n007532,test,
1819,n006512,n004167,test,
1820,n006512,n001286,test,
1821,n008218,n000681,test,
1822,n003619,n003939,test,
1823,n004800,n001030,test,
1824,n003305,n008407,test,
1825,n000453,n004478,test,
1826,n001152,n004893,test,
1827,n009041,n002945,test,
1828,n002689,n009179,test,
1829,n001888,n008280,test,
1830,n002602,n001455,test,
1831,n004156,n003712,test,
1832,n004745,n008252,test,
1833,n001173,n004212,test,
1834,n005420,n004091,test,
1835,n001134,n007983,test,
1836,n009041,n007100,test,
1837,n005339,n006297,test,
1838,n008831,n003327,test,
1839,n000263,n006851,test,
1840,n004720,n007020,test,
1841,n006043,n006135,test,
1842,n007707,n008243,test,
1843,n000164,n006588,test,
1844,n004479,n005957,test,
1845,n001646,n001407,test,
1846,n006084,n007729,test,
1847,n004648,n005492,test,
1848,n003626,n005106,test,
1849,n001821,n006641,test,
1850,n004455,n004847,test,
1851,n001675,n009003,test,
1852,n008666,n005007,test,
1853,n001864,n000583,test,
1854,n003019,n003811,test,
1855,n003692,n007225,test,
1856,n000789,n007114,test,
1857,n005932,n002468,test,
1858,n008965,n002551,test,
1859,n001307,n007472,test,
1860,n002689,n004636,test,
1861,n000653,n006781,test,
1862,n007566,n000494,test,
1863,n003260,n004142,test,
1864,n002639,n006024,test,
1865,n007696,n005601,test,
1866,n005264,n007529,test,
1867,n009149,n008425,test,
1868,n004641,n006038,test,
1869,n001273,n003224,test,
1870,n001561,n005999,test,
1871,n003464,n007913,test,
1872,n000588,n006138,test,
1873,n002006,n002999,test,
1874,n003080,n006608,test,
1875,n006029,n006541,test,
1876,n002056,n005874,test,
1877,n000807,n002008,test,
1878,n003397,n009145,test,
1879,n001861,n006181,test,
1880,n003479,n001400,test,
1881,n001711,n005822,test,
1882,n005511,n001980,test,
1883,n002621,n006883,test,
1884,n005060,n006735,test,
1885,n007379,n002623,test,
1886,n006280,n006728,test,
1887,n008688,n001493,test,
1888,n008840,n007637,test,
1889,n008515,n006620,test,
1890,n005528,n000316,test,
1891,n001614,n003903,test,
1892,n007483,n003250,test,
1893,n008809,n003343,test,
1894,n008546,n003062,test,
1895,n008341,n002298,test,
1896,n006890,n004653,test,
1897,n001583,n003732,test,
1898,n003243,n003938,test,
1899,n000792,n002406,test,
1900,n000355,n007467,test,
1901,n002871,n006557,test,
1902,n008993,n001003,test,
1903,n003344,n003272,test,
1904,n004904,n007410,test,
1905,n002834,n005375,test,
1906,n003028,n000814,test,
1907,n000809,n006985,test,
1908,n007771,n004183,test,
1909,n003722,n007410,test,
1910,n006095,n007657,test,
1911,n003960,n007135,test,
1912,n007289,n002119,test,
1913,n001274,n000643,test,
1914,n000392,n004003,test,
1915,n007809,n001366,test,
1916,n001892,n007125,test,
1917,n005761,n004046,test,
1918,n006591,n001091,test,
1919,n006904,n008741,test,
1920,n004531,n008639,test,
1921,n002551,n001213,test,
1922,n003080,n002100,test,
1923,n000449,n003003,test,
1924,n006956,n000272,test,
1925,n001515,n007800,test,
1926,n001787,n006589,test,
1927,n006781,n000948,test,
1928,n007962,n002706,test,
1929,n009074,n000017,test,
1930,n009101,n001097,test,
1931,n008066,n009236,test,
1932,n000567,n002904,test,
1933,n003604,n002816,test,
1934,n008502,n003516,test,
1935,n002576,n000344,test,
1936,n008623,n005765,test,
1937,n006217,n002488,test,
1938,n007526,n002638,test,
1939,n000331,n009264,test,
1940,n002623,n006351,test,
1941,n000451,n004121,test,
1942,n004971,n009193,test,
1943,n007214,n008070,test,
1944,n000135,n006854,test,
1945,n001871,n002606,test,
1946,n000242,n003028,test,
1947,n006181,n007289,test,
1948,n003965,n005544,test,
1949,n004926,n009238,test,
1950,n006960,n005765,test,
1951,n007938,n004466,test,
1952,n008520,n007120,test,
1953,n006195,n001620,test,
1954,n008411,n000794,test,
1955,n002410,n008154,test,
1956,n007773,n005511,test,
1957,n006735,n006331,test,
1958,n000222,n001870,test,
1959,n004466,n000350,test,
1960,n003124,n007760,test,
1961,n002737,n000271,test,
1962,n002400,n003066,test,
1963,n004649,n005304,test,
1964,n008100,n004696,test,
1965,n007131,n001893,test,
1966,n007801,n009219,test,
1967,n001822,n008428,test,
1968,n003900,n008064,test,
1969,n001536,n000098,test,
1970,n006077,n001233,test,
1971,n001288,n002849,test,
1972,n007770,n007161,test,
1973,n007736,n004827,test,
1974,n005374,n006135,test,
1975,n006882,n003876,test,
1976,n001222,n007735,test,
1977,n007869,n003211,test,
1978,n002406,n001906,test,
1979,n000460,n003297,test,
1980,n007148,n000306,test,
1981,n003211,n001544,test,
1982,n009031,n005601,test,
1983,n001365,n007005,test,
1984,n001588,n002204,test,
1985,n000831,n002318,test,
1986,n003694,n007396,test,
1987,n008919,n005075,test,
1988,n001375,n004907,test,
1989,n005874,n006332,test,
1990,n004177,n003062,test,
1991,n008005,n000216,test,
1992,n004988,n001339,test,
1993,n001931,n009089,test,
1994,n002349,n001137,test,
1995,n006890,n004466,test,
1996,n001212,n005775,test,
1997,n001526,n007161,test,
1998,n002361,n008638,test,
1999,n007760,n008399,test,
2000,n005348,n006406,test,
2001,n006337,n002072,test,
2002,n004132,n004529,test,
2003,n004841,n007782,test,
2004,n004871,n008502,test,
2005,n003742,n001790,test,
2006,n006800,n002405,test,
2007,n005971,n007736,test,
2008,n006388,n001397,test,
2009,n008734,n003022,test,
2010,n007513,n005957,test,
2011,n001176,n003369,test,
2012,n008278,n003650,test,
2013,n009021,n000416,test,
2014,n001500,n007066,test,
2015,n004341,n003067,test,
2016,n004518,n000003,test,
2017,n007336,n007938,test,
2018,n006117,n004416,test,
2019,n001825,n006795,test,
2020,n005681,n000276,test,
2021,n004515,n004121,test,
2022,n007010,n000175,test,
2023,n008326,n006480,test,
2024,n002387,n000044,test,
2025,n003722,n008431,test,
2026,n008579,n008546,test,
2027,n001839,n001825,test,
2028,n002941,n002638,test,
2029,n008059,n007427,test,
2030,n002913,n006675,test,
2031,n001076,n004696,test,
2032,n003887,n005024,test,
2033,n004730,n005613,test,
2034,n003673,n002886,test,
2035,n006137,n000069,test,
2036,n003990,n002544,test,
2037,n001821,n008641,test,
2038,n007683,n005127,test,
2039,n002032,n005914,test,
2040,n004980,n003712,test,
2041,n001580,n001004,test,
2042,n001351,n005728,test,
2043,n006401,n006852,test,
2044,n007249,n000555,test,
2045,n008068,n007004,test,
2046,n002994,n003103,test,
2047,n004121,n001907,test,
2048,n002330,n009031,test,
2049,n004404,n004648,test,
2050,n007136,n007103,test,
2051,n002871,n008455,test,
2052,n001876,n001585,test,
2053,n005211,n001831,test,
2054,n005936,n005935,test,
2055,n006650,n001880,test,
2056,n004874,n000306,test,
2057,n003971,n002452,test,
2058,n000397,n005949,test,
2059,n004615,n004341,test,
2060,n003485,n002077,test,
2061,n008968,n002537,test,
2062,n002638,n005855,test,
2063,n000558,n007453,test,
2064,n001825,n006951,test,
2065,n003777,n007809,test,
2066,n005325,n007572,test,
2067,n003239,n004990,test,
2068,n001763,n007189,test,
2069,n003403,n002085,test,
2070,n006781,n009021,test,
2071,n002998,n004268,test,
2072,n001040,n007758,test,
2073,n003857,n006429,test,
2074,n003059,n001375,test,
2075,n003144,n003056,test,
2076,n008817,n005842,test,
2077,n003634,n007388,test,
2078,n005914,n001177,test,
2079,n007141,n007771,test,
2080,n001488,n004435,test,
2081,n005127,n000190,test,
2082,n007532,n007010,test,
2083,n009081,n003272,test,
2084,n001416,n007020,test,
2085,n007989,n008171,test,
2086,n006557,n004347,test,
2087,n009227,n001545,test,
2088,n008846,n006095,test,
2089,n003514,n002546,test,
2090,n005014,n001027,test,
2091,n001475,n003564,test,
2092,n003063,n003992,test,
2093,n003378,n005218,test,
2094,n006268,n001871,test,
2095,n003591,n007511,test,
2096,n002077,n000705,test,
2097,n002722,n004076,test,
2098,n002722,n003671,test,
2099,n008425,n000809,test,
2100,n004004,n003507,test,
2101,n004988,n004653,test,
2102,n006883,n002826,test,
2103,n001134,n003399,test,
2104,n002582,n001397,test,
2105,n000666,n004105,test,
2106,n006212,n007427,test,
2107,n008570,n008975,test,
2108,n004922,n002488,test,
2109,n007323,n007402,test,
2110,n000741,n003235,test,
2111,n000096,n009131,test,
2112,n005492,n002776,test,
2113,n003772,n006101,test,
2114,n001268,n004058,test,
2115,n004566,n004742,test,
2116,n003987,n000281,test,
2117,n006684,n004839,test,
2118,n007624,n008352,test,
2119,n007711,n007213,test,
2120,n000386,n004091,test,
2121,n008444,n004939,test,
2122,n003684,n003492,test,
2123,n005712,n005986,test,
2124,n004074,n004545,test,
2125,n008535,n004218,test,
2126,n006108,n004904,test,
2127,n003019,n000991,test,
2128,n001344,n000863,test,
2129,n007666,n003823,test,
2130,n004605,n001268,test,
2131,n004167,n001986,test,
2132,n003512,n001007,test,
2133,n004345,n002277,test,
2134,n004659,n007771,test,
2135,n008284,n004607,test,
2136,n004681,n003960,test,
2137,n008835,n000161,test,
2138,n004735,n006440,test,
2139,n000160,n009227,test,
2140,n001543,n005575,test,
2141,n006589,n004596,test,
2142,n004710,n002185,test,
2143,n001440,n004937,test,
2144,n002113,n007088,test,
2145,n005906,n003006,test,
2146,n003489,n003371,test,
2147,n002359,n007596,test,
2148,n002350,n003446,test,
2149,n004116,n007938,test,
2150,n002512,n001646,test,
2151,n003264,n000759,test,
2152,n002344,n005863,test,
2153,n006621,n001226,test,
2154,n008171,n007748,test,
2155,n007033,n005141,test,
2156,n001290,n000683,test,
2157,n006220,n008224,test,
2158,n000380,n001007,test,
2159,n005014,n003373,test,
2160,n006902,n004648,test,
2161,n008817,n002928,test,
2162,n006669,n008420,test,
2163,n007735,n008666,test,
2164,n005398,n006759,test,
2165,n005537,n007683,test,
2166,n006768,n004990,test,
2167,n008992,n009149,test,
2168,n005360,n000110,test,
2169,n003971,n005210,test,
2170,n002129,n005544,test,
2171,n004800,n006131,test,
2172,n003608,n001620,test,
2173,n001004,n003042,test,
2174,n008992,n002310,test,
2175,n002704,n008134,test,
2176,n005511,n004094,test,
2177,n009041,n005454,test,
2178,n008188,n001365,test,
2179,n001892,n005997,test,
2180,n001805,n005983,test,
2181,n006969,n001441,test,
2182,n001178,n009068,test,
2183,n004559,n004597,test,
2184,n009083,n007100,test,
2185,n000353,n001514,test,
2186,n002737,n003722,test,
2187,n008919,n008481,test,
2188,n008407,n000771,test,
2189,n006397,n007790,test,
2190,n001861,n009243,test,
2191,n001924,n003902,test,
2192,n003905,n004859,test,
2193,n003712,n000469,test,
2194,n001016,n000441,test,
2195,n006043,n002361,test,
2196,n003006,n009110,test,
2197,n008162,n006558,test,
2198,n008624,n006406,test,
2199,n000008,n001325,test,
2200,n001873,n001390,test,
2201,n001543,n004710,test,
2202,n004212,n003219,test,
2203,n002344,n003633,test,
2204,n002787,n000793,test,
2205,n002576,n002765,test,
2206,n005398,n007871,test,
2207,n001938,n006202,test,
2208,n004650,n005325,test,
2209,n002298,n000197,test,
2210,n006414,n008647,test,
2211,n003636,n000365,test,
2212,n001290,n007467,test,
2213,n000197,n006790,test,
2214,n005531,n005905,test,
2215,n005822,n006108,test,
2216,n009089,n008058,test,
2217,n003306,n000865,test,
2218,n006918,n008340,test,
2219,n005986,n007091,test,
2220,n005999,n008720,test,
2221,n005598,n005379,test,
2222,n000365,n006595,test,
2223,n002804,n005843,test,
2224,n004128,n004651,test,
2225,n004696,n008278,test,
2226,n009021,n008670,test,
2227,n007516,n001675,test,
2228,n003263,n001094,test,
2229,n004615,n001534,test,
2230,n002320,n005999,test,
2231,n000218,n004490,test,
2232,n005741,n005292,test,
2233,n000318,n005863,test,
2234,n001079,n001585,test,
2235,n004808,n006401,test,
2236,n003887,n004194,test,
2237,n000680,n004159,test,
2238,n008927,n000771,test,
2239,n008815,n006513,test,
2240,n001582,n003684,test,
2241,n008280,n005537,test,
2242,n007222,n003464,test,
2243,n004880,n004483,test,
2244,n005375,n001274,test,
2245,n009013,n001201,test,
2246,n001407,n003224,test,
2247,n009237,n007653,test,
2248,n007665,n008260,test,
2249,n006878,n001208,test,
2250,n004747,n002994,test,
2251,n005075,n006874,test,
2252,n006902,n004613,test,
2253,n005331,n004337,test,
2254,n001542,n003556,test,
2255,n005419,n008240,test,
2256,n004814,n000600,test,
2257,n006406,n004132,test,
2258,n003440,n000550,test,
2259,n001737,n001265,test,
2260,n004988,n007637,test,
2261,n001585,n008146,test,
2262,n000567,n008411,test,
2263,n007388,n002606,test,
2264,n003971,n005765,test,
2265,n004148,n003539,test,
2266,n000807,n001393,test,
2267,n007370,n005874,test,
2268,n002387,n007469,test,
2269,n000190,n000640,test,
2270,n000079,n003902,test,
2271,n009131,n006003,test,
2272,n006403,n004158,test,
2273,n002178,n001319,test,
2274,n002100,n008319,test,
2275,n003492,n003445,test,
2276,n008779,n000816,test,
2277,n000323,n000993,test,
2278,n000160,n003587,test,
2279,n003056,n004558,test,
2280,n002420,n001604,test,
2281,n006696,n003626,test,
2282,n000974,n008061,test,
2283,n005575,n008002,test,
2284,n000831,n001880,test,
2285,n008070,n008866,test,
2286,n003330,n000377,test,
2287,n006708,n005454,test,
2288,n008243,n004860,test,
2289,n008246,n007422,test,
2290,n001400,n005419,test,
2291,n001391,n000003,test,
2292,n008188,n007800,test,
2293,n005281,n001804,test,
2294,n007884,n001864,test,
2295,n002484,n006783,test,
2296,n009032,n001676,test,
2297,n004980,n006002,test,
2298,n000992,n000390,test,
2299,n000357,n005501,test,
2300,n005360,n006040,test,
2301,n000313,n008407,test,
2302,n006354,n000313,test,
2303,n005296,n005227,test,
2304,n002816,n003772,test,
2305,n004444,n008134,test,
2306,n005719,n004290,test,
2307,n001275,n005268,test,
2308,n006349,n006613,test,
2309,n006513,n003153,test,
2310,n005655,n008246,test,
2311,n005704,n003800,test,
2312,n000079,n008030,test,
2313,n007743,n002277,test,
2314,n006879,n008920,test,
2315,n006318,n005741,test,
2316,n008018,n002811,test,
2317,n003138,n009032,test,
2318,n006050,n007091,test,
2319,n005865,n002318,test,
2320,n009120,n008024,test,
2321,n000550,n008480,test,
2322,n002512,n000758,test,
2323,n001747,n008638,test,
2324,n007516,n004689,test,
2325,n001016,n008246,test,
2326,n004004,n000827,test,
2327,n008666,n003209,test,
2328,n009041,n009149,test,
2329,n005325,n008233,test,
2330,n001815,n000575,test,
2331,n009003,n007771,test,
2332,n008420,n002315,test,
2333,n005033,n002077,test,
2334,n000350,n006480,test,
2335,n000402,n002998,test,
2336,n004382,n002661,test,
2337,n006426,n003885,test,
2338,n003939,n009068,test,
2339,n007738,n000502,test,
2340,n000577,n006145,test,
2341,n002623,n002222,test,
2342,n003035,n000058,test,
2343,n000083,n006473,test,
2344,n004734,n003942,test,
2345,n005109,n004018,test,
2346,n001482,n001212,test,
2347,n004018,n001391,test,
2348,n004148,n001023,test,
2349,n006429,n007461,test,
2350,n001550,n003022,test,
2351,n003701,n008153,test,
2352,n005971,n008098,test,
2353,n000331,n004177,test,
2354,n005931,n005741,test,
2355,n007670,n007781,test,
2356,n003428,n002898,test,
2357,n003553,n002712,test,
2358,n008855,n002726,test,
2359,n002981,n006558,test,
2360,n000328,n001903,test,
2361,n007892,n004479,test,
2362,n005270,n003732,test,
2363,n002340,n002826,test,
2364,n000718,n002774,test,
2365,n002200,n002790,test,
2366,n002072,n005384,test,
2367,n000243,n006227,test,
2368,n007677,n007696,test,
2369,n004008,n008354,test,
2370,n004904,n004640,test,
2371,n007742,n006369,test,
2372,n008362,n005264,test,
2373,n006731,n006390,test,
2374,n002371,n000865,test,
2375,n003975,n007742,test,
2376,n003224,n003428,test,
2377,n001774,n001223,test,
2378,n005497,n000003,test,
2379,n007592,n003062,test,
2380,n007472,n005539,test,
2381,n006795,n001258,test,
2382,n003584,n001244,test,
2383,n001496,n001877,test,
2384,n006878,n003257,test,
2385,n000004,n002055,test,
2386,n007275,n002981,test,
2387,n008188,n002410,test,
2388,n007225,n001355,test,
2389,n003585,n001233,test,
2390,n004991,n003391,test,
2391,n002017,n007624,test,
2392,n001907,n007577,test,
2393,n007596,n002113,test,
2394,n001986,n002133,test,
2395,n009243,n001526,test,
2396,n007579,n006783,test,
2397,n006063,n000335,test,
2398,n001416,n000003,test,
2399,n002004,n000598,test,
2400,n007760,n007781,test,
2401,n002340,n009234,test,
2402,n005935,n006603,test,
2403,n005038,n004416,test,
2404,n002058,n000992,test,
2405,n000281,n005598,test,
2406,n000555,n001178,test,
2407,n001842,n006728,test,
2408,n000192,n004221,test,
2409,n008624,n008030,test,
2410,n003876,n006122,test,
2411,n003783,n009074,test,
2412,n007788,n008024,test,
2413,n008632,n003121,test,
2414,n005430,n009081,test,
2415,n007427,n003438,test,
2416,n003884,n009239,test,
2417,n002271,n002025,test,
2418,n004730,n008816,test,
2419,n001564,n008760,test,
2420,n001559,n007742,test,
2421,n006401,n005285,test,
2422,n000600,n005547,test,
2423,n005291,n008982,test,
2424,n002932,n001988,test,
2425,n008306,n004934,test,
2426,n007867,n004596,test,
2427,n002954,n002790,test,
2428,n006238,n005986,test,
2429,n004615,n007737,test,
2430,n009248,n008399,test,
2431,n003681,n001544,test,
2432,n007211,n001173,test,
2433,n000453,n002655,test,
2434,n005348,n004605,test,
2435,n002610,n005054,test,
2436,n002011,n000611,test,
2437,n006480,n008532,test,
2438,n001938,n001717,test,
2439,n007469,n007729,test,
2440,n006624,n001580,test,
2441,n005649,n007797,test,
2442,n001424,n007989,test,
2443,n009145,n008911,test,
2444,n005501,n009106,test,
2445,n008688,n004183,test,
2446,n003459,n005008,test,
2447,n001600,n007443,test,
2448,n001052,n009095,test,
2449,n009251,n006050,test,
2450,n002151,n009273,test,
2451,n001555,n002537,test,
2452,n002382,n005327,test,
2453,n007259,n007683,test,
2454,n002826,n007461,test,
2455,n008489,n006882,test,
2456,n007545,n006137,test,
2457,n004329,n008641,test,
2458,n003960,n008866,test,
2459,n007111,n009247,test,
2460,n001355,n006558,test,
2461,n006522,n004841,test,
2462,n000398,n004018,test,
2463,n003712,n003857,test,
2464,n002359,n002621,test,
2465,n006735,n007840,test,
2466,n001366,n001292,test,
2467,n004592,n004544,test,
2468,n003971,n004654,test,
2469,n005431,n007871,test,
2470,n008638,n007126,test,
2471,n003905,n008624,test,
2472,n008280,n006354,test,
2473,n008698,n007131,test,
2474,n005733,n005567,test,
2475,n001880,n003512,test,
2476,n000242,n002867,test,
2477,n001951,n001073,test,
2478,n002811,n005379,test,
2479,n005535,n003900,test,
2480,n004115,n001813,test,
2481,n006526,n008136,test,
2482,n004531,n004706,test,
2483,n008252,n005325,test,
2484,n009032,n006095,test,
2485,n002253,n006401,test,
2486,n006513,n006774,test,
2487,n004702,n004340,test,
2488,n003035,n007681,test,
2489,n006069,n001958,test,
2490,n002077,n000844,test,
2491,n005976,n006135,test,
2492,n005528,n008955,test,
2493,n007135,n006687,test,
2494,n004490,n008623,test,
2495,n005495,n004934,test,
2496,n003479,n008059,test,
2497,n004790,n001361,test,
2498,n005765,n002100,test,
2499,n005102,n002344,test,
2500,n007830,n007771,test,
2501,n000756,n000593,test,
2502,n004640,n005535,test,
2503,n005539,n003562,test,
2504,n003243,n000948,test,
2505,n001319,n005567,test,
2506,n003428,n001307,test,
2507,n001906,n000758,test,
2508,n003459,n004352,test,
2509,n001257,n004479,test,
2510,n000700,n003573,test,
2511,n001455,n001039,test,
2512,n007379,n007926,test,
2513,n002004,n001244,test,
2514,n007000,n007544,test,
2515,n004119,n006951,test,
2516,n007131,n004008,test,
2517,n002003,n006271,test,
2518,n003151,n005084,test,
2519,n007618,n000241,test,
2520,n002151,n007553,test,
2521,n001887,n007323,test,
2522,n006851,n003874,test,
2523,n009164,n008546,test,
2524,n004105,n006320,test,
2525,n008439,n008480,test,
2526,n000312,n006603,test,
2527,n000831,n004345,test,
2528,n005296,n007486,test,
2529,n002355,n003633,test,
2530,n006038,n004786,test,
2531,n003043,n003981,test,
2532,n005932,n009136,test,
2533,n000484,n005009,test,
2534,n004249,n008965,test,
2535,n009013,n002051,test,
2536,n004860,n001424,test,
2537,n001275,n001585,test,
2538,n001424,n006212,test,
2539,n003121,n005398,test,
2540,n003722,n000473,test,
2541,n002929,n006476,test,
2542,n002318,n006758,test,
2543,n007801,n001815,test,
2544,n006125,n001327,test,
2545,n006320,n001561,test,
2546,n006755,n004827,test,
2547,n003364,n008638,test,
2548,n005281,n004094,test,
2549,n007790,n002657,test,
2550,n000089,n000280,test,
2551,n007875,n002041,test,
2552,n008192,n008218,test,
2553,n004004,n001550,test,
2554,n005014,n005842,test,
2555,n001030,n003539,test,
2556,n001292,n001906,test,
2557,n008247,n001999,test,
2558,n002055,n006118,test,
2559,n004455,n003732,test,
2560,n001747,n007926,test,
2561,n004814,n005495,test,
2562,n009120,n008837,test,
2563,n002129,n007649,test,
2564,n004148,n006195,test,
2565,n004115,n009202,test,
2566,n001212,n006919,test,
2567,n005765,n003739,test,
2568,n006050,n000096,test,
2569,n006108,n007427,test,
2570,n001802,n004082,test,
2571,n008951,n002858,test,
2572,n008847,n000216,test,
2573,n007395,n006512,test,
2574,n003585,n007370,test,
2575,n002151,n007382,test,
2576,n007100,n007629,test,
2577,n008153,n002704,test,
2578,n006118,n006890,test,
2579,n004227,n006916,test,
2580,n007962,n003300,test,
2581,n003397,n007088,test,
2582,n004907,n003019,test,
2583,n004554,n000551,test,
2584,n007887,n004950,test,
2585,n003960,n001222,test,
2586,n005756,n007005,test,
2587,n000121,n003489,test,
2588,n008780,n000653,test,
2589,n003939,n003327,test,
2590,n009234,n008236,test,
2591,n000901,n001500,test,
2592,n006101,n008224,test,
2593,n005997,n004906,test,
2594,n008750,n006768,test,
2595,n001391,n007601,test,
2596,n005761,n007061,test,
2597,n005842,n003438,test,
2598,n005971,n006645,test,
2599,n009184,n007125,test,
2600,n007707,n008153,test,
2601,n007233,n001306,test,
2602,n007987,n001971,test,
2603,n004128,n005578,test,
2604,n003244,n004841,test,
2605,n005719,n006692,test,
2606,n003067,n009068,test,
2607,n002958,n007720,test,
2608,n000017,n005019,test,
2609,n005719,n006403,test,
2610,n000083,n003056,test,
2611,n002062,n007642,test,
2612,n007142,n001635,test,
2613,n000271,n000241,test,
2614,n006440,n006004,test,
2615,n002254,n003977,test,
2616,n001744,n001137,test,
2617,n006835,n001085,test,
2618,n008515,n007405,test,
2619,n007356,n006600,test,
2620,n008688,n001201,test,
2621,n006874,n000135,test,
2622,n005264,n004682,test,
2623,n002907,n003327,test,
2624,n006731,n005515,test,
2625,n008951,n007443,test,
2626,n007653,n005849,test,
2627,n007743,n004725,test,
2628,n006735,n007738,test,
2629,n005270,n001585,test,
2630,n003403,n000670,test,
2631,n002032,n005540,test,
2632,n003043,n006122,test,
2633,n000017,n005986,test,
2634,n001213,n006220,test,
2635,n002253,n000831,test,
2636,n002945,n000030,test,
2637,n001457,n007242,test,
2638,n007091,n006349,test,
2639,n009247,n004165,test,
2640,n006874,n006607,test,
2641,n005765,n002420,test,
2642,n001926,n001085,test,
2643,n006390,n007483,test,
2644,n004827,n008648,test,
2645,n002655,n009146,test,
2646,n001375,n004906,test,
2647,n002138,n008494,test,
2648,n004612,n006037,test,
2649,n002288,n002898,test,
2650,n005270,n006388,test,
2651,n007689,n007677,test,
2652,n008524,n005152,test,
2653,n007592,n007135,test,
2654,n005537,n004058,test,
2655,n007067,n005842,test,
2656,n008100,n000567,test,
2657,n005076,n005224,test,
2658,n008319,n006643,test,
2659,n005890,n006033,test,
2660,n007356,n001090,test,
2661,n008982,n004761,test,
2662,n006878,n003066,test,
2663,n007486,n006809,test,
2664,n006214,n001213,test,
2665,n006749,n004971,test,
2666,n005655,n006397,test,
2667,n003727,n008532,test,
2668,n005360,n007370,test,
2669,n000773,n007566,test,
2670,n005202,n008480,test,
2671,n001582,n002689,test,
2672,n002576,n002464,test,
2673,n006251,n006069,test,
2674,n002872,n005360,test,
2675,n009083,n005084,test,
2676,n004650,n004603,test,
2677,n008642,n000758,test,
2678,n001903,n007681,test,
2679,n000044,n004742,test,
2680,n006766,n008768,test,
2681,n007705,n001134,test,
2682,n008411,n004119,test,
2683,n002638,n008186,test,
2684,n008224,n006349,test,
2685,n001579,n007469,test,
2686,n003313,n007544,test,
2687,n008328,n006089,test,
2688,n000008,n001405,test,
2689,n006621,n006935,test,
2690,n005033,n000444,test,
2691,n001972,n006879,test,
2692,n009013,n008938,test,
2693,n006677,n001241,test,
2694,n001729,n000004,test,
2695,n004337,n009021,test,
2696,n005325,n008677,test,
2697,n003181,n002929,test,
2698,n008296,n006536,test,
2699,n005202,n003883,test,
2700,n004446,n000792,test,
2701,n008847,n003403,test,
2702,n006749,n004061,test,
2703,n005430,n007129,test,
2704,n001036,n001880,test,
2705,n005054,n003327,test,
2706,n001093,n003124,test,
2707,n003476,n007989,test,
2708,n006294,n005605,test,
2709,n003428,n007545,test,
2710,n001554,n002062,test,
2711,n001431,n008688,test,
2712,n007107,n003080,test,
2713,n004938,n006841,test,
2714,n001488,n006596,test,
2715,n003588,n003151,test,
2716,n003042,n006426,test,
2717,n004479,n001566,test,
2718,n005019,n005853,test,
2719,n004413,n001102,test,
2720,n001536,n001383,test,
2721,n007705,n006904,test,
2722,n008107,n005379,test,
2723,n005375,n007098,test,
2724,n000760,n003981,test,
2725,n004183,n003617,test,
2726,n007454,n006898,test,
2727,n006271,n007513,test,
2728,n003038,n007629,test,
2729,n008186,n008340,test,
2730,n003857,n002582,test,
2731,n001973,n001971,test,
2732,n003409,n001400,test,
2733,n000357,n003485,test,
2734,n006645,n006766,test,
2735,n007100,n009170,test,
2736,n007100,n007806,test,
2737,n005270,n001554,test,
2738,n001226,n006298,test,
2739,n007064,n000966,test,
2740,n004347,n005327,test,
2741,n008719,n008122,test,
2742,n002003,n007423,test,
2743,n001668,n004838,test,
2744,n001275,n006645,test,
2745,n007142,n002655,test,
2746,n007120,n006699,test,
2747,n004352,n001288,test,
2748,n006480,n008644,test,
2749,n009089,n008201,test,
2750,n005946,n000219,test,
2751,n004720,n007871,test,
2752,n009193,n008920,test,
2753,n005210,n004597,test,
2754,n008517,n006541,test,
2755,n003939,n009158,test,
2756,n009264,n004559,test,
2757,n008447,n001693,test,
2758,n008012,n000754,test,
2759,n001646,n008831,test,
2760,n006764,n004165,test,
2761,n000222,n006139,test,
2762,n008298,n001675,test,
2763,n006050,n001038,test,
2764,n000390,n002359,test,
2765,n006349,n008642,test,
2766,n002842,n006145,test,
2767,n002184,n009051,test,
2768,n000502,n008532,test,
2769,n006415,n006349,test,
2770,n007020,n000852,test,
2771,n007946,n004763,test,
2772,n005547,n005327,test,
2773,n004906,n000741,test,
2774,n004343,n003117,test,
2775,n007395,n006898,test,
2776,n003939,n009243,test,
2777,n001870,n007066,test,
2778,n005531,n004236,test,
2779,n004859,n003364,test,
2780,n000671,n007958,test,
2781,n004466,n004991,test,
2782,n007302,n004341,test,
2783,n003409,n008780,test,
2784,n004395,n000320,test,
2785,n007111,n007141,test,
2786,n003439,n003225,test,
2787,n006675,n004069,test,
2788,n006677,n007092,test,
2789,n002913,n008171,test,
2790,n006969,n002536,test,
2791,n007875,n001142,test,
2792,n004696,n005307,test,
2793,n003263,n006212,test,
2794,n007275,n007677,test,
2795,n006039,n001949,test,
2796,n004302,n001400,test,
2797,n001886,n009234,test,
2798,n008189,n002184,test,
2799,n007770,n008779,test,
2800,n004539,n009237,test,
2801,n004348,n001924,test,
2802,n006001,n003692,test,
2803,n001374,n009013,test,
2804,n001559,n000169,test,
2805,n003211,n001668,test,
2806,n001804,n007529,test,
2807,n002151,n002054,test,
2808,n007396,n009196,test,
2809,n007569,n000314,test,
2810,n000944,n004386,test,
2811,n006783,n006390,test,
2812,n006650,n001540,test,
2813,n005481,n006349,test,
2814,n006748,n008341,test,
2815,n000353,n003944,test,
2816,n003998,n006708,test,
2817,n007838,n008236,test,
2818,n000911,n007242,test,
2819,n001675,n002913,test,
2820,n007800,n008298,test,
2821,n009035,n005481,test,
2822,n002544,n003977,test,
2823,n004143,n000098,test,
2824,n001134,n001274,test,
2825,n006669,n001787,test,
2826,n003492,n003111,test,
2827,n000457,n007740,test,
2828,n003694,n004194,test,
2829,n005596,n004347,test,
2830,n001902,n002726,test,
2831,n003811,n009101,test,
2832,n004466,n003998,test,
2833,n001842,n003919,test,
2834,n007275,n007454,test,
2835,n008542,n001924,test,
2836,n002058,n005634,test,
2837,n004554,n009013,test,
2838,n000079,n008137,test,
2839,n006595,n000758,test,
2840,n005846,n001003,test,
2841,n006001,n005946,test,
2842,n009205,n000741,test,
2843,n001355,n006288,test,
2844,n007161,n005745,test,
2845,n009248,n008030,test,
2846,n006122,n001436,test,
2847,n006043,n006339,test,
2848,n001648,n006415,test,
2849,n008855,n002726,test,
2850,n008927,n005360,test,
2851,n009145,n002512,test,
2852,n000353,n002046,test,
2853,n000365,n001906,test,
2854,n000386,n006320,test,
2855,n000948,n004871,test,
2856,n003939,n001815,test,
2857,n005258,n008302,test,
2858,n008586,n000974,test,
2859,n004682,n004119,test,
2860,n005927,n007695,test,
2861,n005567,n007690,test,
2862,n003174,n002909,test,
2863,n007224,n004827,test,
2864,n006212,n001636,test,
2865,n003432,n005595,test,
2866,n004386,n007067,test,
2867,n008949,n006748,test,
2868,n000349,n003297,test,
2869,n005102,n003235,test,
2870,n001504,n001488,test,
2871,n008054,n005152,test,
2872,n005385,n004523,test,
2873,n008134,n003313,test,
2874,n000494,n003200,test,
2875,n008586,n001693,test,
2876,n007471,n004603,test,
2877,n001561,n004940,test,
2878,n005366,n003022,test,
2879,n000349,n000441,test,
2880,n004689,n007746,test,
2881,n006307,n002012,test,
2882,n001675,n008643,test,
2883,n002008,n000098,test,
2884,n007544,n003327,test,
2885,n004877,n007545,test,
2886,n001160,n002145,test,
2887,n003066,n000550,test,
2888,n008411,n006912,test,
2889,n000844,n007161,test,
2890,n004734,n003902,test,
2891,n000789,n004194,test,
2892,n006259,n002826,test,
2893,n001526,n006181,test,
2894,n008815,n000357,test,
2895,n002816,n003998,test,
2896,n002196,n001488,test,
2897,n007579,n001122,test,
2898,n005454,n000093,test,
2899,n005492,n007728,test,
2900,n000216,n008240,test,
2901,n000632,n002275,test,
2902,n006687,n004613,test,
2903,n007483,n001790,test,
2904,n008018,n008243,test,
2905,n001958,n000350,test,
2906,n006608,n003500,test,
2907,n003615,n004956,test,
2908,n003062,n007683,test,
2909,n008739,n004939,test,
2910,n004273,n006113,test,
2911,n004612,n006039,test,
2912,n006753,n002546,test,
2913,n003235,n002113,test,
2914,n002886,n008420,test,
2915,n004227,n007224,test,
2916,n007111,n003453,test,
2917,n005927,n004382,test,
2918,n008455,n003403,test,
2919,n006203,n002834,test,
2920,n007730,n001038,test,
2921,n002617,n004781,test,
2922,n001085,n006032,test,
2923,n004008,n001212,test,
2924,n004529,n006486,test,
2925,n000611,n003801,test,
2926,n000268,n008911,test,
2927,n006108,n007455,test,
2928,n006061,n004077,test,
2929,n007427,n006759,test,
2930,n000323,n007453,test,
2931,n003823,n005075,test,
2932,n004592,n009236,test,
2933,n005914,n003391,test,
2934,n002816,n002954,test,
2935,n006139,n007653,test,
2936,n004816,n002277,test,
2937,n006220,n002452,test,
2938,n003403,n005741,test,
2939,n002018,n006498,test,
2940,n002185,n008098,test,
2941,n003677,n006641,test,
2942,n000190,n007773,test,
2943,n002145,n002722,test,
2944,n001397,n001821,test,
2945,n007981,n002737,test,
2946,n002606,n005332,test,
2947,n007642,n005547,test,
2948,n008793,n000754,test,
2949,n005178,n002811,test,
2950,n005127,n005863,test,
2951,n005997,n007443,test,
2952,n003650,n003823,test,
2953,n004135,n002160,test,
2954,n007422,n006556,test,
2955,n006685,n007203,test,
2956,n007730,n002113,test,
2957,n007828,n006752,test,
2958,n005332,n003673,test,
2959,n001023,n006997,test,
2960,n004689,n001949,test,
2961,n000758,n005659,test,
2962,n007088,n008240,test,
2963,n008794,n004612,test,
2964,n008899,n003650,test,
2965,n001958,n006841,test,
2966,n001536,n006607,test,
2967,n003617,n001273,test,
2968,n004148,n006401,test,
2969,n004597,n008666,test,
2970,n004132,n005127,test,
2971,n005537,n008068,test,
2972,n005281,n006645,test,
2973,n005454,n007259,test,
2974,n004105,n002056,test,
2975,n004271,n002288,test,
2976,n000192,n000865,test,
2977,n008809,n008107,test,
2978,n006337,n007067,test,
2979,n005203,n006077,test,
2980,n008146,n007336,test,
2981,n008439,n001582,test,
2982,n003144,n002085,test,
2983,n001888,n002966,test,
2984,n000331,n001178,test,
2985,n008137,n008739,test,
2986,n000983,n006037,test,
2987,n004317,n007197,test,
2988,n002017,n004128,test,
2989,n004559,n005604,test,
2990,n001482,n009013,test,
2991,n002829,n006985,test,
2992,n007510,n003198,test,
2993,n003885,n004105,test,
2994,n006596,n008306,test,
2995,n006951,n002452,test,
2996,n001112,n008927,test,
2997,n000353,n005616,test,
2998,n003399,n006570,test,
2999,n001842,n005481,test,
3000,n000816,n009007,test,
3001,n003304,n000495,test,
3002,n002270,n007233,test,
3003,n001520,n002707,test,
3004,n006558,n003734,test,
3005,n001902,n002310,test,
3006,n003102,n008431,test,
3007,n000698,n004074,test,
3008,n008750,n002027,test,
3009,n002062,n004922,test,
3010,n003492,n005507,test,
3011,n008002,n001748,test,
3012,n001744,n003971,test,
3013,n002406,n004606,test,
3014,n006284,n002350,test,
3015,n000328,n004544,test,
3016,n006753,n006650,test,
3017,n004927,n003330,test,
3018,n001707,n001986,test,
3019,n004302,n002004,test,
3020,n007871,n006758,test,
3021,n001123,n000349,test,
3022,n000693,n003103,test,
3023,n005052,n006000,test,
3024,n008955,n003484,test,
3025,n001826,n002527,test,
3026,n006545,n000222,test,
3027,n006077,n001729,test,
3028,n000793,n008543,test,
3029,n003102,n002834,test,
3030,n003211,n003294,test,
3031,n004091,n002602,test,
3032,n005492,n001535,test,
3033,n004934,n007494,test,
3034,n001023,n004121,test,
3035,n002909,n004148,test,
3036,n000911,n005547,test,
3037,n001544,n005952,test,
3038,n003523,n008475,test,
3039,n002387,n001550,test,
3040,n003467,n008647,test,
3041,n000979,n000781,test,
3042,n002406,n008444,test,
3043,n004221,n001351,test,
3044,n000017,n006955,test,
3045,n009031,n003344,test,
3046,n003791,n009227,test,
3047,n006704,n008489,test,
3048,n001333,n009171,test,
3049,n000555,n008955,test,
3050,n000567,n004692,test,
3051,n006645,n006033,test,
3052,n004706,n002183,test,
3053,n008832,n007797,test,
3054,n008643,n000328,test,
3055,n002748,n006401,test,
3056,n008319,n006800,test,
3057,n003081,n001988,test,
3058,n003304,n006284,test,
3059,n006687,n003211,test,
3060,n000085,n001321,test,
3061,n003042,n000754,test,
3062,n001493,n003445,test,
3063,n007677,n005203,test,
3064,n009120,n003742,test,
3065,n001405,n000096,test,
3066,n002185,n005596,test,
3067,n007871,n000179,test,
3068,n008837,n002999,test,
3069,n005292,n004615,test,
3070,n000180,n006743,test,
3071,n002657,n009137,test,
3072,n006203,n004629,test,
3073,n000231,n007135,test,
3074,n000079,n001339,test,
3075,n003177,n001580,test,
3076,n008546,n009193,test,
3077,n006152,n007302,test,
3078,n004177,n008152,test,
3079,n001659,n003684,test,
3080,n003903,n003922,test,
3081,n005022,n005384,test,
3082,n001908,n006951,test,
3083,n008741,n008326,test,
3084,n007391,n005914,test,
3085,n002737,n004636,test,
3086,n001122,n001967,test,
3087,n006122,n003059,test,
3088,n000911,n000868,test,
3089,n004062,n005745,test,
3090,n003831,n006122,test,
3091,n007624,n004125,test,
3092,n003981,n005224,test,
3093,n003751,n003500,test,
3094,n003153,n002100,test,
3095,n003369,n002849,test,
3096,n007098,n002183,test,
3097,n002134,n008012,test,
3098,n004183,n006684,test,
3099,n002573,n000563,test,
3100,n001339,n003812,test,
3101,n007232,n005826,test,
3102,n003734,n000142,test,
3103,n007577,n002129,test,
3104,n002707,n001496,test,
3105,n004841,n003634,test,
3106,n000080,n007666,test,
3107,n006101,n006429,test,
3108,n006003,n004893,test,
3109,n009021,n005178,test,
3110,n003243,n003855,test,
3111,n008832,n004270,test,
3112,n007199,n003957,test,
3113,n007150,n004747,test,
3114,n008535,n006351,test,
3115,n004706,n008529,test,
3116,n005239,n000583,test,
3117,n008136,n002551,test,
3118,n000241,n008502,test,
3119,n001636,n003117,test,
3120,n002790,n003687,test,
3121,n001306,n006307,test,
3122,n009248,n004934,test,
3123,n007395,n002327,test,
3124,n000720,n004158,test,
3125,n004271,n001290,test,
3126,n004227,n006486,test,
3127,n003244,n005342,test,
3128,n004937,n000655,test,
3129,n007178,n004531,test,
3130,n006735,n000416,test,
3131,n006800,n005946,test,
3132,n003981,n002340,test,
3133,n000071,n007562,test,
3134,n000350,n000671,test,
3135,n002981,n008529,test,
3136,n002346,n000313,test,
3137,n008439,n007179,test,
3138,n002222,n009095,test,
3139,n007286,n003266,test,
3140,n006139,n004636,test,
3141,n009231,n008977,test,
3142,n004607,n008411,test,
3143,n007268,n007695,test,
3144,n004105,n005890,test,
3145,n006893,n003294,test,
3146,n008826,n003585,test,
3147,n007677,n007454,test,
3148,n008420,n003939,test,
3149,n006906,n001559,test,
3150,n002774,n002765,test,
3151,n007510,n005756,test,
3152,n002909,n001973,test,
3153,n001094,n006762,test,
3154,n005715,n002410,test,
3155,n005385,n007178,test,
3156,n006916,n005059,test,
3157,n002420,n004597,test,
3158,n000219,n006641,test,
3159,n003443,n001393,test,
3160,n006650,n000318,test,
3161,n001455,n002371,test,
3162,n000164,n007735,test,
3163,n005484,n008475,test,
3164,n001668,n002072,test,
3165,n007729,n009238,test,
3166,n005598,n007454,test,
3167,n006426,n004343,test,
3168,n000120,n004135,test,
3169,n006912,n008066,test,
3170,n007144,n003224,test,
3171,n004105,n004241,test,
3172,n000901,n004181,test,
3173,n004142,n003225,test,
3174,n000760,n006603,test,
3175,n001566,n002610,test,
3176,n005704,n009003,test,
3177,n000142,n003382,test,
3178,n006553,n007510,test,
3179,n000353,n002160,test,
3180,n004345,n004143,test,
3181,n004148,n009003,test,
3182,n002929,n006507,test,
3183,n006768,n008639,test,
3184,n001500,n002774,test,
3185,n007467,n003059,test,
3186,n001861,n001839,test,
3187,n004170,n003712,test,
3188,n009251,n000087,test,
3189,n001614,n003587,test,
3190,n005704,n007319,test,
3191,n005382,n005528,test,
3192,n000320,n008529,test,
3193,n008529,n006906,test,
3194,n003584,n004287,test,
3195,n002454,n001620,test,
3196,n006677,n004446,test,
3197,n008153,n006124,test,
3198,n002528,n008030,test,
3199,n001374,n008819,test,
3200,n005826,n008951,test,
3201,n006135,n005855,test,
3202,n000002,n002454,test,
3203,n003874,n004231,test,
3204,n000008,n002368,test,
3205,n001744,n009138,test,
3206,n008481,n005325,test,
3207,n000931,n007742,test,
3208,n004816,n006397,test,
3209,n001003,n007427,test,
3210,n004062,n002387,test,
3211,n008455,n003878,test,
3212,n006728,n007508,test,
3213,n004893,n000306,test,
3214,n006288,n003512,test,
3215,n004003,n003931,test,
3216,n003151,n005501,test,
3217,n005535,n003585,test,
3218,n001643,n000219,test,
3219,n001307,n006050,test,
3220,n002403,n005210,test,
3221,n004249,n002998,test,
3222,n006577,n003153,test,
3223,n008638,n003287,test,
3224,n009243,n007566,test,
3225,n002781,n000161,test,
3226,n006033,n001864,test,
3227,n008779,n002157,test,
3228,n000758,n002498,test,
3229,n002406,n008492,test,
3230,n005484,n008189,test,
3231,n004008,n005495,test,
3232,n007828,n004592,test,
3233,n009223,n003761,test,
3234,n007391,n008936,test,
3235,n007987,n000087,test,
3236,n003666,n001566,test,
3237,n006000,n000069,test,
3238,n005701,n005644,test,
3239,n001883,n007987,test,
3240,n005152,n006137,test,
3241,n001424,n004069,test,
3242,n001876,n008641,test,
3243,n006486,n008218,test,
3244,n004839,n008951,test,
3245,n004908,n005430,test,
3246,n007532,n005528,test,
3247,n001826,n006399,test,
3248,n008920,n004786,test,
3249,n000732,n007225,test,
3250,n003938,n005258,test,
3251,n002617,n007665,test,
3252,n000816,n001038,test,
3253,n004575,n008926,test,
3254,n001288,n006787,test,
3255,n001339,n001938,test,
3256,n003175,n001747,test,
3257,n007455,n006202,test,
3258,n004065,n001604,test,
3259,n001222,n001123,test,
3260,n005655,n006851,test,
3261,n007202,n001097,test,
3262,n002340,n009179,test,
3263,n000632,n008431,test,
3264,n005033,n003619,test,
3265,n007092,n006383,test,
3266,n004847,n000271,test,
3267,n005605,n008439,test,
3268,n000469,n000979,test,
3269,n002346,n005736,test,
3270,n006217,n004156,test,
3271,n008201,n004191,test,
3272,n001323,n009273,test,
3273,n007800,n002582,test,
3274,n007513,n005598,test,
3275,n007142,n003206,test,
3276,n005931,n006214,test,
3277,n005130,n005594,test,
3278,n007513,n004135,test,
3279,n003772,n005949,test,
3280,n001676,n000219,test,
3281,n003209,n002056,test,
3282,n005575,n002464,test,
3283,n001636,n009096,test,
3284,n003059,n003673,test,
3285,n004415,n004018,test,
3286,n002898,n008639,test,
3287,n005906,n009259,test,
3288,n006307,n006406,test,
3289,n003191,n007637,test,
3290,n008012,n002449,test,
3291,n007629,n000992,test,
3292,n006956,n000577,test,
3293,n008632,n003652,test,
3294,n003128,n004341,test,
3295,n008984,n004871,test,
3296,n001871,n007203,test,
3297,n006650,n001999,test,
3298,n008201,n003863,test,
3299,n005291,n004142,test,
3300,n008489,n001731,test,
3301,n006228,n003081,test,
3302,n008919,n000084,test,
3303,n002324,n000789,test,
3304,n008146,n001221,test,
3305,n002075,n002400,test,
3306,n008434,n004952,test,
3307,n008455,n001861,test,
3308,n007399,n003957,test,
3309,n006415,n002420,test,
3310,n006641,n006426,test,
3311,n006593,n000175,test,
3312,n003671,n005736,test,
3313,n000545,n006997,test,
3314,n000966,n005863,test,
3315,n002858,n000357,test,
3316,n002316,n001286,test,
3317,n007690,n003378,test,
3318,n000758,n006486,test,
3319,n001361,n000577,test,
3320,n002400,n005604,test,
3321,n004506,n001393,test,
3322,n001813,n007871,test,
3323,n009003,n005227,test,
3324,n009231,n003842,test,
3325,n001112,n001805,test,
3326,n001390,n000058,test,
3327,n006513,n004603,test,
3328,n008639,n009031,test,
3329,n002488,n004046,test,
3330,n004386,n004290,test,
3331,n007098,n007069,test,
3332,n006558,n001870,test,
3333,n003250,n005497,test,
3334,n001729,n009110,test,
3335,n006890,n008492,test,
3336,n002410,n004539,test,
3337,n001582,n004272,test,
3338,n008642,n005716,test,
3339,n000030,n003587,test,
3340,n007846,n004629,test,
3341,n006620,n003056,test,
3342,n006364,n005258,test,
3343,n009193,n000789,test,
3344,n005481,n007642,test,
3345,n005033,n005701,test,
3346,n001835,n002400,test,
3347,n000769,n003874,test,
3348,n002754,n004650,test,
3349,n003219,n008542,test,
3350,n002804,n009153,test,
3351,n007510,n005355,test,
3352,n006541,n004869,test,
3353,n004340,n009196,test,
3354,n000956,n008188,test,
3355,n007884,n008676,test,
3356,n003103,n004841,test,
3357,n008247,n002056,test,
3358,n006376,n003327,test,
3359,n003067,n004241,test,
3360,n000937,n008818,test,
3361,n005056,n007148,test,
3362,n005420,n006874,test,
3363,n002546,n005537,test,
3364,n007696,n003485,test,
3365,n004231,n004194,test,
3366,n007092,n005595,test,
3367,n006237,n003382,test,
3368,n007131,n001585,test,
3369,n002231,n006179,test,
3370,n004871,n001887,test,
3371,n001390,n003280,test,
3372,n000550,n003695,test,
3373,n001999,n002537,test,
3374,n003938,n004821,test,
3375,n003911,n006227,test,
3376,n007211,n002344,test,
3377,n000555,n003453,test,
3378,n006200,n002544,test,
3379,n009247,n008832,test,
3380,n003209,n008243,test,
3381,n003280,n007746,test,
3382,n005476,n004151,test,
3383,n001102,n006291,test,
3384,n005292,n002100,test,
3385,n004362,n001822,test,
3386,n007772,n008489,test,
3387,n008247,n001351,test,
3388,n006231,n007828,test,
3389,n001400,n002371,test,
3390,n000852,n001344,test,
3391,n001079,n004587,test,
3392,n005038,n005008,test,
3393,n009259,n002528,test,
3394,n004121,n007740,test,
3395,n006696,n005601,test,
3396,n006641,n003684,test,
3397,n001178,n000831,test,
3398,n003534,n003648,test,
3399,n003831,n004132,test,
3400,n009145,n006114,test,
3401,n009007,n003987,test,
3402,n002737,n001980,test,
3403,n002294,n001888,test,
3404,n002907,n004189,test,
3405,n001842,n008252,test,
3406,n006569,n004904,test,
3407,n007592,n004688,test,
3408,n008064,n006650,test,
3409,n007867,n006214,test,
3410,n004971,n006179,test,
3411,n000809,n008537,test,
3412,n005594,n003371,test,
3413,n006591,n007510,test,
3414,n005384,n005901,test,
3415,n004065,n006774,test,
3416,n003692,n005374,test,
3417,n005507,n008739,test,
3418,n003330,n001561,test,
3419,n006381,n004558,test,
3420,n005130,n008018,test,
3421,n008949,n002512,test,
3422,n003970,n001499,test,
3423,n006228,n006570,test,
3424,n002582,n000666,test,
3425,n007707,n003791,test,
3426,n003564,n000135,test,
3427,n009003,n000553,test,
3428,n003397,n004479,test,
3429,n009190,n000478,test,
3430,n001221,n008537,test,
3431,n007150,n000453,test,
3432,n000494,n003181,test,
3433,n002512,n008739,test,
3434,n003609,n007336,test,
3435,n002320,n001383,test,
3436,n005914,n008154,test,
3437,n002613,n000814,test,
3438,n003519,n001039,test,
3439,n006768,n006613,test,
3440,n001333,n003694,test,
3441,n003397,n005239,test,
3442,n001496,n001375,test,
3443,n006577,n003239,test,
3444,n007893,n003855,test,
3445,n004061,n002403,test,
3446,n002200,n003609,test,
3447,n001233,n005528,test,
3448,n006642,n008570,test,
3449,n004761,n008712,test,
3450,n009136,n004473,test,
3451,n007691,n006600,test,
3452,n001973,n007396,test,
3453,n000863,n006708,test,
3454,n006200,n000323,test,
3455,n003121,n006934,test,
3456,n008642,n003587,test,
3457,n007399,n006029,test,
3458,n004082,n008564,test,
3459,n004226,n004559,test,
3460,n003902,n006093,test,
3461,n002551,n007737,test,
3462,n006401,n006200,test,
3463,n002865,n003126,test,
3464,n003144,n005952,test,
3465,n005224,n000154,test,
3466,n008835,n006074,test,
3467,n004839,n007892,test,
3468,n003990,n000559,test,
3469,n005986,n004659,test,
3470,n008201,n007883,test,
3471,n003868,n005865,test,
3472,n001003,n005728,test,
3473,n004094,n005979,test,
3474,n001499,n006731,test,
3475,n002056,n000312,test,
3476,n008494,n003604,test,
3477,n006955,n004893,test,
3478,n002026,n008831,test,
3479,n005946,n002898,test,
3480,n001790,n002655,test,
3481,n007443,n008319,test,
3482,n001870,n001123,test,
3483,n003244,n001427,test,
3484,n008352,n001731,test,
3485,n001659,n000760,test,
3486,n008068,n003601,test,
3487,n002909,n002613,test,
3488,n007529,n003151,test,
3489,n003191,n006486,test,
3490,n002468,n003235,test,
3491,n000089,n003343,test,
3492,n001251,n003772,test,
3493,n000096,n009068,test,
3494,n002765,n000831,test,
3495,n001300,n009144,test,
3496,n003512,n008671,test,
3497,n003479,n006743,test,
3498,n003757,n003507,test,
3499,n009264,n000750,test,
3500,n007871,n008502,test,
3501,n003609,n008968,test,
3502,n001137,n005812,test,
3503,n006854,n004003,test,
3504,n008680,n003432,test,
3505,n000979,n005420,test,
3506,n002871,n004159,test,
3507,n001802,n000163,test,
3508,n003615,n002058,test,
3509,n008623,n006556,test,
3510,n007455,n001079,test,
3511,n000115,n000718,test,
3512,n000769,n003297,test,
3513,n008002,n001526,test,
3514,n003539,n005655,test,
3515,n003634,n000044,test,
3516,n000863,n001520,test,
3517,n003121,n009234,test,
3518,n001614,n006969,test,
3519,n007088,n000544,test,
3520,n007848,n002557,test,
3521,n003944,n008899,test,
3522,n006787,n005133,test,
3523,n001124,n000266,test,
3524,n008515,n000330,test,
3525,n004908,n003777,test,
3526,n000115,n001436,test,
3527,n004094,n001861,test,
3528,n004544,n004781,test,
3529,n007629,n007637,test,
3530,n001388,n003402,test,
3531,n004512,n009273,test,
3532,n003957,n001307,test,
3533,n003239,n002781,test,
3534,n004003,n005152,test,
3535,n001258,n000098,test,
3536,n006835,n004119,test,
3537,n008949,n003257,test,
3538,n003403,n008240,test,
3539,n006642,n009096,test,
3540,n004268,n003124,test,
3541,n004466,n006790,test,
3542,n007069,n000693,test,
3543,n008043,n005613,test,
3544,n005024,n006852,test,
3545,n004554,n009074,test,
3546,n004177,n002056,test,
3547,n007869,n000313,test,
3548,n001048,n001123,test,
3549,n003240,n001902,test,
3550,n005009,n005161,test,
3551,n004177,n001344,test,
3552,n005882,n003397,test,
3553,n005704,n005745,test,
3554,n000069,n006135,test,
3555,n000355,n008190,test,
3556,n007738,n003648,test,
3557,n006498,n008233,test,
3558,n001926,n004800,test,
3559,n000823,n006095,test,
3560,n008834,n004545,test,
3561,n008319,n006354,test,
3562,n007754,n006480,test,
3563,n009144,n008818,test,
3564,n007178,n004558,test,
3565,n005076,n001566,test,
3566,n007958,n005109,test,
3567,n004893,n001044,test,
3568,n006349,n001747,test,
3569,n002842,n006043,test,
3570,n001093,n003369,test,
3571,n001431,n004061,test,
3572,n006955,n007666,test,
3573,n002151,n002610,test,
3574,n006291,n006337,test,
3575,n002762,n001482,test,
3576,n004606,n007184,test,
3577,n005812,n006380,test,
3578,n000328,n008260,test,
3579,n000058,n006621,test,
3580,n006728,n008137,test,
3581,n004906,n000093,test,
3582,n004416,n000316,test,
3583,n000266,n002694,test,
3584,n004317,n004566,test,
3585,n006397,n001288,test,
3586,n002058,n005038,test,
3587,n000271,n008919,test,
3588,n004273,n009041,test,
3589,n007742,n005007,test,
3590,n002557,n004926,test,
3591,n003664,n001367,test,
3592,n007107,n003960,test,
3593,n009120,n008537,test,
3594,n000263,n001804,test,
3595,n007754,n004648,test,
3596,n006268,n005019,test,
3597,n003584,n001047,test,
3598,n005719,n009074,test,
3599,n001742,n004682,test,
3600,n006250,n003193,test,
3601,n006749,n000732,test,
3602,n006337,n000732,test,
3603,n000142,n001275,test,
3604,n003329,n003981,test,
3605,n002026,n007508,test,
3606,n007740,n005578,test,
3607,n002025,n006902,test,
3608,n001821,n000067,test,
3609,n002834,n002886,test,
3610,n005979,n004860,test,
3611,n005024,n007826,test,
3612,n002271,n001286,test,
3613,n003473,n001097,test,
3614,n003224,n003507,test,
3615,n003652,n001366,test,
3616,n008677,n001431,test,
3617,n006748,n004493,test,
3618,n007758,n009106,test,
3619,n006179,n009032,test,
3620,n002707,n008938,test,
3621,n008146,n000611,test,
3622,n001545,n001499,test,
3623,n005202,n002382,test,
3624,n002689,n003305,test,
3625,n001288,n007225,test,
3626,n005882,n007583,test,
3627,n009164,n006332,test,
3628,n007987,n000551,test,
3629,n006790,n008642,test,
3630,n009192,n007618,test,
3631,n003811,n001717,test,
3632,n008899,n003742,test,
3633,n007454,n003006,test,
3634,n001175,n003067,test,
3635,n006968,n000473,test,
3636,n002056,n006748,test,
3637,n002966,n005846,test,
3638,n006902,n006093,test,
3639,n001367,n007494,test,
3640,n002498,n008515,test,
3641,n002310,n005528,test,
3642,n007772,n005936,test,
3643,n002975,n004551,test,
3644,n006259,n004674,test,
3645,n004734,n005997,test,
3646,n001643,n006331,test,
3647,n007867,n001639,test,
3648,n002055,n002344,test,
3649,n001864,n006545,test,
3650,n003445,n006754,test,
3651,n002344,n001333,test,
3652,n005024,n003636,test,
3653,n002178,n000974,test,
3654,n008537,n007586,test,
3655,n001390,n003965,test,
3656,n009227,n003327,test,
3657,n008249,n007249,test,
3658,n002929,n005292,test,
3659,n006913,n005649,test,
3660,n007513,n008455,test,
3661,n003260,n001831,test,
3662,n002781,n005431,test,
3663,n007998,n001880,test,
3664,n002544,n003446,test,
3665,n008734,n000071,test,
3666,n004841,n007144,test,
3667,n007312,n001559,test,
3668,n001388,n003811,test,
3669,n004531,n009179,test,
3670,n002642,n008341,test,
3671,n004681,n006613,test,
3672,n003015,n007516,test,
3673,n006390,n004483,test,
3674,n000216,n003211,test,
3675,n006911,n009083,test,
3676,n002387,n008428,test,
3677,n007958,n007754,test,
3678,n003305,n005952,test,
3679,n008855,n003125,test,
3680,n006696,n001226,test,
3681,n007483,n007486,test,
3682,n008648,n006238,test,
3683,n007103,n002527,test,
3684,n007038,n005476,test,
3685,n003019,n002935,test,
3686,n007883,n008434,test,
3687,n000329,n001007,test,
3688,n008064,n005424,test,
3689,n009041,n000681,test,
3690,n002998,n008005,test,
3691,n006480,n001958,test,
3692,n000700,n000190,test,
3693,n005331,n005360,test,
3694,n006620,n008249,test,
3695,n007583,n006744,test,
3696,n000671,n001475,test,
3697,n006893,n003297,test,
3698,n000683,n003681,test,
3699,n007705,n003077,test,
3700,n001047,n006426,test,
3701,n001279,n000693,test,
3702,n007553,n007569,test,
3703,n002113,n003489,test,
3704,n004003,n008236,test,
3705,n006790,n003911,test,
3706,n005224,n008809,test,
3707,n000632,n003464,test,
3708,n008362,n004674,test,
3709,n004860,n003059,test,
3710,n001085,n004653,test,
3711,n006744,n001821,test,
3712,n003144,n007970,test,
3713,n006553,n001707,test,
3714,n002582,n007323,test,
3715,n004151,n000312,test,
3716,n000823,n005511,test,
3717,n003689,n003240,test,
3718,n004558,n000814,test,
3719,n005218,n003466,test,
3720,n005307,n007532,test,
3721,n006039,n004420,test,
3722,n003188,n002867,test,
3723,n005210,n003373,test,
3724,n001648,n006063,test,
3725,n001822,n002816,test,
3726,n006331,n000222,test,
3727,n000330,n003692,test,
3728,n002639,n003823,test,
3729,n006762,n004227,test,
3730,n006762,n003138,test,
3731,n004347,n006093,test,
3732,n001400,n006358,test,
3733,n001257,n005130,test,
3734,n002288,n007516,test,
3735,n006541,n002886,test,
3736,n001908,n005931,test,
3737,n002145,n009145,test,
3738,n003938,n008543,test,
3739,n009007,n001257,test,
3740,n003539,n000044,test,
3741,n007998,n007790,test,
3742,n006307,n005281,test,
3743,n008992,n004761,test,
3744,n007807,n000484,test,
3745,n005613,n008384,test,
3746,n002737,n005102,test,
3747,n005022,n004934,test,
3748,n005540,n006331,test,
3749,n002849,n005855,test,
3750,n005741,n001455,test,
3751,n006237,n002935,test,
3752,n003272,n004132,test,
3753,n007526,n001852,test,
3754,n004735,n008641,test,
3755,n004156,n004478,test,
3756,n006220,n000359,test,
3757,n006113,n001639,test,
3758,n002371,n004852,test,
3759,n002027,n008643,test,
3760,n003102,n005849,test,
3761,n000179,n003981,test,
3762,n003432,n004287,test,
3763,n007586,n005604,test,
3764,n000956,n005292,test,
3765,n005014,n003648,test,
3766,n004446,n000563,test,
3767,n005106,n006783,test,
3768,n004536,n006913,test,
3769,n000004,n003153,test,
3770,n006874,n001908,test,
3771,n009227,n006943,test,
3772,n006195,n003144,test,
3773,n008742,n005771,test,
3774,n001079,n004730,test,
3775,n003240,n006139,test,
3776,n008780,n006032,test,
3777,n004455,n005476,test,
3778,n008502,n004734,test,
3779,n003588,n007773,test,
3780,n003330,n007790,test,
3781,n008154,n004341,test,
3782,n008642,n003343,test,
3783,n005019,n007748,test,
3784,n007052,n007577,test,
3785,n007312,n004348,test,
3786,n005054,n001500,test,
3787,n009035,n004270,test,
3788,n007526,n005997,test,
3789,n001325,n002310,test,
3790,n000241,n000583,test,
3791,n007341,n001273,test,
3792,n009109,n002454,test,
3793,n004345,n005515,test,
3794,n000611,n007875,test,
3795,n007189,n001643,test,
3796,n004074,n005038,test,
3797,n005341,n004938,test,
3798,n005935,n004382,test,
3799,n008326,n004493,test,
3800,n006294,n009216,test,
3801,n008899,n003204,test,
3802,n006879,n000966,test,
3803,n003713,n001388,test,
3804,n006787,n001646,test,
3805,n004382,n003191,test,
3806,n001717,n003304,test,
3807,n003300,n003938,test,
3808,n007010,n001137,test,
3809,n008408,n009131,test,
3810,n001244,n002222,test,
3811,n007738,n001325,test,
3812,n008671,n003117,test,
3813,n001747,n009236,test,
3814,n008307,n000865,test,
3815,n008362,n006251,test,
3816,n002468,n001902,test,
3817,n008926,n004341,test,
3818,n000971,n008847,test,
3819,n009273,n009251,test,
3820,n005595,n001327,test,
3821,n004156,n002415,test,
3822,n001176,n004518,test,
3823,n002192,n001742,test,
3824,n006369,n003617,test,
3825,n003944,n008018,test,
3826,n005331,n005130,test,
3827,n005178,n004362,test,
3828,n004926,n001457,test,
3829,n004115,n002464,test,
3830,n000756,n008570,test,
3831,n007396,n004016,test,
3832,n004991,n000003,test,
3833,n000241,n006608,test,
3834,n000271,n007326,test,
3835,n007642,n002639,test,
3836,n001804,n009238,test,
3837,n001383,n005547,test,
3838,n000359,n008345,test,
3839,n004339,n002865,test,
3840,n007471,n007569,test,
3841,n003681,n006499,test,
3842,n008122,n003250,test,
3843,n000937,n004529,test,
3844,n004046,n003734,test,
3845,n001600,n004814,test,
3846,n001540,n000868,test,
3847,n001482,n005056,test,
3848,n004874,n007782,test,
3849,n000218,n005092,test,
3850,n000331,n006486,test,
3851,n000175,n003114,test,
3852,n007064,n004343,test,
3853,n003484,n001635,test,
3854,n005681,n005594,test,
3855,n002100,n001374,test,
3856,n001892,n002657,test,
3857,n007771,n003125,test,
3858,n004515,n004450,test,
3859,n007402,n000080,test,
3860,n001112,n008938,test,
3861,n006749,n002468,test,
3862,n004653,n000331,test,
3863,n002929,n001873,test,
3864,n005594,n001893,test,
3865,n008638,n006556,test,
3866,n008938,n000495,test,
3867,n004221,n000611,test,
3868,n003211,n009131,test,
3869,n003391,n008919,test,
3870,n008816,n005076,test,
3871,n007410,n005339,test,
3872,n002196,n003015,test,
3873,n000545,n004874,test,
3874,n007981,n005649,test,
3875,n000350,n001493,test,
3876,n007111,n003633,test,
3877,n008739,n004955,test,
3878,n007746,n006809,test,
3879,n002041,n003887,test,
3880,n006934,n001203,test,
3881,n000079,n003977,test,
3882,n004551,n007572,test,
3883,n006137,n001852,test,
3884,n007740,n000320,test,
3885,n007161,n000180,test,
3886,n008018,n005957,test,
3887,n001173,n007738,test,
3888,n004231,n003919,test,
3889,n000083,n005207,test,
3890,n000084,n001550,test,
3891,n008768,n005476,test,
3892,n000444,n005575,test,
3893,n007887,n001980,test,
3894,n003224,n009137,test,
3895,n005535,n004874,test,
3896,n006916,n003224,test,
3897,n000121,n001852,test,
3898,n003403,n005315,test,
3899,n003030,n002294,test,
3900,n005874,n006589,test,
3901,n003391,n006969,test,
3902,n003231,n000142,test,
3903,n007656,n004603,test,
3904,n006918,n003328,test,
3905,n003066,n005681,test,
3906,n004558,n001261,test,
3907,n006114,n001455,test,
3908,n001306,n007344,test,
3909,n003476,n006541,test,
3910,n003313,n004252,test,
3911,n001482,n001173,test,
3912,n004504,n007199,test,
3913,n003596,n006000,test,
3914,n002774,n006195,test,
3915,n004830,n002077,test,
3916,n007197,n007592,test,
3917,n006699,n008280,test,
3918,n000271,n006271,test,
3919,n000085,n008352,test,
3920,n003019,n009138,test,
3921,n007092,n003260,test,
3922,n005507,n003128,test,
3923,n009081,n008993,test,
3924,n008298,n006352,test,
3925,n006043,n002954,test,
3926,n005211,n002318,test,
3927,n007033,n001137,test,
3928,n004763,n004966,test,
3929,n000312,n000397,test,
3930,n004641,n007691,test,
3931,n002661,n001763,test,
3932,n006033,n007362,test,
3933,n004504,n000851,test,
3934,n004952,n008919,test,
3935,n002204,n007656,test,
3936,n002231,n000416,test,
3937,n008420,n001543,test,
3938,n002829,n008043,test,
3939,n007395,n007656,test,
3940,n003402,n001091,test,
3941,n006113,n004183,test,
3942,n006077,n003773,test,
3943,n001201,n003507,test,
3944,n008837,n008855,test,
3945,n007136,n006298,test,
3946,n002041,n008734,test,
3947,n007705,n007544,test,
3948,n003304,n004128,test,
3949,n000759,n003998,test,
3950,n008639,n007233,test,
3951,n002776,n003739,test,
3952,n007326,n008992,test,
3953,n006406,n006101,test,
3954,n000670,n000827,test,
3955,n006968,n005853,test,
3956,n004531,n003357,test,
3957,n000992,n006297,test,
3958,n006307,n003459,test,
3959,n000069,n006043,test,
3960,n006753,n008742,test,
3961,n001221,n000344,test,
3962,n000163,n007995,test,
3963,n002200,n001924,test,
3964,n001073,n007838,test,
3965,n002192,n000937,test,
3966,n000551,n006910,test,
3967,n006469,n005315,test,
3968,n000402,n005528,test,
3969,n001436,n000597,test,
3970,n004710,n002085,test,
3971,n003439,n004859,test,
3972,n003729,n007199,test,
3973,n003591,n001787,test,
3974,n006708,n002231,test,
3975,n002075,n000517,test,
3976,n007869,n009095,test,
3977,n000793,n001257,test,
3978,n008712,n002296,test,
3979,n008190,n006890,test,
3980,n003006,n003175,test,
3981,n003800,n005224,test,
3982,n003357,n006212,test,
3983,n002994,n007033,test,
3984,n003751,n007772,test,
3985,n008444,n009091,test,
3986,n007653,n000974,test,
3987,n002776,n009234,test,
3988,n004587,n003484,test,
3989,n002415,n001842,test,
3990,n001871,n005528,test,
3991,n000563,n001555,test,
3992,n003199,n001568,test,
3993,n007410,n004830,test,
3994,n006138,n007052,test,
3995,n007178,n000792,test,
3996,n004018,n006879,test,
3997,n006426,n008968,test,
3998,n003467,n007396,test,
3999,n000453,n007883,test,
4000,n007828,n005756,test,
4001,n008670,n003473,test,
4002,n007681,n007657,test,
4003,n002998,n007884,test,
4004,n002551,n002200,test,
4005,n000154,n009035,test,
4006,n008122,n000643,test,
4007,n001261,n005076,test,
4008,n005315,n005853,test,
4009,n008296,n003138,test,
4010,n008243,n000809,test,
4011,n007344,n009041,test,
4012,n003056,n001883,test,
4013,n007748,n009083,test,
4014,n007189,n003015,test,
4015,n002085,n003182,test,
4016,n002160,n003687,test,
4017,n001877,n006696,test,
4018,n007410,n004337,test,
4019,n003876,n003829,test,
4020,n006878,n008136,test,
4021,n003626,n000268,test,
4022,n003587,n002958,test,
4023,n008122,n003591,test,
4024,n000219,n007579,test,
4025,n003440,n005853,test,
4026,n004781,n006403,test,
4027,n001600,n008793,test,
4028,n001288,n003514,test,
4029,n001090,n009273,test,
4030,n008296,n003626,test,
4031,n002536,n009163,test,
4032,n006145,n006851,test,
4033,n004348,n004003,test,
4034,n000004,n003294,test,
4035,n001344,n008061,test,
4036,n001804,n002998,test,
4037,n008831,n000156,test,
4038,n003459,n006692,test,
4039,n003855,n007091,test,
4040,n003885,n002003,test,
4041,n000643,n009137,test,
4042,n006238,n008834,test,
4043,n008066,n005296,test,
4044,n002410,n008218,test,
4045,n008494,n007126,test,
4046,n003722,n000844,test,
4047,n004329,n003144,test,
4048,n003006,n007980,test,
4049,n003712,n002842,test,
4050,n002867,n001542,test,
4051,n007797,n007980,test,
4052,n005008,n007376,test,
4053,n009179,n003604,test,
4054,n008307,n009109,test,
4055,n008643,n003476,test,
4056,n005857,n001173,test,
4057,n003343,n002200,test,
4058,n008384,n000643,test,
4059,n005765,n003619,test,
4060,n003081,n003443,test,
4061,n003970,n007683,test,
4062,n000851,n000568,test,
4063,n004539,n005281,test,
4064,n004566,n005355,test,
4065,n003664,n001636,test,
4066,n005419,n006893,test,
4067,n002027,n000680,test,
4068,n009008,n004696,test,
4069,n002371,n008240,test,
4070,n004003,n007388,test,
4071,n002410,n004649,test,
4072,n001441,n009247,test,
4073,n008137,n001559,test,
4074,n008152,n008968,test,
4075,n003975,n004159,test,
4076,n006906,n003712,test,
4077,n000163,n000611,test,
4078,n004275,n005130,test,
4079,n001213,n006692,test,
4080,n003576,n008284,test,
4081,n006291,n003734,test,
4082,n005756,n001604,test,
4083,n000567,n008089,test,
4084,n004965,n003508,test,
4085,n003063,n006108,test,
4086,n001036,n007995,test,
4087,n008817,n008122,test,
4088,n003204,n000156,test,
4089,n003453,n005385,test,
4090,n003409,n006809,test,
4091,n007125,n003397,test,
4092,n003992,n003671,test,
4093,n003564,n005339,test,
4094,n003636,n003006,test,
4095,n005568,n006854,test,
4096,n004865,n001931,test,
4097,n002003,n007242,test,
4098,n006557,n006669,test,
4099,n006364,n009179,test,
4100,n005865,n001747,test,
4101,n008345,n005713,test,
4102,n004808,n004275,test,
4103,n006589,n005849,test,
4104,n008834,n008638,test,
4105,n003193,n007788,test,
4106,n000160,n000700,test,
4107,n005906,n003636,test,
4108,n006476,n008249,test,
4109,n001604,n005568,test,
4110,n002865,n004435,test,
4111,n004908,n004483,test,
4112,n006960,n007838,test,
4113,n004613,n001300,test,
4114,n006898,n006288,test,
4115,n006410,n007848,test,
4116,n007637,n002935,test,
4117,n005058,n008278,test,
4118,n006743,n003440,test,
4119,n006545,n003219,test,
4120,n002324,n004790,test,
4121,n008352,n006271,test,
4122,n008407,n004544,test,
4123,n004132,n008407,test,
4124,n003231,n005360,test,
4125,n001424,n002536,test,
4126,n000190,n006390,test,
4127,n004515,n007670,test,
4128,n002606,n000044,test,
4129,n009192,n002528,test,
4130,n002017,n000789,test,
4131,n005102,n002689,test,
4132,n003138,n006095,test,
4133,n003366,n008188,test,
4134,n006947,n007141,test,
4135,n009196,n004880,test,
4136,n006383,n006878,test,
4137,n007827,n006692,test,
4138,n009007,n008005,test,
4139,n000759,n006809,test,
4140,n001112,n006118,test,
4141,n000323,n003479,test,
4142,n002610,n005211,test,
4143,n003584,n001876,test,
4144,n002904,n002694,test,
4145,n008899,n007807,test,
4146,n000600,n003990,test,
4147,n009158,n000478,test,
4148,n000680,n008122,test,
4149,n003857,n002765,test,
4150,n003922,n001052,test,
4151,n007840,n005812,test,
4152,n009158,n004648,test,
4153,n003823,n003609,test,
4154,n001555,n001825,test,
4155,n006526,n009193,test,
4156,n003719,n006212,test,
4157,n000197,n002403,test,
4158,n001580,n006893,test,
4159,n007729,n005712,test,
4160,n000823,n005008,test,
4161,n008520,n003650,test,
4162,n006878,n003240,test,
4163,n006835,n003564,test,
4164,n008960,n002999,test,
4165,n002111,n005578,test,
4166,n000386,n006376,test,
4167,n003609,n006040,test,
4168,n005537,n006553,test,
4169,n003981,n001030,test,
4170,n000868,n004342,test,
4171,n004221,n003239,test,
4172,n006095,n006906,test,
4173,n000992,n006200,test,
4174,n001036,n003209,test,
4175,n006882,n001112,test,
4176,n002966,n008340,test,
4177,n001085,n003304,test,
4178,n002331,n001880,test,
4179,n008832,n008563,test,
4180,n000316,n001124,test,
4181,n003357,n001604,test,
4182,n003680,n006768,test,
4183,n001007,n005843,test,
4184,n007091,n007892,test,
4185,n003015,n005327,test,
4186,n008741,n004653,test,
4187,n002484,n008224,test,
4188,n001802,n002762,test,
4189,n001742,n000559,test,
4190,n004742,n001774,test,
4191,n001989,n006113,test,
4192,n000135,n005736,test,
4193,n007399,n008768,test,
4194,n001988,n005285,test,
4195,n004504,n003015,test,
4196,n009190,n000320,test,
4197,n007867,n002171,test,
4198,n008410,n005207,test,
4199,n003619,n006621,test,
4200,n004612,n008926,test,
4201,n007091,n001926,test,
4202,n003816,n007946,test,
4203,n000453,n003466,test,
4204,n008100,n003772,test,
4205,n002198,n005853,test,
4206,n004827,n004650,test,
4207,n002198,n001543,test,
4208,n003553,n007232,test,
4209,n006684,n008727,test,
4210,n004018,n003103,test,
4211,n004786,n002804,test,
4212,n005481,n002754,test,
4213,n000979,n002858,test,
4214,n002509,n006759,test,
4215,n006251,n001233,test,
4216,n005616,n001883,test,
4217,n003619,n000868,test,
4218,n005169,n001566,test,
4219,n007737,n006040,test,
4220,n003759,n001241,test,
4221,n008949,n006332,test,
4222,n008607,n006032,test,
4223,n005935,n008680,test,
4224,n000313,n007529,test,
4225,n008319,n000335,test,
4226,n000197,n005927,test,
4227,n006114,n000087,test,
4228,n003428,n000732,test,
4229,n001441,n003666,test,
4230,n007410,n007840,test,
4231,n006997,n004558,test,
4232,n004763,n002346,test,
4233,n003761,n002349,test,
4234,n008677,n001540,test,
4235,n008240,n001804,test,
4236,n005374,n009153,test,
4237,n006879,n001257,test,
4238,n007486,n006953,test,
4239,n001671,n006380,test,
4240,n009183,n007033,test,
4241,n002406,n000823,test,
4242,n001274,n005855,test,
4243,n003111,n001003,test,
4244,n008779,n008494,test,
4245,n004473,n005741,test,
4246,n000179,n006228,test,
4247,n009239,n003263,test,
4248,n002160,n008475,test,
4249,n004382,n002831,test,
4250,n000331,n009227,test,
4251,n006354,n008098,test,
4252,n009083,n005348,test,
4253,n008949,n001339,test,
4254,n004908,n008188,test,
4255,n001540,n003080,test,
4256,n007981,n001212,test,
4257,n008855,n006131,test,
4258,n000814,n008089,test,
4259,n002018,n000115,test,
4260,n008715,n007586,test,
4261,n006851,n000266,test,
4262,n007289,n007629,test,
4263,n004252,n007341,test,
4264,n001903,n005430,test,
4265,n007526,n001223,test,
4266,n007103,n004907,test,
4267,n005997,n003492,test,
4268,n005657,n009081,test,
4269,n002798,n002355,test,
4270,n003713,n006388,test,
4271,n005019,n002072,test,
4272,n006406,n001580,test,
4273,n000398,n004004,test,
4274,n000831,n002330,test,
4275,n005447,n003294,test,
4276,n001300,n002415,test,
4277,n003244,n007809,test,
4278,n004341,n008641,test,
4279,n004955,n007222,test,
4280,n006403,n003777,test,
4281,n008831,n006854,test,
4282,n000473,n004529,test,
4283,n008639,n009051,test,
4284,n006642,n002831,test,
4285,n009216,n000632,test,
4286,n003382,n003903,test,
4287,n008260,n005092,test,
4288,n001364,n007695,test,
4289,n000698,n003534,test,
4290,n005130,n009109,test,
4291,n008494,n005218,test,
4292,n003144,n006595,test,
4293,n007508,n008683,test,
4294,n000827,n000219,test,
4295,n002904,n000827,test,
4296,n009153,n006406,test,
4297,n003671,n009230,test,
4298,n004214,n003056,test,
4299,n007938,n007179,test,
4300,n005736,n007422,test,
4301,n007677,n002704,test,
4302,n007690,n001805,test,
4303,n000156,n009264,test,
4304,n002528,n006595,test,
4305,n003280,n003182,test,
4306,n006882,n008676,test,
4307,n006752,n006669,test,
4308,n008570,n006783,test,
4309,n008632,n006874,test,
4310,n007629,n002011,test,
4311,n008570,n003987,test,
4312,n006029,n000777,test,
4313,n000484,n003693,test,
4314,n002204,n003344,test,
4315,n006122,n003329,test,
4316,n007382,n005374,test,
4317,n006135,n001047,test,
4318,n000397,n007370,test,
4319,n005348,n004545,test,
4320,n005997,n006037,test,
4321,n000666,n005853,test,
4322,n005957,n003121,test,
4323,n009226,n007566,test,
4324,n001052,n006588,test,
4325,n006307,n001620,test,
4326,n003439,n002858,test,
4327,n004702,n000681,test,
4328,n003713,n000329,test,
4329,n008690,n007454,test,
4330,n006692,n003507,test,
4331,n003885,n003006,test,
4332,n003619,n003990,test,
4333,n005989,n007545,test,
4334,n001566,n003811,test,
4335,n002488,n002361,test,
4336,n002945,n003516,test,
4337,n001924,n000002,test,
4338,n002706,n002138,test,
4339,n003287,n004218,test,
4340,n004512,n003519,test,
4341,n001393,n008316,test,
4342,n005054,n002798,test,
4343,n003121,n007670,test,
4344,n003151,n003979,test,
4345,n006410,n007553,test,
4346,n005756,n004125,test,
4347,n007249,n002551,test,
4348,n001142,n005285,test,
4349,n001325,n004859,test,
4350,n008758,n005655,test,
4351,n000575,n000598,test,
4352,n007740,n004653,test,
4353,n005210,n003751,test,
4354,n001375,n009273,test,
4355,n005202,n004710,test,
4356,n007268,n002563,test,
4357,n004058,n005038,test,
4358,n000593,n004814,test,
4359,n005207,n003516,test,
4360,n006298,n004177,test,
4361,n006669,n009095,test,
4362,n008712,n000328,test,
4363,n001822,n001989,test,
4364,n005492,n000807,test,
4365,n002382,n001361,test,
4366,n007064,n008855,test,
4367,n006364,n008066,test,
4368,n007596,n001543,test,
4369,n005983,n002231,test,
4370,n004808,n004904,test,
4371,n004926,n007995,test,
4372,n004004,n000386,test,
4373,n006125,n006740,test,
4374,n002012,n001383,test,
4375,n001822,n006553,test,
4376,n007100,n006911,test,
4377,n009226,n003514,test,
4378,n004880,n001387,test,
4379,n008296,n008866,test,
4380,n007232,n006040,test,
4381,n006268,n005989,test,
4382,n007341,n008919,test,
4383,n004065,n003734,test,
4384,n001906,n007379,test,
4385,n000359,n002134,test,
4386,n004018,n007649,test,
4387,n005952,n002762,test,
4388,n006628,n003863,test,
4389,n005578,n000395,test,
4390,n006063,n007136,test,
4391,n004523,n006152,test,
4392,n007809,n008515,test,
4393,n001177,n004650,test,
4394,n008832,n002324,test,
4395,n007871,n009096,test,
4396,n006101,n004506,test,
4397,n005761,n005258,test,
4398,n000002,n004649,test,
4399,n007033,n004181,test,
4400,n007838,n003979,test,
4401,n008683,n005204,test,
4402,n008163,n006507,test,
4403,n003399,n005218,test,
4404,n005971,n000071,test,
4405,n002657,n009136,test,
4406,n004859,n006084,test,
4407,n003965,n005325,test,
4408,n000640,n002661,test,
4409,n005598,n001327,test,
4410,n001251,n003981,test,
4411,n005936,n007323,test,
4412,n005842,n009101,test,
4413,n005204,n009158,test,
4414,n003151,n005997,test,
4415,n000643,n000773,test,
4416,n006603,n005671,test,
4417,n004940,n009138,test,
4418,n001588,n003035,test,
4419,n009226,n007402,test,
4420,n006910,n002192,test,
4421,n001375,n000517,test,
4422,n006728,n000349,test,
4423,n003138,n005495,test,
4424,n006139,n000083,test,
4425,n008968,n008058,test,
4426,n002138,n000441,test,
4427,n006596,n006000,test,
4428,n003364,n001094,test,
4429,n004927,n009153,test,
4430,n007889,n008189,test,
4431,n005728,n008005,test,
4432,n003587,n005332,test,
4433,n000222,n002294,test,
4434,n005056,n006237,test,
4435,n004311,n002909,test,
4436,n003977,n003403,test,
4437,n005826,n002185,test,
4438,n006762,n002315,test,
4439,n003125,n004194,test,
4440,n002617,n007544,test,
4441,n003816,n006203,test,
4442,n006318,n005501,test,
4443,n005756,n005659,test,
4444,n004937,n004814,test,
4445,n003883,n002509,test,
4446,n000350,n002941,test,
4447,n004249,n001307,test,
4448,n003476,n005447,test,
4449,n005741,n007231,test,
4450,n005613,n004939,test,
4451,n008054,n007064,test,
4452,n002272,n008260,test,
4453,n004241,n006728,test,
4454,n009239,n003263,test,
4455,n001475,n002454,test,
4456,n003473,n006522,test,
4457,n006214,n002509,test,
4458,n007224,n008354,test,
4459,n000392,n005511,test,
4460,n006593,n003975,test,
4461,n005826,n000593,test,
4462,n003059,n005979,test,
4463,n008043,n005281,test,
4464,n000852,n001094,test,
4465,n006882,n004791,test,
4466,n000718,n002349,test,
4467,n003257,n005890,test,
4468,n008938,n000180,test,
4469,n006735,n002346,test,
4470,n000180,n008494,test,
4471,n000192,n003272,test,
4472,n004934,n006748,test,
4473,n003534,n006063,test,
4474,n004444,n006774,test,
4475,n003719,n008780,test,
4476,n009110,n006032,test,
4477,n007455,n002935,test,
4478,n005024,n007618,test,
4479,n004838,n005331,test,
4480,n005957,n007461,test,
4481,n005531,n003863,test,
4482,n006985,n000120,test,
4483,n000792,n004926,test,
4484,n007111,n002582,test,
4485,n001203,n003114,test,
4486,n000502,n000577,test,
4487,n005339,n001673,test,
4488,n007867,n004545,test,
4489,n008354,n003719,test,
4490,n002192,n008623,test,
4491,n001036,n008002,test,
4492,n003364,n007382,test,
4493,n003523,n002359,test,
4494,n003619,n004347,test,
4495,n005008,n008100,test,
4496,n007144,n008535,test,
4497,n000506,n006061,test,
4498,n008246,n003727,test,
4499,n001543,n000449,test,
4500,n000494,n004706,test,
4501,n006453,n009089,test,
4502,n007395,n009003,test,
4503,n001222,n001580,test,
4504,n005348,n006835,test,
4505,n004473,n002958,test,
4506,n001864,n007111,test,
4507,n004859,n003508,test,
4508,n004877,n002537,test,
4509,n003585,n005535,test,
4510,n004008,n000316,test,
4511,n004317,n006499,test,
4512,n008794,n008832,test,
4513,n001030,n003539,test,
4514,n006748,n005022,test,
4515,n007735,n008434,test,
4516,n005420,n005447,test,
4517,n000671,n001568,test,
4518,n004076,n002488,test,
4519,n006231,n006536,test,
4520,n008094,n003063,test,
4521,n002192,n003650,test,
4522,n009170,n004860,test,
4523,n005007,n008920,test,
4524,n007788,n004904,test,
4525,n001742,n006217,test,
4526,n005596,n006181,test,
4527,n005264,n004347,test,
4528,n005325,n007917,test,
4529,n009248,n007454,test,
4530,n006403,n005605,test,
4531,n004780,n008362,test,
4532,n007771,n007740,test,
4533,n003378,n000044,test,
4534,n003516,n005756,test,
4535,n004544,n009091,test,
4536,n004420,n007596,test,
4537,n003102,n004587,test,
4538,n007583,n007642,test,
4539,n001520,n004167,test,
4540,n001275,n000080,test,
4541,n000281,n009248,test,
4542,n005204,n002528,test,
4543,n003211,n002119,test,
4544,n000268,n003981,test,
4545,n007004,n007494,test,
4546,n004466,n003759,test,
4547,n006399,n007649,test,
4548,n004170,n008677,test,
4549,n001344,n008152,test,
4550,n002563,n000449,test,
4551,n003677,n008171,test,
4552,n000197,n002867,test,
4553,n000098,n005296,test,
4554,n000268,n004908,test,
4555,n008927,n004827,test,
4556,n001564,n003619,test,
4557,n004302,n008671,test,
4558,n003200,n007987,test,
4559,n005495,n002175,test,
4560,n003198,n005342,test,
4561,n003677,n002865,test,
4562,n006024,n000781,test,
4563,n000789,n008529,test,
4564,n001864,n006675,test,
4565,n001366,n001048,test,
4566,n009248,n003300,test,
4567,n004838,n007066,test,
4568,n002505,n007111,test,
4569,n000901,n008758,test,
4570,n002008,n009095,test,
4571,n007382,n001973,test,
4572,n007088,n002058,test,
4573,n001290,n001273,test,
4574,n007136,n002359,test,
4575,n008494,n000320,test,
4576,n003751,n007231,test,
4577,n002661,n002449,test,
4578,n008537,n005084,test,
4579,n003507,n001648,test,
4580,n000567,n006200,test,
4581,n004076,n007061,test,
4582,n009236,n008201,test,
4583,n006883,n001659,test,
4584,n008233,n000494,test,
4585,n005874,n002178,test,
4586,n009136,n001731,test,
4587,n003633,n009089,test,
4588,n000993,n001457,test,
4589,n007601,n008502,test,
4590,n003111,n006526,test,
4591,n004046,n008607,test,
4592,n006050,n004515,test,
4593,n003588,n008968,test,
4594,n005849,n007867,test,
4595,n002198,n006883,test,
4596,n001393,n000597,test,
4597,n002707,n007486,test,
4598,n001514,n002787,test,
4599,n006835,n004566,test,
4600,n003884,n006376,test,
4601,n002617,n002271,test,
4602,n005771,n001555,test,
4603,n008061,n004191,test,
4604,n000653,n008542,test,
4605,n008532,n006685,test,
4606,n006735,n005374,test,
4607,n001635,n002041,test,
4608,n004956,n007199,test,
4609,n003512,n006645,test,
4610,n007572,n001203,test,
4611,n007869,n004544,test,
4612,n000754,n007742,test,
4613,n005106,n005946,test,
4614,n001526,n006943,test,
4615,n001707,n005749,test,
4616,n004860,n008059,test,
4617,n003231,n007800,test,
4618,n000544,n004008,test,
4619,n000231,n007657,test,
4620,n002617,n004268,test,
4621,n007690,n003500,test,
4622,n009007,n000575,test,
4623,n003344,n008189,test,
4624,n000544,n006033,test,
4625,n004128,n002027,test,
4626,n003200,n004272,test,
4627,n008688,n000453,test,
4628,n002776,n003035,test,
4629,n004221,n003128,test,
4630,n005420,n006364,test,
4631,n006558,n009031,test,
4632,n009247,n005227,test,
4633,n005547,n003584,test,
4634,n008481,n005601,test,
4635,n003366,n003128,test,
4636,n004742,n003397,test,
4637,n007144,n002537,test,
4638,n008354,n003776,test,
4639,n004214,n004558,test,
4640,n006349,n006968,test,
4641,n004636,n001265,test,
4642,n001892,n006935,test,
4643,n008384,n003225,test,
4644,n003692,n005078,test,
4645,n000705,n000222,test,
4646,n004956,n003038,test,
4647,n008154,n003209,test,
4648,n004466,n007235,test,
4649,n008830,n003922,test,
4650,n003588,n006781,test,
4651,n003692,n001703,test,
4652,n002331,n000781,test,
4653,n000266,n001888,test,
4654,n001583,n002046,test,
4655,n006536,n007091,test,
4656,n007467,n001907,test,
4657,n007232,n006913,test,
4658,n005161,n004790,test,
4659,n007771,n002324,test,
4660,n001999,n005374,test,
4661,n008546,n003562,test,
4662,n003719,n007583,test,
4663,n007455,n005007,test,
4664,n006931,n006749,test,
4665,n000241,n008666,test,
4666,n004339,n004337,test,
4667,n002075,n003601,test,
4668,n009202,n002148,test,
4669,n007135,n005715,test,
4670,n003015,n004874,test,
4671,n005515,n007670,test,
4672,n008328,n001273,test,
4673,n007790,n003305,test,
4674,n000243,n001160,test,
4675,n003692,n008564,test,
4676,n007275,n006904,test,
4677,n003659,n008543,test,
4678,n004311,n001152,test,
4679,n000760,n005307,test,
4680,n008399,n008936,test,
4681,n005528,n007508,test,
4682,n009136,n004214,test,
4683,n001177,n007232,test,
4684,n000070,n000377,test,
4685,n001102,n007998,test,
4686,n007746,n003244,test,
4687,n007981,n004018,test,
4688,n004307,n005906,test,
4689,n003519,n003772,test,
4690,n007657,n005949,test,
4691,n005218,n000992,test,
4692,n006002,n005605,test,
4693,n003681,n003719,test,
4694,n000653,n001325,test,
4695,n002689,n003181,test,
4696,n009251,n005649,test,
4697,n005761,n007232,test,
4698,n000402,n006935,test,
4699,n004504,n001731,test,
4700,n002510,n005657,test,
4701,n009190,n000402,test,
4702,n007913,n005528,test,
4703,n003235,n005531,test,
4704,n006931,n006512,test,
4705,n005535,n000700,test,
4706,n004142,n001542,test,
4707,n004416,n007319,test,
4708,n007871,n006589,test,
4709,n008240,n003464,test,
4710,n001212,n002340,test,
4711,n006764,n004478,test,
4712,n001251,n009146,test,
4713,n004865,n000175,test,
4714,n001671,n001094,test,
4715,n002111,n003200,test,
4716,n006118,n008720,test,
4717,n006363,n001387,test,
4718,n006004,n009227,test,
4719,n003742,n009037,test,
4720,n008920,n007214,test,
4721,n006352,n004545,test,
4722,n004004,n008246,test,
4723,n007341,n001073,test,
4724,n005843,n006001,test,
4725,n000645,n004395,test,
4726,n006507,n003235,test,
4727,n003329,n005227,test,
4728,n009153,n000484,test,
4729,n005285,n008968,test,
4730,n002171,n008965,test,
4731,n003500,n006414,test,
4732,n007513,n004209,test,
4733,n001074,n006125,test,
4734,n008840,n005484,test,
4735,n008982,n008122,test,
4736,n002829,n003811,test,
4737,n000350,n003884,test,
4738,n001790,n000565,test,
4739,n004337,n002008,test,
4740,n002085,n005348,test,
4741,n006217,n001877,test,
4742,n009220,n006935,test,
4743,n008502,n000974,test,
4744,n004069,n001986,test,
4745,n000971,n003776,test,
4746,n000750,n002966,test,
4747,n004761,n001559,test,
4748,n006114,n007748,test,
4749,n000816,n007754,test,
4750,n001300,n008328,test,
4751,n004781,n000553,test,
4752,n003126,n005078,test,
4753,n003573,n007892,test,
4754,n001488,n000355,test,
4755,n002199,n001805,test,
4756,n001985,n004702,test,
4757,n007242,n005382,test,
4758,n003687,n000344,test,
4759,n008098,n006001,test,
4760,n003439,n000272,test,
4761,n000163,n004971,test,
4762,n001076,n000700,test,
4763,n003466,n006383,test,
4764,n000588,n003919,test,
4765,n006947,n006931,test,
4766,n007020,n009109,test,
4767,n003626,n008278,test,
4768,n005613,n006752,test,
4769,n002344,n004956,test,
4770,n004347,n000316,test,
4771,n003516,n009137,test,
4772,n008384,n006956,test,
4773,n007178,n002865,test,
4774,n005484,n008817,test,
4775,n006294,n003219,test,
4776,n007583,n004077,test,
4777,n002790,n006790,test,
4778,n004189,n001090,test,
4779,n004158,n003876,test,
4780,n001839,n002945,test,
4781,n005454,n008984,test,
4782,n009146,n002907,test,
4783,n005741,n003339,test,
4784,n004345,n006764,test,
4785,n005890,n008134,test,
4786,n006758,n004603,test,
4787,n006108,n001582,test,
4788,n003519,n002488,test,
4789,n006410,n007213,test,
4790,n008340,n002527,test,
4791,n004142,n005596,test,
4792,n007989,n000544,test,
4793,n009273,n003514,test,
4794,n006901,n005568,test,
4795,n003931,n008012,test,
4796,n006735,n005385,test,
4797,n002999,n000083,test,
4798,n008641,n002196,test,
4799,n006874,n003634,test,
4800,n006643,n006536,test,
4801,n008623,n008647,test,
4802,n008809,n004692,test,
4803,n006882,n001090,test,
4804,n008632,n003829,test,
4805,n003199,n004329,test,
4806,n007720,n007222,test,
4807,n008632,n001365,test,
4808,n005497,n009051,test,
4809,n007379,n008520,test,
4810,n000453,n000666,test,
4811,n001052,n003987,test,
4812,n000469,n006684,test,
4813,n008817,n007427,test,
4814,n001351,n003466,test,
4815,n006744,n006685,test,
4816,n007666,n007233,test,
4817,n004091,n007150,test,
4818,n000754,n000814,test,
4819,n006641,n009120,test,
4820,n006469,n005092,test,
4821,n000281,n006526,test,
4822,n003823,n000698,test,
4823,n003965,n005745,test,
4824,n002932,n003204,test,
4825,n005379,n003056,test,
4826,n008546,n008030,test,
4827,n008094,n002349,test,
4828,n004132,n008307,test,
4829,n006595,n009037,test,
4830,n008993,n006113,test,
4831,n006852,n003751,test,
4832,n003713,n007038,test,
4833,n003816,n007125,test,
4834,n004539,n001273,test,
4835,n008926,n003204,test,
4836,n002867,n004218,test,
4837,n000216,n001861,test,
4838,n002831,n003211,test,
4839,n004252,n005936,test,
4840,n001989,n003829,test,
4841,n004904,n005454,test,
4842,n004329,n006268,test,
4843,n006591,n000756,test,
4844,n008647,n001636,test,
4845,n008024,n009144,test,
4846,n001355,n006642,test,
4847,n004786,n004062,test,
4848,n008154,n002148,test,
4849,n000502,n007848,test,
4850,n007494,n004730,test,
4851,n001339,n002296,test,
4852,n003329,n004493,test,
4853,n002666,n004830,test,
4854,n001208,n008780,test,
4855,n004587,n009231,test,
4856,n007136,n005431,test,
4857,n005133,n007312,test,
4858,n002958,n001222,test,
4859,n001535,n008537,test,
4860,n003446,n008012,test,
4861,n001499,n006259,test,
4862,n002151,n006291,test,
4863,n004504,n007788,test,
4864,n003492,n003584,test,
4865,n001709,n007545,test,
4866,n009264,n003626,test,
4867,n000070,n008524,test,
4868,n007516,n002781,test,
4869,n002253,n006363,test,
4870,n006911,n001273,test,
4871,n002271,n003601,test,
4872,n003857,n002610,test,
4873,n009101,n003831,test,
4874,n006137,n004869,test,
4875,n007114,n003508,test,
4876,n001635,n007848,test,
4877,n008243,n005601,test,
4878,n000693,n002831,test,
4879,n005307,n008579,test,
4880,n005950,n005999,test,
4881,n006854,n002562,test,
4882,n003811,n006906,test,
4883,n006883,n003729,test,
4884,n004058,n006307,test,
4885,n003687,n007069,test,
4886,n003757,n005983,test,
4887,n006762,n000852,test,
4888,n002271,n005950,test,
4889,n008826,n002148,test,
4890,n004880,n000517,test,
4891,n000328,n004720,test,
4892,n006749,n004603,test,
4893,n008919,n002748,test,
4894,n003664,n002346,test,
4895,n005076,n005535,test,
4896,n004790,n001052,test,
4897,n005655,n001093,test,
4898,n003681,n005204,test,
4899,n005360,n008341,test,
4900,n000197,n008425,test,
4901,n001160,n009120,test,
4902,n001804,n003576,test,
4903,n003264,n001504,test,
4904,n006331,n007987,test,
4905,n003919,n003990,test,
4906,n008068,n003998,test,
4907,n003971,n008475,test,
4908,n009179,n006406,test,
4909,n007120,n007781,test,
4910,n003508,n002178,test,
4911,n005495,n000163,test,
4912,n008316,n008734,test,
4913,n007887,n007233,test,
4914,n000331,n001038,test,
4915,n001604,n002935,test,
4916,n002004,n008816,test,
4917,n006043,n006001,test,
4918,n000844,n008041,test,
4919,n000441,n006545,test,
4920,n009238,n007471,test,
4921,n004955,n003244,test,
4922,n001835,n003235,test,
4923,n006394,n000720,test,
4924,n006744,n005704,test,
4925,n003722,n000017,test,
4926,n001091,n002816,test,
4927,n002175,n001160,test,
4928,n005905,n005950,test,
4929,n002231,n005484,test,
4930,n004268,n006541,test,
4931,n000991,n007566,test,
4932,n002816,n002198,test,
4933,n000506,n005535,test,
4934,n001038,n006669,test,
4935,n006440,n002638,test,
4936,n004311,n005058,test,
4937,n000640,n001265,test,
4938,n003373,n007892,test,
4939,n006790,n004598,test,
4940,n004880,n006037,test,
4941,n005901,n000115,test,
4942,n000160,n006890,test,
4943,n003975,n005398,test,
4944,n003588,n006556,test,
4945,n004348,n002253,test,
4946,n008586,n007743,test,
4947,n000316,n006961,test,
4948,n000611,n008529,test,
4949,n009192,n003243,test,
4950,n001555,n008070,test,
4951,n000377,n007772,test,
4952,n006919,n003684,test,
4953,n002722,n001175,test,
4954,n006135,n005855,test,
4955,n004814,n003266,test,
4956,n008938,n002999,test,
4957,n007461,n002811,test,
4958,n006369,n005544,test,
4959,n007126,n003300,test,
4960,n003596,n005484,test,
4961,n001300,n001731,test,
4962,n007740,n007840,test,
4963,n004529,n003181,test,
4964,n008831,n006337,test,
4965,n006675,n000823,test,
4966,n003701,n007735,test,
4967,n002849,n003043,test,
4968,n002621,n000732,test,
4969,n005531,n008122,test,
4970,n007828,n008968,test,
4971,n003739,n008306,test,
4972,n001319,n000312,test,
4973,n007665,n002505,test,
4974,n008425,n006754,test,
4975,n005826,n005348,test,
4976,n001883,n005701,test,
4977,n001990,n003633,test,
4978,n007161,n001493,test,
4979,n007728,n004939,test,
4980,n002272,n001790,test,
4981,n006768,n005152,test,
4982,n002816,n005932,test,
4983,n006787,n002941,test,
4984,n000992,n005009,test,
4985,n001805,n004877,test,
4986,n003905,n004965,test,
4987,n004329,n006486,test,
4988,n004761,n001973,test,
4989,n005130,n001023,test,
4990,n002371,n007341,test,
4991,n001292,n007405,test,
4992,n003181,n000598,test,
4993,n001319,n007596,test,
4994,n003181,n003250,test,
4995,n006004,n008742,test,
4996,n005927,n000313,test,
4997,n003556,n006125,test,
4998,n001137,n007126,test,
4999,n006259,n003339,test,
5000,n001321,n000219,test,
5001,n002617,n004908,test,
5002,n003313,n005378,test,
5003,n001016,n002085,test,
5004,n008515,n001540,test,
5005,n004307,n008866,test,
5006,n000328,n009234,test,
5007,n002886,n005797,test,
5008,n008408,n005331,test,
5009,n002200,n008643,test,
5010,n003902,n003776,test,
5011,n001742,n000218,test,
5012,n004991,n005655,test,
5013,n008494,n003144,test,
5014,n005976,n002075,test,
5015,n005761,n007391,test,
5016,n007583,n008793,test,
5017,n005447,n003339,test,
5018,n004606,n003297,test,
5019,n004612,n007142,test,
5020,n006453,n005009,test,
5021,n001924,n007382,test,
5022,n005613,n003885,test,
5023,n002198,n008236,test,
5024,n001036,n003117,test,
5025,n001261,n000956,test,
5026,n000559,n002655,test,
5027,n006101,n006298,test,
5028,n008434,n007695,test,
5029,n001344,n001275,test,
5030,n001393,n007711,test,
5031,n003689,n001355,test,
5032,n004827,n008319,test,
5033,n005914,n003193,test,
5034,n000777,n006117,test,
5035,n000179,n001112,test,
5036,n004874,n007148,test,
5037,n005385,n004352,test,
5038,n005292,n002787,test,
5039,n004607,n006369,test,
5040,n006740,n007689,test,
5041,n001747,n007579,test,
5042,n003382,n006005,test,
5043,n005133,n000551,test,
5044,n007144,n004512,test,
5045,n008136,n005997,test,
5046,n006320,n008648,test,
5047,n004965,n008163,test,
5048,n004990,n003330,test,
5049,n008866,n003776,test,
5050,n000865,n000329,test,
5051,n006124,n006251,test,
5052,n006557,n006570,test,
5053,n005949,n000876,test,
5054,n006294,n009239,test,
5055,n005540,n009145,test,
5056,n007302,n001079,test,
5057,n003250,n005741,test,
5058,n001967,n003694,test,
5059,n009008,n009083,test,
5060,n008188,n008837,test,
5061,n000222,n000816,test,
5062,n000096,n007802,test,
5063,n005515,n004566,test,
5064,n004872,n006764,test,
5065,n009220,n001709,test,
5066,n000380,n007707,test,
5067,n006809,n002562,test,
5068,n002954,n003182,test,
5069,n003022,n000703,test,
5070,n002610,n008720,test,
5071,n007064,n006298,test,
5072,n000089,n001457,test,
5073,n000495,n000827,test,
5074,n005931,n000506,test,
5075,n004287,n004490,test,
5076,n009013,n009008,test,
5077,n008070,n004865,test,
5078,n005544,n000242,test,
5079,n003500,n006913,test,
5080,n003902,n004523,test,
5081,n004692,n002842,test,
5082,n002642,n004074,test,
5083,n001052,n000653,test,
5084,n003081,n008163,test,
5085,n000758,n003887,test,
5086,n007618,n004880,test,
5087,n003330,n004479,test,
5088,n002041,n006878,test,
5089,n002573,n006947,test,
5090,n008246,n007657,test,
5091,n003343,n008835,test,
5092,n001999,n003863,test,
5093,n009193,n007735,test,
5094,n007135,n005511,test,
5095,n005378,n002661,test,
5096,n004046,n006137,test,
5097,n006624,n006406,test,
5098,n000559,n008240,test,
5099,n001223,n003761,test,
5100,n000876,n001583,test,
5101,n004598,n004337,test,
5102,n001973,n005989,test,
5103,n001405,n005999,test,
5104,n000643,n006596,test,
5105,n000103,n003428,test,
5106,n005979,n004523,test,
5107,n007302,n002410,test,
5108,n007467,n003198,test,
5109,n006704,n008818,test,
5110,n007213,n008688,test,
5111,n003604,n000002,test,
5112,n001815,n002327,test,
5113,n007677,n002004,test,
5114,n002528,n007998,test,
5115,n006399,n003382,test,
5116,n005950,n005285,test,
5117,n003081,n000771,test,
5118,n004490,n000003,test,
5119,n002907,n001561,test,
5120,n004860,n003263,test,
5121,n002277,n006684,test,
5122,n003708,n008644,test,
5123,n005178,n001668,test,
5124,n009153,n008201,test,
5125,n006397,n008638,test,
5126,n005304,n002018,test,
5127,n000377,n008794,test,
5128,n004446,n001561,test,
5129,n003729,n007953,test,
5130,n001579,n007323,test,
5131,n005604,n006406,test,
5132,n008328,n003990,test,
5133,n004221,n006783,test,
5134,n004518,n000559,test,
5135,n007103,n008018,test,
5136,n008240,n007677,test,
5137,n005375,n004651,test,
5138,n008546,n004116,test,
5139,n007893,n002316,test,
5140,n003003,n003153,test,
5141,n006752,n003829,test,
5142,n007396,n002075,test,
5143,n008965,n004821,test,
5144,n007970,n003305,test,
5145,n002157,n006376,test,
5146,n003206,n000937,test,
5147,n003596,n004455,test,
5148,n001040,n004872,test,
5149,n007707,n004827,test,
5150,n006453,n005084,test,
5151,n007396,n002642,test,
5152,n008100,n004650,test,
5153,n007913,n002536,test,
5154,n007553,n004226,test,
5155,n000948,n007629,test,
5156,n005601,n005761,test,
5157,n006752,n000773,test,
5158,n008018,n005497,test,
5159,n000080,n001387,test,
5160,n000760,n002012,test,
5161,n007562,n008926,test,
5162,n001213,n008965,test,
5163,n008054,n001288,test,
5164,n006588,n006883,test,
5165,n001039,n008899,test,
5166,n006414,n006131,test,
5167,n007370,n004252,test,
5168,n001097,n000328,test,
5169,n004307,n002222,test,
5170,n004479,n007838,test,
5171,n007142,n005325,test,
5172,n005009,n002368,test,
5173,n002498,n004156,test,
5174,n004640,n006366,test,
5175,n008517,n001096,test,
5176,n008094,n001400,test,
5177,n002017,n007746,test,
5178,n007797,n007214,test,
5179,n006214,n006704,test,
5180,n003681,n007592,test,
5181,n002410,n001831,test,
5182,n009013,n002928,test,
5183,n009008,n003831,test,
5184,n004893,n004504,test,
5185,n007790,n004241,test,
5186,n006498,n006642,test,
5187,n005291,n004128,test,
5188,n008680,n000390,test,
5189,n000693,n004177,test,
5190,n006570,n005075,test,
5191,n005398,n008284,test,
5192,n001580,n003003,test,
5193,n006117,n000444,test,
5194,n001971,n008690,test,
5195,n009158,n003664,test,
5196,n003466,n002355,test,
5197,n000551,n000593,test,
5198,n007572,n005901,test,
5199,n000098,n002006,test,
5200,n002134,n008993,test,
5201,n004629,n006063,test,
5202,n003942,n001790,test,
5203,n009193,n007666,test,
5204,n006039,n003043,test,
5205,n006628,n003330,test,
5206,n004575,n001323,test,
5207,n007516,n008345,test,
5208,n006620,n002510,test,
5209,n002999,n001902,test,
5210,n004159,n003975,test,
5211,n006366,n007772,test,
5212,n007422,n007666,test,
5213,n009247,n007402,test,
5214,n004838,n001536,test,
5215,n002562,n001047,test,
5216,n003397,n002704,test,
5217,n005931,n005605,test,
5218,n004702,n001085,test,
5219,n004167,n001931,test,
5220,n001493,n003776,test,
5221,n009051,n008779,test,
5222,n005812,n004650,test,
5223,n001908,n005133,test,
5224,n009146,n002712,test,
5225,n003225,n004382,test,
5226,n000758,n003181,test,
5227,n000222,n003043,test,
5228,n005494,n000944,test,
5229,n001985,n007889,test,
5230,n007069,n004446,test,
5231,n008965,n001160,test,
5232,n009223,n008832,test,
5233,n005575,n001804,test,
5234,n004415,n005997,test,
5235,n000266,n003902,test,
5236,n006137,n008189,test,
5237,n008815,n009264,test,
5238,n002865,n006754,test,
5239,n001737,n009137,test,
5240,n006913,n000271,test,
5241,n007038,n009234,test,
5242,n001393,n004167,test,
5243,n001214,n005127,test,
5244,n006453,n006731,test,
5245,n005130,n006669,test,
5246,n001457,n005644,test,
5247,n003884,n000565,test,
5248,n007987,n003409,test,
5249,n006541,n008840,test,
5250,n006135,n000611,test,
5251,n007958,n004348,test,
5252,n003957,n007740,test,
5253,n008061,n007730,test,
5254,n005127,n005084,test,
5255,n006600,n004311,test,
5256,n006000,n005855,test,
5257,n008236,n001457,test,
5258,n002175,n007746,test,
5259,n003911,n005713,test,
5260,n004249,n006608,test,
5261,n008163,n002331,test,
5262,n002867,n008411,test,
5263,n001949,n000192,test,
5264,n004874,n005616,test,
5265,n008951,n008975,test,
5266,n005089,n001397,test,
5267,n002831,n007224,test,
5268,n008162,n001908,test,
5269,n005378,n001090,test,
5270,n000671,n007782,test,
5271,n003677,n005447,test,
5272,n007344,n001540,test,
5273,n007232,n004065,test,
5274,n006077,n008960,test,
5275,n004446,n000983,test,
5276,n008698,n003604,test,
5277,n007069,n001703,test,
5278,n008515,n001543,test,
5279,n008186,n008734,test,
5280,n003556,n003062,test,
5281,n005853,n003272,test,
5282,n001802,n005056,test,
5283,n000398,n005060,test,
5284,n000096,n005605,test,
5285,n004852,n000700,test,
5286,n008058,n001763,test,
5287,n006227,n004641,test,
5288,n002831,n008263,test,
5289,n001201,n000593,test,
5290,n005511,n004268,test,
5291,n004340,n004413,test,
5292,n009137,n002148,test,
5293,n008949,n000416,test,
5294,n003209,n007740,test,
5295,n001931,n000966,test,
5296,n000335,n003015,test,
5297,n005594,n003553,test,
5298,n000395,n001251,test,
5299,n005901,n002563,test,
5300,n004347,n006406,test,
5301,n003977,n006878,test,
5302,n001729,n006349,test,
5303,n004307,n004156,test,
5304,n007772,n000314,test,
5305,n003883,n004395,test,
5306,n003619,n004893,test,
5307,n000070,n008455,test,
5308,n006911,n002563,test,
5309,n006600,n001813,test,
5310,n004636,n002573,test,
5311,n008137,n000565,test,
5312,n007150,n007197,test,
5313,n007225,n000794,test,
5314,n000093,n001675,test,
5315,n005616,n003200,test,
5316,n002231,n004382,test,
5317,n003204,n002387,test,
5318,n008683,n000577,test,
5319,n001178,n009164,test,
5320,n006307,n000416,test,
5321,n002790,n000085,test,
5322,n000793,n003757,test,
5323,n005106,n002573,test,
5324,n001926,n001805,test,
5325,n001835,n002994,test,
5326,n002512,n000120,test,
5327,n008233,n008425,test,
5328,n008734,n001813,test,
5329,n005634,n000666,test,
5330,n003887,n000759,test,
5331,n003732,n005822,test,
5332,n002528,n005106,test,
5333,n003887,n009230,test,
5334,n000937,n009219,test,
5335,n009032,n003077,test,
5336,n001802,n006284,test,
5337,n004077,n003677,test,
5338,n001990,n007005,test,
5339,n007830,n006669,test,
5340,n008760,n001112,test,
5341,n000966,n006003,test,
5342,n006250,n008411,test,
5343,n000222,n004076,test,
5344,n003206,n006955,test,
5345,n004156,n003900,test,
5346,n001880,n001883,test,
5347,n008154,n006453,test,
5348,n006910,n004249,test,
5349,n005258,n004142,test,
5350,n007224,n007591,test,
5351,n007980,n007148,test,
5352,n003938,n000931,test,
5353,n003562,n000680,test,
5354,n004302,n002111,test,
5355,n001555,n002075,test,
5356,n002563,n001499,test,
5357,n009021,n003366,test,
5358,n001737,n008107,test,
5359,n004345,n004115,test,
5360,n006291,n000449,test,
5361,n005270,n003887,test,
5362,n002790,n004839,test,
5363,n006913,n001958,test,
5364,n005419,n003998,test,
5365,n000030,n008061,test,
5366,n001102,n006628,test,
5367,n006906,n006557,test,
5368,n001003,n006118,test,
5369,n001397,n005239,test,
5370,n008624,n007958,test,
5371,n005109,n002055,test,
5372,n000568,n003280,test,
5373,n007103,n006911,test,
5374,n001999,n008243,test,
5375,n002006,n002403,test,
5376,n001763,n008480,test,
5377,n003280,n007802,test,
5378,n002054,n005476,test,
5379,n002196,n008428,test,
5380,n002999,n003965,test,
5381,n007275,n005224,test,
5382,n006200,n008648,test,
5383,n004271,n004823,test,
5384,n006749,n008698,test,
5385,n008794,n006748,test,
5386,n000700,n006358,test,
5387,n004575,n004069,test,
5388,n006284,n007511,test,
5389,n003772,n002981,test,
5390,n007926,n005291,test,
5391,n007770,n004554,test,
5392,n006251,n007545,test,
5393,n006675,n006426,test,
5394,n002271,n003608,test,
5395,n004493,n007748,test,
5396,n007455,n006613,test,
5397,n001703,n008564,test,
5398,n000087,n006766,test,
5399,n006108,n002004,test,
5400,n007884,n005375,test,
5401,n007125,n007828,test,
5402,n000164,n003432,test,
5403,n004821,n003689,test,
5404,n006911,n008089,test,
5405,n003492,n003489,test,
5406,n004927,n001604,test,
5407,n006879,n002536,test,
5408,n005102,n000386,test,
5409,n004046,n002294,test,
5410,n007830,n000760,test,
5411,n000809,n005355,test,
5412,n004401,n000344,test,
5413,n006522,n008750,test,
5414,n001307,n004587,test,
5415,n001520,n000179,test,
5416,n007005,n006415,test,
5417,n008218,n006960,test,
5418,n003153,n001601,test,
5419,n002185,n002544,test,
5420,n001003,n004965,test,
5421,n009091,n005931,test,
5422,n001542,n005826,test,
5423,n003443,n003998,test,
5424,n003006,n004904,test,
5425,n005339,n002406,test,
5426,n000640,n002932,test,
5427,n002344,n008739,test,
5428,n005853,n004076,test,
5429,n004347,n005986,test,
5430,n007161,n007242,test,
5431,n006364,n003681,test,
5432,n006354,n008977,test,
5433,n003801,n006669,test,
5434,n009192,n000793,test,
5435,n007958,n008982,test,
5436,n001668,n008835,test,
5437,n002011,n006916,test,
5438,n008607,n000142,test,
5439,n006061,n001583,test,
5440,n006755,n001559,test,
5441,n007142,n001048,test,
5442,n007592,n006731,test,
5443,n003615,n000935,test,
5444,n004575,n000344,test,
5445,n004592,n001614,test,
5446,n000598,n002020,test,
5447,n008563,n008420,test,
5448,n007958,n006669,test,
5449,n001244,n006704,test,
5450,n001614,n006595,test,
5451,n008307,n008809,test,
5452,n005203,n004159,test,
5453,n004904,n003366,test,
5454,n005106,n003659,test,
5455,n001286,n006499,test,
5456,n002346,n001091,test,
5457,n002056,n004231,test,
5458,n006851,n000974,test,
5459,n002200,n007790,test,
5460,n000280,n005771,test,
5461,n003191,n005130,test,
5462,n001535,n008354,test,
5463,n006669,n008278,test,
5464,n000593,n006960,test,
5465,n008535,n007980,test,
5466,n002537,n004725,test,
5467,n007516,n008644,test,
5468,n003701,n006901,test,
5469,n000558,n004605,test,
5470,n001673,n004847,test,
5471,n003783,n003634,test,
5472,n005152,n007730,test,
5473,n002610,n004904,test,
5474,n001391,n003264,test,
5475,n006217,n001004,test,
5476,n000809,n005644,test,
5477,n006621,n007222,test,
5478,n004018,n007066,test,
5479,n004702,n003114,test,
5480,n006029,n002331,test,
5481,n008089,n006969,test,
5482,n002512,n002737,test,
5483,n009041,n004606,test,
5484,n009230,n008779,test,
5485,n003673,n002932,test,
5486,n005224,n001213,test,
5487,n000809,n007098,test,
5488,n001852,n000956,test,
5489,n006643,n005976,test,
5490,n007781,n003153,test,
5491,n003439,n007677,test,
5492,n001861,n007562,test,
5493,n008284,n008936,test,
5494,n009110,n002928,test,
5495,n003975,n001004,test,
5496,n003831,n006280,test,
5497,n008502,n001440,test,
5498,n004674,n008779,test,
5499,n000983,n004535,test,
5500,n002639,n004420,test,
5501,n005224,n006298,test,
5502,n008520,n008993,test,
5503,n002183,n006969,test,
5504,n000593,n001397,test,
5505,n002582,n001500,test,
5506,n003445,n004151,test,
5507,n005716,n005865,test,
5508,n000718,n007738,test,
5509,n009031,n004506,test,
5510,n001201,n007545,test,
5511,n003189,n005999,test,
5512,n002056,n003713,test,
5513,n007913,n004529,test,
5514,n007486,n007743,test,
5515,n002151,n004554,test,
5516,n003823,n006911,test,
5517,n005027,n000469,test,
5518,n005935,n006699,test,
5519,n000495,n003695,test,
5520,n002026,n005507,test,
5521,n000992,n006145,test,
5522,n003128,n001864,test,
5523,n009138,n006473,test,
5524,n005484,n004965,test,
5525,n001203,n007103,test,
5526,n009220,n003459,test,
5527,n001980,n003399,test,
5528,n000558,n003446,test,
5529,n003344,n002270,test,
5530,n004681,n003204,test,
5531,n001815,n006759,test,
5532,n008719,n000769,test,
5533,n005281,n005775,test,
5534,n007917,n006002,test,
5535,n008411,n003063,test,
5536,n002185,n008425,test,
5537,n006961,n007883,test,
5538,n004906,n001600,test,
5539,n003619,n000397,test,
5540,n006320,n002537,test,
5541,n001047,n006415,test,
5542,n006212,n002994,test,
5543,n004830,n006061,test,
5544,n001027,n007233,test,
5545,n007577,n002296,test,
5546,n009202,n003609,test,
5547,n002505,n000069,test,
5548,n006131,n001124,test,
5549,n005008,n007222,test,
5550,n008189,n000553,test,
5551,n003200,n008408,test,
5552,n005539,n007471,test,
5553,n000640,n003489,test,
5554,n008420,n007801,test,
5555,n005169,n004249,test,
5556,n003263,n003313,test,
5557,n009237,n003459,test,
5558,n002573,n004074,test,
5559,n002544,n000655,test,
5560,n009013,n000484,test,
5561,n003539,n000115,test,
5562,n008793,n007826,test,
5563,n005296,n001989,test,
5564,n002032,n000318,test,
5565,n000328,n001614,test,
5566,n002129,n009163,test,
5567,n001559,n001040,test,
5568,n006181,n005152,test,
5569,n001375,n005424,test,
5570,n000851,n004859,test,
5571,n000365,n002270,test,
5572,n005901,n003038,test,
5573,n007467,n007136,test,
5574,n004859,n005901,test,
5575,n004395,n000632,test,
5576,n003693,n004688,test,
5577,n000693,n005497,test,
5578,n007689,n006904,test,
5579,n007983,n008345,test,
5580,n002056,n006220,test,
5581,n003485,n000349,test,
5582,n002898,n006642,test,
5583,n000577,n004340,test,
5584,n005024,n001580,test,
5585,n005749,n001027,test,
5586,n007312,n002449,test,
5587,n004730,n008632,test,
5588,n004493,n002327,test,
5589,n001835,n002528,test,
5590,n002076,n005531,test,
5591,n008431,n007344,test,
5592,n004348,n004515,test,
5593,n007879,n006764,test,
5594,n003562,n005846,test,
5595,n001986,n007341,test,
5596,n007286,n000827,test,
5597,n006882,n004938,test,
5598,n005170,n006037,test,
5599,n007344,n007846,test,
5600,n004347,n004735,test,
5601,n001554,n004606,test,
5602,n003243,n008284,test,
5603,n002621,n006795,test,
5604,n004966,n008847,test,
5605,n004955,n007782,test,
5606,n001938,n006039,test,
5607,n009138,n008818,test,
5608,n003043,n000142,test,
5609,n001288,n002464,test,
5610,n001906,n007064,test,
5611,n004046,n000316,test,
5612,n004696,n004302,test,
5613,n008768,n000653,test,
5614,n003842,n007004,test,
5615,n000568,n006369,test,
5616,n009131,n006043,test,
5617,n007743,n002075,test,
5618,n003729,n008831,test,
5619,n006440,n005481,test,
5620,n007453,n003019,test,
5621,n008517,n005822,test,
5622,n008263,n002350,test,
5623,n003617,n003863,test,
5624,n000121,n007184,test,
5625,n006621,n005771,test,
5626,n001208,n007893,test,
5627,n007427,n006388,test,
5628,n006766,n003608,test,
5629,n001635,n000179,test,
5630,n006852,n004907,test,
5631,n007069,n001221,test,
5632,n007690,n005379,test,
5633,n005258,n006369,test,
5634,n002403,n000089,test,
5635,n003650,n008243,test,
5636,n003931,n007827,test,
5637,n003443,n001039,test,
5638,n003761,n000831,test,
5639,n004659,n005578,test,
5640,n006024,n007213,test,
5641,n008137,n006824,test,
5642,n005501,n002350,test,
5643,n000395,n004311,test,
5644,n002382,n006588,test,
5645,n003260,n008818,test,
5646,n004651,n007720,test,
5647,n000966,n006118,test,
5648,n001079,n000089,test,
5649,n002076,n008926,test,
5650,n007544,n008137,test,
5651,n002623,n002171,test,
5652,n004827,n007135,test,
5653,n002420,n006145,test,
5654,n006577,n004287,test,
5655,n007596,n002498,test,
5656,n003445,n008742,test,
5657,n003694,n005594,test,
5658,n000769,n001366,test,
5659,n001416,n006641,test,
5660,n005986,n001355,test,
5661,n005059,n001582,test,
5662,n004226,n008444,test,
5663,n004575,n006307,test,
5664,n008018,n007005,test,
5665,n001588,n006227,test,
5666,n008779,n008066,test,
5667,n007591,n003971,test,
5668,n005511,n003987,test,
5669,n006237,n005507,test,
5670,n004865,n007754,test,
5671,n004607,n002522,test,
5672,n001268,n006759,test,
5673,n004901,n001134,test,
5674,n005331,n006366,test,
5675,n003601,n002405,test,
5676,n007391,n000164,test,
5677,n000948,n007336,test,
5678,n001924,n004116,test,
5679,n003235,n004689,test,
5680,n005547,n001387,test,
5681,n005494,n008720,test,
5682,n001835,n005204,test,
5683,n005598,n007566,test,
5684,n007356,n009243,test,
5685,n006696,n003453,test,
5686,n008362,n002138,test,
5687,n007656,n006699,test,
5688,n002129,n000083,test,
5689,n003596,n007586,test,
5690,n003919,n003189,test,
5691,n000793,n007720,test,
5692,n003080,n001646,test,
5693,n005378,n003693,test,
5694,n006352,n002253,test,
5695,n007802,n005595,test,
5696,n005596,n005492,test,
5697,n008434,n005715,test,
5698,n006212,n005715,test,
5699,n008992,n002754,test,
5700,n003776,n002331,test,
5701,n003693,n007005,test,
5702,n009223,n002032,test,
5703,n001542,n003209,test,
5704,n003783,n006284,test,
5705,n004531,n003957,test,
5706,n003811,n005830,test,
5707,n008945,n000979,test,
5708,n005058,n000395,test,
5709,n006063,n006069,test,
5710,n005507,n000588,test,
5711,n003757,n006809,test,
5712,n008683,n002706,test,
5713,n007259,n000085,test,
5714,n001520,n000494,test,
5715,n002928,n003397,test,
5716,n003868,n008098,test,
5717,n005106,n001039,test,
5718,n003979,n005307,test,
5719,n005719,n008302,test,
5720,n002387,n004786,test,
5721,n005307,n004966,test,
5722,n006755,n007681,test,
5723,n003428,n000008,test,
5724,n006787,n001383,test,
5725,n005865,n001540,test,
5726,n001822,n008494,test,
5727,n000793,n000568,test,
5728,n005264,n004966,test,
5729,n001520,n000380,test,
5730,n007513,n006677,test,
5731,n006728,n007455,test,
5732,n007760,n001036,test,
5733,n006753,n007596,test,
5734,n001235,n003939,test,
5735,n005971,n006228,test,
5736,n000067,n008524,test,
5737,n007242,n002324,test,
5738,n006699,n003876,test,
5739,n002831,n002076,test,
5740,n001152,n006318,test,
5741,n008975,n003204,test,
5742,n005601,n004317,test,
5743,n001052,n009163,test,
5744,n006759,n008666,test,
5745,n000863,n004061,test,
5746,n005325,n001864,test,
5747,n009219,n000793,test,
5748,n003979,n000559,test,
5749,n008830,n008734,test,
5750,n004069,n005484,test,
5751,n003466,n008720,test,
5752,n004016,n003344,test,
5753,n001152,n007642,test,
5754,n002754,n006040,test,
5755,n004125,n000827,test,
5756,n006114,n003556,test,
5757,n001016,n000071,test,
5758,n000698,n003960,test,
5759,n001424,n007091,test,
5760,n000316,n003174,test,
5761,n004554,n003777,test,
5762,n006074,n001307,test,
5763,n005853,n005127,test,
5764,n003124,n007202,test,
5765,n002387,n001871,test,
5766,n001258,n006901,test,
5767,n003489,n008201,test,
5768,n005634,n003701,test,
5769,n006214,n004016,test,
5770,n003689,n004592,test,
5771,n008690,n008698,test,
5772,n001852,n006220,test,
5773,n002642,n001787,test,
5774,n004649,n001286,test,
5775,n008340,n003219,test,
5776,n001951,n002748,test,
5777,n000698,n005161,test,
5778,n005826,n007738,test,
5779,n002129,n004018,test,
5780,n006613,n005341,test,
5781,n005204,n003225,test,
5782,n000272,n004636,test,
5783,n004270,n001873,test,
5784,n008480,n003562,test,
5785,n001748,n000357,test,
5786,n003479,n000355,test,
5787,n004988,n002310,test,
5788,n002018,n002527,test,
5789,n002510,n002722,test,
5790,n006906,n002145,test,
5791,n005901,n002410,test,
5792,n008502,n009183,test,
5793,n002018,n005378,test,
5794,n005971,n004747,test,
5795,n008302,n002582,test,
5796,n001488,n005484,test,
5797,n002270,n003280,test,
5798,n004132,n008340,test,
5799,n006882,n008524,test,
5800,n008831,n002350,test,
5801,n009171,n004838,test,
5802,n001544,n004074,test,
5803,n006453,n006507,test,
5804,n007666,n008570,test,
5805,n004273,n004189,test,
5806,n000216,n001233,test,
5807,n008960,n001493,test,
5808,n008024,n001323,test,
5809,n004478,n002051,test,
5810,n000956,n005270,test,
5811,n003043,n006536,test,
5812,n006320,n001620,test,
5813,n002913,n005905,test,
5814,n009109,n003243,test,
5815,n005874,n001431,test,
5816,n007772,n005331,test,
5817,n000017,n009136,test,
5818,n002872,n006118,test,
5819,n007690,n004786,test,
5820,n006480,n008352,test,
5821,n001258,n003981,test,
5822,n008977,n008698,test,
5823,n005649,n001926,test,
5824,n007800,n006901,test,
5825,n001122,n003067,test,
5826,n002642,n002909,test,
5827,n006135,n008188,test,
5828,n005415,n007670,test,
5829,n002196,n004504,test,
5830,n008570,n004742,test,
5831,n001876,n005202,test,
5832,n002011,n008570,test,
5833,n003664,n007362,test,
5834,n001203,n007879,test,
5835,n006600,n003059,test,
5836,n007887,n003371,test,
5837,n004651,n004444,test,
5838,n005332,n006004,test,
5839,n001265,n008408,test,
5840,n007917,n001258,test,
5841,n008524,n004871,test,
5842,n007545,n006600,test,
5843,n004692,n003297,test,
5844,n005713,n007376,test,
5845,n000911,n001440,test,
5846,n003773,n002748,test,
5847,n006429,n000868,test,
5848,n000449,n004252,test,
5849,n000241,n001036,test,
5850,n005203,n003438,test,
5851,n006480,n007242,test,
5852,n002157,n003975,test,
5853,n007689,n007887,test,
5854,n002405,n006699,test,
5855,n000769,n007729,test,
5856,n005613,n008647,test,
5857,n003855,n008439,test,
5858,n005952,n004869,test,
5859,n003344,n002527,test,
5860,n002787,n000568,test,
5861,n002004,n000705,test,
5862,n002294,n008146,test,
5863,n004907,n006545,test,
5864,n004536,n006074,test,
5865,n003378,n007232,test,
5866,n004427,n000575,test,
5867,n008624,n002468,test,
5868,n008832,n008064,test,
5869,n009074,n007233,test,
5870,n000948,n008278,test,
5871,n006410,n003177,test,
5872,n005728,n002076,test,
5873,n006200,n005999,test,
5874,n006608,n007136,test,
5875,n001579,n007746,test,
5876,n006089,n000453,test,
5877,n009247,n008632,test,
5878,n004956,n008328,test,
5879,n003003,n003659,test,
5880,n001668,n006037,test,
5881,n000441,n005976,test,
5882,n006699,n001821,test,
5883,n004551,n008644,test,
5884,n003732,n008670,test,
5885,n007782,n006113,test,
5886,n003751,n007797,test,
5887,n008058,n008742,test,
5888,n006743,n000355,test,
5889,n002638,n004287,test,
5890,n002054,n006749,test,
5891,n006800,n005268,test,
5892,n000473,n001094,test,
5893,n000398,n005728,test,
5894,n003090,n008061,test,
5895,n006641,n000823,test,
5896,n003664,n004692,test,
5897,n007249,n004008,test,
5898,n008794,n001122,test,
5899,n005494,n004908,test,
5900,n007326,n006783,test,
5901,n000067,n006913,test,
5902,n004893,n004816,test,
5903,n001427,n004901,test,
5904,n008564,n008975,test,
5905,n003944,n005598,test,
5906,n006366,n007033,test,
5907,n002762,n004692,test,
5908,n002160,n008960,test,
5909,n008818,n007391,test,
5910,n000263,n007887,test,
5911,n003466,n004420,test,
5912,n005906,n003248,test,
5913,n008517,n000993,test,
5914,n002505,n008855,test,
5915,n009179,n008975,test,
5916,n007665,n006486,test,
5917,n004159,n008671,test,
5918,n002765,n000163,test,
5919,n005037,n008768,test,
5920,n007917,n003492,test,
5921,n007268,n007670,test,
5922,n006968,n001440,test,
5923,n006684,n000160,test,
5924,n000357,n005366,test,
5925,n007142,n005092,test,
5926,n005058,n000993,test,
5927,n004927,n000263,test,
5928,n009273,n006943,test,
5929,n000559,n006250,test,
5930,n000071,n007341,test,
5931,n005058,n007532,test,
5932,n005671,n002072,test,
5933,n003831,n001036,test,
5934,n007981,n008680,test,
5935,n003992,n005492,test,
5936,n007005,n007453,test,
5937,n002689,n004523,test,
5938,n003204,n008899,test,
5939,n001886,n003193,test,
5940,n007423,n003329,test,
5941,n005161,n003473,test,
5942,n004446,n004871,test,
5943,n006740,n000330,test,
5944,n007683,n009230,test,
5945,n007184,n007232,test,
5946,n007376,n002781,test,
5947,n006685,n005671,test,
5948,n004786,n001090,test,
5949,n007788,n000453,test,
5950,n004302,n004143,test,
5951,n004940,n001027,test,
5952,n008671,n003211,test,
5953,n008739,n005568,test,
5954,n004473,n007938,test,
5955,n008945,n006935,test,
5956,n004061,n004455,test,
5957,n002371,n002012,test,
5958,n003777,n008345,test,
5959,n000876,n004841,test,
5960,n002134,n003975,test,
5961,n004329,n007666,test,
5962,n000551,n007399,test,
5963,n001985,n004872,test,
5964,n005846,n002344,test,
5965,n000271,n008163,test,
5966,n000506,n007938,test,
5967,n004227,n006824,test,
5968,n002340,n003816,test,
5969,n005307,n004427,test,
5970,n000121,n008107,test,
5971,n002298,n003500,test,
5972,n009120,n003300,test,
5973,n009144,n001842,test,
5974,n003922,n002737,test,
5975,n003102,n002171,test,
5976,n001555,n007681,test,
5977,n001825,n002941,test,
5978,n009095,n003772,test,
5979,n005056,n004352,test,
5980,n006228,n006331,test,
5981,n003294,n002151,test,
5982,n004901,n003200,test,
5983,n001802,n004747,test,
5984,n003977,n001520,test,
5985,n006931,n008410,test,
5986,n006641,n003615,test,
5987,n004125,n003729,test,
5988,n003144,n000444,test,
5989,n006003,n002694,test,
5990,n008517,n001676,test,
5991,n003280,n005207,test,
5992,n004823,n005822,test,
5993,n003801,n002510,test,
5994,n006399,n009083,test,
5995,n004287,n006403,test,
5996,n002175,n005207,test,
5997,n002277,n001079,test,
5998,n000460,n007135,test,
5999,n007471,n004808,test,
6000,n002075,n008911,test,
6001,n004018,n000588,test,
6002,n004167,n002157,test,
6003,n006902,n001493,test,
6004,n008968,n001361,test,
6005,n005089,n000070,test,
6006,n004674,n008136,test,
6007,n000568,n005971,test,
6008,n007887,n003188,test,
6009,n007624,n003225,test,
6010,n003428,n004720,test,
6011,n007809,n005843,test,
6012,n002171,n006131,test,
6013,n007396,n003507,test,
6014,n004302,n000823,test,
6015,n005325,n003734,test,
6016,n008252,n005932,test,
6017,n001292,n003103,test,
6018,n000789,n007148,test,
6019,n000831,n008240,test,
6020,n002712,n008866,test,
6021,n005058,n000331,test,
6022,n006037,n005224,test,
6023,n004597,n001887,test,
6024,n006918,n008535,test,
6025,n003382,n002270,test,
6026,n007004,n003366,test,
6027,n003800,n002410,test,
6028,n003680,n004536,test,
6029,n007946,n001835,test,
6030,n002576,n003734,test,
6031,n003965,n006228,test,
6032,n003751,n001604,test,
6033,n004404,n000720,test,
6034,n007711,n000551,test,
6035,n006179,n008586,test,
6036,n004596,n005719,test,
6037,n006677,n008439,test,
6038,n004735,n000563,test,
6039,n001122,n009219,test,
6040,n002111,n006558,test,
6041,n003138,n004170,test,
6042,n001074,n008846,test,
6043,n001496,n001428,test,
6044,n009138,n008236,test,
6045,n006916,n001980,test,
6046,n001554,n008328,test,
6047,n001226,n003878,test,
6048,n008061,n002522,test,
6049,n007562,n004971,test,
6050,n003701,n006135,test,
6051,n005671,n003177,test,
6052,n006117,n003028,test,
6053,n006684,n001393,test,
6054,n004435,n003587,test,
6055,n000971,n004167,test,
6056,n006388,n007711,test,
6057,n000937,n005658,test,
6058,n003636,n004082,test,
6059,n005291,n000219,test,
6060,n006113,n004074,test,
6061,n003903,n000555,test,
6062,n002027,n003776,test,
6063,n002712,n002898,test,
6064,n003453,n008475,test,
6065,n005644,n001333,test,
6066,n005535,n000096,test,
6067,n005342,n002288,test,
6068,n007827,n007344,test,
6069,n005476,n006687,test,
6070,n006759,n007781,test,
6071,n007736,n002340,test,
6072,n000318,n004816,test,
6073,n003121,n001815,test,
6074,n002464,n003124,test,
6075,n004166,n003077,test,
6076,n005979,n008720,test,
6077,n008005,n003534,test,
6078,n005657,n000154,test,
6079,n005616,n000242,test,
6080,n003500,n007259,test,
6081,n003553,n005341,test,
6082,n005843,n000792,test,
6083,n002316,n003489,test,
6084,n001643,n004865,test,
6085,n005431,n005285,test,
6086,n009226,n001579,test,
6087,n000197,n003244,test,
6088,n006613,n001620,test,
6089,n004710,n005054,test,
6090,n002277,n000030,test,
6091,n002366,n008794,test,
6092,n003573,n001173,test,
6093,n007214,n004404,test,
6094,n001268,n007889,test,
6095,n005211,n005540,test,
6096,n001319,n006000,test,
6097,n004156,n000816,test,
6098,n007000,n003327,test,
6099,n001275,n001482,test,
6100,n000823,n006553,test,
6101,n004119,n005171,test,
6102,n008224,n007323,test,
6103,n006902,n005331,test,
6104,n005089,n008100,test,
6105,n009163,n006280,test,
6106,n007443,n007569,test,
6107,n001279,n001288,test,
6108,n006250,n009236,test,
6109,n003440,n000865,test,
6110,n009096,n002907,test,
6111,n003369,n000320,test,
6112,n003564,n004821,test,
6113,n005171,n004702,test,
6114,n006593,n009106,test,
6115,n000312,n003399,test,
6116,n000681,n006231,test,
6117,n006038,n006108,test,
6118,n003339,n008639,test,
6119,n009003,n007526,test,
6120,n005716,n006684,test,
6121,n007989,n003103,test,
6122,n007199,n005420,test,
6123,n000320,n006931,test,
6124,n002204,n003067,test,
6125,n001475,n009144,test,
6126,n008968,n005644,test,
6127,n008680,n006268,test,
6128,n003944,n002062,test,
6129,n002928,n006498,test,
6130,n006352,n007729,test,
6131,n000242,n001327,test,
6132,n005857,n003500,test,
6133,n001774,n005671,test,
6134,n006429,n009089,test,
6135,n001560,n004159,test,
6136,n008068,n006004,test,
6137,n001604,n008263,test,
6138,n007529,n003399,test,
6139,n005424,n005203,test,
6140,n008296,n006613,test,
6141,n003684,n002012,test,
6142,n001731,n006212,test,
6143,n003732,n007800,test,
6144,n004937,n005170,test,
6145,n000645,n001659,test,
6146,n007884,n007126,test,
6147,n004659,n006685,test,
6148,n001545,n006577,test,
6149,n007649,n003692,test,
6150,n002834,n003772,test,
6151,n000758,n000457,test,
6152,n008136,n005109,test,
6153,n008024,n003138,test,
6154,n007454,n004791,test,
6155,n004529,n001648,test,
6156,n003409,n004786,test,
6157,n000120,n001288,test,
6158,n003182,n001744,test,
6159,n005655,n004790,test,
6160,n003294,n006919,test,
6161,n005605,n000948,test,
6162,n002366,n001972,test,
6163,n004132,n004221,test,
6164,n007529,n007326,test,
6165,n002452,n001036,test,
6166,n003198,n002657,test,
6167,n005296,n003030,test,
6168,n001351,n002006,test,
6169,n007871,n003829,test,
6170,n006901,n006003,test,
6171,n002563,n001876,test,
6172,n006332,n003508,test,
6173,n004065,n003759,test,
6174,n003534,n003231,test,
6175,n006740,n004311,test,
6176,n009008,n001980,test,
6177,n004287,n009190,test,
6178,n006351,n008920,test,
6179,n008306,n004249,test,
6180,n001226,n003693,test,
6181,n004927,n003732,test,
6182,n000754,n006919,test,
6183,n008066,n000380,test,
6184,n001564,n000517,test,
6185,n005567,n009239,test,
6186,n002639,n008192,test,
6187,n006131,n005019,test,
6188,n003006,n002929,test,
6189,n002528,n002008,test,
6190,n003466,n000156,test,
6191,n000169,n003464,test,
6192,n002913,n002726,test,
6193,n009035,n008005,test,
6194,n004003,n008328,test,
6195,n004791,n004988,test,
6196,n003402,n005797,test,
6197,n006394,n002621,test,
6198,n003328,n009231,test,
6199,n004272,n005224,test,
6200,n007754,n001813,test,
6201,n006227,n008122,test,
6202,n002826,n003103,test,
6203,n005537,n001134,test,
6204,n001543,n006759,test,
6205,n000098,n008439,test,
6206,n007735,n007828,test,
6207,n001813,n008564,test,
6208,n004345,n000280,test,
6209,n006101,n004830,test,
6210,n004747,n007388,test,
6211,n005547,n006002,test,
6212,n007486,n004348,test,
6213,n004342,n008993,test,
6214,n007801,n000758,test,
6215,n009234,n002748,test,
6216,n007187,n004991,test,
6217,n005007,n008054,test,
6218,n003357,n008644,test,
6219,n002298,n004529,test,
6220,n007618,n003397,test,
6221,n009205,n004270,test,
6222,n003264,n004115,test,
6223,n000243,n001175,test,
6224,n003634,n004940,test,
6225,n001561,n003664,test,
6226,n000741,n005539,test,
6227,n002484,n009035,test,
6228,n009091,n005084,test,
6229,n000971,n004629,test,
6230,n000583,n009083,test,
6231,n001160,n001274,test,
6232,n003905,n004908,test,
6233,n007677,n007529,test,
6234,n002387,n009259,test,
6235,n005598,n008162,test,
6236,n003443,n005419,test,
6237,n006536,n005420,test,
6238,n007379,n006366,test,
6239,n002415,n003990,test,
6240,n000192,n000179,test,
6241,n001333,n005797,test,
6242,n007148,n002886,test,
6243,n005019,n002826,test,
6244,n004061,n000750,test,
6245,n002638,n006040,test,
6246,n006931,n002320,test,
6247,n006406,n006600,test,
6248,n000344,n006152,test,
6249,n005424,n003399,test,
6250,n002872,n002311,test,
6251,n003067,n003689,test,
6252,n003272,n006589,test,
6253,n004906,n003701,test,
6254,n008563,n008648,test,
6255,n007289,n001213,test,
6256,n003090,n004816,test,
6257,n007569,n006934,test,
6258,n003634,n005342,test,
6259,n005102,n008306,test,
6260,n006675,n002198,test,
6261,n008819,n006790,test,
6262,n001428,n007513,test,
6263,n009231,n008005,test,
6264,n007666,n004901,test,
6265,n008643,n001864,test,
6266,n006288,n007577,test,
6267,n000135,n005613,test,
6268,n000320,n002904,test,
6269,n002058,n008236,test,
6270,n006512,n001973,test,
6271,n001241,n008384,test,
6272,n002842,n003476,test,
6273,n005540,n005671,test,
6274,n007653,n001747,test,
6275,n001176,n006401,test,
6276,n007213,n001542,test,
6277,n000163,n008818,test,
6278,n000931,n005307,test,
6279,n002368,n003671,test,
6280,n006339,n006961,test,
6281,n007020,n002075,test,
6282,n006351,n002528,test,
6283,n001871,n003857,test,
6284,n000377,n006512,test,
6285,n002505,n007000,test,
6286,n002484,n002331,test,
6287,n004143,n000545,test,
6288,n000577,n005537,test,
6289,n002288,n006101,test,
6290,n006913,n006754,test,
6291,n000693,n004345,test,
6292,n000222,n004808,test,
6293,n004236,n006526,test,
6294,n006692,n004345,test,
6295,n006032,n002865,test,
6296,n005712,n001292,test,
6297,n005296,n005999,test,
6298,n003438,n007998,test,
6299,n003344,n004062,test,
6300,n000312,n000044,test,
6301,n008834,n004159,test,
6302,n008739,n006152,test,
6303,n008263,n007981,test,
6304,n004814,n001774,test,
6305,n002527,n000350,test,
6306,n001877,n001214,test,
6307,n006890,n003219,test,
6308,n006588,n006040,test,
6309,n005857,n003081,test,
6310,n009032,n004270,test,
6311,n003476,n006227,test,
6312,n005901,n001251,test,
6313,n004125,n008068,test,
6314,n001004,n007144,test,
6315,n007199,n005022,test,
6316,n004490,n006624,test,
6317,n005567,n005210,test,
6318,n005986,n006620,test,
6319,n001213,n003294,test,
6320,n005535,n001319,test,
6321,n006108,n007642,test,
6322,n001877,n008734,test,
6323,n007696,n006238,test,
6324,n000703,n001543,test,
6325,n007649,n002054,test,
6326,n007720,n008670,test,
6327,n007388,n002183,test,
6328,n003243,n000314,test,
6329,n004934,n006145,test,
6330,n005102,n003823,test,
6331,n009037,n005218,test,
6332,n004629,n000666,test,
6333,n001286,n008098,test,
6334,n001472,n001822,test,
6335,n004730,n007232,test,
6336,n004935,n001023,test,
6337,n002512,n004816,test,
6338,n000085,n006541,test,
6339,n000597,n005874,test,
6340,n007189,n007069,test,
6341,n007642,n007511,test,
6342,n008982,n008832,test,
6343,n005736,n000330,test,
6344,n008727,n004142,test,
6345,n004395,n004189,test,
6346,n002054,n002006,test,
6347,n002062,n005019,test,
6348,n000392,n008926,test,
6349,n000115,n006675,test,
6350,n003294,n000243,test,
6351,n007592,n002826,test,
6352,n003066,n001826,test,
6353,n004105,n006687,test,
6354,n004682,n001496,test,
6355,n009003,n009008,test,
6356,n004004,n005007,test,
6357,n006227,n006692,test,
6358,n004839,n000142,test,
6359,n006318,n007199,test,
6360,n000551,n004446,test,
6361,n003816,n000655,test,
6362,n008444,n004877,test,
6363,n005945,n002871,test,
6364,n002551,n007696,test,
6365,n008641,n005604,test,
6366,n008750,n001999,test,
6367,n001367,n003344,test,
6368,n002041,n004587,test,
6369,n007516,n008094,test,
6370,n005765,n003965,test,
6371,n008977,n004747,test,
6372,n004535,n005983,test,
6373,n008563,n007883,test,
6374,n000355,n006874,test,
6375,n000703,n002849,test,
6376,n000703,n005905,test,
6377,n006669,n005089,test,
6378,n008302,n002826,test,
6379,n000754,n000718,test,
6380,n001967,n004956,test,
6381,n007069,n004821,test,
6382,n008899,n003990,test,
6383,n007125,n005716,test,
6384,n004791,n001319,test,
6385,n006137,n003219,test,
6386,n003608,n006024,test,
6387,n006910,n005203,test,
6388,n006074,n008171,test,
6389,n003878,n002294,test,
6390,n004692,n007066,test,
6391,n003238,n003067,test,
6392,n008136,n006288,test,
6393,n001407,n006039,test,
6394,n006754,n006000,test,
6395,n005008,n003369,test,
6396,n003965,n001428,test,
6397,n001044,n007707,test,
6398,n002148,n004938,test,
6399,n004337,n008030,test,
6400,n002056,n002582,test,
6401,n008002,n000120,test,
6402,n007098,n004125,test,
6403,n006809,n001319,test,
6404,n006588,n008834,test,
6405,n003609,n005211,test,
6406,n007511,n003922,test,
6407,n004329,n007289,test,
6408,n003066,n002331,test,
6409,n002270,n004908,test,
6410,n006122,n008955,test,
6411,n001325,n004413,test,
6412,n007740,n006320,test,
6413,n001903,n003883,test,
6414,n001709,n002904,test,
6415,n008680,n008249,test,
6416,n003191,n002327,test,
6417,n002025,n002145,test,
6418,n003063,n003689,test,
6419,n002909,n008100,test,
6420,n004069,n008481,test,
6421,n005655,n001023,test,
6422,n004780,n001514,test,
6423,n003225,n003584,test,
6424,n007443,n003519,test,
6425,n008794,n005331,test,
6426,n008719,n002449,test,
6427,n004218,n006388,test,
6428,n002355,n008815,test,
6429,n001554,n007376,test,
6430,n005613,n000550,test,
6431,n007983,n004871,test,
6432,n004935,n004227,test,
6433,n003062,n007275,test,
6434,n005863,n000169,test,
6435,n008927,n000318,test,
6436,n000680,n008720,test,
6437,n004871,n001520,test,
6438,n001096,n009013,test,
6439,n008750,n008481,test,
6440,n007760,n008146,test,
6441,n006074,n009081,test,
6442,n007199,n001288,test,
6443,n007830,n000160,test,
6444,n007214,n005133,test,
6445,n005812,n000792,test,
6446,n007544,n000567,test,
6447,n006380,n004869,test,
6448,n003757,n008190,test,
6449,n001142,n003816,test,
6450,n001365,n002563,test,
6451,n005511,n004094,test,
6452,n004455,n003773,test,
6453,n002403,n003043,test,
6454,n002027,n000386,test,
6455,n005130,n007596,test,
6456,n005497,n004143,test,
6457,n001646,n000844,test,
6458,n003343,n001515,test,
6459,n007395,n007483,test,
6460,n008837,n007224,test,
6461,n008739,n005038,test,
6462,n009144,n002051,test,
6463,n008537,n000558,test,
6464,n008607,n007770,test,
6465,n005849,n006363,test,
6466,n008190,n008830,test,
6467,n000365,n008690,test,
6468,n003604,n000335,test,
6469,n008190,n004191,test,
6470,n000398,n004065,test,
6471,n008298,n008831,test,
6472,n005268,n007399,test,
6473,n006708,n003066,test,
6474,n000441,n003615,test,
6475,n006874,n006912,test,
6476,n004587,n008715,test,
6477,n001585,n003440,test,
6478,n008481,n003464,test,
6479,n004706,n002183,test,
6480,n005218,n006003,test,
6481,n007970,n006352,test,
6482,n004148,n001213,test,
6483,n003042,n007302,test,
6484,n003428,n000551,test,
6485,n004076,n001416,test,
6486,n000402,n005950,test,
6487,n008826,n001355,test,
6488,n006095,n003995,test,
6489,n004781,n004212,test,
6490,n003508,n000693,test,
6491,n002798,n006595,test,
6492,n004852,n000242,test,
6493,n002058,n001428,test,
6494,n005382,n003181,test,
6495,n006399,n004076,test,
6496,n005384,n008420,test,
6497,n007772,n007526,test,
6498,n004512,n002231,test,
6499,n001648,n002826,test,
6500,n004615,n001390,test,
6501,n006476,n007562,test,
6502,n006288,n006069,test,
6503,n000457,n005033,test,
6504,n000760,n000329,test,
6505,n000008,n000110,test,
6506,n002148,n002420,test,
6507,n005060,n004287,test,
6508,n006369,n002781,test,
6509,n007422,n002706,test,
6510,n008307,n002359,test,
6511,n008727,n009205,test,
6512,n000087,n000809,test,
6513,n006089,n007422,test,
6514,n002505,n008136,test,
6515,n007946,n002762,test,
6516,n005540,n003188,test,
6517,n005976,n001579,test,
6518,n008855,n005007,test,
6519,n002509,n003440,test,
6520,n004980,n001877,test,
6521,n008260,n001221,test,
6522,n000551,n006029,test,
6523,n003090,n003900,test,
6524,n006135,n000120,test,
6525,n008218,n005009,test,
6526,n002054,n001482,test,
6527,n006774,n003687,test,
6528,n004125,n003015,test,
6529,n003124,n001036,test,
6530,n005447,n001821,test,
6531,n002134,n004955,test,
6532,n000003,n003056,test,
6533,n008306,n006124,test,
6534,n007225,n005202,test,
6535,n008475,n007696,test,
6536,n001737,n005531,test,
6537,n009032,n000643,test,
6538,n000823,n006589,test,
6539,n008122,n004347,test,
6540,n002602,n008965,test,
6541,n004922,n008831,test,
6542,n005059,n004939,test,
6543,n005161,n008018,test,
6544,n003885,n005447,test,
6545,n005761,n008098,test,
6546,n007782,n004991,test,
6547,n001016,n003722,test,
6548,n008683,n004226,test,
6549,n009109,n006410,test,
6550,n007005,n000268,test,
6551,n001601,n009171,test,
6552,n001693,n003742,test,
6553,n002776,n007707,test,
6554,n003440,n001424,test,
6555,n002366,n004653,test,
6556,n003250,n007772,test,
6557,n003438,n001870,test,
6558,n004649,n006145,test,
6559,n000121,n004194,test,
6560,n006624,n003734,test,
6561,n008815,n006125,test,
6562,n001787,n007867,test,
6563,n003248,n003564,test,
6564,n002798,n005296,test,
6565,n005822,n003111,test,
6566,n004869,n002929,test,
6567,n007737,n006429,test,
6568,n009223,n007126,test,
6569,n006541,n009171,test,
6570,n001096,n001079,test,
6571,n006339,n005507,test,
6572,n000276,n007596,test,
6573,n005932,n004730,test,
6574,n006220,n008688,test,
6575,n006095,n002528,test,
6576,n009196,n006620,test,
6577,n002171,n002361,test,
6578,n001790,n005494,test,
6579,n003957,n005605,test,
6580,n004587,n000495,test,
6581,n008816,n006943,test,
6582,n006758,n006415,test,
6583,n007362,n007953,test,
6584,n006250,n007586,test,
6585,n004990,n006624,test,
6586,n003117,n008447,test,
6587,n003911,n008837,test,
6588,n004194,n005375,test,
6589,n000759,n005339,test,
6590,n005826,n005976,test,
6591,n001972,n000096,test,
6592,n002928,n008671,test,
6593,n004291,n008677,test,
6594,n007995,n001729,test,
6595,n006280,n001604,test,
6596,n001203,n003343,test,
6597,n002403,n003339,test,
6598,n004404,n003043,test,
6599,n005178,n007637,test,
6600,n006603,n004734,test,
6601,n002522,n008638,test,
6602,n004681,n005239,test,
6603,n003857,n005019,test,
6604,n002311,n001244,test,
6605,n002872,n001040,test,
6606,n004518,n001124,test,
6607,n003030,n007396,test,
6608,n008428,n006809,test,
6609,n002527,n006220,test,
6610,n003306,n001711,test,
6611,n000563,n002003,test,
6612,n000335,n006318,test,
6613,n000993,n001208,test,
6614,n000180,n004455,test,
6615,n008243,n006002,test,
6616,n000003,n001717,test,
6617,n006768,n003153,test,
6618,n002505,n002754,test,
6619,n008624,n008249,test,
6620,n008524,n006354,test,
6621,n006545,n005540,test,
6622,n002488,n005089,test,
6623,n003648,n000760,test,
6624,n004597,n003121,test,
6625,n001871,n005420,test,
6626,n005658,n004340,test,
6627,n007773,n006358,test,
6628,n006181,n000971,test,
6629,n001988,n004121,test,
6630,n004231,n001212,test,
6631,n001614,n008834,test,
6632,n001048,n005171,test,
6633,n001744,n002898,test,
6634,n003125,n004177,test,
6635,n000329,n004183,test,
6636,n004871,n003391,test,
6637,n007142,n003209,test,
6638,n003262,n002111,test,
6639,n000494,n003960,test,
6640,n008642,n001805,test,
6641,n008326,n001496,test,
6642,n000314,n008012,test,
6643,n005644,n000397,test,
6644,n001717,n007066,test,
6645,n002776,n009196,test,
6646,n003260,n005178,test,
6647,n005511,n002704,test,
6648,n009110,n007705,test,
6649,n004880,n006101,test,
6650,n000640,n005130,test,
6651,n004142,n004880,test,
6652,n006643,n000671,test,
6653,n007467,n008951,test,
6654,n002694,n002100,test,
6655,n008641,n002271,test,
6656,n006943,n007391,test,
6657,n006507,n000671,test,
6658,n002366,n006039,test,
6659,n006728,n006890,test,
6660,n003382,n002787,test,
6661,n009259,n008163,test,
6662,n002704,n005078,test,
6663,n005830,n002171,test,
6664,n004236,n000640,test,
6665,n006882,n004607,test,
6666,n009031,n005291,test,
6667,n006069,n009035,test,
6668,n000242,n000565,test,
6669,n008439,n009008,test,
6670,n003831,n008546,test,
6671,n008153,n007665,test,
6672,n005056,n008648,test,
6673,n001094,n004790,test,
6674,n007179,n006108,test,
6675,n005935,n001971,test,
6676,n006854,n004058,test,
6677,n007782,n005038,test,
6678,n003677,n001566,test,
6679,n003823,n009231,test,
6680,n001888,n005935,test,
6681,n003382,n000390,test,
6682,n000937,n002145,test,
6683,n009227,n005715,test,
6684,n002315,n008070,test,
6685,n003636,n002754,test,
6686,n000460,n002366,test,
6687,n006607,n006781,test,
6688,n003313,n003960,test,
6689,n006545,n000517,test,
6690,n008919,n005492,test,
6691,n000089,n007917,test,
6692,n001093,n001427,test,
6693,n001534,n006841,test,
6694,n001831,n002774,test,
6695,n007738,n007800,test,
6696,n005339,n004814,test,
6697,n003206,n006641,test,
6698,n001958,n001931,test,
6699,n000120,n007091,test,
6700,n006039,n008955,test,
6701,n003751,n001036,test,
6702,n006284,n008043,test,
6703,n004272,n000079,test,
6704,n008532,n002387,test,
6705,n006063,n004535,test,
6706,n007098,n001212,test,
6707,n009273,n003626,test,
6708,n002573,n001096,test,
6709,n000831,n000451,test,
6710,n009247,n001871,test,
6711,n009109,n007004,test,
6712,n004252,n006217,test,
6713,n003650,n005210,test,
6714,n007591,n003573,test,
6715,n000103,n008816,test,
6716,n000827,n009163,test,
6717,n009110,n007705,test,
6718,n003177,n000344,test,
6719,n003604,n005092,test,
6720,n006093,n000329,test,
6721,n008847,n007983,test,
6722,n000577,n007754,test,
6723,n008411,n004478,test,
6724,n008920,n008520,test,
6725,n005540,n006284,test,
6726,n008975,n009202,test,
6727,n001648,n001601,test,
6728,n005056,n005382,test,
6729,n003366,n001564,test,
6730,n001504,n005481,test,
6731,n007735,n005007,test,
6732,n004435,n006919,test,
6733,n004786,n001427,test,
6734,n003977,n005741,test,
6735,n008520,n006556,test,
6736,n000457,n002349,test,
6737,n002415,n004907,test,
6738,n009248,n004554,test,
6739,n002006,n000392,test,
6740,n002872,n002536,test,
6741,n004971,n002017,test,
6742,n005202,n009170,test,
6743,n007737,n003944,test,
6744,n007883,n000306,test,
6745,n003466,n007826,test,
6746,n001112,n001747,test,
6747,n000004,n005931,test,
6748,n001122,n000080,test,
6749,n006577,n005430,test,
6750,n002849,n005644,test,
6751,n004641,n008624,test,
6752,n001038,n002582,test,
6753,n001094,n007529,test,
6754,n005657,n002904,test,
6755,n008100,n003791,test,
6756,n000330,n000154,test,
6757,n003876,n009091,test,
6758,n004651,n006704,test,
6759,n006251,n009223,test,
6760,n005749,n002003,test,
6761,n000459,n007879,test,
6762,n002464,n000353,test,
6763,n005547,n001040,test,
6764,n004649,n002327,test,
6765,n007649,n008431,test,
6766,n003272,n004291,test,
6767,n003117,n003102,test,
6768,n001152,n001536,test,
6769,n000750,n008296,test,
6770,n007402,n009021,test,
6771,n001893,n007729,test,
6772,n007161,n005704,test,
6773,n000473,n002537,test,
6774,n000865,n002072,test,
6775,n007797,n008171,test,
6776,n005027,n004115,test,
6777,n008793,n007677,test,
6778,n007376,n002204,test,
6779,n001416,n003369,test,
6780,n000231,n007510,test,
6781,n002613,n006200,test,
6782,n007970,n000190,test,
6783,n002981,n008758,test,
6784,n008715,n003125,test,
6785,n002909,n008134,test,
6786,n003608,n003272,test,
6787,n000243,n006200,test,
6788,n001221,n001090,test,
6789,n001027,n000831,test,
6790,n000754,n002183,test,
6791,n003508,n002804,test,
6792,n004877,n001550,test,
6793,n005999,n004720,test,
6794,n002954,n003734,test,
6795,n001821,n004167,test,
6796,n003919,n009146,test,
6797,n002330,n003117,test,
6798,n006029,n007486,test,
6799,n004874,n005454,test,
6800,n006985,n000769,test,
6801,n001493,n003573,test,
6802,n004341,n007953,test,
6803,n008352,n008638,test,
6804,n006202,n006000,test,
6805,n008690,n002018,test,
6806,n002781,n005307,test,
6807,n006138,n008407,test,
6808,n001988,n006033,test,
6809,n002184,n003695,test,
6810,n000093,n002726,test,
6811,n002222,n006728,test,
6812,n002546,n001802,test,
6813,n008494,n004466,test,
6814,n009243,n004142,test,
6815,n004545,n007840,test,
6816,n005384,n002133,test,
6817,n006117,n002406,test,
6818,n007100,n009183,test,
6819,n000593,n002008,test,
6820,n001802,n001023,test,
6821,n003364,n003791,test,
6822,n000807,n008741,test,
6823,n006956,n007376,test,
6824,n001821,n005957,test,
6825,n000632,n000067,test,
6826,n002275,n000115,test,
6827,n008002,n001636,test,
6828,n002994,n008712,test,
6829,n001639,n002975,test,
6830,n006749,n000701,test,
6831,n004291,n005511,test,
6832,n007061,n001307,test,
6833,n005210,n003975,test,
6834,n008444,n007323,test,
6835,n001580,n008302,test,
6836,n005874,n002765,test,
6837,n000598,n005258,test,
6838,n004170,n006766,test,
6839,n009184,n004004,test,
6840,n008059,n003125,test,
6841,n005270,n008537,test,
6842,n003114,n008680,test,
6843,n002602,n009144,test,
6844,n004420,n000154,test,
6845,n002867,n000390,test,
6846,n005378,n005842,test,
6847,n000449,n002621,test,
6848,n002355,n003868,test,
6849,n005882,n001047,test,
6850,n004415,n001052,test,
6851,n002145,n001273,test,
6852,n006037,n003783,test,
6853,n007800,n003343,test,
6854,n004218,n000323,test,
6855,n003783,n004275,test,
6856,n007235,n005494,test,
6857,n005342,n006469,test,
6858,n003445,n000789,test,
6859,n007711,n002003,test,
6860,n005644,n003476,test,
6861,n003776,n003090,test,
6862,n007987,n003206,test,
6863,n004069,n004142,test,
6864,n003516,n007802,test,
6865,n004165,n004077,test,
6866,n007395,n001568,test,
6867,n008146,n002138,test,
6868,n006271,n000956,test,
6869,n005024,n005304,test,
6870,n005285,n005905,test,
6871,n003102,n004352,test,
6872,n002192,n007144,test,
6873,n006740,n004871,test,
6874,n004177,n004689,test,
6875,n006038,n003257,test,
6876,n005863,n003727,test,
6877,n001989,n006250,test,
6878,n000809,n002119,test,
6879,n005716,n001175,test,
6880,n001292,n006476,test,
6881,n004231,n004847,test,
6882,n001886,n007516,test,
6883,n006943,n006898,test,
6884,n000067,n004906,test,
6885,n007618,n001027,test,
6886,n007033,n008043,test,
6887,n003124,n006084,test,
6888,n007362,n008284,test,
6889,n003006,n007114,test,
6890,n005507,n006358,test,
6891,n007758,n004455,test,
6892,n001579,n002509,test,
6893,n006556,n001007,test,
6894,n003519,n001134,test,
6895,n002929,n007179,test,
6896,n000700,n001906,test,
6897,n004659,n005037,test,
6898,n001717,n000115,test,
6899,n006545,n009110,test,
6900,n001804,n004640,test,
6901,n001774,n003944,test,
6902,n008535,n007618,test,
6903,n000597,n000789,test,
6904,n004629,n002909,test,
6905,n001400,n003428,test,
6906,n005905,n000219,test,
6907,n000876,n005932,test,
6908,n002113,n008768,test,
6909,n008837,n002928,test,
6910,n004544,n006603,test,
6911,n000002,n001604,test,
6912,n005227,n002133,test,
6913,n007510,n008532,test,
6914,n006985,n003329,test,
6915,n008064,n009106,test,
6916,n003476,n002406,test,
6917,n005084,n005355,test,
6918,n005211,n009247,test,
6919,n007958,n002075,test,
6920,n004337,n006621,test,
6921,n004273,n004745,test,
6922,n006545,n006685,test,
6923,n003666,n001958,test,
6924,n001223,n004132,test,
6925,n003479,n004710,test,
6926,n002160,n003328,test,
6927,n005092,n008068,test,
6928,n001039,n004018,test,
6929,n008002,n001990,test,
6930,n001703,n005495,test,
6931,n008794,n001648,test,
6932,n006795,n004681,test,
6933,n008061,n002145,test,
6934,n005152,n000831,test,
6935,n002371,n003090,test,
6936,n002171,n001427,test,
6937,n006426,n004518,test,
6938,n000272,n007203,test,
6939,n003922,n007302,test,
6940,n004730,n007913,test,
6941,n003987,n003189,test,
6942,n006426,n008742,test,
6943,n007249,n006608,test,
6944,n008425,n000120,test,
6945,n004922,n006764,test,
6946,n006271,n007579,test,
6947,n002046,n004692,test,
6948,n007511,n000169,test,
6949,n004852,n003128,test,
6950,n004317,n001388,test,
6951,n006259,n008899,test,
6952,n004094,n009192,test,
6953,n003652,n000349,test,
6954,n001048,n001226,test,
6955,n003609,n009171,test,
6956,n006759,n001273,test,
6957,n004747,n005109,test,
6958,n001482,n001988,test,
6959,n004455,n000901,test,
6960,n008188,n008224,test,
6961,n003751,n006453,test,
6962,n001306,n001390,test,
6963,n002003,n006429,test,
6964,n003831,n006951,test,
6965,n001543,n006522,test,
6966,n004674,n001880,test,
6967,n002871,n002642,test,
6968,n002133,n006902,test,
6969,n007788,n004125,test,
6970,n000329,n003090,test,
6971,n000720,n003883,test,
6972,n003604,n002129,test,
6973,n008831,n003138,test,
6974,n005360,n000281,test,
6975,n002027,n009035,test,
6976,n002062,n003438,test,
6977,n008641,n008741,test,
6978,n008420,n005033,test,
6979,n004003,n005052,test,
6980,n008249,n006960,test,
6981,n000067,n009109,test,
6982,n004636,n008647,test,
6983,n008720,n000115,test,
6984,n004841,n004116,test,
6985,n000359,n008670,test,
6986,n009138,n001717,test,
6987,n002183,n008263,test,
6988,n008201,n000272,test,
6989,n001235,n005797,test,
6990,n002602,n006569,test,
6991,n007410,n001717,test,
6992,n004191,n001951,test,
6993,n005605,n001091,test,
6994,n004860,n002573,test,
6995,n001355,n006522,test,
6996,n005202,n008564,test,
6997,n001007,n008683,test,
6998,n002324,n009068,test,
6999,n007150,n009120,test,
7000,n004814,n007730,test,
7001,n001261,n008307,test,
7002,n007064,n005009,test,
7003,n005315,n007758,test,
7004,n001671,n008834,test,
7005,n003199,n004291,test,
7006,n006152,n006131,test,
7007,n008420,n006238,test,
7008,n007962,n000044,test,
7009,n004990,n008677,test,
7010,n007848,n006935,test,
7011,n002781,n004814,test,
7012,n002975,n004952,test,
7013,n004648,n003998,test,
7014,n000316,n001016,test,
7015,n008586,n002025,test,
7016,n003615,n005332,test,
7017,n001375,n006339,test,
7018,n006486,n001559,test,
7019,n000444,n008984,test,
7020,n001600,n003732,test,
7021,n009219,n008537,test,
7022,n005268,n005701,test,
7023,n007067,n006911,test,
7024,n003701,n009095,test,
7025,n007892,n006669,test,
7026,n007729,n004347,test,
7027,n002062,n002160,test,
7028,n000769,n007455,test,
7029,n003126,n001235,test,
7030,n000741,n005936,test,
7031,n000568,n008134,test,
7032,n005999,n008779,test,
7033,n000693,n005014,test,
7034,n003534,n005531,test,
7035,n000154,n003979,test,
7036,n002294,n004478,test,
7037,n004444,n007213,test,
7038,n006380,n002350,test,
7039,n004249,n005342,test,
7040,n008607,n001431,test,
7041,n003761,n000789,test,
7042,n005019,n007395,test,
7043,n007689,n008936,test,
7044,n003248,n004980,test,
7045,n003043,n002748,test,
7046,n008100,n004151,test,
7047,n008224,n000316,test,
7048,n007033,n005950,test,
7049,n005842,n008840,test,
7050,n003445,n001040,test,
7051,n009238,n007402,test,
7052,n008296,n000392,test,
7053,n001004,n003556,test,
7054,n001235,n007677,test,
7055,n006569,n001286,test,
7056,n008384,n005202,test,
7057,n001880,n006685,test,
7058,n001731,n007005,test,
7059,n006774,n004166,test,
7060,n007989,n002298,test,
7061,n005999,n004641,test,
7062,n002546,n001300,test,
7063,n003138,n007569,test,
7064,n001876,n002133,test,
7065,n003800,n004347,test,
7066,n009163,n007770,test,
7067,n004990,n007572,test,
7068,n007998,n005178,test,
7069,n001142,n001635,test,
7070,n003648,n003081,test,
7071,n007312,n003693,test,
7072,n003211,n000944,test,
7073,n006429,n007728,test,
7074,n002315,n003485,test,
7075,n006358,n007067,test,
7076,n006768,n003446,test,
7077,n002546,n001488,test,
7078,n005849,n006685,test,
7079,n003981,n004838,test,
7080,n001393,n005914,test,
7081,n003235,n002157,test,
7082,n008192,n009145,test,
7083,n002051,n003671,test,
7084,n006390,n009032,test,
7085,n008341,n005634,test,
7086,n003327,n000670,test,
7087,n000741,n004980,test,
7088,n009083,n003144,test,
7089,n000653,n005671,test,
7090,n000380,n003553,test,
7091,n004535,n001973,test,
7092,n005983,n002041,test,
7093,n000079,n007197,test,
7094,n004696,n004710,test,
7095,n003944,n005846,test,
7096,n000390,n000069,test,
7097,n004566,n007670,test,
7098,n000588,n003712,test,
7099,n007405,n007738,test,
7100,n000402,n001074,test,
7101,n008793,n005264,test,
7102,n007566,n009041,test,
7103,n008328,n003992,test,
7104,n006271,n002617,test,
7105,n003919,n006591,test,
7106,n000993,n003484,test,
7107,n003402,n002498,test,
7108,n001536,n005454,test,
7109,n009179,n002871,test,
7110,n006985,n002006,test,
7111,n004065,n006063,test,
7112,n006600,n008434,test,
7113,n003884,n003399,test,
7114,n005741,n001703,test,
7115,n007592,n004735,test,
7116,n003479,n002406,test,
7117,n006677,n002196,test,
7118,n006298,n002085,test,
7119,n006220,n008779,test,
7120,n002157,n004455,test,
7121,n001221,n001826,test,
7122,n006708,n000741,test,
7123,n004786,n003742,test,
7124,n002340,n008965,test,
7125,n003399,n004971,test,
7126,n002012,n007275,test,
7127,n009153,n004940,test,
7128,n001073,n003117,test,
7129,n001212,n000161,test,
7130,n001016,n006677,test,
7131,n007737,n008984,test,
7132,n008815,n007203,test,
7133,n009101,n008024,test,
7134,n007946,n008326,test,
7135,n006113,n009145,test,
7136,n001861,n006473,test,
7137,n004734,n000142,test,
7138,n007681,n002811,test,
7139,n007677,n006754,test,
7140,n006589,n009032,test,
7141,n003823,n001274,test,
7142,n007225,n002113,test,
7143,n003409,n007569,test,
7144,n006394,n004345,test,
7145,n001588,n001052,test,
7146,n003512,n004450,test,
7147,n002573,n004592,test,
7148,n007657,n002320,test,
7149,n006000,n007746,test,
7150,n009216,n001545,test,
7151,n004082,n006735,test,
7152,n006227,n006755,test,
7153,n007737,n004650,test,
7154,n007203,n004852,test,
7155,n000328,n003467,test,
7156,n003128,n004339,test,
7157,n002886,n003114,test,
7158,n004696,n007513,test,
7159,n001123,n007511,test,
7160,n000583,n004980,test,
7161,n005037,n008623,test,
7162,n004420,n008411,test,
7163,n002318,n009120,test,
7164,n008224,n003280,test,
7165,n001457,n001365,test,
7166,n000478,n006376,test,
7167,n005203,n004515,test,
7168,n002368,n005855,test,
7169,n001500,n007111,test,
7170,n003772,n003266,test,
7171,n007577,n003459,test,
7172,n005715,n009264,test,
7173,n006893,n004651,test,
7174,n004763,n000071,test,
7175,n006093,n003235,test,
7176,n001973,n001292,test,
7177,n006589,n000328,test,
7178,n004132,n004566,test,
7179,n006280,n003534,test,
7180,n005327,n001094,test,
7181,n002954,n001499,test,
7182,n002011,n007782,test,
7183,n000598,n001122,test,
7184,n006904,n003591,test,
7185,n003102,n000865,test,
7186,n000852,n006453,test,
7187,n006608,n008993,test,
7188,n006401,n004135,test,
7189,n006307,n008524,test,
7190,n007770,n002011,test,
7191,n000335,n000359,test,
7192,n000495,n000935,test,
7193,n001003,n000386,test,
7194,n005568,n002907,test,
7195,n002981,n004852,test,
7196,n004191,n001488,test,
7197,n009243,n002707,test,
7198,n007760,n008059,test,
7199,n001036,n008579,test,
7200,n005332,n001825,test,
7201,n000164,n001096,test,
7202,n005285,n006415,test,
7203,n006294,n003357,test,
7204,n003773,n000313,test,
7205,n002157,n004046,test,
7206,n002858,n009021,test,
7207,n008816,n000444,test,
7208,n008475,n004816,test,
7209,n000135,n009051,test,
7210,n007114,n007781,test,
7211,n006125,n005957,test,
7212,n003931,n009095,test,
7213,n007098,n004706,test,
7214,n004069,n007649,test,
7215,n003327,n007312,test,
7216,n000241,n008570,test,
7217,n001535,n007268,test,
7218,n005728,n005655,test,
7219,n007510,n001737,test,
7220,n005378,n002834,test,
7221,n000517,n008066,test,
7222,n001908,n008532,test,
7223,n004869,n002871,test,
7224,n000911,n004062,test,
7225,n006878,n009083,test,
7226,n000416,n002349,test,
7227,n001178,n000597,test,
7228,n006526,n001355,test,
7229,n009096,n005203,test,
7230,n006251,n003694,test,
7231,n003659,n008152,test,
7232,n002349,n000643,test,
7233,n008563,n002076,test,
7234,n008434,n003693,test,
7235,n005009,n000313,test,
7236,n000135,n007020,test,
7237,n000809,n006366,test,
7238,n006476,n006124,test,
