chain_id,t0_id,cos_s1_t0,gal_med_s1,gal_max_s1,gal_mean_s1,nonmem_med_s1,cos_s1_donor1,norm_s1,cos_s2_t0,gal_med_s2,gal_max_s2,gal_mean_s2,nonmem_med_s2,cos_s2_donor2,norm_s2,cos_s3_t0,gal_med_s3,gal_max_s3,gal_mean_s3,nonmem_med_s3,cos_s3_donor3,norm_s3,cos_s4_t0,gal_med_s4,gal_max_s4,gal_mean_s4,nonmem_med_s4,cos_s4_donor4,norm_s4,cos_s5_t0,gal_med_s5,gal_max_s5,gal_mean_s5,nonmem_med_s5,cos_s5_donor5,norm_s5
chain_0000,id_02844,0.16536954045295715,-0.14289233088493347,0.021789345890283585,-0.1276613026857376,0.040635883808135986,0.6082923412322998,22.29282569885254,0.02927791327238083,0.04207077622413635,0.12894129753112793,0.031304679811000824,0.03308151662349701,0.6923960447311401,22.263078689575195,0.03962695226073265,0.04435429722070694,0.08677437901496887,0.03983268886804581,0.009494311176240444,0.7402422428131104,26.411605834960938,0.0008747866377234459,-0.0009041894227266312,0.07710923999547958,-0.0021063685417175293,0.06800435483455658,0.7083989381790161,22.761890411376953,0.04550801217556,-0.12770439684391022,-0.017751822248101234,-0.12122396379709244,-0.01035683136433363,0.7115277647972107,22.879230499267578
chain_0001,id_02845,0.20014041662216187,0.16958574950695038,0.21749310195446014,0.14296740293502808,0.032853566110134125,0.780988872051239,22.701900482177734,0.1549048125743866,0.17221349477767944,0.227396160364151,0.15744417905807495,0.014918515458703041,0.6107003092765808,23.342010498046875,0.13171638548374176,0.10780556499958038,0.15609075129032135,0.08764023333787918,0.011691093444824219,0.6794414520263672,22.69341278076172,0.1258038878440857,0.06982052326202393,0.14422431588172913,0.05895271524786949,0.02915508672595024,0.5734065175056458,22.63756561279297,0.08363284170627594,0.094916932284832,0.16035237908363342,0.08908047527074814,-0.03357596695423126,0.7356893420219421,22.19382667541504
chain_0002,id_01932,0.2074885070323944,0.2028847336769104,0.28753864765167236,0.18922623991966248,-0.0048518069088459015,0.7576258182525635,21.4119815826416,0.07625113427639008,0.04445362463593483,0.14487603306770325,0.04763948172330856,-0.02818424068391323,0.7683242559432983,21.083417892456055,0.19000010192394257,0.143543541431427,0.1925465166568756,0.12883523106575012,0.042129360139369965,0.769157350063324,21.885120391845703,0.1717592179775238,0.1150800883769989,0.19374026358127594,0.11998166888952255,0.024526501074433327,0.7675244808197021,20.758148193359375,-0.0034150145947933197,0.02442629635334015,0.1447649598121643,0.02277987264096737,-0.03160456568002701,0.7423539161682129,21.897361755371094
chain_0003,id_02846,0.0475054532289505,-0.010956104844808578,0.0714116096496582,-0.012138593010604382,0.051061421632766724,0.796851396560669,24.129520416259766,0.19040614366531372,0.11487692594528198,0.2135399878025055,0.10688679665327072,-0.009814413264393806,0.5696789026260376,21.870561599731445,-0.03174292668700218,0.0036233272403478622,0.08011650294065475,0.000300820916891098,-0.00846298411488533,0.7318388223648071,21.413854598999023,0.0686904788017273,0.0014180522412061691,0.09445734322071075,0.008262679912149906,0.05296193063259125,0.7100300788879395,25.029775619506836,0.17460313439369202,0.09589500725269318,0.17822948098182678,0.09030641615390778,-0.04026099294424057,0.7038888931274414,22.478418350219727
chain_0004,id_01690,0.2772698998451233,0.18813571333885193,0.2496429979801178,0.17777948081493378,0.04233987629413605,0.7478210926055908,22.209218978881836,0.20095497369766235,0.14850464463233948,0.20279142260551453,0.13318286836147308,0.02633550763130188,0.7448564767837524,21.531042098999023,0.045421868562698364,0.0350794680416584,0.1370205581188202,0.03225397318601608,0.060787372291088104,0.7784532308578491,25.352739334106445,0.1195346787571907,0.026234012097120285,0.08349957317113876,0.02267201617360115,-0.028414474800229073,0.7135752439498901,21.14436149597168,0.12809786200523376,0.07604274153709412,0.1518886387348175,0.07782655209302902,0.027567729353904724,0.7750248312950134,21.77725601196289
chain_0005,id_01057,0.1469544619321823,0.04016583412885666,0.11627516150474548,0.03415059670805931,0.04855550825595856,0.7262645959854126,24.63424301147461,0.09117470681667328,0.07169608771800995,0.14388664066791534,0.07701344043016434,0.05438074469566345,0.6636754274368286,22.708951950073242,0.03445644676685333,0.017314210534095764,0.15618933737277985,0.02742374874651432,0.01882469654083252,0.790144681930542,24.05109214782715,0.18538005650043488,0.09377902746200562,0.16053487360477448,0.0795222595334053,0.0875638872385025,0.75507652759552,22.5246524810791,0.05246492102742195,-0.018559515476226807,0.05410084128379822,-0.012489776127040386,0.12593647837638855,0.6189884543418884,21.913663864135742
chain_0006,id_00728,0.29683470726013184,0.19607718288898468,0.2901392877101898,0.18486131727695465,-0.007027753628790379,0.5791134238243103,21.068735122680664,0.14570045471191406,0.07080025225877762,0.15497243404388428,0.07790137827396393,0.08112476766109467,0.6803104877471924,25.675870895385742,0.24266394972801208,0.188119038939476,0.290131151676178,0.18708749115467072,0.02342722937464714,0.7106964588165283,23.567285537719727,0.18554316461086273,0.10837724059820175,0.19938839972019196,0.10405603051185608,0.06014527007937431,0.7512368559837341,24.8258113861084,0.09833448380231857,0.07185570895671844,0.16957324743270874,0.06841174513101578,0.062049075961112976,0.7315407991409302,25.89411163330078
chain_0007,id_02446,0.13698813319206238,0.1094626784324646,0.1653871238231659,0.10422294586896896,-0.04266008362174034,0.7062804698944092,25.02887725830078,0.09909787774085999,0.0625239685177803,0.13661140203475952,0.06190790235996246,-0.0007692673243582249,0.7364732027053833,23.604894638061523,0.08585809916257858,0.05436670407652855,0.2059004306793213,0.057643335312604904,0.03608175739645958,0.7789984941482544,23.756868362426758,0.07743599265813828,0.0635460615158081,0.13942064344882965,0.061282142996788025,-0.03401762247085571,0.678199052810669,22.052356719970703,0.1456795036792755,0.08296063542366028,0.1557328850030899,0.0776016041636467,0.03845278546214104,0.6482057571411133,22.365015029907227
chain_0008,id_02847,0.2677565813064575,0.01599433273077011,0.20585469901561737,0.027677321806550026,0.04373828321695328,0.5449889302253723,19.055831909179688,0.09911608695983887,0.0043538338504731655,0.17263288795948029,-0.0012289986480027437,-0.022310417145490646,0.5872899889945984,21.87980079650879,0.18806618452072144,0.04012223705649376,0.14229047298431396,0.03896181657910347,0.014295628294348717,0.5148282051086426,21.587392807006836,0.11720076203346252,0.04119382053613663,0.1294499784708023,0.044728800654411316,0.02052185870707035,0.5600139498710632,20.408475875854492,0.14237967133522034,-0.024300675839185715,0.07587753236293793,-0.02261819690465927,0.06321221590042114,0.5019748210906982,22.40335464477539
chain_0009,id_02848,0.12533961236476898,0.08464273810386658,0.1615733802318573,0.073819600045681,0.00452636182308197,0.7085132598876953,23.43880271911621,0.09873838722705841,0.024373400956392288,0.12785792350769043,0.028447022661566734,0.028030404821038246,0.6885795593261719,22.99840545654297,0.04102756083011627,0.014208709821105003,0.13517266511917114,0.021045271307229996,0.052463170140981674,0.6704756617546082,22.208356857299805,0.053044144064188004,0.040478020906448364,0.11415223032236099,0.03962213173508644,0.01432256493717432,0.7009031772613525,23.633258819580078,0.02470504492521286,0.011031882837414742,0.08560928702354431,0.015788575634360313,0.06010342389345169,0.753044605255127,21.47594451904297
chain_0010,id_02849,0.2317444384098053,0.1658676266670227,0.23206883668899536,0.1487608700990677,0.05181881785392761,0.671630322933197,22.97270393371582,0.13355614244937897,0.06757478415966034,0.15978176891803741,0.0713258758187294,0.037987928837537766,0.6596587896347046,21.755050659179688,0.12320689857006073,0.084349624812603,0.1675514578819275,0.07606653869152069,-0.0013783019967377186,0.6706141829490662,22.98491859436035,0.12731264531612396,0.07247130572795868,0.16706345975399017,0.06845793128013611,-0.005398492328822613,0.6230133175849915,22.589664459228516,0.16313117742538452,0.07154981046915054,0.14140355587005615,0.05926735699176788,0.049855515360832214,0.6358458995819092,22.682769775390625
chain_0011,id_02850,0.3345230519771576,0.19220203161239624,0.2712000012397766,0.18202774226665497,0.025595854967832565,0.6570540070533752,25.397024154663086,0.06892206519842148,0.039049096405506134,0.10399273037910461,0.0339045450091362,0.031021323055028915,0.6936750411987305,24.33334732055664,0.04436603933572769,0.024879660457372665,0.08659857511520386,0.023669201880693436,-0.05843053013086319,0.7239699363708496,26.26430892944336,0.08314360678195953,0.012546496465802193,0.10977590829133987,0.01660684309899807,-0.020845744758844376,0.7374941110610962,23.485925674438477,-0.0886719599366188,-0.05422614514827728,0.0097736194729805,-0.05467139557003975,-0.0469096414744854,0.648545503616333,22.486669540405273
chain_0012,id_01156,0.13823918998241425,0.07796994596719742,0.13188371062278748,0.07525043189525604,0.08809427917003632,0.7338318824768066,22.51081085205078,0.12198885530233383,0.08531884104013443,0.1590173840522766,0.07979174703359604,-0.013335741125047207,0.7647596597671509,21.46407699584961,0.03769625350832939,0.07217606157064438,0.1273970603942871,0.06455907225608826,-0.04311048984527588,0.6747754812240601,22.028522491455078,0.053856443613767624,0.03794387727975845,0.12994356453418732,0.04089156910777092,-0.009218660183250904,0.7124916315078735,20.822782516479492,0.043698158115148544,0.06423152983188629,0.1362956166267395,0.06580258160829544,0.00693482393398881,0.7466820478439331,20.768774032592773
chain_0013,id_01924,0.14167381823062897,0.09360913187265396,0.1384383738040924,0.09088636189699173,0.025482993572950363,0.7369915246963501,24.87713050842285,-0.009095050394535065,-0.015439710579812527,0.05160136520862579,-0.01890069991350174,-0.09768589586019516,0.7477586269378662,23.270366668701172,0.052622124552726746,0.012529268860816956,0.07168590277433395,0.012522552162408829,0.061233509331941605,0.7194094061851501,22.703969955444336,0.0666746124625206,-0.024376701563596725,0.03283078968524933,-0.024962645024061203,0.004660305101424456,0.797431468963623,22.65680694580078,0.000917583703994751,-0.005910918116569519,0.07772144675254822,-0.009961201809346676,0.012185911647975445,0.774781346321106,24.130220413208008
chain_0014,id_02851,0.10826048254966736,0.05087413638830185,0.12820717692375183,0.055115628987550735,0.048701077699661255,0.706283688545227,23.912860870361328,0.1625678390264511,0.1291055977344513,0.23162497580051422,0.13489359617233276,-0.062186770141124725,0.6782841682434082,22.859663009643555,0.02740747481584549,0.021866999566555023,0.12512147426605225,0.02450571022927761,0.10684384405612946,0.7421064972877502,23.80640411376953,0.06038124859333038,0.04141942784190178,0.10213270038366318,0.044947151094675064,-0.011959029361605644,0.7357496023178101,23.136301040649414,-0.012871445156633854,-0.02653444930911064,0.038149815052747726,-0.03385327011346817,-0.05224660038948059,0.7708829641342163,23.005901336669922
chain_0015,id_02852,0.1609037220478058,0.10821298509836197,0.16193941235542297,0.10463640093803406,0.008535735309123993,0.6858193278312683,23.23073387145996,0.1009894460439682,0.1058872640132904,0.1519051045179367,0.10526488721370697,-0.04157840088009834,0.7502015829086304,21.610416412353516,0.2148163914680481,0.18266989290714264,0.24094054102897644,0.1789633333683014,-0.037507519125938416,0.6403842568397522,22.851537704467773,0.18858081102371216,0.15415166318416595,0.26897215843200684,0.15292413532733917,0.04763757437467575,0.7391282320022583,23.497207641601562,0.100494384765625,0.08324268460273743,0.16970965266227722,0.08979876339435577,0.042782194912433624,0.7394047975540161,22.854583740234375
chain_0016,id_02853,0.16683298349380493,0.042770326137542725,0.13046373426914215,0.050080426037311554,-0.03957580775022507,0.7462567687034607,22.399372100830078,0.11166008561849594,0.088772714138031,0.17470912635326385,0.07934022694826126,-0.06159394979476929,0.6653017997741699,23.818387985229492,0.05527704954147339,-0.03968112915754318,0.04251450300216675,-0.03142531216144562,-0.029035482555627823,0.7757011651992798,23.54694366455078,0.05938618630170822,0.010029466822743416,0.09370466321706772,0.013752276077866554,-0.0131292175501585,0.6844552159309387,21.661354064941406,-0.08227028697729111,-0.07531175017356873,0.037578415125608444,-0.06203272193670273,-0.07863174378871918,0.7762367129325867,23.635780334472656
chain_0017,id_02854,0.13222749531269073,0.08209952712059021,0.2159084677696228,0.08739081025123596,0.05391380935907364,0.6935557723045349,22.35312843322754,0.1744617074728012,0.11590538918972015,0.23568174242973328,0.12907303869724274,0.045610133558511734,0.7450306415557861,23.041154861450195,0.032176800072193146,0.07738566398620605,0.1409820318222046,0.07289574295282364,-0.04443192481994629,0.6340217590332031,22.593679428100586,0.09208862483501434,0.07170279324054718,0.17393529415130615,0.07574810832738876,-0.020658403635025024,0.6427611112594604,23.71514320373535,0.15893639624118805,0.0749698132276535,0.15168915688991547,0.07824278622865677,0.0013134507462382317,0.6102687120437622,22.43008804321289
chain_0018,id_02855,0.12305043637752533,0.03736015781760216,0.15711656212806702,0.04420718923211098,0.04340972751379013,0.7206211686134338,27.273080825805664,0.08183857053518295,-0.013360472396016121,0.09846926480531693,-0.003229794790968299,0.012500863522291183,0.7299383282661438,24.337902069091797,0.07830717414617538,0.007522773463279009,0.08767347037792206,0.012267086654901505,0.016821106895804405,0.7473758459091187,24.99460792541504,-0.049595173448324203,-0.048293180763721466,0.11641653627157211,-0.04457291215658188,0.014479575678706169,0.7257100939750671,27.056669235229492,0.0064620450139045715,-0.060696765780448914,0.12729260325431824,-0.04642193391919136,0.015168620273470879,0.766689658164978,26.003995895385742
chain_0019,id_01896,0.08162882924079895,0.06858956068754196,0.18199557065963745,0.0660446435213089,-0.002608085982501507,0.7379418611526489,25.117650985717773,0.07245203107595444,0.10011995583772659,0.17680759727954865,0.10158354789018631,0.09301385283470154,0.812951922416687,24.33989906311035,0.07243311405181885,0.028386622667312622,0.1435805857181549,0.033467840403318405,0.02550065517425537,0.7441242933273315,25.62713623046875,-0.017650723457336426,0.056640200316905975,0.10896982252597809,0.04760365933179855,-0.014922427013516426,0.7748655080795288,24.655607223510742,0.04772800952196121,0.023263318464159966,0.13901475071907043,0.025603514164686203,-0.03825315088033676,0.7901257276535034,25.152511596679688
chain_0020,id_02856,0.19027577340602875,0.14248070120811462,0.2075420618057251,0.13736464083194733,0.017484867945313454,0.5821402668952942,21.472936630249023,0.18444988131523132,0.13391558825969696,0.19816891849040985,0.1271815001964569,-0.021987665444612503,0.7255710363388062,22.354835510253906,0.04891974851489067,0.007685134187340736,0.08081863820552826,0.011120901443064213,0.06084432825446129,0.8296842575073242,25.490524291992188,0.02131495252251625,-0.01809687912464142,0.06209031492471695,-0.023481791839003563,-0.015500753186643124,0.5879302620887756,22.48659896850586,0.030531227588653564,-0.028667239472270012,0.02200324833393097,-0.038363050669431686,0.04533839225769043,0.7809768915176392,25.370635986328125
chain_0021,id_01399,0.0912306159734726,0.06357254087924957,0.14801011979579926,0.07292340695858002,-0.012186515145003796,0.7482835054397583,23.85492515563965,0.06021098047494888,0.014205314218997955,0.08390059322118759,0.0171482153236866,-0.019803930073976517,0.6872994899749756,21.29665756225586,0.12614692747592926,0.06852278113365173,0.11306650191545486,0.05592356249690056,-0.006787409074604511,0.7073038816452026,24.89155387878418,0.001718025654554367,0.023224107921123505,0.06876672059297562,0.021972602233290672,0.03528005629777908,0.7788331508636475,23.403764724731445,0.13311965763568878,0.10536199808120728,0.13674236834049225,0.09475763887166977,-0.016106044873595238,0.6413192749023438,20.91790008544922
chain_0022,id_02857,0.1702386885881424,0.06981928646564484,0.18136996030807495,0.07514545321464539,-0.05440186336636543,0.6598752737045288,21.655338287353516,0.18739968538284302,0.05973144620656967,0.14855656027793884,0.054595377296209335,0.013136900030076504,0.7565610408782959,24.0279483795166,0.04772329330444336,0.006963069085031748,0.08299541473388672,0.011736820451915264,-0.0013053305447101593,0.634365439414978,22.787029266357422,0.05129988491535187,0.042468324303627014,0.11367927491664886,0.04848762974143028,-0.05192458629608154,0.6984970569610596,22.445833206176758,0.030210023745894432,0.008866555988788605,0.059830695390701294,0.009607085958123207,-0.015958961099386215,0.6987277269363403,22.59575653076172
chain_0023,id_02858,0.24318914115428925,0.11247037351131439,0.23821166157722473,0.10355491936206818,0.02335343137383461,0.7892551422119141,23.448514938354492,-0.030559275299310684,0.007736755535006523,0.09630999714136124,-0.009878742508590221,-0.024465087801218033,0.7344485521316528,23.15237808227539,0.11210434138774872,0.024460898712277412,0.15691882371902466,0.023701412603259087,-0.05065508931875229,0.7283644080162048,23.770349502563477,0.06153755262494087,0.011149885132908821,0.12624618411064148,0.011655262671411037,-0.011665631085634232,0.6630255579948425,23.24657440185547,0.06747706234455109,0.03557872027158737,0.09417937695980072,0.033664241433143616,-0.04685947299003601,0.6721770763397217,21.658361434936523
chain_0024,id_01892,0.2762068510055542,0.2180832326412201,0.30882519483566284,0.21248489618301392,-0.005957489833235741,0.728700578212738,24.54864501953125,0.029291603714227676,0.035932671278715134,0.1340363621711731,0.04569616541266441,-0.06295886635780334,0.7603495717048645,24.35309410095215,0.01986340805888176,0.0096028633415699,0.12881439924240112,0.011620762757956982,-0.01823527179658413,0.7039375305175781,22.53845977783203,0.01744972914457321,-0.003612140193581581,0.08239541202783585,-0.0006452571833506227,-0.036767616868019104,0.7267903089523315,20.64352035522461,0.0038209110498428345,0.034425776451826096,0.11043527722358704,0.02865609899163246,-0.014046810567378998,0.6747123003005981,25.02444076538086
chain_0025,id_02859,0.14077036082744598,0.10371653735637665,0.18795707821846008,0.10518030822277069,0.005117950960993767,0.7037464380264282,22.84107208251953,0.16198761761188507,0.09237600862979889,0.21440427005290985,0.09815318882465363,0.07980941236019135,0.6768962144851685,22.601171493530273,-0.030325353145599365,-0.0034548239782452583,0.05442630872130394,-0.011572944931685925,0.040809035301208496,0.7549465298652649,22.81255531311035,0.022138984873890877,0.058744486421346664,0.21540573239326477,0.05703295022249222,0.029215794056653976,0.7138206958770752,21.175363540649414,-0.010991208255290985,0.018228664994239807,0.08331761509180069,0.016745638102293015,-0.002180502749979496,0.7748016119003296,25.42384910583496
chain_0026,id_01208,0.15884613990783691,0.13085633516311646,0.1715024709701538,0.12368814647197723,0.022609209641814232,0.7477663159370422,22.740333557128906,0.15936771035194397,0.12741318345069885,0.20223477482795715,0.1062869280576706,-0.03412749618291855,0.6832184195518494,22.003015518188477,0.10177766531705856,0.0637504830956459,0.13994470238685608,0.06728508323431015,-0.04360094666481018,0.7390872836112976,21.862079620361328,0.2041676789522171,0.137068510055542,0.19310180842876434,0.1250659078359604,0.00040170177817344666,0.7418315410614014,22.083173751831055,0.17148494720458984,0.08862806856632233,0.14329200983047485,0.08431165665388107,0.02368115819990635,0.7567923069000244,22.78624153137207
chain_0027,id_02860,0.2027592808008194,0.11462093889713287,0.22661258280277252,0.11746430397033691,-0.03219994902610779,0.7022467851638794,26.002347946166992,0.13766559958457947,0.07412160933017731,0.13885009288787842,0.06616580486297607,-0.029764913022518158,0.7139977216720581,24.965797424316406,0.2505195736885071,0.1461431384086609,0.25563281774520874,0.1465500444173813,-0.0233856700360775,0.7273424863815308,24.538625717163086,0.28716981410980225,0.15257373452186584,0.2604518532752991,0.1479189693927765,0.01619764417409897,0.7301861047744751,26.305438995361328,0.2013695389032364,0.08994947373867035,0.18339893221855164,0.09518781304359436,0.0012817438691854477,0.6751747131347656,23.920705795288086
chain_0028,id_01064,0.12407258152961731,0.08558845520019531,0.19306737184524536,0.08897615224123001,0.056753091514110565,0.7976831197738647,23.79372787475586,0.1069137305021286,0.045276470482349396,0.09396009892225266,0.04138592258095741,0.059346288442611694,0.7424283623695374,22.451223373413086,0.17982125282287598,0.08651062846183777,0.19793105125427246,0.07695504277944565,0.18536363542079926,0.7796141505241394,21.84626007080078,0.17358054220676422,0.0687779039144516,0.19593629240989685,0.06029993295669556,0.07653367519378662,0.6865661144256592,21.40083885192871,0.22036105394363403,0.12499977648258209,0.2252938151359558,0.11924506723880768,-0.006289824843406677,0.7324693202972412,20.66446304321289
chain_0029,id_02861,0.2786913216114044,0.18814443051815033,0.28390932083129883,0.1611442267894745,0.017754895612597466,0.7304848432540894,23.03920555114746,0.2064858376979828,0.024385269731283188,0.10114312916994095,0.017557071521878242,0.04048039764165878,0.5931404232978821,23.50786590576172,0.11421447992324829,0.08035862445831299,0.16618573665618896,0.07648108899593353,-0.003545287996530533,0.6468915939331055,24.704851150512695,0.20938119292259216,0.1253194808959961,0.20275142788887024,0.11027045547962189,0.023395951837301254,0.6290658712387085,26.608503341674805,0.10939062386751175,0.07166999578475952,0.15781328082084656,0.07259895652532578,-0.06504172086715698,0.6035560965538025,23.634233474731445
chain_0030,id_02862,0.15920627117156982,0.04013480991125107,0.10735494643449783,0.0384439192712307,-0.034941013902425766,0.6874635219573975,24.002466201782227,0.15558645129203796,0.12569284439086914,0.22656625509262085,0.11106549203395844,-0.03138330206274986,0.7694828510284424,22.740333557128906,0.03915191441774368,0.041186340153217316,0.11610928922891617,0.04674456641077995,0.051825329661369324,0.7783626317977905,23.465726852416992,0.0767962783575058,0.007938082329928875,0.09518049657344818,0.005592925939708948,0.055984318256378174,0.6625857949256897,24.751605987548828,0.08259501308202744,-0.0014771241694688797,0.15405727922916412,0.00579273235052824,-0.03291042894124985,0.7997876405715942,23.067556381225586
chain_0031,id_02863,0.13928213715553284,0.08553852140903473,0.1614406406879425,0.08687493950128555,0.04391864687204361,0.6897988319396973,24.99868392944336,0.013499988242983818,0.009892448782920837,0.0531148836016655,-0.00044814415741711855,0.042078882455825806,0.6240320205688477,23.071990966796875,0.14412683248519897,0.09751102328300476,0.15423469245433807,0.08974117785692215,0.02890932187438011,0.7327690124511719,20.81796646118164,0.15936842560768127,0.08104986697435379,0.15133586525917053,0.07501472532749176,-0.05186735838651657,0.6307300329208374,22.04253578186035,0.1534545123577118,0.1023239940404892,0.15369322896003723,0.09723202139139175,0.03959937393665314,0.6818020343780518,24.08125114440918
chain_0032,id_00336,0.22885939478874207,0.21700775623321533,0.32473111152648926,0.19913233816623688,-0.030611885711550713,0.6916327476501465,20.891027450561523,0.20336094498634338,0.16301247477531433,0.27073898911476135,0.16073448956012726,0.022015918046236038,0.5784507393836975,21.5809383392334,0.11864534020423889,0.06659489125013351,0.1474534571170807,0.06861718744039536,-0.012374178506433964,0.5999364256858826,21.54616928100586,0.17650723457336426,0.037075042724609375,0.19382905960083008,0.05096399411559105,-0.013909767381846905,0.6565582156181335,23.597244262695312,0.14909666776657104,0.14883793890476227,0.22703760862350464,0.1389768272638321,0.038896411657333374,0.5277727246284485,21.61176300048828
chain_0033,id_02386,0.1305128037929535,0.05320706218481064,0.14562669396400452,0.06251747161149979,0.03851613402366638,0.6937451362609863,23.186172485351562,0.0018632225692272186,0.019864026457071304,0.11093288660049438,0.025960970669984818,0.032615408301353455,0.715863823890686,25.434436798095703,0.022263873368501663,0.05229778587818146,0.16467778384685516,0.04830235615372658,0.02247629687190056,0.6781935691833496,26.084075927734375,0.25009411573410034,0.1798829436302185,0.34000223875045776,0.17501483857631683,-0.01897268183529377,0.7272619009017944,24.26695442199707,-0.009057875722646713,0.042449578642845154,0.12575621902942657,0.043500348925590515,0.06013847142457962,0.5876387357711792,23.56510353088379
chain_0034,id_02864,0.10594820231199265,0.07807789742946625,0.16046148538589478,0.07158292829990387,-0.03241804242134094,0.6375094652175903,24.71407699584961,-0.0014899596571922302,-0.014602310955524445,0.06492134183645248,-0.01692662201821804,-0.04167531058192253,0.7471724152565002,23.943708419799805,0.1382119357585907,0.115009605884552,0.2016686201095581,0.11295478790998459,0.04206559807062149,0.6896604895591736,24.302209854125977,0.04887460172176361,0.046271491795778275,0.11776293069124222,0.04140695556998253,-0.02894747629761696,0.7189743518829346,25.648935317993164,0.08960630744695663,0.03656713664531708,0.13371442258358002,0.044930797070264816,0.011131292209029198,0.7427809238433838,24.811967849731445
chain_0035,id_02865,0.10638003051280975,0.062025945633649826,0.14412960410118103,0.06337254494428635,-0.028011789545416832,0.6361392736434937,24.094816207885742,0.023699741810560226,0.005989132449030876,0.04765411093831062,0.001422304194420576,-0.01863737404346466,0.6817525029182434,22.745710372924805,0.03898690640926361,0.02232019044458866,0.1287844032049179,0.023809319362044334,0.013414882123470306,0.6130523681640625,24.861263275146484,-0.013650022447109222,-0.011970964260399342,0.08185847103595734,-0.010550351813435555,-0.02039872296154499,0.7261635661125183,23.601425170898438,0.05539570748806,0.05926211178302765,0.1418532282114029,0.05224918574094772,0.04994991421699524,0.6962705254554749,22.823484420776367
chain_0036,id_02305,0.2115013748407364,0.12797702848911285,0.17937800288200378,0.1184026226401329,0.03596267104148865,0.6986975073814392,24.319921493530273,0.06717297434806824,0.04137450456619263,0.08926333487033844,0.038629304617643356,0.019701216369867325,0.6256000399589539,24.232223510742188,0.03260687738656998,0.016168611124157906,0.0707520991563797,0.019792689010500908,0.01743682101368904,0.7913389205932617,21.991451263427734,0.1495339274406433,0.09898579865694046,0.19001518189907074,0.1001446545124054,0.006477490998804569,0.7634308934211731,23.94546127319336,-0.0340389683842659,-0.038059547543525696,0.0508727952837944,-0.028810827061533928,0.04561781883239746,0.7468678951263428,24.006532669067383
chain_0037,id_02866,0.2786039113998413,0.13434118032455444,0.30413779616355896,0.14063389599323273,-0.07008577138185501,0.6166660189628601,21.946510314941406,0.10888606309890747,0.06252370029687881,0.1339474320411682,0.05093247443437576,0.033688925206661224,0.6010954976081848,22.386009216308594,0.1418309509754181,0.0888664722442627,0.1594715118408203,0.07497583329677582,0.02694050222635269,0.778132438659668,22.103939056396484,0.06775328516960144,0.06731504201889038,0.18864169716835022,0.061714887619018555,0.01734454184770584,0.5249812602996826,21.002042770385742,0.09385263919830322,0.017998533323407173,0.0937824547290802,0.026385752484202385,-0.02131701447069645,0.7305658459663391,25.36220932006836
chain_0038,id_02867,0.1435813307762146,0.06851662695407867,0.14786791801452637,0.059144966304302216,-0.024784419685602188,0.7727410793304443,26.222862243652344,0.14052240550518036,0.11461954563856125,0.19770988821983337,0.10181612521409988,-0.03763633966445923,0.7021210193634033,24.361968994140625,0.04979145526885986,0.06676305830478668,0.18716728687286377,0.0694892406463623,-0.022462110966444016,0.6316595077514648,23.551143646240234,0.17565269768238068,0.10525345057249069,0.1616344004869461,0.0985865518450737,-0.08091443032026291,0.6997907161712646,23.666086196899414,0.2401541769504547,0.11135298013687134,0.23061075806617737,0.10041113942861557,-0.06669208407402039,0.34247955679893494,21.316526412963867
chain_0039,id_02868,0.28075841069221497,0.1721104085445404,0.24659642577171326,0.16751393675804138,-0.018746107816696167,0.7406602501869202,22.85622787475586,0.030894910916686058,0.01151472982019186,0.07851318269968033,0.011270535178482533,-0.00013835751451551914,0.6084291934967041,20.670507431030273,-0.025208063423633575,-0.013533033430576324,0.05430946871638298,-0.01597287505865097,-0.01165688969194889,0.7260777950286865,23.30156135559082,0.06754995137453079,0.05984456092119217,0.10810071229934692,0.05649220198392868,0.0043495167046785355,0.7665808796882629,23.291650772094727,0.05796340852975845,0.03656119853258133,0.1539909690618515,0.044797852635383606,0.0607428178191185,0.7561126947402954,21.638395309448242
chain_0040,id_02869,0.10270951688289642,0.03591126203536987,0.13939088582992554,0.03717635199427605,-0.0024316234048455954,0.7420023679733276,24.30805015563965,0.1305057406425476,0.02691924199461937,0.139824777841568,0.0286925807595253,0.004260600078850985,0.69484943151474,23.193784713745117,0.06989288330078125,0.010591346770524979,0.07575233280658722,0.010036742314696312,-0.06578195095062256,0.6599676012992859,22.04126739501953,0.028996264562010765,-0.0049545010551810265,0.042323265224695206,-0.014398562721908092,0.0062681324779987335,0.7350411415100098,22.8144588470459,0.10101242363452911,0.0076700798235833645,0.09770196676254272,0.012457713484764099,0.027249671518802643,0.7381595373153687,24.53533172607422
chain_0041,id_02870,0.9934439659118652,-0.004906519316136837,0.08093520253896713,-0.0030549312941730022,0.06509286165237427,-0.051513124257326126,17.17295265197754,0.9934519529342651,-0.004907157272100449,0.08086489886045456,-0.003075165208429098,0.06511279940605164,0.060611166059970856,17.17346954345703,0.9934519529342651,-0.004907157272100449,0.08086489886045456,-0.003075165208429098,0.06511279940605164,0.06888515502214432,17.17346954345703,0.9934519529342651,-0.004907157272100449,0.08086489886045456,-0.003075165208429098,0.06511279940605164,-0.05638027936220169,17.17346954345703,0.9934519529342651,-0.004907157272100449,0.08086489886045456,-0.003075165208429098,0.06511279940605164,0.06027016043663025,17.17346954345703
chain_0042,id_02871,0.19667652249336243,0.1294420063495636,0.20322033762931824,0.1263636350631714,0.006992642302066088,0.6909496784210205,21.048721313476562,0.1927795261144638,0.09019508957862854,0.15127134323120117,0.07649371773004532,0.08194954693317413,0.7104135751724243,21.227420806884766,0.0955653116106987,0.06539895385503769,0.19038614630699158,0.06445956230163574,0.05092717707157135,0.6647338271141052,23.389774322509766,0.019500132650136948,0.015583040192723274,0.15592747926712036,0.008619280532002449,-0.0024310993030667305,0.6376320123672485,21.662952423095703,0.1267063319683075,0.12590348720550537,0.19424599409103394,0.11983209103345871,-0.0322762206196785,0.6864285469055176,21.72597312927246
chain_0044,id_00006,0.1863921582698822,0.10880275070667267,0.1679246574640274,0.11105923354625702,0.04848344624042511,0.7461518049240112,22.748973846435547,0.1851772964000702,0.08742569386959076,0.15819013118743896,0.08663740009069443,0.04833252727985382,0.7639131546020508,24.023157119750977,0.24943700432777405,0.18047209084033966,0.22534380853176117,0.1654391884803772,0.02228655479848385,0.5686627626419067,28.36695671081543,0.16399019956588745,0.13254129886627197,0.24342907965183258,0.1325104683637619,-0.01533281896263361,0.7264808416366577,23.981369018554688,0.09873446822166443,0.0972944125533104,0.144861102104187,0.09135068207979202,0.037928465753793716,0.6846170425415039,23.793561935424805
chain_0045,id_02872,-0.015503828413784504,-0.000562623143196106,0.07874573767185211,-0.0006962863844819367,-0.004423998761922121,0.742385745048523,26.616464614868164,0.05663757771253586,0.08744978904724121,0.17201483249664307,0.08496996760368347,0.0359957218170166,0.7485867738723755,23.289751052856445,0.0753176361322403,0.08164408802986145,0.23803085088729858,0.09016118198633194,-0.05222570151090622,0.7116681933403015,22.99309730529785,-0.01592586748301983,-0.01538078673183918,0.04288502782583237,-0.015962202101945877,0.04096846282482147,0.7046980261802673,21.646780014038086,-0.07138415426015854,-0.05759391933679581,0.0182323195040226,-0.061512745916843414,-0.042635101824998856,0.7481526136398315,23.458518981933594
chain_0046,id_02873,0.033761605620384216,-0.009196657687425613,0.07211948931217194,-0.006283352617174387,0.04024229943752289,0.6056773066520691,24.767148971557617,-0.020942358300089836,-0.01957416534423828,0.05237105116248131,-0.024261295795440674,0.00145803764462471,0.6925804615020752,23.56697654724121,0.1045224517583847,0.09760728478431702,0.21365445852279663,0.09516837447881699,0.00902467966079712,0.7477941513061523,25.475513458251953,0.07981065660715103,0.04374469071626663,0.10549844801425934,0.037980951368808746,-0.0063246190547943115,0.6824450492858887,25.23527717590332,0.03484409675002098,-0.031311146914958954,0.06698980182409286,-0.03121796064078808,0.0019959071651101112,0.54050213098526,22.45088768005371
chain_0047,id_02874,0.1106402575969696,0.041696175932884216,0.1222824826836586,0.026934530586004257,-0.04098385572433472,0.6560570001602173,23.62840461730957,0.19209644198417664,0.13479489088058472,0.235667884349823,0.1248880997300148,0.013997245579957962,0.6734878420829773,25.11197853088379,0.1810009777545929,0.11313502490520477,0.2288651019334793,0.10527576506137848,0.0949578732252121,0.6636366844177246,24.88934326171875,0.1025923639535904,0.054446741938591,0.1371372938156128,0.0478719137609005,-0.011321593075990677,0.7392088174819946,23.679506301879883,0.11732601374387741,0.0874086245894432,0.1448156237602234,0.0880594253540039,0.047570861876010895,0.7195543646812439,28.026012420654297
chain_0048,id_00232,0.2502616047859192,0.15705984830856323,0.2126569300889969,0.14614206552505493,0.029721718281507492,0.5948484539985657,27.691959381103516,0.18788814544677734,0.11317512392997742,0.2042524218559265,0.10277888923883438,0.03804633766412735,0.6917896270751953,26.33425521850586,0.17597107589244843,0.09949839115142822,0.19624213874340057,0.09104005992412567,0.04510262981057167,0.6515607237815857,25.58721923828125,0.17589148879051208,0.13936540484428406,0.1809907853603363,0.12137860804796219,0.03706292435526848,0.5581367611885071,24.86479949951172,0.16062691807746887,0.13156409561634064,0.20018431544303894,0.12649478018283844,0.0514393150806427,0.6146984696388245,23.56212615966797
chain_0049,id_00447,0.06976348906755447,0.018878061324357986,0.09779246151447296,0.017893992364406586,0.04344191029667854,0.8201096057891846,24.22001075744629,0.06570634245872498,0.007185215596109629,0.11521832644939423,0.005059083458036184,-0.04998220503330231,0.7157421112060547,22.159183502197266,-0.0031138695776462555,-0.034911055117845535,0.04699593037366867,-0.03394360467791557,-0.028250684961676598,0.7683035135269165,22.453166961669922,0.006212450563907623,-0.0008441386744379997,0.09306874871253967,0.007209095638245344,-0.005676933564245701,0.7859090566635132,23.401580810546875,0.06931299716234207,0.07433466613292694,0.23063698410987854,0.06753786653280258,0.05700460821390152,0.7620863914489746,23.741695404052734
chain_0050,id_02875,0.2685207426548004,0.17186643183231354,0.2927049994468689,0.17268629372119904,-0.05163716897368431,0.6262567043304443,22.191936492919922,0.1639518290758133,0.10125459730625153,0.17373999953269958,0.10699513554573059,-0.002315111458301544,0.7768416404724121,23.285200119018555,0.1390572488307953,0.08176906406879425,0.1620359569787979,0.07497089356184006,0.03259308263659477,0.6937081813812256,22.189842224121094,0.3023951053619385,0.1502419114112854,0.2837987244129181,0.15054115653038025,0.07454736530780792,0.5997706651687622,20.95635986328125,0.23757201433181763,0.17135287821292877,0.2518363296985626,0.16363893449306488,-0.041397884488105774,0.5322404503822327,22.959218978881836
chain_0051,id_02876,0.14179232716560364,0.08580145239830017,0.1777375340461731,0.07134637981653214,-0.0562460832297802,0.732998251914978,22.331260681152344,0.09130449593067169,0.046276532113552094,0.09112662076950073,0.03678785264492035,-0.004022897221148014,0.7201734781265259,23.020404815673828,0.09091053158044815,0.060419924557209015,0.13552573323249817,0.040739741176366806,-0.0014116717502474785,0.6190828084945679,21.461891174316406,0.17761608958244324,0.10910356044769287,0.20139357447624207,0.1044536679983139,-0.018115758895874023,0.6440510749816895,20.685331344604492,0.08008163422346115,0.07981610298156738,0.2068926841020584,0.07698217779397964,0.005451759323477745,0.7017633318901062,21.83586311340332
chain_0052,id_02877,0.2810617685317993,0.21909664571285248,0.285121351480484,0.20662008225917816,-0.0070869410410523415,0.5983853340148926,21.934755325317383,0.06979493796825409,0.07349742949008942,0.17224296927452087,0.08024711161851883,-0.03110431879758835,0.7002396583557129,23.21115493774414,0.08015431463718414,0.08194241672754288,0.1654817759990692,0.08681995421648026,0.020716626197099686,0.8270517587661743,23.266891479492188,0.027198605239391327,0.019487157464027405,0.17588822543621063,0.031648773699998856,0.07353295385837555,0.6957217454910278,21.598630905151367,-0.0004612309858202934,-0.0006683398969471455,0.07739582657814026,-0.0072715855203568935,0.005083998199552298,0.8011267781257629,23.49337387084961
chain_0053,id_00478,0.12973305583000183,0.11745716631412506,0.18637578189373016,0.10519181936979294,0.06507369875907898,0.5969095826148987,22.194719314575195,0.041409991681575775,0.06797446310520172,0.14915883541107178,0.06900930404663086,0.015395181253552437,0.6404231190681458,23.135892868041992,0.14175114035606384,0.08530685305595398,0.1694938689470291,0.07676557451486588,0.010226594284176826,0.6352388858795166,23.160253524780273,0.07325960695743561,0.0597519725561142,0.11747860908508301,0.05131775513291359,-0.011989161372184753,0.7204078435897827,24.07421875,0.09143078327178955,0.0704115480184555,0.12208414822816849,0.06305240094661713,0.007780297193676233,0.7403769493103027,22.500804901123047
chain_0054,id_02878,0.1381770670413971,0.10191173851490021,0.17965476214885712,0.08714670687913895,0.0981459841132164,0.7414808869361877,24.389495849609375,0.056007493287324905,0.045749180018901825,0.09915603697299957,0.03830021247267723,-0.005952863954007626,0.653986930847168,23.587116241455078,0.11932368576526642,0.03375089168548584,0.07444997131824493,0.023231379687786102,-0.06577840447425842,0.7528272867202759,23.48097038269043,0.04154464974999428,0.00505889393389225,0.051879387348890305,0.004393689800053835,0.05635231360793114,0.6641468405723572,23.126895904541016,0.11892256885766983,0.05818410962820053,0.11492457985877991,0.05780477821826935,-0.01563297212123871,0.6606309413909912,23.73605728149414
chain_0055,id_02879,0.062109723687171936,0.003094657324254513,0.09796489775180817,0.008072580210864544,-0.00747328344732523,0.6460620164871216,25.541080474853516,0.2714332938194275,0.10213903337717056,0.19306227564811707,0.10378498584032059,-0.041881248354911804,0.7222775220870972,24.368640899658203,0.05420858412981033,-0.010151559486985207,0.05761267617344856,-0.008806386962532997,0.01763412170112133,0.7949901223182678,26.701400756835938,0.09457536041736603,0.05167956277728081,0.16126903891563416,0.05406540632247925,0.02507868967950344,0.7461652755737305,24.22357749938965,0.09813186526298523,0.0665103942155838,0.18025463819503784,0.06851682811975479,0.03041088581085205,0.7378583550453186,23.73122787475586
chain_0056,id_02505,0.20028215646743774,0.1026993840932846,0.17764616012573242,0.09881558269262314,0.0202309750020504,0.7163307666778564,22.79985809326172,0.0375034399330616,-0.028222698718309402,0.09877495467662811,-0.024389587342739105,0.010172171518206596,0.7626705169677734,25.226781845092773,0.1083158403635025,0.09006810188293457,0.15682673454284668,0.08380880206823349,-0.031720686703920364,0.7410628795623779,24.54497528076172,0.10383674502372742,0.08435863256454468,0.14583781361579895,0.07804170250892639,0.027611088007688522,0.7570958733558655,24.772558212280273,0.06522288173437119,0.07067041844129562,0.12107379734516144,0.0621333047747612,0.05536091700196266,0.6818538308143616,22.599586486816406
chain_0057,id_02880,0.1864212155342102,0.11974403262138367,0.2155844271183014,0.11941129714250565,-0.016034476459026337,0.679732620716095,23.517335891723633,0.15313903987407684,0.09308850765228271,0.15184205770492554,0.08690213412046432,0.043287910521030426,0.6712520122528076,23.428251266479492,0.10621938109397888,0.07280638813972473,0.18135330080986023,0.07149627804756165,-0.028707195073366165,0.695030689239502,23.751842498779297,0.1465904712677002,0.12803971767425537,0.20927295088768005,0.11693517863750458,0.034918881952762604,0.6217643022537231,24.83664321899414,0.19175367057323456,0.14535272121429443,0.21964998543262482,0.13850215077400208,0.09575548768043518,0.7011281251907349,23.492919921875
chain_0058,id_02881,0.1909608542919159,0.06549730151891708,0.1318272352218628,0.06149623170495033,-0.0626513883471489,0.6430481672286987,21.303964614868164,0.1468225121498108,0.10344550758600235,0.192311629652977,0.0991794541478157,0.010399842634797096,0.7199281454086304,21.815603256225586,0.013310365378856659,-0.01715831086039543,0.07067574560642242,-0.01913786306977272,-0.07837611436843872,0.6610468029975891,20.764244079589844,0.11714941263198853,0.03962291032075882,0.12371853739023209,0.03615981712937355,0.01636575162410736,0.733064591884613,23.96250343322754,0.08624790608882904,0.003742984961718321,0.10484044253826141,0.003635835601016879,-0.011241285130381584,0.6623061895370483,24.535919189453125
chain_0059,id_02882,0.15093913674354553,0.11632474511861801,0.21730898320674896,0.1175035685300827,-0.06687567383050919,0.6819033026695251,24.843017578125,0.06256859004497528,0.06960466504096985,0.1765894591808319,0.06607168167829514,0.09017567336559296,0.7109817266464233,24.04876708984375,-0.025355815887451172,-0.0231969952583313,0.14074985682964325,-0.013380831107497215,0.01027128379791975,0.7502268552780151,24.2316951751709,0.02535628154873848,-0.03976257145404816,0.06378176808357239,-0.03130875155329704,0.0026838742196559906,0.7196455597877502,21.559545516967773,0.05340629070997238,-0.008943965658545494,0.08327163010835648,-0.009302094578742981,0.0033865002915263176,0.27387091517448425,21.162843704223633
chain_0061,id_00869,0.33031779527664185,0.23141998052597046,0.34759360551834106,0.2303658276796341,-0.05208776146173477,0.7190406918525696,23.467737197875977,0.18767987191677094,0.11124375462532043,0.1944086104631424,0.10378643125295639,-0.01116766408085823,0.6497605443000793,24.693681716918945,0.1705421507358551,0.06132238358259201,0.12929974496364594,0.06150870770215988,0.027519503608345985,0.6938768625259399,25.823272705078125,0.12109945714473724,0.054797276854515076,0.12119926512241364,0.050598256289958954,0.05812776833772659,0.736365556716919,23.113008499145508,0.07121370732784271,0.08453021943569183,0.13936582207679749,0.07838411629199982,-0.016763530671596527,0.3829866051673889,21.17319107055664
chain_0062,id_02883,0.31743669509887695,0.2367759644985199,0.31786292791366577,0.23521144688129425,-0.0367712564766407,0.573540210723877,19.482765197753906,0.1472531259059906,0.12767758965492249,0.21837693452835083,0.13216914236545563,-0.046768881380558014,0.6806509494781494,22.028308868408203,0.14835745096206665,0.1118905320763588,0.18945056200027466,0.11545006930828094,-0.07871659100055695,0.6748870611190796,23.338031768798828,0.14958973228931427,0.1053864061832428,0.16279642283916473,0.10526753216981888,0.036363549530506134,0.6576736569404602,20.51353645324707,0.14056530594825745,0.10708827525377274,0.1954469084739685,0.10446743667125702,0.030270786955952644,0.750739336013794,23.1123046875
chain_0063,id_02884,0.0596698559820652,0.007299123331904411,0.05405498296022415,0.011863711290061474,0.023905768990516663,0.7276027202606201,23.1057071685791,0.09666071087121964,0.08532765507698059,0.15686827898025513,0.08303585648536682,-0.0010139085352420807,0.6868975162506104,22.933835983276367,-0.03886175900697708,-0.019450629130005836,0.0978143960237503,-0.01428237184882164,0.07281569391489029,0.7068219780921936,23.377662658691406,0.15873554348945618,0.1189037412405014,0.2069399356842041,0.10863151401281357,-0.05328197032213211,0.641562819480896,22.941837310791016,0.15800222754478455,0.08762536197900772,0.17738912999629974,0.0979754701256752,-0.02367972955107689,0.6977910399436951,22.548208236694336
chain_0064,id_02885,0.21936939656734467,0.08908571302890778,0.20423930883407593,0.10020065307617188,-0.024402156472206116,0.7018725275993347,25.28270149230957,0.09404972195625305,0.059416696429252625,0.12575531005859375,0.05288160964846611,0.007659755181521177,0.7003169059753418,25.16910743713379,-0.004767477512359619,-0.0068824924528598785,0.14477333426475525,0.006232120096683502,0.022389749065041542,0.7089301943778992,25.454612731933594,-0.005510486662387848,0.009858708828687668,0.08545445650815964,0.00870326068252325,0.0395718514919281,0.6566280126571655,23.858402252197266,0.02493220567703247,0.003115380182862282,0.16262605786323547,0.006045530550181866,0.016155384480953217,0.7422728538513184,24.352046966552734
chain_0065,id_00344,0.062189556658267975,0.0047155446372926235,0.09423470497131348,0.007571169175207615,-0.023032769560813904,0.7265404462814331,23.363452911376953,0.02429977059364319,0.014581479132175446,0.07490874826908112,0.005604395177215338,-0.031446877866983414,0.5459834337234497,21.833818435668945,0.06666801869869232,0.05853644013404846,0.12908169627189636,0.0561298131942749,0.00486178882420063,0.6706726551055908,24.296607971191406,0.04147881641983986,-0.008489960804581642,0.08796535432338715,-0.0015529743395745754,0.04966335743665695,0.650765061378479,22.200267791748047,0.07161988317966461,0.01642327941954136,0.11277314275503159,0.025696810334920883,0.02589372918009758,0.7458745241165161,23.609718322753906
chain_0066,id_00111,0.11693518608808517,0.13893520832061768,0.25906747579574585,0.14441952109336853,-0.03153903782367706,0.6601144075393677,23.310651779174805,-0.019893724471330643,0.034591805189847946,0.13102012872695923,0.03418046236038208,0.01918182522058487,0.6912016868591309,23.6691951751709,-0.03346783667802811,-0.014972208067774773,0.08127360790967941,-0.008427992463111877,0.044817596673965454,0.7122870683670044,22.92909812927246,0.09659254550933838,0.14753951132297516,0.20659306645393372,0.1380770355463028,0.04409310966730118,0.6401324272155762,24.350425720214844,0.01947895996272564,0.025829972699284554,0.11059990525245667,0.02203993871808052,0.015588950365781784,0.7020500898361206,25.044879913330078
chain_0067,id_02886,0.15289148688316345,0.1325109302997589,0.18936419486999512,0.12117520719766617,-0.033098965883255005,0.6875548362731934,21.39393424987793,0.05511331185698509,0.05324563384056091,0.12464231252670288,0.05002843961119652,-0.03037598915398121,0.7888903617858887,21.30039405822754,0.04507884383201599,0.01873583346605301,0.1428990662097931,0.02822057530283928,0.014547890983521938,0.7360276579856873,22.913227081298828,0.020086655393242836,0.014501335099339485,0.06914865225553513,0.0007440662011504173,0.09982152283191681,0.6818172335624695,22.018062591552734,-0.06772617250680923,0.0038871588185429573,0.11018024384975433,0.00017552636563777924,-0.005232152994722128,0.7297236323356628,21.409433364868164
chain_0068,id_02814,-0.03575388714671135,-0.02942860871553421,0.03880248963832855,-0.03314463421702385,-0.015757255256175995,0.7370131015777588,22.94619369506836,0.06590699404478073,0.06439929455518723,0.1301577091217041,0.0594235435128212,-0.01512477733194828,0.7161049842834473,21.64532470703125,-0.023158742114901543,0.025994010269641876,0.16133737564086914,0.020583875477313995,0.04372313246130943,0.73854660987854,23.768798828125,0.033315032720565796,0.04730939865112305,0.17281216382980347,0.048794619739055634,-0.03766697645187378,0.8073614835739136,24.04289436340332,-0.04992740601301193,-0.030446380376815796,0.14559590816497803,-0.030354134738445282,-0.004496267531067133,0.6915700435638428,23.746591567993164
chain_0069,id_00729,0.12247087061405182,0.0867602601647377,0.1685558557510376,0.08020375669002533,0.059322647750377655,0.6556699275970459,22.509674072265625,0.09701323509216309,0.05855836719274521,0.13571801781654358,0.05865495651960373,-0.05326024070382118,0.7080543041229248,21.861772537231445,0.1500721126794815,0.06605371832847595,0.14729517698287964,0.06062773987650871,0.0026470525190234184,0.7705860733985901,22.70335578918457,0.1254885494709015,0.03306247293949127,0.08576449006795883,0.03002445213496685,-0.05391981452703476,0.6835117340087891,20.45766258239746,0.045687757432460785,0.014572790823876858,0.07971776276826859,0.013572151772677898,-0.028236771002411842,0.8164516687393188,22.292675018310547
chain_0070,id_00615,0.17428594827651978,0.0807608813047409,0.1839626133441925,0.07119354605674744,0.03565333038568497,0.735610842704773,22.050403594970703,0.12498032301664352,0.10800248384475708,0.1841420829296112,0.1046917513012886,-0.040739756077528,0.7164958715438843,22.11279296875,0.14870516955852509,0.12408225238323212,0.19869518280029297,0.11391805112361908,0.04425228387117386,0.7400206327438354,24.18636131286621,0.05943698808550835,0.05418967455625534,0.13575249910354614,0.06378920376300812,0.002872887998819351,0.6018636226654053,20.565265655517578,0.10543587803840637,0.07973029464483261,0.13808870315551758,0.07660479843616486,0.05689540505409241,0.7401793599128723,22.745832443237305
chain_0071,id_02887,0.24806749820709229,0.11560279130935669,0.19858890771865845,0.1017073392868042,-0.03535907715559006,0.665420413017273,21.582387924194336,0.16969366371631622,0.13659153878688812,0.2345937192440033,0.14434893429279327,-0.027456577867269516,0.617071270942688,20.485708236694336,-0.005281686782836914,-0.013025976717472076,0.06730180233716965,-0.014846562407910824,0.05337699130177498,0.7902966141700745,22.23797607421875,0.05391570180654526,0.0613788440823555,0.15484130382537842,0.06322790682315826,-0.030964907258749008,0.6970669627189636,21.138818740844727,0.08761674165725708,0.07043050229549408,0.13409462571144104,0.05770587921142578,0.013765731826424599,0.7497771978378296,23.916704177856445
chain_0072,id_02482,0.18926705420017242,0.11570514738559723,0.19703924655914307,0.11321064829826355,-0.017349321395158768,0.7855202555656433,22.23882484436035,0.16669361293315887,0.07985824346542358,0.17101791501045227,0.08250840753316879,-0.03931606560945511,0.7945685386657715,23.455482482910156,0.05492919683456421,0.029485438019037247,0.12789255380630493,0.027638904750347137,0.0009948997758328915,0.8008013367652893,21.203310012817383,0.1566765308380127,0.13313493132591248,0.21468722820281982,0.12473364174365997,0.03760942444205284,0.7615559101104736,22.9803524017334,0.009123843163251877,0.01333004143089056,0.10611636936664581,0.01730484887957573,-0.041315995156764984,0.8362747430801392,23.39756202697754
chain_0073,id_02888,0.3167073726654053,0.18112018704414368,0.3235562741756439,0.14936257898807526,-0.026500532403588295,0.7475641965866089,22.107370376586914,-0.010123645886778831,0.02360031008720398,0.1102500930428505,0.015021314844489098,0.03344526141881943,0.7703907489776611,23.518218994140625,0.04312097653746605,0.03448434919118881,0.12244363129138947,0.028322257101535797,0.02934390865266323,0.7316692471504211,23.750892639160156,0.034094613045454025,0.028267234563827515,0.11629097908735275,0.022748518735170364,0.04702206701040268,0.10739895701408386,23.459882736206055,-0.009760722517967224,-0.01946718990802765,0.0671302080154419,-0.02318236604332924,0.07397039234638214,0.7662031650543213,25.25429344177246
chain_0074,id_02889,0.14094659686088562,0.12262081354856491,0.2119508683681488,0.11339748650789261,-0.012284476310014725,0.5931721925735474,24.38521957397461,0.12892058491706848,0.08754386007785797,0.15512368083000183,0.08018212765455246,0.01138403732329607,0.6781619787216187,22.920347213745117,0.1681918501853943,0.12121444940567017,0.17772287130355835,0.12089359015226364,-0.06051069498062134,0.6852138042449951,23.74810028076172,0.11732687801122665,0.06199637055397034,0.16850458085536957,0.06247159093618393,0.06308313459157944,0.6794536113739014,23.796424865722656,0.10065436363220215,0.07397107034921646,0.17707064747810364,0.07537856698036194,0.021501433104276657,0.6739957928657532,23.121692657470703
chain_0075,id_02190,0.17392008006572723,0.13112536072731018,0.21158941090106964,0.12088008970022202,0.060302913188934326,0.6268619298934937,23.26151466369629,0.1754368543624878,0.08048205822706223,0.1596057415008545,0.0756557434797287,0.0042295437306165695,0.6936090588569641,24.698368072509766,0.3280719220638275,0.2376198172569275,0.31575632095336914,0.23620489239692688,-0.023244235664606094,0.6896343231201172,25.7430477142334,0.1478235125541687,0.12108686566352844,0.21858975291252136,0.12109093368053436,-0.03025306575000286,0.6717536449432373,24.215242385864258,0.25292420387268066,0.19066576659679413,0.25415682792663574,0.18759563565254211,-0.025823958218097687,0.7333243489265442,27.53441047668457
chain_0076,id_02890,0.03078310191631317,0.03070191480219364,0.08806728571653366,0.026757830753922462,0.019033081829547882,0.7492155432701111,24.253311157226562,0.09408877044916153,0.081706203520298,0.1455395370721817,0.0869567021727562,0.032404825091362,0.8105334043502808,23.074567794799805,0.050029851496219635,0.023576198145747185,0.08091063797473907,0.028040830045938492,0.04968520626425743,0.7401851415634155,24.95205307006836,0.15340283513069153,0.08124655485153198,0.1835467517375946,0.08779728412628174,0.08926329016685486,0.7872289419174194,25.029361724853516,0.1266409456729889,0.07082585990428925,0.1475280523300171,0.07303296774625778,0.08285556733608246,0.747402012348175,24.520666122436523
chain_0077,id_02891,0.2159520387649536,0.11655569076538086,0.22459334135055542,0.1182255670428276,-0.04274431988596916,0.7379093170166016,24.456966400146484,0.22970715165138245,0.15758797526359558,0.25591492652893066,0.1494821012020111,-0.06065049767494202,0.7537572383880615,23.363975524902344,0.14336299896240234,0.11921855807304382,0.19710257649421692,0.10593944042921066,0.0691121369600296,0.6210241317749023,23.74541664123535,0.19063380360603333,0.11446217447519302,0.19057554006576538,0.11460157483816147,0.04960602521896362,0.7040642499923706,26.32938003540039,0.2140481173992157,0.09533019363880157,0.1919010579586029,0.09180908650159836,0.04875429719686508,0.6840474605560303,24.648136138916016
chain_0078,id_00777,0.08910930901765823,0.05674995109438896,0.14307434856891632,0.04162188246846199,0.042981505393981934,0.7139041423797607,24.434022903442383,0.10647878050804138,0.023948121815919876,0.13611213862895966,0.02892765775322914,0.05514320358633995,0.7962116003036499,27.647968292236328,0.04478383809328079,0.014947855845093727,0.11621465533971786,0.010627212934195995,0.04884537681937218,0.7228642702102661,24.813932418823242,0.11061505973339081,0.05172744765877724,0.18494489789009094,0.053479764610528946,0.04093486815690994,0.6640840172767639,23.113048553466797,0.05808841437101364,0.022048160433769226,0.12187115848064423,0.0211673341691494,-0.022699322551488876,0.7908044457435608,25.42685890197754
chain_0079,id_00798,0.19618038833141327,0.10356929898262024,0.16426602005958557,0.10145928710699081,0.017963098362088203,0.6672142744064331,23.31879234313965,0.08328579366207123,0.0760878473520279,0.1230742484331131,0.06756598502397537,0.0025141353253275156,0.6539007425308228,23.45648193359375,0.01785113662481308,0.01977693662047386,0.09691928327083588,0.01614542119204998,-0.02964145503938198,0.6420781016349792,20.241046905517578,0.10230692476034164,0.09318764507770538,0.14501747488975525,0.08904968947172165,-0.0838857963681221,0.7351974844932556,21.693157196044922,0.10219869017601013,0.08344344794750214,0.15060201287269592,0.0827694907784462,0.02747463993728161,0.6880207061767578,20.649240493774414
chain_0080,id_02892,0.1659407913684845,0.09236687421798706,0.1992858499288559,0.09374330192804337,0.039839476346969604,0.6143723726272583,21.83966636657715,0.11799696087837219,0.06278550624847412,0.1390027403831482,0.0591302290558815,0.04819653928279877,0.638681173324585,20.914321899414062,0.1861383318901062,0.08222480118274689,0.17015038430690765,0.0847446620464325,-0.014856819994747639,0.7337185144424438,22.245426177978516,0.10832610726356506,0.10259212553501129,0.19884318113327026,0.09837130457162857,0.09510279446840286,0.3664732575416565,23.127164840698242,-0.0466981902718544,-0.01584094576537609,0.06827110052108765,-0.02037029154598713,0.10282253473997116,0.7073010802268982,23.410371780395508
chain_0081,id_01484,0.14104655385017395,0.04944267123937607,0.1163557842373848,0.052849311381578445,-0.023847218602895737,0.7145135402679443,23.819351196289062,0.13077378273010254,0.027647584676742554,0.11477361619472504,0.035932932049036026,0.05687585473060608,0.6573474407196045,22.68808937072754,0.07461827993392944,0.0741068422794342,0.15133391320705414,0.06819596886634827,-0.05944586917757988,0.7364963293075562,22.406492233276367,0.08331146836280823,0.06541013717651367,0.13320404291152954,0.06572914868593216,0.036272380501031876,0.6132572293281555,22.839323043823242,0.11178544163703918,0.005491616204380989,0.09257172793149948,0.0038769857492297888,0.001124621368944645,0.6526920795440674,22.819570541381836
chain_0082,id_02893,0.118648961186409,0.017642809078097343,0.09554048627614975,0.01910811848938465,-0.023060334846377373,0.6297224760055542,23.46576690673828,0.026108628138899803,0.05120114982128143,0.10365576297044754,0.04059682786464691,-0.08300124108791351,0.714066743850708,23.007854461669922,0.0284986924380064,0.026090461760759354,0.08476463705301285,0.01798115484416485,-0.04932938516139984,0.7447072267532349,25.89720916748047,0.12801149487495422,0.10948178172111511,0.1875176727771759,0.10848932713270187,-0.017110783606767654,0.7005174160003662,24.976367950439453,0.07921019941568375,0.03290179744362831,0.11056727170944214,0.036424919962882996,0.07123671472072601,0.7870640158653259,27.166893005371094
chain_0083,id_01018,0.15842783451080322,0.07531758397817612,0.16753089427947998,0.0810064971446991,-0.003342174459248781,0.5940438508987427,23.430137634277344,0.07798950374126434,0.013211719691753387,0.07972992211580276,0.007627984043210745,0.07144534587860107,0.797427237033844,25.21177101135254,0.052221741527318954,-0.05150751769542694,0.010884024202823639,-0.054763782769441605,0.05298323929309845,0.7660600543022156,22.498729705810547,-0.00754200853407383,0.018744301050901413,0.0810672789812088,0.017907822504639626,0.009427042677998543,0.7636961340904236,24.302738189697266,0.11369078606367111,0.025002242997288704,0.09520990401506424,0.023239996284246445,-0.02330111898481846,0.7608823776245117,24.055334091186523
chain_0084,id_02894,0.14216110110282898,0.0606713593006134,0.19147609174251556,0.06910480558872223,-0.03210515156388283,0.7459148168563843,22.03229522705078,0.1019490584731102,0.030906666070222855,0.11637847870588303,0.030181102454662323,0.0011000221129506826,0.709557831287384,25.117826461791992,0.09796077013015747,0.07614803314208984,0.14273852109909058,0.0759679302573204,-0.051840249449014664,0.7212318778038025,24.935583114624023,0.09855584800243378,0.018010325729846954,0.08276276290416718,0.017277145758271217,-0.11590072512626648,0.7485914826393127,22.83375358581543,0.04035916179418564,-0.012475639581680298,0.061471082270145416,-0.011701224371790886,0.013211248442530632,0.7092271447181702,24.357534408569336
chain_0085,id_02895,0.1463182121515274,0.07315678894519806,0.15836364030838013,0.05383433401584625,0.0013901153579354286,0.6719293594360352,23.16761589050293,0.21773627400398254,0.0993342250585556,0.19349367916584015,0.10213413089513779,0.05331543833017349,0.6230862140655518,21.26420021057129,0.08988989889621735,0.07157266139984131,0.13276050984859467,0.0705796629190445,0.05086321756243706,0.687125027179718,23.477455139160156,0.17675065994262695,0.10203488171100616,0.18980978429317474,0.09871960431337357,-0.003987087868154049,0.684415340423584,20.79575538635254,0.13495248556137085,0.08134150505065918,0.1540716588497162,0.06835604459047318,0.021665116772055626,0.7602602243423462,24.278362274169922
chain_0086,id_02258,0.07270176708698273,0.04989566653966904,0.10406513512134552,0.0507468581199646,0.04945848137140274,0.6241315007209778,20.155197143554688,0.006866760551929474,-0.04726148396730423,0.07439656555652618,-0.03846032917499542,0.04171200841665268,0.7005066871643066,22.634572982788086,0.09828420728445053,0.030995260924100876,0.1246790736913681,0.029080847278237343,-0.021344751119613647,0.6607850193977356,18.780481338500977,0.19299806654453278,0.12511789798736572,0.19074320793151855,0.1179015189409256,-0.02680465206503868,0.6880679726600647,23.065380096435547,0.026278745383024216,0.030039317905902863,0.12283428013324738,0.024599319323897362,0.061222247779369354,0.6902723908424377,21.419788360595703
chain_0087,id_02896,0.2533249258995056,0.10436493903398514,0.2290842980146408,0.09960506856441498,0.044392459094524384,0.6575263142585754,24.897544860839844,0.022869646549224854,0.0026537678204476833,0.18172457814216614,0.021144237369298935,-0.020093349739909172,0.680138885974884,24.332468032836914,0.1146470159292221,0.0974469780921936,0.17155158519744873,0.09470827877521515,-0.05420289933681488,0.6519262194633484,24.728485107421875,0.1423972100019455,0.09408265352249146,0.15531834959983826,0.09300638735294342,-0.0139600969851017,0.6762139201164246,23.96051788330078,0.05283832550048828,0.02440698631107807,0.09394825994968414,0.022183597087860107,0.010635122656822205,0.74993497133255,22.983585357666016
chain_0088,id_02897,0.08077490329742432,0.05545929819345474,0.1264214664697647,0.0480412058532238,-0.021232645958662033,0.6748415231704712,25.104759216308594,0.04824208840727806,0.048524510115385056,0.11054512858390808,0.048776958137750626,0.015457475557923317,0.6727559566497803,25.537708282470703,0.07214435189962387,0.07927839457988739,0.15247604250907898,0.07155641168355942,0.11660689115524292,0.7829567790031433,23.310314178466797,0.05975167080760002,0.054717279970645905,0.13565216958522797,0.04989909008145332,0.021403301507234573,0.7738568782806396,24.59645652770996,0.04368215054273605,0.010151071473956108,0.10883963108062744,0.020046748220920563,-0.033286962658166885,0.7084479331970215,22.10338020324707
chain_0089,id_02644,0.04535307735204697,0.021788306534290314,0.12364604324102402,0.026572473347187042,0.061429500579833984,0.7523784041404724,23.244762420654297,0.05764477699995041,0.032134346663951874,0.11012185364961624,0.03506159037351608,0.047434717416763306,0.7365344762802124,23.061710357666016,0.1256980001926422,0.11241284757852554,0.20603638887405396,0.10613129287958145,-0.01891852356493473,0.7963529229164124,23.409311294555664,0.10762502253055573,0.06362055242061615,0.11826415359973907,0.06489566713571548,0.06290897727012634,0.698017954826355,23.381677627563477,0.0666852593421936,0.026216916739940643,0.13006414473056793,0.0248201135545969,-0.03906837850809097,0.7777189612388611,21.235055923461914
chain_0090,id_02783,0.2103215456008911,0.06555741280317307,0.1504473090171814,0.060397639870643616,-0.04174971580505371,0.6319482922554016,25.831758499145508,0.2601858973503113,0.12446622550487518,0.21006397902965546,0.11453763395547867,-0.0019964820239692926,0.7057979106903076,25.61875343322754,0.23450660705566406,0.12629173696041107,0.22937585413455963,0.12122896313667297,-0.0451967678964138,0.6727120280265808,26.401086807250977,0.12708672881126404,0.038547053933143616,0.11115289479494095,0.02800537832081318,-0.09009154140949249,0.7235190868377686,28.136234283447266,0.1891796886920929,0.05283753573894501,0.13866659998893738,0.05294184759259224,0.015519312582910061,0.6795440912246704,24.033241271972656
chain_0091,id_02898,0.1557633876800537,0.07893241941928864,0.1887223869562149,0.09290771186351776,0.11354466527700424,0.6759466528892517,25.222930908203125,0.12052813172340393,0.10352592170238495,0.18999630212783813,0.10548562556505203,-0.008922746405005455,0.6693222522735596,25.133079528808594,0.18231794238090515,0.10869580507278442,0.17829251289367676,0.11108114570379257,0.07011503726243973,0.6779855489730835,24.766328811645508,0.06577669829130173,0.060811467468738556,0.1543683111667633,0.05583779886364937,0.02856268733739853,0.5850659608840942,23.94112205505371,0.11551965773105621,0.09001072496175766,0.1558903306722641,0.08348191529512405,0.15906235575675964,0.6847668290138245,24.458999633789062
chain_0092,id_01186,0.14440232515335083,0.0598236545920372,0.15450003743171692,0.056539542973041534,0.01284758374094963,0.6620078682899475,23.16429901123047,0.2608577609062195,0.14506441354751587,0.22396206855773926,0.14185616374015808,0.06255672872066498,0.7025059461593628,22.928983688354492,0.1410931944847107,0.041171230375766754,0.138933926820755,0.04004883021116257,0.03315902501344681,0.6817704439163208,24.886272430419922,0.17940804362297058,0.07049618661403656,0.16494420170783997,0.06921488791704178,0.10620094835758209,0.7884040474891663,24.531784057617188,0.19047823548316956,0.11449670791625977,0.268939733505249,0.10784836113452911,0.03840769827365875,0.695614218711853,22.741676330566406
chain_0094,id_02899,0.0983770415186882,-0.05362500622868538,0.11325883865356445,-0.042918674647808075,-0.045862480998039246,0.59654700756073,21.440387725830078,0.017521027475595474,-0.010640662163496017,0.053635336458683014,-0.01492880005389452,-0.038035131990909576,0.6351659297943115,24.910823822021484,0.10685810446739197,-0.03344554454088211,0.09307172894477844,-0.02556081861257553,0.015602316707372665,0.5800726413726807,20.711158752441406,0.05047999322414398,0.007382203359156847,0.25341278314590454,0.015314927324652672,-0.04190947115421295,0.6653299331665039,23.360618591308594,-0.0073453765362501144,0.010309439152479172,0.12303493171930313,0.011554962024092674,0.07005619257688522,0.7010300159454346,24.16460609436035
chain_0095,id_02900,0.23457837104797363,0.12168792635202408,0.1765364706516266,0.10366670042276382,0.023082900792360306,0.5875800848007202,24.644542694091797,0.07947850972414017,0.02754152938723564,0.12155268341302872,0.035463847219944,0.019465511664748192,0.6287155747413635,23.41461181640625,0.13333812355995178,0.061300549656152725,0.12922906875610352,0.0630006492137909,-0.006882511079311371,0.7070670127868652,23.00200080871582,0.04099935665726662,0.021363183856010437,0.07811567187309265,0.01731281727552414,0.04607106372714043,0.6114286184310913,22.735767364501953,0.14992189407348633,0.08787714689970016,0.2049734890460968,0.087298184633255,0.04122982174158096,0.7183483242988586,21.247892379760742
chain_0096,id_02252,0.2572251558303833,0.12079166620969772,0.22904962301254272,0.12257389724254608,0.08799131214618683,0.6713393926620483,24.83378028869629,0.29254695773124695,0.14775285124778748,0.2603216767311096,0.14140675961971283,0.07514654099941254,0.7308539152145386,24.687631607055664,0.12213414907455444,0.04649623855948448,0.15333418548107147,0.035201914608478546,0.10037611424922943,0.6239088773727417,23.542661666870117,0.17220044136047363,0.04522950202226639,0.11406286805868149,0.04433520883321762,0.008009104058146477,0.7020456790924072,25.167476654052734,0.17659470438957214,0.11702797561883926,0.1795368492603302,0.11188159137964249,-0.029845254495739937,0.6452769041061401,24.133987426757812
chain_0098,id_02901,0.20694009959697723,0.1318008303642273,0.2219618558883667,0.12180309742689133,-0.02262640930712223,0.6441419124603271,22.079673767089844,0.17971275746822357,0.10039710998535156,0.17454250156879425,0.10196943581104279,-0.05394236743450165,0.6651395559310913,23.27265167236328,0.11884862184524536,0.06385847926139832,0.13733349740505219,0.05523582920432091,-0.05495474487543106,0.7002065181732178,21.956634521484375,0.10794731229543686,0.05530007183551788,0.13867442309856415,0.05971961468458176,0.015713775530457497,0.8120196461677551,23.614238739013672,0.10151974856853485,0.1061839684844017,0.17122259736061096,0.0960521548986435,0.0359172485768795,0.6901721358299255,23.534914016723633
chain_0099,id_02902,0.05118374526500702,-0.01735612377524376,0.06300830096006393,-0.015117194503545761,0.03148248419165611,0.7181874513626099,25.758195877075195,0.17222893238067627,0.10735936462879181,0.20097023248672485,0.10596368461847305,0.01587175577878952,0.7279835343360901,26.736909866333008,0.04875650629401207,-0.02084018848836422,0.052921172231435776,-0.021201984956860542,0.0003090733662247658,0.7671525478363037,25.519012451171875,-0.00549444742500782,0.010783969424664974,0.07504263520240784,0.006849935278296471,-0.006226592697203159,0.7372579574584961,24.95077133178711,0.05870278552174568,0.04199763759970665,0.11822693794965744,0.04763340950012207,0.010853393003344536,0.7516087889671326,24.54208755493164
chain_0100,id_02903,0.1733996570110321,0.14210261404514313,0.19539450109004974,0.1307634860277176,0.07214789092540741,0.691643476486206,21.508211135864258,0.1559068113565445,0.08683933317661285,0.14646077156066895,0.08332847058773041,-0.02608812227845192,0.6150540709495544,22.666242599487305,0.079899363219738,0.043773531913757324,0.10683677345514297,0.04189416393637657,0.08225610852241516,0.6945935487747192,21.838924407958984,0.17720754444599152,0.14489346742630005,0.21785682439804077,0.1319681853055954,0.03276785463094711,0.7730162143707275,22.51390838623047,0.16227321326732635,0.0922711044549942,0.15442611277103424,0.08444951474666595,-0.007268662564456463,0.7417768836021423,23.574798583984375
chain_0101,id_01877,0.2653210163116455,0.18097636103630066,0.27175042033195496,0.17287805676460266,0.02550824172794819,0.09761662036180496,17.75341033935547,0.25228238105773926,0.1714356690645218,0.23093676567077637,0.15568239986896515,-0.019764292985200882,0.7335458993911743,26.484376907348633,0.12540441751480103,0.05749441310763359,0.15422315895557404,0.060121018439531326,0.054730240255594254,0.6883561611175537,23.178064346313477,0.09263701736927032,0.0508812814950943,0.14477655291557312,0.04925696551799774,0.031018540263175964,0.7712887525558472,24.388870239257812,-0.01623963564634323,-0.030080236494541168,0.04850475490093231,-0.025933656841516495,0.04041175916790962,0.6340295076370239,24.90512466430664
chain_0102,id_02904,0.15709613263607025,0.09813682734966278,0.17586910724639893,0.09007814526557922,0.08103803545236588,0.7216004133224487,23.99399757385254,0.05501571297645569,0.0096135213971138,0.07217234373092651,0.005651683080941439,-0.0606253482401371,0.6542186737060547,21.814682006835938,0.12920060753822327,0.09100315719842911,0.18943339586257935,0.08777168393135071,0.03295072168111801,0.7953221201896667,21.386581420898438,0.12047079205513,0.05473005771636963,0.1403338611125946,0.053272247314453125,-0.01569586619734764,0.7987999320030212,23.192102432250977,-0.027379538863897324,0.0010256720706820488,0.1044534221291542,0.0025752901565283537,-0.024361584335565567,0.6756116151809692,23.510711669921875
chain_0103,id_02905,0.20204928517341614,0.15717101097106934,0.23905934393405914,0.14339470863342285,-0.005706575233489275,0.5664006471633911,23.839859008789062,0.09891907125711441,0.0265805646777153,0.10796451568603516,0.027455279603600502,0.018395842984318733,0.7350836992263794,23.111120223999023,0.02907414361834526,0.04456927999854088,0.10787785053253174,0.023829184472560883,-0.012263117358088493,0.7406378984451294,22.878171920776367,0.05429694801568985,0.0378405936062336,0.12017282098531723,0.03368377685546875,-0.015990814194083214,0.6452843546867371,22.713459014892578,0.10871738195419312,0.09926587343215942,0.15581493079662323,0.09404437243938446,-0.024561194702982903,0.8286148905754089,22.589801788330078
chain_0104,id_02906,0.10010620951652527,0.04211648553609848,0.16300661861896515,0.05396824702620506,-0.026794161647558212,0.7913139462471008,22.672115325927734,0.0004960950464010239,-0.004936065524816513,0.07799679785966873,-0.001755726058036089,-0.02168644219636917,0.7346272468566895,23.76145362854004,0.18109554052352905,0.11358077824115753,0.22686627507209778,0.11309245973825455,0.008633920922875404,0.6695031523704529,23.23992156982422,0.06377127766609192,0.08191385865211487,0.1489243507385254,0.08585168421268463,-0.0017424356192350388,0.6115099191665649,23.331039428710938,0.09861396253108978,0.10263969004154205,0.184941828250885,0.10631249099969864,0.009901242330670357,0.7348982095718384,22.11902618408203
chain_0105,id_02907,0.07900186628103256,0.05710200220346451,0.18969380855560303,0.06360936164855957,0.06156888231635094,0.7843866348266602,23.55951690673828,0.0719374418258667,0.0418887659907341,0.15838946402072906,0.04921889305114746,0.05703868716955185,0.6449463367462158,23.612091064453125,0.09634897857904434,0.0835723802447319,0.13404792547225952,0.07580456882715225,0.06695298105478287,0.5985062122344971,24.150955200195312,0.02627413161098957,0.0035930611193180084,0.10735440999269485,0.008737298659980297,0.024249592795968056,0.7211470603942871,23.768007278442383,0.09414960443973541,0.04002350568771362,0.15990158915519714,0.04429124295711517,-0.018569642677903175,0.8333449959754944,25.16560935974121
chain_0106,id_02908,0.25628015398979187,0.193304181098938,0.2650621235370636,0.19029095768928528,-0.031140156090259552,0.6043097972869873,23.301673889160156,0.15514148771762848,0.11331170797348022,0.17441436648368835,0.10970114171504974,-0.0011195773258805275,0.5934538841247559,23.0974178314209,0.2451336532831192,0.2121436595916748,0.3500481843948364,0.2152496725320816,0.06722983717918396,0.7134768962860107,23.807350158691406,0.1805649697780609,0.13086947798728943,0.21513836085796356,0.13775523006916046,0.1000908836722374,0.696967601776123,24.052942276000977,0.10650183260440826,0.08092610538005829,0.17762669920921326,0.08921149373054504,0.0065679121762514114,0.601036787033081,21.88223648071289
chain_0107,id_00036,0.17289814352989197,0.0782904326915741,0.21267154812812805,0.07929425686597824,-0.03488272428512573,0.6113100647926331,26.166921615600586,0.1391923725605011,0.06767663359642029,0.16301831603050232,0.06901972740888596,-0.01605979911983013,0.7043377161026001,24.540515899658203,0.032784417271614075,0.010607028380036354,0.10739581286907196,0.011697170324623585,0.06463145464658737,0.7319074273109436,24.898700714111328,0.06251536309719086,0.07723206281661987,0.15193788707256317,0.07092133164405823,-0.020810944959521294,0.7318300008773804,26.531944274902344,-0.009424367919564247,-0.021044129505753517,0.09578000009059906,-0.02055392414331436,0.057722821831703186,0.6363986730575562,26.625974655151367
chain_0108,id_02909,0.0870283991098404,0.07634705305099487,0.14515067636966705,0.07445225119590759,-0.09198036789894104,0.7763279676437378,24.236040115356445,0.16608968377113342,0.16330592334270477,0.2432287037372589,0.16284911334514618,0.0002337619662284851,0.7010844349861145,23.88182258605957,-0.028474152088165283,-0.010181533172726631,0.07588540762662888,-0.014135241508483887,-0.03428595885634422,0.7295702695846558,24.206308364868164,0.06320101767778397,0.07382477074861526,0.1306302845478058,0.06595933437347412,0.0073364912532269955,0.7704564929008484,24.87222671508789,0.06289388984441757,0.06048242002725601,0.09732739627361298,0.05487340688705444,-0.01710064709186554,0.8003190159797668,26.805273056030273
chain_0109,id_02910,0.14956867694854736,0.11652696132659912,0.27326148748397827,0.121721051633358,-0.004097122699022293,0.7004342675209045,21.954566955566406,0.08313648402690887,0.0721774771809578,0.19142970442771912,0.07201649248600006,0.014909506775438786,0.8039789795875549,23.523935317993164,-0.09175251424312592,-0.06799256801605225,0.09182873368263245,-0.06639447808265686,-0.0011845924891531467,0.747563898563385,23.242717742919922,0.0885545164346695,0.12715692818164825,0.189692884683609,0.12051171809434891,5.916226655244827e-06,0.626785159111023,21.625181198120117,-0.012150684371590614,-0.003507448360323906,0.10208148509263992,-0.005787838716059923,-0.029539411887526512,0.7968039512634277,23.255491256713867
chain_0110,id_01464,0.17110896110534668,0.12995129823684692,0.19596031308174133,0.11305202543735504,0.017308661714196205,0.7620455622673035,24.326881408691406,0.05719918757677078,0.005856750532984734,0.11837204545736313,0.008438857272267342,-0.05559999495744705,0.7172935009002686,21.958791732788086,0.048898112028837204,-0.0072391340509057045,0.09625639021396637,-0.007089711260050535,0.04241125285625458,0.6890811920166016,21.45647430419922,0.07599402964115143,0.03738628327846527,0.09190487861633301,0.033511824905872345,0.027655746787786484,0.7195023894309998,22.323129653930664,0.012123912572860718,0.0029688095673918724,0.12597383558750153,0.012113276869058609,-0.02833779901266098,0.6669638156890869,22.28229331970215
chain_0112,id_01099,0.14309042692184448,0.07604940235614777,0.14144235849380493,0.07316755503416061,-0.03757460415363312,0.555932343006134,25.313016891479492,0.131906196475029,0.09901352971792221,0.15812429785728455,0.09554716944694519,-0.012925834394991398,0.7194367051124573,24.935800552368164,0.19398783147335052,0.10401587188243866,0.22913147509098053,0.10521817952394485,-0.05325491726398468,0.7845569252967834,23.51407241821289,0.09704279899597168,0.027495279908180237,0.15963804721832275,0.03149577975273132,0.06648033857345581,0.6480779051780701,26.365501403808594,0.1074581891298294,0.03703095391392708,0.11445730179548264,0.0315130352973938,0.012514719739556313,0.7012035250663757,23.249378204345703
chain_0113,id_02911,0.1731794774532318,0.05283089354634285,0.13185657560825348,0.051436152309179306,-0.11089736223220825,0.6806937456130981,21.41269874572754,0.0965447649359703,0.07393592596054077,0.18025127053260803,0.07245150953531265,-0.0822080746293068,0.7616515159606934,23.40121078491211,-0.03549224138259888,-0.03443274646997452,0.04663579538464546,-0.026353787630796432,-0.004110224079340696,0.706285834312439,22.677221298217773,0.03018096461892128,0.025145741179585457,0.14426416158676147,0.030540380626916885,-0.06678912788629532,0.6680176258087158,20.158611297607422,0.10217634588479996,0.03423576056957245,0.1186184510588646,0.035023804754018784,0.012655558064579964,0.6159493923187256,21.93177604675293
chain_0114,id_01199,0.34292763471603394,0.22498777508735657,0.296375572681427,0.22310513257980347,-0.007531622424721718,0.6997112035751343,22.19516944885254,0.088467076420784,0.052708543837070465,0.1283113956451416,0.05440361052751541,0.013516776263713837,0.6909326314926147,22.776805877685547,0.11731677502393723,0.055245935916900635,0.12182961404323578,0.053617581725120544,-0.03548607975244522,0.5882385969161987,21.77037811279297,0.17230898141860962,0.10053325444459915,0.18212269246578217,0.09479663521051407,0.01779114454984665,0.7626125812530518,22.86114501953125,0.08313414454460144,0.02867353893816471,0.08467237651348114,0.032017782330513,-0.018605127930641174,0.7650514841079712,22.019826889038086
chain_0115,id_02912,0.1865542232990265,0.07691878080368042,0.1571236550807953,0.07292701303958893,-0.0351552739739418,0.6970866918563843,24.13392448425293,0.1985340416431427,0.12960931658744812,0.1987094283103943,0.1156180202960968,-0.030224092304706573,0.5757942795753479,23.090993881225586,0.18089373409748077,0.12722015380859375,0.22759953141212463,0.12431240826845169,-0.009717622771859169,0.49063313007354736,23.886812210083008,0.1543053686618805,0.1076665148139,0.15575115382671356,0.09280737489461899,0.02250516042113304,0.5960099697113037,23.13520622253418,0.09621889889240265,0.06020036339759827,0.1239275187253952,0.052345819771289825,0.004781532101333141,0.6369191408157349,25.221614837646484
chain_0116,id_02913,0.12783819437026978,-0.04549540579319,0.10440722107887268,-0.04217984154820442,0.053155019879341125,0.7190145254135132,21.06189727783203,0.09427612274885178,-0.07588654011487961,-0.0027531906962394714,-0.07446040958166122,0.006775571033358574,0.7108751535415649,22.387271881103516,0.006563406437635422,0.07678554952144623,0.14315329492092133,0.06919251382350922,-0.04947899281978607,0.6675697565078735,22.40561294555664,-0.006918435916304588,0.043335095047950745,0.14382559061050415,0.04254334047436714,-0.001040685921907425,0.6452535390853882,22.324447631835938,0.05614228919148445,0.037534043192863464,0.12495104223489761,0.04371241480112076,0.04638495668768883,0.7055906653404236,23.34450912475586
chain_0117,id_02914,0.20416244864463806,0.1334145963191986,0.2417772114276886,0.12853024899959564,0.006493841297924519,0.5102813839912415,26.374794006347656,0.18485230207443237,0.14244136214256287,0.2828389108181,0.13801196217536926,0.02528197132050991,0.6713486909866333,25.24955940246582,0.06385690718889236,0.026093360036611557,0.14042335748672485,0.04114193469285965,0.011508123017847538,0.5760593414306641,24.78340721130371,0.10499729216098785,0.05755282938480377,0.1256309300661087,0.05347904562950134,0.030552810057997704,0.6865396499633789,24.13365364074707,0.20328189432621002,0.12979647517204285,0.20473337173461914,0.12015122175216675,0.008792243897914886,0.6216552257537842,23.151081085205078
chain_0119,id_02915,0.18607567250728607,0.1865634322166443,0.22443991899490356,0.18372304737567902,0.019172396510839462,0.7197315692901611,23.795549392700195,0.11808702349662781,0.11340337246656418,0.1596900224685669,0.11090510338544846,-0.06668225675821304,0.6655769348144531,21.77129554748535,0.10110089182853699,0.1165829449892044,0.143256276845932,0.11453106999397278,0.0010322201997041702,0.7489899396896362,23.200992584228516,0.10565940290689468,0.09463916718959808,0.15271228551864624,0.09063102304935455,0.022069457918405533,0.7120490074157715,23.077754974365234,0.15698350965976715,0.14384187757968903,0.1934455931186676,0.13365265727043152,-0.009457641281187534,0.5188708305358887,19.615806579589844
chain_0120,id_02916,-0.023072374984622,-0.012757624499499798,0.06049231067299843,-0.019567662850022316,0.005969824735075235,0.6771916747093201,24.709062576293945,0.06975482404232025,0.0807366669178009,0.17873987555503845,0.07720795273780823,0.024912701919674873,0.6034262180328369,24.59505271911621,0.16862952709197998,0.1155562549829483,0.1894380748271942,0.10691240429878235,-0.03626026213169098,0.7127965688705444,22.57615852355957,0.004309199750423431,0.004739425145089626,0.07989710569381714,0.01074359379708767,-0.004122801125049591,0.629179835319519,24.807235717773438,0.14555826783180237,0.07891004532575607,0.1372986137866974,0.06874903291463852,0.0975915938615799,0.7178290486335754,21.935407638549805
chain_0121,id_02917,0.11196301132440567,0.09248559176921844,0.14757795631885529,0.08567462116479874,0.035742808133363724,0.7148439288139343,25.39640235900879,0.14387330412864685,0.07433931529521942,0.22525781393051147,0.06968467682600021,-0.016452696174383163,0.7644145488739014,22.85981559753418,0.09691844880580902,-0.031841401010751724,0.0661701038479805,-0.03326975926756859,0.05091595649719238,0.7469384074211121,24.278139114379883,0.12827259302139282,0.041607849299907684,0.09610623121261597,0.031471483409404755,-0.016520073637366295,0.6879763603210449,23.468826293945312,0.16197916865348816,0.04880624637007713,0.14676976203918457,0.053778305649757385,0.03762788325548172,0.6672666072845459,24.50777816772461
chain_0122,id_02384,0.2830548584461212,0.20660614967346191,0.29768669605255127,0.1968902200460434,-0.015996146947145462,0.7772197723388672,23.107698440551758,0.06345098465681076,-0.005009176209568977,0.10466756671667099,0.0007107632118277252,0.03171231225132942,0.5041800737380981,22.583009719848633,0.1038658544421196,0.05609189346432686,0.15233182907104492,0.050349220633506775,-0.002404071856290102,0.6485611796379089,24.04136085510254,0.23070940375328064,0.13088160753250122,0.20851102471351624,0.13746677339076996,-0.023411225527524948,0.5708212852478027,22.66238784790039,0.0854121744632721,0.05766907334327698,0.21565192937850952,0.059349171817302704,-0.11676187813282013,0.7508541345596313,21.69869041442871
chain_0124,id_02589,0.989905834197998,0.7605602741241455,0.8784189224243164,0.7560128569602966,0.0321810320019722,0.046766698360443115,23.120481491088867,0.20869433879852295,0.1411973088979721,0.2174290418624878,0.1350509375333786,0.03510504588484764,0.6529700756072998,22.91602325439453,0.09821750968694687,0.07132376730442047,0.12844136357307434,0.07228466868400574,0.0011661779135465622,0.6863161325454712,21.713878631591797,0.14849475026130676,0.10080397129058838,0.1408129632472992,0.09523855894804001,0.0034743580035865307,0.763953685760498,23.624425888061523,0.05218219757080078,0.0039555998519063,0.09439218789339066,0.009638642892241478,0.007977524772286415,0.7549440860748291,23.6182918548584
chain_0125,id_02800,0.11764496564865112,0.046659547835588455,0.12718847393989563,0.045174188911914825,-0.046911757439374924,0.5718815326690674,23.388648986816406,0.028959747403860092,0.04544494301080704,0.11284793168306351,0.05023091658949852,0.036166444420814514,0.6647969484329224,23.382827758789062,0.02365070953965187,-0.01973940059542656,0.07838092744350433,-0.01607740856707096,-0.0693526491522789,0.6946307420730591,24.282001495361328,0.012831124477088451,-0.010801142081618309,0.07900632917881012,-0.007991758175194263,-0.02949603646993637,0.7373902797698975,23.489315032958984,-0.0003561079502105713,0.020169179886579514,0.18055254220962524,0.009176326915621758,-0.009518330916762352,0.7803360819816589,26.358089447021484
chain_0126,id_02918,0.04420892894268036,0.024844788014888763,0.09180398285388947,0.03520703315734863,-0.03185403347015381,0.6864004135131836,23.357065200805664,0.037129029631614685,0.04166163504123688,0.1275855004787445,0.048095282167196274,-0.014451668597757816,0.6785577535629272,23.823322296142578,0.11617541313171387,0.10438588261604309,0.19057583808898926,0.10475898534059525,-0.003850622335448861,0.7431217432022095,22.95821189880371,-0.049602486193180084,-0.05246197059750557,0.09059720486402512,-0.050161074846982956,-0.07669584453105927,0.6948273181915283,22.826459884643555,0.08209004998207092,0.043656233698129654,0.10430305451154709,0.04508395865559578,-0.059302397072315216,0.7247672080993652,23.48489761352539
chain_0127,id_02919,0.16222023963928223,0.128673255443573,0.2036324292421341,0.12255040556192398,0.014178801327943802,0.690422773361206,22.123878479003906,0.08821726590394974,0.06543761491775513,0.1458989530801773,0.061025239527225494,0.009479966014623642,0.6649830341339111,23.423248291015625,0.1740877330303192,0.10356420278549194,0.2149955928325653,0.10437612235546112,-0.003912083338946104,0.6526520252227783,21.748884201049805,0.08487184345722198,0.011799455620348454,0.13681280612945557,0.028029508888721466,-0.0009876051917672157,0.7397741079330444,23.392154693603516,0.0895625501871109,0.07899631559848785,0.13940325379371643,0.06769686192274094,0.00026505114510655403,0.6811648011207581,22.053241729736328
chain_0128,id_02920,0.37510624527931213,0.18699321150779724,0.2907726764678955,0.18404994904994965,-0.04649703949689865,0.7721964716911316,23.102313995361328,0.2363724708557129,0.1390232890844345,0.21142235398292542,0.13310737907886505,-0.009162403643131256,0.6898245811462402,23.650806427001953,0.14185376465320587,0.08977650851011276,0.13580766320228577,0.08263050764799118,0.06697418540716171,0.7640163898468018,24.456953048706055,-7.132627069950104e-05,-0.010870148427784443,0.04779823496937752,-0.006740393582731485,0.016263358294963837,0.4926932454109192,23.18297004699707,0.017687587067484856,0.04968167468905449,0.12001705169677734,0.04626437649130821,-0.006086777895689011,0.5988225936889648,25.365585327148438
chain_0129,id_01115,0.14938175678253174,0.09963159263134003,0.20109227299690247,0.09703890234231949,0.0057039945386350155,0.6831400394439697,22.24774169921875,0.07759765535593033,0.0840354636311531,0.14016172289848328,0.07199069857597351,0.024924319237470627,0.7256438732147217,22.865232467651367,-0.0018524844199419022,0.03103042207658291,0.1151675134897232,0.025393791496753693,-0.006639108993113041,0.686112105846405,22.76762580871582,0.06388440728187561,0.07076557725667953,0.1452995240688324,0.054710038006305695,-0.12174218893051147,0.57524174451828,21.098196029663086,0.10465503484010696,0.09625905752182007,0.1953606903553009,0.0907566100358963,-0.10341285169124603,0.6744766235351562,22.988327026367188
chain_0130,id_02921,0.18110698461532593,0.08517845720052719,0.16679337620735168,0.07211088389158249,-0.04809900373220444,0.6427161693572998,23.109827041625977,0.134158194065094,0.06881634891033173,0.17864979803562164,0.07431557774543762,0.030732709914445877,0.7393050193786621,23.69009780883789,0.2448553740978241,0.11623746156692505,0.20959745347499847,0.10510862618684769,-0.005339008755981922,0.6890950202941895,23.46060562133789,0.16017097234725952,0.0850612074136734,0.20172767341136932,0.07531605660915375,0.01552619133144617,0.6018095016479492,24.456430435180664,0.13934186100959778,0.09205292165279388,0.15724928677082062,0.08344472944736481,0.038331545889377594,0.6651370525360107,24.289430618286133
chain_0131,id_02922,0.16397053003311157,0.07454754412174225,0.1589314341545105,0.07605946063995361,0.02642209827899933,0.7963058352470398,24.742332458496094,0.11795505881309509,0.11668850481510162,0.21981525421142578,0.11113686859607697,-0.04752854257822037,0.6756516098976135,23.661264419555664,0.2078447788953781,0.1228388249874115,0.3493877649307251,0.13268981873989105,-0.028529461473226547,0.6597388982772827,23.560924530029297,0.017855610698461533,-0.0034388673957437277,0.09397214651107788,0.006760521791875362,0.036552395671606064,0.802749752998352,23.354833602905273,0.026778284460306168,-0.019217072054743767,0.05636532977223396,-0.017813272774219513,0.014275963418185711,0.7655026912689209,23.78293800354004
chain_0132,id_02923,0.18643684685230255,0.0868498831987381,0.1423044204711914,0.08453764021396637,0.013704746030271053,0.688078761100769,26.157108306884766,-0.037442803382873535,-0.00044319871813058853,0.12785768508911133,0.0016263931756839156,0.04701428860425949,0.7410211563110352,25.182836532592773,0.08975152671337128,0.1198929101228714,0.19133678078651428,0.11432721465826035,0.04063626751303673,0.7188705205917358,24.038583755493164,0.14367756247520447,0.09062428772449493,0.18890590965747833,0.08238115906715393,0.0432719886302948,0.5338655710220337,21.196460723876953,-0.009819859638810158,0.015605990774929523,0.202342689037323,0.023451317101716995,0.024337664246559143,0.6531949639320374,24.577682495117188
chain_0133,id_02714,0.1881621778011322,0.10660145431756973,0.16689623892307281,0.09974898397922516,0.017342884093523026,0.6565631628036499,24.212501525878906,0.08372519165277481,0.06434836983680725,0.20916050672531128,0.06394007056951523,-0.031116239726543427,0.6673003435134888,21.479673385620117,0.09111346304416656,0.06877321004867554,0.1215839833021164,0.06620746105909348,0.035870663821697235,0.6956005096435547,23.06655502319336,0.07641439139842987,0.04921808838844299,0.12168566137552261,0.04783482849597931,0.03693950176239014,0.7705603837966919,23.51152801513672,0.06409206241369247,0.04095269739627838,0.11118645966053009,0.03723630681633949,0.010762536898255348,0.7245777249336243,23.546844482421875
chain_0134,id_02924,0.12259365618228912,0.06989254802465439,0.13561877608299255,0.06902245432138443,0.000438101589679718,0.6679359078407288,24.239681243896484,0.09454753994941711,0.05763925611972809,0.15043103694915771,0.058376386761665344,0.0002974066883325577,0.6954084634780884,22.06514549255371,0.060747746378183365,0.017334753647446632,0.11958177387714386,0.02201496623456478,-0.038608334958553314,0.7339335680007935,21.717388153076172,-0.021833349019289017,-0.01296595111489296,0.07915982604026794,-0.011311706155538559,-0.05415201187133789,0.6868686079978943,22.620697021484375,0.1002800241112709,0.06575210392475128,0.14495891332626343,0.07293479889631271,-0.08898796141147614,0.7858794927597046,22.891082763671875
chain_0135,id_00882,0.1790655553340912,0.14213404059410095,0.20303738117218018,0.1274610161781311,0.01800846867263317,0.7275211811065674,21.36332893371582,0.12956324219703674,0.03670520335435867,0.10687077045440674,0.038061030209064484,-0.009668497368693352,0.7740504741668701,21.24350929260254,0.12179092317819595,0.10216903686523438,0.18710201978683472,0.09467736631631851,0.07596568763256073,0.7584932446479797,21.78361701965332,0.1129862517118454,0.04652045667171478,0.09483630955219269,0.04152015224099159,-0.01814592070877552,0.8011106252670288,22.497501373291016,0.09700088202953339,0.0612628273665905,0.11716076731681824,0.047816310077905655,0.005859844386577606,0.8206911087036133,25.25718116760254
chain_0136,id_02925,0.3203189969062805,-0.0010093003511428833,0.051362935453653336,-0.008142432197928429,-0.05663922801613808,0.7070707678794861,22.794227600097656,0.12174871563911438,0.06010700762271881,0.20498791337013245,0.06197907403111458,-0.02341309003531933,0.6893008351325989,22.241147994995117,-0.015890616923570633,-0.0009912902023643255,0.12652060389518738,0.004291275050491095,-0.032450415194034576,0.7429472208023071,22.033510208129883,0.06424612551927567,0.011028881184756756,0.12873387336730957,0.01201549731194973,-0.0030558076687157154,0.6904765367507935,24.464670181274414,-0.024683553725481033,-0.05288353189826012,0.11668579280376434,-0.045286890119314194,0.06507869809865952,0.7535361051559448,22.891822814941406
chain_0137,id_02926,0.13955062627792358,0.0954992026090622,0.2635330259799957,0.09134228527545929,0.02836696431040764,0.7685303092002869,23.083248138427734,0.09416136145591736,0.06031041592359543,0.13495594263076782,0.05658775195479393,-0.05427470803260803,0.7771989703178406,23.805082321166992,0.15150609612464905,0.06713053584098816,0.13698001205921173,0.06345144659280777,-0.03210269659757614,0.6933680772781372,22.921295166015625,0.08993308991193771,0.02612057514488697,0.10343997180461884,0.02944420650601387,0.07882622629404068,0.7453210353851318,24.63067054748535,0.024772046133875847,-0.006546221673488617,0.08929962664842606,-0.013583981432020664,0.04381125420331955,0.65181565284729,22.19533348083496
chain_0138,id_02732,0.2856893539428711,0.18022218346595764,0.25653165578842163,0.16532115638256073,0.0423797070980072,0.6704537272453308,22.049165725708008,0.11365292966365814,0.11939676105976105,0.19302226603031158,0.12137844413518906,0.08158539235591888,0.7392181158065796,23.568233489990234,0.12323961406946182,0.08224233239889145,0.13289277255535126,0.07614921778440475,0.03385195881128311,0.7862296104431152,24.765810012817383,0.007966991513967514,-0.01605510711669922,0.11341775953769684,-0.01696527935564518,0.0625145435333252,0.7684032917022705,23.15976905822754,-0.039870936423540115,-0.02603977546095848,0.04220522940158844,-0.02059716358780861,0.04954072833061218,0.7265725135803223,22.110902786254883
chain_0139,id_02927,0.2886885106563568,0.16171985864639282,0.33380037546157837,0.1489981710910797,0.03782420605421066,0.7217482328414917,24.74460792541504,0.1521039754152298,0.07050463557243347,0.2185148447751999,0.08190787583589554,-0.06253930926322937,0.696168065071106,24.23523712158203,0.06278682500123978,0.0034249480813741684,0.10325367748737335,-0.0024855772498995066,-0.014768309891223907,0.6750790476799011,23.845073699951172,0.030619686469435692,-0.04041094332933426,0.1266258805990219,-0.01902322843670845,-0.04987408220767975,0.5876180529594421,24.010900497436523,0.09965644776821136,0.06689751148223877,0.17741960287094116,0.07070723921060562,-0.011979425325989723,0.7490034103393555,24.275711059570312
chain_0140,id_00719,0.0650956779718399,0.04527951031923294,0.10945457220077515,0.03690207004547119,-0.018868038430809975,0.7197627425193787,25.223430633544922,0.1400194764137268,0.03796760365366936,0.11483436077833176,0.03215766325592995,-0.05430592969059944,0.7294371724128723,23.0738582611084,0.1492479294538498,0.03216217830777168,0.14564919471740723,0.044736120849847794,0.03994845598936081,0.7433913946151733,23.84236717224121,0.020503908395767212,0.04290398210287094,0.11208512634038925,0.0435967780649662,0.0052864691242575645,0.7043818235397339,26.12932586669922,0.0676385909318924,-0.004452436231076717,0.07962190359830856,0.000356013304553926,-0.028149131685495377,0.7203233242034912,25.394052505493164
chain_0142,id_02928,0.23916980624198914,0.14233511686325073,0.22247904539108276,0.1393289864063263,0.0171060748398304,0.5736191868782043,22.81489372253418,0.05071602761745453,0.02718072384595871,0.09879083931446075,0.017859365791082382,-0.042701080441474915,0.6784662008285522,24.03120994567871,0.0042721726931631565,0.025239812210202217,0.10432436317205429,0.021730532869696617,-0.017228763550519943,0.6300162076950073,24.377473831176758,0.13416817784309387,0.14337193965911865,0.2613546848297119,0.13178779184818268,0.004840848036110401,0.6546255946159363,23.050933837890625,0.007772210985422134,0.015173753723502159,0.08649596571922302,0.009393793530762196,-0.04393410682678223,0.6628732681274414,26.10711669921875
chain_0143,id_00907,0.41223710775375366,0.2900705337524414,0.37965917587280273,0.2823711633682251,0.04869406670331955,0.4416623115539551,24.424020767211914,0.13198070228099823,0.07421009242534637,0.14538374543190002,0.07153499871492386,0.011189679615199566,0.7279824614524841,26.826446533203125,0.15238067507743835,0.11332084238529205,0.1637657880783081,0.10780315846204758,0.02665863186120987,0.6328994631767273,23.423452377319336,0.13489530980587006,0.16485615074634552,0.21403375267982483,0.16288480162620544,0.043130263686180115,0.6494206190109253,24.162111282348633,0.07974988222122192,0.06858223676681519,0.236490860581398,0.06985661387443542,0.030701998621225357,0.6190478801727295,23.836441040039062
chain_0144,id_01776,0.26253849267959595,0.1383187174797058,0.22458064556121826,0.13634543120861053,0.04937870055437088,0.7652981281280518,22.72319793701172,0.10923068970441818,0.06381043046712875,0.1464122235774994,0.06606306880712509,-0.022698288783431053,0.7314077615737915,20.5140380859375,0.07054532319307327,0.07033704221248627,0.12087074667215347,0.06938236206769943,0.04752420634031296,0.6655033826828003,24.29473876953125,0.03273366019129753,-0.008058929815888405,0.12145525217056274,-0.010878447443246841,0.053679537028074265,0.7617130279541016,22.073083877563477,0.049403116106987,0.07990190386772156,0.16078907251358032,0.0748804435133934,0.04344552010297775,0.7611779570579529,23.94540023803711
chain_0145,id_02929,0.24567389488220215,0.12269845604896545,0.1945764273405075,0.10822749137878418,-0.15291748940944672,0.7505638003349304,24.330101013183594,0.05956124886870384,0.07507500797510147,0.18433696031570435,0.07975064963102341,0.05944274365901947,0.697494626045227,21.58109474182129,0.18505530059337616,0.0830070823431015,0.1856757253408432,0.07476025074720383,0.04754815623164177,0.744295060634613,23.9329833984375,0.19300997257232666,0.12887386977672577,0.18691986799240112,0.11662633717060089,0.01624242402613163,0.7189112901687622,24.693559646606445,0.2645891606807709,0.19474777579307556,0.2676142454147339,0.1693105846643448,0.0023703286424279213,0.7065316438674927,24.9132080078125
chain_0146,id_02930,0.07946031540632248,0.06841860711574554,0.11864762008190155,0.06706097722053528,0.04161641001701355,0.7601823806762695,24.3968448638916,-0.02341223694384098,-0.012918343767523766,0.06333492696285248,-0.012115632183849812,-0.049447543919086456,0.7442625761032104,25.95469093322754,0.04704183712601662,0.025971755385398865,0.06623929738998413,0.021303214132785797,0.09468136727809906,0.7593588829040527,23.058807373046875,0.06021333113312721,0.05204036086797714,0.0995684340596199,0.04428676515817642,-0.00447821244597435,0.7970026731491089,25.246625900268555,-0.07119101285934448,-0.06243845820426941,0.05506203696131706,-0.05896586552262306,-0.03238750621676445,0.7641788721084595,22.629135131835938
chain_0147,id_02931,0.21952687203884125,0.14793694019317627,0.19708165526390076,0.13120251893997192,-0.013215232640504837,0.6879012584686279,24.272790908813477,0.1771608144044876,0.11784204840660095,0.1929112672805786,0.11162050813436508,0.05829235166311264,0.6657159328460693,21.624736785888672,0.05514795333147049,0.03779663145542145,0.07922539114952087,0.03146481513977051,-0.03575245290994644,0.6684405207633972,22.35606575012207,0.14110077917575836,0.10832499712705612,0.21021363139152527,0.10032787919044495,0.05861017480492592,0.7114804983139038,22.12948989868164,0.19362720847129822,0.10002823173999786,0.174228698015213,0.0928969606757164,0.011884139850735664,0.697058379650116,21.576904296875
chain_0148,id_02932,0.22999243438243866,0.14909213781356812,0.1985851526260376,0.12132082134485245,0.031817272305488586,0.722022294998169,21.843730926513672,0.09666839241981506,0.037893809378147125,0.12642347812652588,0.028850069269537926,-0.0035728653892874718,0.7078964114189148,21.272048950195312,0.021051691845059395,0.033060576766729355,0.13864706456661224,0.03442053124308586,-0.029915891587734222,0.7521045804023743,23.715600967407227,0.13373376429080963,0.06625553220510483,0.14812590181827545,0.06480328738689423,0.02757478877902031,0.7480696439743042,23.286718368530273,0.0765102207660675,0.04272320866584778,0.17772415280342102,0.040205858647823334,0.01258313748985529,0.6960537433624268,22.350406646728516
chain_0149,id_02933,0.08172833174467087,0.09107261896133423,0.16421450674533844,0.0856422558426857,0.028884034603834152,0.7425001859664917,23.032136917114258,0.03728494048118591,0.052913472056388855,0.16319836676120758,0.05637359619140625,0.005150078795850277,0.7932795286178589,22.793251037597656,0.12930330634117126,0.0941886156797409,0.16411392390727997,0.09175404161214828,-0.06471090018749237,0.8178955316543579,22.56260871887207,0.13950802385807037,0.09503050148487091,0.13599884510040283,0.0812341496348381,-0.052033647894859314,0.7602287530899048,23.01858901977539,-0.06554822623729706,-0.050728168338537216,-0.004402658902108669,-0.052941661328077316,0.07068969309329987,0.6208416223526001,22.038976669311523
chain_0150,id_02934,0.22392107546329498,0.1508646309375763,0.21654468774795532,0.14530663192272186,-0.012216519564390182,0.6338608264923096,22.22701644897461,0.0910981073975563,0.08236224949359894,0.1431025266647339,0.08020894229412079,0.023966198787093163,0.6485430598258972,20.695104598999023,0.129827082157135,0.0919656902551651,0.16568270325660706,0.09773114323616028,-0.027786938473582268,0.7765830159187317,20.591989517211914,0.04582769423723221,0.07115969806909561,0.1232457086443901,0.06269209831953049,0.0026087984442710876,0.6922484636306763,22.29274559020996,0.028676306828856468,0.08427829295396805,0.12890507280826569,0.08063177019357681,-0.07007673382759094,0.7071272730827332,21.98875617980957
chain_0151,id_02935,0.13331280648708344,0.044834695756435394,0.19337564706802368,0.05515017732977867,0.07604022324085236,0.6865326166152954,23.262746810913086,0.09673479944467545,0.029743274673819542,0.11541467159986496,0.04177875444293022,-0.03928912803530693,0.7531296014785767,23.543909072875977,0.16497889161109924,0.06472371518611908,0.15705952048301697,0.07528242468833923,-0.010551856830716133,0.7766693234443665,24.832069396972656,0.13767078518867493,0.1085672527551651,0.2191053330898285,0.10115952789783478,0.02860172837972641,0.6793485879898071,23.272436141967773,0.06935429573059082,0.0729406327009201,0.1420000195503235,0.06937083601951599,0.01661604829132557,0.7092969417572021,24.6115779876709
chain_0152,id_02936,0.15949496626853943,0.05509895086288452,0.13666431605815887,0.05268409475684166,-0.005564513616263866,0.6414026021957397,21.915979385375977,0.17091497778892517,0.10691119730472565,0.2322031706571579,0.10157513618469238,0.01609628275036812,0.6438130736351013,24.355735778808594,-0.037056900560855865,-0.00881123822182417,0.10298321396112442,-0.0007746592164039612,0.026847099885344505,0.5642107725143433,26.668304443359375,0.0018405602313578129,0.04424925148487091,0.13053348660469055,0.036777276545763016,0.0632270872592926,0.6773780584335327,25.788179397583008,-0.04360120743513107,0.005142523907124996,0.12025777995586395,0.011095005087554455,-0.023979084566235542,0.6494381427764893,24.142478942871094
chain_0153,id_02937,0.9770079851150513,0.633887529373169,0.7323611378669739,0.6134160161018372,0.003631267696619034,0.2319454550743103,22.21162223815918,0.0490405336022377,-0.005396037362515926,0.0900830626487732,0.0018789946334436536,0.009548399597406387,0.7273317575454712,23.77853012084961,0.15398412942886353,0.05659647285938263,0.18023639917373657,0.061302002519369125,0.03531183302402496,0.7683916687965393,23.605730056762695,0.05848894640803337,0.040966928005218506,0.09938204288482666,0.036933425813913345,-0.07581660151481628,0.7601943612098694,23.431276321411133,0.0055431099608540535,-0.0024568685330450535,0.08950211107730865,-0.0007470864220522344,0.0634903609752655,0.7051501274108887,22.858633041381836
chain_0154,id_02938,0.18059128522872925,0.1132877990603447,0.1887756884098053,0.10382422059774399,0.014446623623371124,0.7316038012504578,22.86625862121582,0.037219710648059845,0.021044202148914337,0.13695251941680908,0.02038508839905262,-0.06711447238922119,0.6969147324562073,22.125396728515625,0.1563309282064438,0.1399294137954712,0.21738022565841675,0.12939386069774628,0.004465417005121708,0.6884737014770508,21.905080795288086,0.09919849038124084,0.0804247260093689,0.1427750289440155,0.07136451452970505,-0.021334953606128693,0.7423816323280334,21.84020233154297,0.13342565298080444,0.1150364875793457,0.1911241114139557,0.10743929445743561,0.07501883804798126,0.6027923226356506,22.26882553100586
chain_0155,id_02939,0.19904398918151855,0.13255155086517334,0.2225114405155182,0.11506079882383347,0.012422118335962296,0.7602087259292603,22.102020263671875,0.22103670239448547,0.11838322877883911,0.19167238473892212,0.11481686681509018,0.0030930722132325172,0.7249804139137268,22.45417594909668,0.106369748711586,0.060429900884628296,0.16583898663520813,0.06531742960214615,0.04476353898644447,0.7162252068519592,24.510356903076172,0.13489098846912384,0.07228626310825348,0.16258224844932556,0.06935715675354004,0.04924294352531433,0.7278870344161987,21.55211639404297,0.08986169099807739,0.051634110510349274,0.1266607642173767,0.05612318962812424,0.07941324263811111,0.7646408081054688,22.840023040771484
chain_0156,id_02940,0.18889963626861572,0.14615944027900696,0.22894731163978577,0.13456431031227112,-0.04711208492517471,0.7506951689720154,22.576045989990234,0.18572993576526642,0.11110329627990723,0.20207609236240387,0.11332225799560547,0.023941993713378906,0.5775189399719238,23.24972915649414,0.04505922272801399,0.008458459749817848,0.07502409815788269,0.013360138051211834,0.04714018851518631,0.7773761749267578,24.806249618530273,0.12948232889175415,0.08321154117584229,0.15774616599082947,0.0739932507276535,0.01621774025261402,0.675584077835083,23.47817039489746,0.01660262607038021,-0.015584115870296955,0.08845216035842896,-0.011041027493774891,-0.08614403009414673,0.7320637702941895,24.86339569091797
chain_0157,id_02941,0.2289423644542694,0.13535994291305542,0.21851405501365662,0.12985116243362427,0.0023107321467250586,0.575650155544281,26.457571029663086,0.08108329027891159,0.02943331003189087,0.11566407978534698,0.02454850822687149,-0.01944589987397194,0.534107506275177,23.696060180664062,0.11581788957118988,0.026383817195892334,0.14519666135311127,0.02243107743561268,0.10124742984771729,0.5666687488555908,21.933717727661133,0.1227903664112091,0.07730704545974731,0.16325470805168152,0.0720430314540863,-0.035039789974689484,0.6707162857055664,23.785419464111328,0.1575714349746704,0.09007953107357025,0.19754740595817566,0.10082697868347168,0.007742790505290031,0.5615429878234863,23.049535751342773
chain_0158,id_01700,0.12012816965579987,0.09682560712099075,0.15153241157531738,0.08862117677927017,-0.06213504076004028,0.753666877746582,23.64277458190918,0.10650290548801422,0.09037601202726364,0.15665891766548157,0.08706459403038025,-0.036477990448474884,0.7232279181480408,24.484725952148438,0.04635821655392647,0.07211755216121674,0.14194850623607635,0.066729836165905,0.052592191845178604,0.6370053291320801,24.14676284790039,0.030271684750914574,0.04846295714378357,0.09627997875213623,0.044698480516672134,-0.021780334413051605,0.7151087522506714,24.29034996032715,-0.08033628761768341,-0.041007257997989655,0.08840405941009521,-0.029468178749084473,0.037105124443769455,0.7152823805809021,23.43213653564453
chain_0159,id_02942,0.171376034617424,0.07091453671455383,0.12426810711622238,0.06413564085960388,0.05471959710121155,0.7039138078689575,22.06138801574707,0.10906727612018585,0.03165115416049957,0.10306309163570404,0.02927837148308754,-0.0024249767884612083,0.6522578001022339,22.357023239135742,0.0365707129240036,0.027184851467609406,0.12170039117336273,0.023463837802410126,0.024249400943517685,0.653778076171875,22.805452346801758,-0.011460427194833755,-0.04609718173742294,0.028729181736707687,-0.042392414063215256,-0.022608399391174316,0.7541285753250122,25.063488006591797,0.05459102615714073,0.008116434328258038,0.10796593129634857,0.012046817690134048,0.019627194851636887,0.7236138582229614,24.33517837524414
chain_0160,id_02120,0.21072770655155182,0.13815824687480927,0.2370946705341339,0.13887126743793488,0.0727972686290741,0.7880960702896118,24.122943878173828,0.04972789064049721,0.034499507397413254,0.08604947477579117,0.01903361827135086,0.05385871231555939,0.6544929146766663,24.974143981933594,0.10246367752552032,0.032541532069444656,0.09452301263809204,0.032714203000068665,-0.03439679741859436,0.7730493545532227,24.354398727416992,0.20177000761032104,0.1311889886856079,0.20995445549488068,0.11612518876791,-0.02891584113240242,0.7290866374969482,23.359785079956055,0.056843243539333344,0.0502413846552372,0.11538912355899811,0.04250488057732582,0.004839444532990456,0.6893280744552612,23.731739044189453
chain_0161,id_02943,0.14315642416477203,0.052652522921562195,0.1398991346359253,0.054651591926813126,0.009888632223010063,0.829468309879303,25.316043853759766,0.08649575710296631,0.016474708914756775,0.10839945822954178,0.01767508126795292,0.019820552319288254,0.7942101955413818,24.136123657226562,0.13037565350532532,0.06996463239192963,0.17040209472179413,0.07289715856313705,0.0198211669921875,0.7481684684753418,23.021522521972656,0.027376685291528702,-0.04900433495640755,0.027120273560285568,-0.04361778125166893,-0.015754595398902893,0.7905086278915405,23.998891830444336,0.040330566465854645,0.00569175835698843,0.10210231691598892,0.003943542018532753,-0.00641637435182929,0.7341656684875488,23.871509552001953
chain_0162,id_00913,0.11135770380496979,0.06495154649019241,0.13808313012123108,0.06093127653002739,-0.02278796210885048,0.6238448619842529,23.60451889038086,0.1506916731595993,0.0949128195643425,0.17196497321128845,0.09920766949653625,0.010085495188832283,0.7583786249160767,24.341842651367188,0.028454754501581192,0.05755245313048363,0.1557585895061493,0.05117323249578476,0.010350669734179974,0.7307441234588623,26.82858657836914,0.20254561305046082,0.09776654094457626,0.2400551736354828,0.09420915693044662,-0.003059089183807373,0.6838299632072449,23.2283878326416,0.18247534334659576,0.10107347369194031,0.1910773515701294,0.10344155877828598,0.034771859645843506,0.7313426733016968,23.910680770874023
chain_0163,id_02944,0.15491992235183716,0.08937466144561768,0.163330078125,0.08396758884191513,-0.022772544994950294,0.7411249876022339,22.33557891845703,0.14323975145816803,0.10963562875986099,0.1905524730682373,0.10715757310390472,-0.0008426764979958534,0.7278439998626709,24.962682723999023,0.08650688081979752,0.03870753198862076,0.1410323977470398,0.037569474428892136,0.01768495887517929,0.7047702074050903,22.88534164428711,0.08132074773311615,0.05871036648750305,0.20856991410255432,0.06400912255048752,0.00040728412568569183,0.8527770638465881,25.635637283325195,0.025640148669481277,-0.007820116356015205,0.08064106106758118,-0.0065606446005403996,0.049632396548986435,0.7716435194015503,24.630537033081055
chain_0164,id_01475,0.3423197865486145,0.23043715953826904,0.32218486070632935,0.21099545061588287,0.011345785111188889,0.664977490901947,24.54963493347168,0.1974063515663147,0.09204164147377014,0.18873608112335205,0.09496038407087326,0.014710606075823307,0.6012181043624878,22.495851516723633,0.25954580307006836,0.12771493196487427,0.26694512367248535,0.13848911225795746,-0.01578647829592228,0.6577743291854858,20.43351936340332,0.09186036884784698,0.05787357687950134,0.11953440308570862,0.051871757954359055,0.019829433411359787,0.7064813375473022,21.768129348754883,0.13093644380569458,0.1256396323442459,0.17016920447349548,0.11773188412189484,-0.04736871272325516,0.6234380602836609,22.365310668945312
chain_0165,id_02945,0.09148961305618286,0.018633177503943443,0.10536456108093262,0.02299334667623043,-0.04290715977549553,0.6508231163024902,24.310773849487305,0.19114652276039124,0.08545873314142227,0.15144088864326477,0.07665753364562988,-0.023854773491621017,0.688936710357666,23.620250701904297,0.08319742232561111,0.04103601723909378,0.10006534308195114,0.041822247207164764,-0.019809896126389503,0.6031880974769592,21.649545669555664,-0.06784205138683319,-0.08405733853578568,0.05209627002477646,-0.07659865915775299,-0.01672990992665291,0.6933605670928955,21.284452438354492,0.15644510090351105,0.08085112273693085,0.1709996610879898,0.08440306782722473,0.02903585135936737,0.730771541595459,21.545711517333984
chain_0166,id_02946,0.10001783072948456,0.12022629380226135,0.2026865929365158,0.11266674846410751,-0.0413474440574646,0.5984262228012085,24.823991775512695,0.1670076698064804,0.12486644089221954,0.19685527682304382,0.1209588274359703,0.03706948459148407,0.6951109766960144,24.083768844604492,0.09176480025053024,0.0349457673728466,0.09312751144170761,0.021939566358923912,0.003454775083810091,0.7317306995391846,26.16777229309082,0.20434173941612244,0.15871283411979675,0.2106236070394516,0.1408495306968689,0.01574898511171341,0.7226871252059937,25.898056030273438,0.1268298178911209,0.10338078439235687,0.19481760263442993,0.09609006345272064,-0.0995788425207138,0.7631589770317078,26.010147094726562
chain_0167,id_02626,0.1059059426188469,0.09290479123592377,0.14012829959392548,0.08248209953308105,0.013776838779449463,0.5059470534324646,22.9105167388916,0.1480618119239807,0.0695473700761795,0.12605610489845276,0.06515005975961685,-0.02562449872493744,0.6755275726318359,25.87036895751953,0.14827536046504974,0.13296978175640106,0.23049446940422058,0.1252317726612091,0.06735365092754364,0.6508537530899048,24.57069206237793,0.0602169930934906,0.029726270586252213,0.08398166298866272,0.02629273198544979,-0.0004889285191893578,0.8015009164810181,25.36870002746582,0.13291151821613312,0.07481652498245239,0.13754376769065857,0.07144088298082352,0.014050563797354698,0.6308575868606567,24.641767501831055
chain_0168,id_02947,0.18231114745140076,0.08811186999082565,0.20887763798236847,0.08560793846845627,-0.028031542897224426,0.6578778028488159,22.071821212768555,0.19105979800224304,0.09579403698444366,0.16123530268669128,0.08396579325199127,-0.030636457726359367,0.671273946762085,24.469907760620117,0.16598810255527496,0.153574138879776,0.28526395559310913,0.14066408574581146,0.02152673900127411,0.5673427581787109,21.576904296875,0.08310896903276443,-0.005775138735771179,0.1131851002573967,-0.006643824744969606,-0.0018991949036717415,0.7302940487861633,23.74001693725586,0.1021653264760971,0.08756934106349945,0.14898860454559326,0.07612881064414978,0.08068012446165085,0.7565629482269287,23.449941635131836
chain_0169,id_02948,0.0856236070394516,0.043087445199489594,0.11540526151657104,0.04272027686238289,0.0032530007883906364,0.7921034097671509,25.387704849243164,0.04959806054830551,-0.019400186836719513,0.04511845484375954,-0.015972884371876717,0.0010744454339146614,0.7101842164993286,27.55915069580078,-0.033433448523283005,-0.03385116904973984,0.08252072334289551,-0.02511530928313732,0.09942865371704102,0.7372089624404907,22.89164161682129,0.06700567156076431,0.0012809592299163342,0.05944603681564331,-0.00540815619751811,0.08428832143545151,0.7621104717254639,24.6009521484375,0.08578202873468399,0.047245997935533524,0.1245858371257782,0.0402374342083931,0.031424425542354584,0.7821217775344849,23.666351318359375
chain_0170,id_02949,0.08138183504343033,0.03403891250491142,0.09993910044431686,0.03326176106929779,-0.07804960757493973,0.8266786932945251,24.248769760131836,0.02108163759112358,-0.005947665311396122,0.07196486741304398,-0.006166018545627594,0.001083841547369957,0.6466419696807861,22.97512435913086,0.11498458683490753,0.04552874714136124,0.14824220538139343,0.04299980029463768,-0.029897406697273254,0.760837972164154,24.672273635864258,0.0819016695022583,0.08143721520900726,0.1332194209098816,0.08305024355649948,0.034909751266241074,0.7104218006134033,24.76403045654297,-0.021573306992650032,-0.054404620081186295,-0.006315101869404316,-0.052122656255960464,0.0659065693616867,0.708765983581543,22.679128646850586
chain_0172,id_00441,0.0642683207988739,0.04387226700782776,0.11341115832328796,0.043044012039899826,-0.0373014435172081,0.7184369564056396,23.4123477935791,0.07135482132434845,0.02888810634613037,0.1479659229516983,0.026490500196814537,-0.018735073506832123,0.779593825340271,25.128021240234375,0.07169818878173828,0.028779231011867523,0.11993304640054703,0.0284104123711586,0.007327343337237835,0.7322239279747009,23.86777687072754,0.06015392765402794,0.0015485004987567663,0.13433799147605896,0.006721796467900276,0.036468505859375,0.7960597276687622,22.77440643310547,0.059701427817344666,0.024275362491607666,0.1596144735813141,0.03286385163664818,0.036406002938747406,0.7275729179382324,23.471742630004883
chain_0173,id_02950,0.2127157300710678,0.12550193071365356,0.20120367407798767,0.11240337789058685,-0.05762498825788498,0.6928013563156128,22.91754722595215,0.1346585750579834,0.09613177180290222,0.1578359603881836,0.08495533466339111,-0.013776298612356186,0.6216366291046143,23.49264144897461,0.14070966839790344,0.07525371015071869,0.16129547357559204,0.07755699008703232,-0.013459276407957077,0.6976379156112671,22.067598342895508,0.11189886927604675,0.060457993298769,0.16734719276428223,0.05370231345295906,-0.05074458569288254,0.6826245784759521,20.320844650268555,0.07011669129133224,0.057243142277002335,0.1496894508600235,0.05107273906469345,0.0280681774020195,0.7498925924301147,22.578767776489258
chain_0174,id_02951,0.2551347017288208,0.1316627413034439,0.2886073887348175,0.12890887260437012,-0.0020783368963748217,0.6879936456680298,24.763011932373047,0.16432568430900574,0.11218027025461197,0.18402770161628723,0.10730955004692078,-0.008418110199272633,0.5675432682037354,26.00068473815918,0.02801462635397911,0.04146207869052887,0.12118987739086151,0.04091116413474083,-0.02809629589319229,0.6680214405059814,23.25356674194336,0.025029584765434265,0.02824907749891281,0.1482669711112976,0.034150537103414536,0.04169183969497681,0.7089129686355591,24.40194320678711,0.08845726400613785,0.09130527079105377,0.16014575958251953,0.08485102653503418,-0.031438469886779785,0.7410036325454712,23.203081130981445
chain_0175,id_00562,0.07658199965953827,0.05996482074260712,0.11853878200054169,0.04788960516452789,0.04048755019903183,0.7485525608062744,21.396373748779297,0.006525186821818352,-0.015529228374361992,0.08715726435184479,-0.015291357412934303,0.0035732490941882133,0.6609271168708801,23.309480667114258,0.024075286462903023,0.03560438007116318,0.1376829743385315,0.030768241733312607,0.027571531012654305,0.780390739440918,22.29885482788086,0.03815283253788948,0.030350085347890854,0.12420075386762619,0.025968696922063828,-0.11792264133691788,0.6935070753097534,21.987043380737305,0.07953351736068726,0.02809855341911316,0.09043758362531662,0.023738915100693703,0.062162332236766815,0.6271798014640808,22.254127502441406
chain_0176,id_02952,0.3365572690963745,0.20472611486911774,0.3020417392253876,0.20079025626182556,0.030408591032028198,0.6600157022476196,22.44327163696289,0.172739639878273,0.06675486266613007,0.16953620314598083,0.06838341802358627,0.031150661408901215,0.714469313621521,23.778636932373047,0.19262753427028656,0.07755371928215027,0.16343100368976593,0.07213285565376282,-0.007957719266414642,0.6831356287002563,22.673986434936523,0.20529727637767792,0.12150793522596359,0.2226104736328125,0.11897984892129898,0.02056526020169258,0.7251747846603394,22.431188583374023,0.07018708437681198,0.016868658363819122,0.06541246175765991,0.020064353942871094,-0.02234755828976631,0.7986441254615784,26.821027755737305
chain_0177,id_02953,-0.08460579067468643,-0.07157883048057556,0.015252124518156052,-0.06144976615905762,-0.017270280048251152,0.7747389078140259,25.60186004638672,0.05573354661464691,0.04017094522714615,0.13148805499076843,0.032875631004571915,-0.056434426456689835,0.7292426824569702,25.533559799194336,0.12353508174419403,0.07862986624240875,0.19404107332229614,0.08076037466526031,0.004733573645353317,0.7939653396606445,26.18505859375,0.05405234172940254,0.00764305517077446,0.1140248030424118,0.014767823740839958,0.0799315944314003,0.7121657133102417,24.44017791748047,0.0666845291852951,0.058915477246046066,0.133726567029953,0.051886603236198425,0.006680261809378862,0.679594874382019,24.795650482177734
chain_0178,id_00618,0.030500667169690132,0.025404732674360275,0.11076726019382477,0.028077105060219765,-0.00012168940156698227,0.7456860542297363,23.685163497924805,0.08427932858467102,0.04136476665735245,0.11648713797330856,0.0419934019446373,-0.011448988690972328,0.6674664616584778,22.984519958496094,0.11536866426467896,0.057859815657138824,0.18126735091209412,0.04717908054590225,0.03199177607893944,0.6613630056381226,22.872905731201172,0.02838192693889141,0.006772445514798164,0.12939968705177307,0.01325188297778368,0.028832251206040382,0.7880592942237854,25.78803253173828,0.10387258976697922,0.024339914321899414,0.11475175619125366,0.023274147883057594,0.06443998217582703,0.7342283129692078,23.006874084472656
chain_0179,id_01325,0.17945599555969238,0.11324611306190491,0.19709092378616333,0.10158722847700119,-0.0343058817088604,0.6964640617370605,23.90534019470215,-0.018918469548225403,-0.02493647113442421,0.07180872559547424,-0.022017061710357666,-0.048088014125823975,0.7251017093658447,24.546894073486328,0.01726326160132885,-0.015775110572576523,0.14864972233772278,-0.009636272676289082,0.005641920492053032,0.6591475605964661,23.502485275268555,0.023684371262788773,-0.03713906183838844,0.0987735241651535,-0.03045278787612915,0.053502656519412994,0.6621500253677368,23.387889862060547,0.01751747727394104,-0.0009150519035756588,0.1325555443763733,0.0034215403720736504,0.06308402121067047,0.7336746454238892,26.874858856201172
chain_0180,id_02954,0.1959528923034668,0.12502723932266235,0.20707976818084717,0.09893789887428284,0.03524397686123848,0.7242377996444702,21.340185165405273,0.05964338034391403,0.0008832737803459167,0.06560356914997101,-0.00027862010756507516,-0.03838323801755905,0.7908235788345337,24.08122444152832,0.03295556455850601,0.007972383871674538,0.06633247435092926,0.005202800035476685,-0.02296396903693676,0.7611219882965088,22.476932525634766,-0.013564735651016235,-0.01936214044690132,0.08086317777633667,-0.012468726374208927,-0.04094778373837471,0.7651705145835876,21.024799346923828,0.1760786473751068,0.07984194159507751,0.1703733503818512,0.068442203104496,0.07278390228748322,0.061867259442806244,23.826311111450195
chain_0181,id_00188,0.16234473884105682,0.10540510714054108,0.1830272078514099,0.09506987035274506,-0.013850254938006401,0.6310948729515076,23.628232955932617,0.22033844888210297,0.13558101654052734,0.2206842303276062,0.12940271198749542,-0.034982286393642426,0.686577320098877,23.609060287475586,0.1345241367816925,0.05457119643688202,0.18819811940193176,0.06796111166477203,0.05269000306725502,0.7216885089874268,23.074419021606445,0.12587687373161316,0.0851811021566391,0.19783321022987366,0.08793342113494873,0.061185963451862335,0.7508080005645752,23.839008331298828,0.11243565380573273,0.09850351512432098,0.17544010281562805,0.10178090631961823,-0.0041236430406570435,0.6727088689804077,22.84263038635254
chain_0182,id_02405,0.10045996308326721,0.02114175446331501,0.09976327419281006,0.011917159892618656,-0.02973143570125103,0.7752090692520142,22.59501075744629,0.1193409338593483,0.027195625007152557,0.15233099460601807,0.026532988995313644,-0.012721935287117958,0.6714286804199219,25.23713493347168,0.0016551073640584946,-0.05266287177801132,0.023432526737451553,-0.04920550063252449,-0.011169872246682644,0.8231940269470215,25.096111297607422,0.09345898032188416,0.054131537675857544,0.12037207186222076,0.04698820784687996,-0.021943215280771255,0.6935828328132629,24.395164489746094,0.030472686514258385,-0.0015499740839004517,0.09275279939174652,-0.0005042220000177622,0.023663345724344254,0.7141034603118896,24.4636287689209
chain_0183,id_02955,0.13507437705993652,0.0565139539539814,0.16883143782615662,0.06220228224992752,-0.028364986181259155,0.6432342529296875,23.0417423248291,0.14438681304454803,0.09011486172676086,0.18683069944381714,0.08425751328468323,0.020375115796923637,0.7075790166854858,22.452495574951172,-0.005096619948744774,0.02753908559679985,0.16484299302101135,0.03163239359855652,-0.03677968680858612,0.6952228546142578,21.369142532348633,-0.0012802667915821075,0.0021752314642071724,0.14794665575027466,0.0027978946454823017,-0.05069839954376221,0.7963780760765076,23.51869773864746,0.057172469794750214,0.047983910888433456,0.18971362709999084,0.05227198079228401,-0.0008473377674818039,0.7459462285041809,25.13359260559082
chain_0185,id_02254,0.11533437669277191,0.055385053157806396,0.12387313693761826,0.05888926237821579,0.054156344383955,0.7936205863952637,23.14975357055664,0.04378373548388481,0.028650112450122833,0.09465373307466507,0.020592814311385155,0.009240172803401947,0.7679057121276855,21.234317779541016,0.037598542869091034,-0.0008255667053163052,0.0692676529288292,-0.005146929528564215,0.09059859812259674,0.6878527998924255,22.185319900512695,-0.02507202886044979,-0.02433067001402378,0.09240059554576874,-0.025270577520132065,0.0034888540394604206,0.7854560613632202,22.40486717224121,0.13785454630851746,0.07087545096874237,0.14036723971366882,0.06771624833345413,-0.05567413941025734,0.7814673185348511,20.190507888793945
chain_0186,id_02956,0.18014128506183624,0.0837903842329979,0.19237801432609558,0.06906097382307053,0.03006463497877121,0.7331446409225464,20.858444213867188,0.09700433164834976,0.010318171232938766,0.09702260047197342,0.012723643332719803,-0.06604873389005661,0.06129149720072746,22.782819747924805,0.023751236498355865,0.01393795758485794,0.14750957489013672,0.010931486263871193,0.07049345970153809,0.6692059636116028,22.993114471435547,0.02615780383348465,0.0016175638884305954,0.14286495745182037,-0.0022509554401040077,0.02912798337638378,0.8204931616783142,24.37091827392578,-0.012764684855937958,-0.01017167791724205,0.10537643730640411,-0.008661594241857529,-0.07370931655168533,0.7449022531509399,23.25959014892578
chain_0187,id_02957,0.16533413529396057,0.08995435386896133,0.17092913389205933,0.08805140107870102,0.07021087408065796,0.6215412616729736,24.6955623626709,0.06275230646133423,0.04630871117115021,0.15268954634666443,0.055720094591379166,-0.006903431378304958,0.7052878141403198,25.755382537841797,0.12101280689239502,0.060004428029060364,0.17492420971393585,0.0653192400932312,0.02705864980816841,0.6450450420379639,22.701122283935547,0.018208054825663567,-0.02368944138288498,0.04917280748486519,-0.0151815265417099,-0.05594043806195259,0.6342746019363403,23.875734329223633,-0.06529600918292999,-0.03203461319208145,0.06357340514659882,-0.019135018810629845,-0.004609246738255024,0.7568122148513794,22.554025650024414
chain_0188,id_02958,0.1821620911359787,0.04230725020170212,0.1638961285352707,0.0465790256857872,-0.05912982299923897,0.8049863576889038,24.11966896057129,0.12776845693588257,0.07807272672653198,0.14191338419914246,0.07379673421382904,0.02662602625787258,0.5694541931152344,21.59598159790039,0.17542865872383118,0.13453559577465057,0.21968087553977966,0.13288012146949768,0.07993930578231812,0.7828085422515869,23.37037467956543,0.17755600810050964,0.10177130997180939,0.1494193971157074,0.09871669858694077,0.01082551572471857,0.6605286598205566,21.8702449798584,0.19688205420970917,0.10580505430698395,0.18107621371746063,0.112355075776577,0.022860107943415642,0.634729266166687,23.030292510986328
chain_0189,id_00587,0.04443277418613434,-0.01733590103685856,0.06373441964387894,-0.02033207379281521,-0.00820316281169653,0.6098133325576782,22.663602828979492,0.056571826338768005,0.01607399806380272,0.06557850539684296,0.009349985979497433,0.031083017587661743,0.6632946729660034,21.338577270507812,-0.01082024909555912,-0.016537699848413467,0.08003213256597519,-0.013208972290158272,0.03386634588241577,0.8217583894729614,23.040721893310547,0.09294619411230087,0.035833943635225296,0.0887545496225357,0.03698109835386276,-0.004893803969025612,0.6772075891494751,22.317758560180664,0.02709006518125534,-0.0009708181023597717,0.04203801974654198,-0.0056444983929395676,-0.00577169843018055,0.7379436492919922,23.12424659729004
chain_0190,id_02959,0.27302080392837524,0.1451454758644104,0.21875429153442383,0.13455399870872498,-0.06391321122646332,0.6637673377990723,24.264265060424805,0.05577916279435158,0.006738625001162291,0.12202320992946625,0.00880925077944994,-0.05788964778184891,0.598200798034668,19.88835334777832,0.06970933824777603,0.06182687357068062,0.11948572844266891,0.05586221069097519,-0.0659807026386261,0.7304284572601318,21.156007766723633,0.16509497165679932,0.08307129144668579,0.16865012049674988,0.07902319729328156,-0.031368501484394073,0.5624089241027832,22.697580337524414,0.1423579454421997,0.0681454986333847,0.1555330604314804,0.06032372638583183,0.041495680809020996,0.7661900520324707,24.915977478027344
chain_0191,id_02960,-0.0027121752500534058,0.01109282486140728,0.07843352854251862,0.014292542822659016,0.026352737098932266,0.6868335604667664,25.13256072998047,0.08732487261295319,0.04618752747774124,0.1094948947429657,0.047092191874980927,0.05652545392513275,0.7342324256896973,23.5871524810791,-0.016602929681539536,-0.031285934150218964,0.0584319531917572,-0.026049291715025902,0.004333191085606813,0.7309324145317078,21.581518173217773,0.0677671879529953,0.09782091528177261,0.14120115339756012,0.09438111633062363,-0.13161838054656982,0.7119056582450867,22.904312133789062,0.09322778880596161,0.1097814291715622,0.1898406594991684,0.10673680901527405,-0.07050155103206635,0.7483863234519958,23.357309341430664
chain_0192,id_02961,0.28582799434661865,0.17806856334209442,0.25275588035583496,0.1673731803894043,-0.03713181987404823,0.6755734086036682,21.747211456298828,0.14406535029411316,0.10511774569749832,0.17528045177459717,0.0960945412516594,-0.0013456456363201141,0.6689540147781372,20.86049461364746,0.08056452870368958,0.019989892840385437,0.09843920916318893,0.017599040642380714,0.0392623245716095,0.6200271844863892,22.319488525390625,0.13379698991775513,0.07127650082111359,0.22803564369678497,0.08031965792179108,0.08304613083600998,0.6848125457763672,23.098224639892578,0.2480490505695343,0.12747082114219666,0.2376580685377121,0.11469702422618866,0.05323022976517677,0.7098598480224609,21.28641128540039
chain_0193,id_02962,0.14644747972488403,0.11252303421497345,0.18996743857860565,0.11444336920976639,0.010950508527457714,0.778031587600708,22.641265869140625,0.16218113899230957,0.12535953521728516,0.18102726340293884,0.1275654137134552,0.05009330064058304,0.6556376218795776,22.12236785888672,0.21253030002117157,0.15496990084648132,0.2378164678812027,0.15533135831356049,0.004245168529450893,0.7973510026931763,22.673826217651367,0.17295461893081665,0.12247198075056076,0.17207302153110504,0.11750758439302444,-0.012871850281953812,0.7497018575668335,22.92662239074707,0.03295385092496872,0.03768591955304146,0.10857483744621277,0.03544151782989502,0.01726909540593624,0.6548525094985962,24.765317916870117
chain_0194,id_00566,0.13628557324409485,0.03205689787864685,0.13679519295692444,0.026028702035546303,0.030600514262914658,0.8062068819999695,21.10609245300293,0.02330630086362362,-0.023907087743282318,0.0728364884853363,-0.026656189933419228,-0.07182273268699646,0.7300883531570435,23.193737030029297,0.04311475157737732,0.03242310881614685,0.10088157653808594,0.03757230564951897,0.07598108053207397,0.7323096394538879,23.978307723999023,0.11717201769351959,0.07265473157167435,0.14754053950309753,0.07333751767873764,0.05676113814115524,0.6537059545516968,22.872591018676758,0.0146314213052392,0.028145024552941322,0.10354883968830109,0.02677217312157154,0.03851383179426193,0.6962922811508179,25.84403419494629
chain_0195,id_02963,0.15808188915252686,0.08633989095687866,0.16724519431591034,0.07692483067512512,0.03961437940597534,0.7729275226593018,23.158836364746094,-0.053672146052122116,-0.02302248403429985,0.06541019678115845,-0.018955400213599205,-0.027931371703743935,0.5921448469161987,24.367645263671875,0.031736232340335846,-0.009835955686867237,0.12969909608364105,0.0025723883882164955,0.02838977798819542,0.7885090112686157,22.139209747314453,0.007962916046380997,0.014703200198709965,0.09320174157619476,0.011576852761209011,0.04106892645359039,0.5488171577453613,24.660890579223633,0.05208081752061844,0.013796319253742695,0.06780831515789032,-0.0029053285252302885,-0.005715321749448776,0.7591241598129272,22.999217987060547
chain_0196,id_02964,0.2530280351638794,0.1299087256193161,0.2288423776626587,0.12845295667648315,0.06679500639438629,0.5579730272293091,20.853748321533203,0.05811714753508568,0.06569050252437592,0.16000071167945862,0.05241374298930168,0.031555697321891785,0.6907737255096436,22.195436477661133,0.16344325244426727,0.03959362581372261,0.13551732897758484,0.04486619308590889,0.0029487647116184235,0.7129380702972412,22.003454208374023,0.13782009482383728,0.07503046095371246,0.13722753524780273,0.06643890589475632,-0.024636080488562584,0.7287961840629578,23.59314727783203,-0.054449912160634995,-0.012997289188206196,0.049911074340343475,-0.017763471230864525,-0.005292222835123539,0.6197417378425598,23.491701126098633
chain_0197,id_00140,0.10907462984323502,0.04798179119825363,0.1230730339884758,0.050659097731113434,-0.06354250013828278,0.7446199655532837,23.507930755615234,0.15667566657066345,0.07662584632635117,0.13121405243873596,0.06780745834112167,0.018590223044157028,0.7217493057250977,24.711753845214844,0.05694209411740303,0.023198504000902176,0.12289172410964966,0.027697183191776276,-0.031899940222501755,0.715369701385498,23.6121883392334,0.12000436335802078,0.044610071927309036,0.20554471015930176,0.04605031758546829,0.002065835054963827,0.6990427374839783,23.899856567382812,0.10717819631099701,0.05230339616537094,0.11720085144042969,0.05306974798440933,0.0014137988910079002,0.6718245148658752,24.0585880279541
chain_0198,id_02965,0.07399550080299377,0.04125340282917023,0.1554364562034607,0.04511124640703201,-0.0006941510364413261,0.7024999260902405,22.458742141723633,0.17182520031929016,0.1372067630290985,0.191897913813591,0.11974339187145233,-0.055940672755241394,0.713038980960846,24.772994995117188,0.07475963979959488,0.060010697692632675,0.13084284961223602,0.058223359286785126,-0.03253335878252983,0.6901038885116577,22.464906692504883,0.06705564260482788,0.05496692657470703,0.1053403913974762,0.0548626147210598,0.022978980094194412,0.6714065074920654,20.206417083740234,0.12249696999788284,0.0508018359541893,0.10595841705799103,0.035581525415182114,0.013324419967830181,0.7340271472930908,21.56191062927246
chain_0199,id_02966,0.07414371520280838,0.0450531505048275,0.12980657815933228,0.043935082852840424,0.041376031935214996,0.5688955187797546,23.868772506713867,-0.018932227045297623,-0.008605951443314552,0.06565213203430176,-0.0060154651291668415,0.009689652360975742,0.6839592456817627,24.141313552856445,0.0704740658402443,0.0035606883466243744,0.11160817742347717,0.010272393003106117,-0.015014257282018661,0.6658892631530762,24.08791732788086,0.047379400581121445,0.04453309625387192,0.13063299655914307,0.03715166077017784,0.020068734884262085,0.6758695840835571,25.024133682250977,0.03829983249306679,0.06980086117982864,0.14780530333518982,0.06686226278543472,0.026955008506774902,0.5327267050743103,22.425119400024414
chain_0200,id_01307,0.1368105411529541,0.09482170641422272,0.17427745461463928,0.08459567278623581,-0.035776302218437195,0.6530178785324097,26.924482345581055,-0.00032095611095428467,-0.0312836579978466,0.12391426414251328,-0.03204638138413429,0.10175386816263199,0.6139552593231201,24.392471313476562,0.18225841224193573,0.09292379766702652,0.2550577223300934,0.10041477531194687,-0.0696941390633583,0.7167174816131592,23.294219970703125,0.1293359100818634,0.09695759415626526,0.15313267707824707,0.09375716000795364,0.014535840600728989,0.6915426254272461,23.292211532592773,0.08757498115301132,0.030878625810146332,0.11247500777244568,0.027374526485800743,0.04833009093999863,0.7071496844291687,21.809070587158203
chain_0201,id_02967,0.08415554463863373,0.06454634666442871,0.12769447267055511,0.06300706416368484,0.008374227210879326,0.7326644062995911,22.65617561340332,0.16139933466911316,0.06896738708019257,0.17897221446037292,0.0711163803935051,-0.0071500129997730255,0.7293158769607544,21.979822158813477,0.131847083568573,0.09542128443717957,0.21064236760139465,0.1028478592634201,-0.01900598406791687,0.7028613686561584,21.531705856323242,0.07988026738166809,0.030513528734445572,0.10316957533359528,0.03411221131682396,0.07411614060401917,0.640318751335144,19.087976455688477,0.022991633042693138,-0.0020441673696041107,0.08897466212511063,0.00048517610412091017,0.026364877820014954,0.667653501033783,20.413429260253906
chain_0203,id_02968,0.35351359844207764,0.27017515897750854,0.38547468185424805,0.2522789239883423,-0.026402413845062256,0.6946986317634583,21.51433563232422,0.1337476372718811,0.10161259770393372,0.14980784058570862,0.09553167223930359,-0.04969015717506409,0.7529497146606445,24.078380584716797,0.076383575797081,0.07230810075998306,0.18173614144325256,0.0715196281671524,0.05968104302883148,0.7130298614501953,23.12594223022461,0.08069133013486862,0.054293956607580185,0.11892518401145935,0.052616335451602936,-0.03576865419745445,0.7289890050888062,23.654691696166992,0.0391889363527298,0.044916875660419464,0.11065462231636047,0.047383490949869156,-0.024574559181928635,0.7657402753829956,25.16898536682129
chain_0204,id_02066,0.06898463517427444,0.0074625760316848755,0.07932282239198685,0.0064854868687689304,0.0702560544013977,0.782954216003418,25.1809024810791,0.09498724341392517,0.03737100958824158,0.12089912593364716,0.025502655655145645,-0.01612299680709839,0.7981629967689514,23.843475341796875,0.06938031315803528,0.029445074498653412,0.1460554152727127,0.028231510892510414,0.017699897289276123,0.7720395922660828,25.935222625732422,0.08076473325490952,0.05704802647233009,0.14776578545570374,0.050122205168008804,-0.0195310078561306,0.7875192165374756,25.0245418548584,0.08729997277259827,0.03858065605163574,0.1817539930343628,0.04128953441977501,-0.0392959862947464,0.6903164386749268,25.025312423706055
chain_0205,id_02969,0.1063324436545372,0.09410569816827774,0.1849207729101181,0.09792996942996979,0.04350768029689789,0.6536632776260376,21.91143798828125,0.12770816683769226,0.1025337502360344,0.16227248311042786,0.09716381132602692,-0.029707521200180054,0.6358280777931213,22.115995407104492,0.13432973623275757,0.09774403274059296,0.18696698546409607,0.09964575618505478,-0.08224830776453018,0.6640644669532776,21.36164093017578,0.1495511680841446,0.11143548786640167,0.1795034408569336,0.10806617140769958,-0.06340695172548294,0.7660552263259888,23.856273651123047,0.16209661960601807,0.08891721069812775,0.14761686325073242,0.08258053660392761,0.04539036005735397,0.8317092657089233,21.24726104736328
chain_0206,id_02970,0.07206358760595322,0.022985443472862244,0.06611615419387817,0.01658194325864315,0.042801305651664734,0.7073235511779785,22.94844627380371,0.16970966756343842,0.13005749881267548,0.19447587430477142,0.12476510554552078,-0.017614256590604782,0.6876473426818848,22.17093276977539,0.08327112346887589,0.0192144475877285,0.07424820959568024,0.008866633288562298,0.03330890089273453,0.6937369704246521,21.70676040649414,0.08106362819671631,0.043974705040454865,0.08663713932037354,0.04053632915019989,-0.005372369661927223,0.7496995329856873,22.76365089416504,0.1024860292673111,0.064346544444561,0.14268024265766144,0.06556524336338043,0.05308464542031288,0.7662501931190491,24.824630737304688
chain_0207,id_02971,0.14010083675384521,0.11913815140724182,0.2424965649843216,0.11718583106994629,-0.014156127348542213,0.7305096387863159,22.538061141967773,0.14434686303138733,0.13156253099441528,0.25149327516555786,0.11772943288087845,0.06460949778556824,0.6528729796409607,23.69420623779297,0.07985343039035797,0.05603210628032684,0.1058182567358017,0.049866221845149994,0.051257796585559845,0.6609851717948914,25.649585723876953,0.056740544736385345,0.09332304447889328,0.16926078498363495,0.09243422001600266,-0.0558934286236763,0.7085374593734741,22.932048797607422,0.10024695843458176,0.02668873593211174,0.11535416543483734,0.025863585993647575,0.011624099686741829,0.7707237005233765,23.148019790649414
chain_0208,id_02972,0.2604144215583801,0.13176245987415314,0.1957574486732483,0.12756265699863434,0.03360773250460625,0.7216547727584839,23.870838165283203,0.10043418407440186,0.11449942737817764,0.18384742736816406,0.1034526452422142,0.05222348868846893,0.7383719682693481,22.583349227905273,0.05663524568080902,0.03312547132372856,0.13142868876457214,0.04150388017296791,0.0793519839644432,0.7448896765708923,21.99386215209961,0.15230566263198853,0.07963771373033524,0.16737866401672363,0.08195164054632187,0.013586565852165222,0.7644153833389282,21.952455520629883,-0.0017518159002065659,0.04563712701201439,0.11045171320438385,0.041398100554943085,-0.026721172034740448,0.6518127918243408,21.791767120361328
chain_0209,id_02973,0.11844205111265182,0.08797448873519897,0.1437448263168335,0.08235389739274979,0.035753507167100906,0.7755665183067322,25.66554832458496,0.09612061083316803,0.06619039177894592,0.11315150558948517,0.056641630828380585,0.08677864074707031,0.7038862705230713,22.72785758972168,0.03627564758062363,0.005990938283503056,0.0669386237859726,0.005775983911007643,-0.03412075340747833,0.7620315551757812,23.091733932495117,0.0697319284081459,0.04085694998502731,0.13108506798744202,0.04302501678466797,0.023521309718489647,0.742311418056488,21.983078002929688,0.04734109342098236,0.024752693250775337,0.11748314648866653,0.022362330928444862,-0.002089050365611911,0.7586063146591187,20.8428955078125
chain_0210,id_02974,0.1350216120481491,0.11063370108604431,0.15905322134494781,0.10069166868925095,0.024069279432296753,0.7890339493751526,24.49954605102539,0.13767056167125702,0.1329355388879776,0.25471967458724976,0.12966762483119965,0.07950428128242493,0.7455658912658691,22.295825958251953,0.005930408835411072,0.020503632724285126,0.21798257529735565,0.02928994782269001,-0.019710518419742584,0.7408801913261414,23.394149780273438,0.08282478153705597,0.015492110513150692,0.0903502106666565,0.011975746601819992,0.00925726443529129,0.7041340470314026,22.09528160095215,0.03902234509587288,0.04098786413669586,0.11805254220962524,0.03738682344555855,0.09816689789295197,0.8035762310028076,26.194732666015625
chain_0211,id_00095,0.07700791954994202,0.06560088694095612,0.15217852592468262,0.06586296856403351,0.008779579773545265,0.7202160358428955,23.694040298461914,0.05795709043741226,0.079199880361557,0.1541791707277298,0.0772232934832573,-0.05715395137667656,0.7610312700271606,25.622467041015625,0.19410599768161774,0.15214882791042328,0.2437615692615509,0.14910085499286652,-0.013554790988564491,0.6123042106628418,22.915794372558594,0.2326454520225525,0.14787542819976807,0.24191588163375854,0.14221696555614471,0.07310310006141663,0.7412276268005371,24.290996551513672,0.2142590433359146,0.11819262057542801,0.22857069969177246,0.11898975819349289,0.010900614783167839,0.7292342782020569,22.52684783935547
chain_0212,id_02975,0.0879092812538147,0.013585371896624565,0.07691612839698792,0.007133844308555126,-0.02074555680155754,0.7142899036407471,23.593547821044922,0.15945786237716675,0.07279889285564423,0.17138230800628662,0.07579144835472107,-0.010581409558653831,0.815034031867981,25.044963836669922,0.055577605962753296,-0.0010261712595820427,0.06597714126110077,-0.0013077445328235626,-0.044814333319664,0.7716097831726074,24.92984962463379,0.022508777678012848,-0.05710053816437721,0.03728485852479935,-0.05403975769877434,0.07227109372615814,0.7254390120506287,22.35045051574707,-0.055033087730407715,-0.06297706067562103,0.025722669437527657,-0.05714765563607216,-0.07387809455394745,0.6740437150001526,21.95870018005371
chain_0213,id_02976,0.3502400517463684,0.2791479825973511,0.34769362211227417,0.27342554926872253,-0.001797037897631526,0.6860525012016296,22.49480438232422,0.2774205207824707,0.2180567979812622,0.3055010437965393,0.2174590677022934,0.05125994607806206,0.6948723196983337,22.795381546020508,0.2322046160697937,0.18764981627464294,0.2682819366455078,0.19338811933994293,0.002037729136645794,0.6872280836105347,22.217180252075195,0.182326078414917,0.09799256920814514,0.1907273828983307,0.10540685057640076,-0.028510037809610367,0.6019337773323059,23.74549674987793,0.15871328115463257,0.1511152982711792,0.20876172184944153,0.14452429115772247,0.03746458888053894,0.6005786657333374,20.845577239990234
chain_0214,id_02977,0.15795862674713135,0.06324765086174011,0.11700820922851562,0.06397272646427155,0.029427217319607735,0.725217342376709,22.83429527282715,0.04058465734124184,0.03207756578922272,0.0908714011311531,0.025920072570443153,-0.009952477179467678,0.7423374652862549,25.651687622070312,0.02025129273533821,0.06351447105407715,0.1499025523662567,0.057270269840955734,0.06374229490756989,0.7394574880599976,24.033117294311523,-0.04543321952223778,-0.0992392897605896,0.014635559171438217,-0.0929599478840828,0.010679155588150024,0.680129885673523,23.492706298828125,0.13102178275585175,0.05855457857251167,0.15227451920509338,0.05770370736718178,-0.052753694355487823,0.7420591711997986,22.29822540283203
chain_0215,id_02978,0.09007200598716736,0.07295218855142593,0.19409874081611633,0.07538386434316635,0.020657213404774666,0.7026269435882568,23.800125122070312,-0.0010934416204690933,-0.049347832798957825,0.0700024962425232,-0.03438471630215645,-0.0030496465042233467,0.6912230253219604,25.98094367980957,0.0679505243897438,0.004159246571362019,0.15278342366218567,0.011094040237367153,0.02776683308184147,0.6946923732757568,26.490474700927734,0.07423999905586243,0.0224914588034153,0.11846436560153961,0.028830256313085556,0.040902528911828995,0.6405320763587952,23.57391357421875,-0.06861520558595657,-0.03954199701547623,0.04515346139669418,-0.03919811174273491,0.026488760486245155,0.7250495553016663,24.553579330444336
chain_0216,id_02979,0.10845358669757843,0.04945523291826248,0.18979036808013916,0.057430412620306015,0.018503807485103607,0.7716273665428162,23.912572860717773,0.128684401512146,0.03724224865436554,0.12311340868473053,0.04059787467122078,-0.018887806683778763,0.7876061201095581,23.742414474487305,0.02425108291208744,0.037737298756837845,0.11726874113082886,0.042036738246679306,0.06610599160194397,0.7982789278030396,23.081787109375,-0.006565450690686703,0.020821550861001015,0.14136913418769836,0.012784574180841446,0.006282909773290157,0.7670748233795166,22.326047897338867,-0.07742348313331604,-0.03383709490299225,0.021882347762584686,-0.04166198521852493,-0.01782575249671936,0.8266042470932007,22.825979232788086
chain_0217,id_02980,0.16725173592567444,0.11036413162946701,0.1878509819507599,0.11296094954013824,0.04770397022366524,0.7519142031669617,23.929759979248047,0.2224629819393158,0.14839321374893188,0.22935354709625244,0.13895662128925323,0.024615585803985596,0.7090246677398682,22.719730377197266,0.12890222668647766,0.05982012301683426,0.126183420419693,0.05777328461408615,0.02845539152622223,0.6698397397994995,23.82622718811035,0.14812332391738892,0.11152726411819458,0.18426723778247833,0.10236429423093796,0.012569589540362358,0.7010651230812073,21.259963989257812,0.16876813769340515,0.09382137656211853,0.17272025346755981,0.09850592911243439,0.03610813617706299,0.7125459909439087,23.242328643798828
chain_0218,id_02981,0.9025530815124512,0.5616693496704102,0.6684813499450684,0.5362712740898132,-0.00932605192065239,0.26572540402412415,20.01934051513672,0.17945551872253418,0.12229098379611969,0.22618745267391205,0.11774410307407379,-0.06574416905641556,0.6661052703857422,24.421842575073242,0.04689411446452141,0.06849319487810135,0.16610854864120483,0.0713404193520546,0.0350499153137207,0.6589944362640381,25.480491638183594,0.08974823355674744,0.06566490232944489,0.1374623328447342,0.07178923487663269,0.08600064367055893,0.7563654184341431,24.152063369750977,0.07897714525461197,0.03493694216012955,0.10540895164012909,0.03819076716899872,0.08686864376068115,0.7053030729293823,23.341848373413086
chain_0220,id_02982,0.9822741746902466,0.005010463297367096,0.11708676069974899,0.007762883324176073,-0.041206929832696915,-0.021967189386487007,22.163593292236328,0.9822223782539368,0.005017432849854231,0.1171017438173294,0.0077791111543774605,-0.04123612865805626,-0.03747415542602539,22.167125701904297,0.9821009635925293,0.004933892283588648,0.11685523390769958,0.007750879507511854,-0.041237615048885345,0.08407604694366455,22.172401428222656,0.9821054935455322,0.004931116476655006,0.11690565198659897,0.007740234490483999,-0.04118005186319351,-0.011387679725885391,22.175336837768555,0.9821054935455322,0.004931116476655006,0.11690565198659897,0.007740234490483999,-0.04118005186319351,-0.04512959346175194,22.175336837768555
chain_0221,id_02983,0.23935462534427643,0.1372450441122055,0.23632052540779114,0.1429911106824875,-0.07556647062301636,0.6800314784049988,25.088571548461914,0.15562576055526733,0.047263409942388535,0.18819743394851685,0.04942221939563751,-0.040641311556100845,0.6774156093597412,22.64157485961914,0.15618571639060974,0.08139428496360779,0.16304373741149902,0.06409458070993423,-0.030840443447232246,0.5948852300643921,23.55631446838379,0.13483864068984985,0.10766774415969849,0.1802596151828766,0.08809299021959305,-0.033821504563093185,0.7076308727264404,24.32492446899414,0.16430732607841492,0.1081923097372055,0.18924765288829803,0.09984631836414337,-0.05920344963669777,0.6927669644355774,23.29171371459961
chain_0222,id_02984,0.17376983165740967,-0.005818634293973446,0.10730920732021332,-0.006450938992202282,0.057514939457178116,0.6188168525695801,21.985361099243164,0.10851152241230011,0.0534304603934288,0.13470503687858582,0.048031244426965714,-0.03277108818292618,0.6844414472579956,23.0345458984375,0.11204013973474503,0.029350081458687782,0.08049280196428299,0.0297493077814579,0.06268700957298279,0.7027884721755981,23.535486221313477,0.12463586032390594,0.04044025391340256,0.16376017034053802,0.03942759335041046,-0.0017435364425182343,0.6832247376441956,23.836997985839844,0.06801918148994446,-0.028202548623085022,0.0489858016371727,-0.021014783531427383,0.03410235047340393,0.6199698448181152,22.482263565063477
chain_0223,id_02985,0.05011173337697983,-0.015410673804581165,0.07179366052150726,-0.012323588132858276,-0.04031936079263687,0.7440022230148315,24.934431076049805,0.019102362915873528,-0.003908507525920868,0.19021271169185638,0.007120372727513313,-0.03441151976585388,0.7614092826843262,27.87692642211914,0.09769180417060852,-0.00954942125827074,0.036938510835170746,-0.019223004579544067,-0.07194999605417252,0.7865452170372009,25.99787139892578,0.060130901634693146,-0.009099453687667847,0.11984296888113022,-0.006264766678214073,0.007572086527943611,0.7238966822624207,24.435665130615234,0.09001977741718292,0.06264576315879822,0.10707204788923264,0.05571720749139786,0.0569244809448719,0.7478141784667969,24.07305145263672
chain_0224,id_02986,0.21680857241153717,0.10889661312103271,0.21956469118595123,0.1113426610827446,0.011897721327841282,0.7444585561752319,24.450458526611328,0.16820678114891052,0.10124638676643372,0.1622319370508194,0.10122791677713394,-0.05696644261479378,0.7476146221160889,23.97258949279785,0.0458122119307518,-0.010075977072119713,0.07813888788223267,-0.007164827082306147,-0.00705272750928998,0.7568522691726685,24.52168846130371,0.015403099358081818,-0.01752571389079094,0.03980427607893944,-0.01382156740874052,-0.05325356125831604,0.6548618078231812,22.032852172851562,0.09966039657592773,0.04332612827420235,0.14945992827415466,0.0515916608273983,0.05425538867712021,0.7269268035888672,21.684837341308594
chain_0226,id_02987,0.26514801383018494,-0.009814735502004623,0.1155339926481247,-0.0051689776591956615,-0.02501882240176201,0.30846673250198364,20.951704025268555,0.3254247307777405,0.019788991659879684,0.10430171340703964,0.022109683603048325,-0.011348240077495575,0.059202950447797775,20.69719123840332,0.24952636659145355,0.038022372871637344,0.09296250343322754,0.0326608307659626,-0.02118327096104622,0.08938093483448029,19.97648048400879,0.21902012825012207,0.03471068665385246,0.12654198706150055,0.03913087025284767,0.022306818515062332,0.14295896887779236,21.603673934936523,0.20433920621871948,0.012965661473572254,0.09903669357299805,0.026012253016233444,-0.04531169310212135,0.18594509363174438,19.465728759765625
chain_0227,id_02988,0.09253587573766708,0.0485122948884964,0.11439590156078339,0.055603642016649246,0.054542481899261475,0.6654797196388245,23.681005477905273,0.11155050992965698,0.05990844592452049,0.1816859245300293,0.05691497027873993,-0.00928475521504879,0.7075523734092712,21.83989143371582,0.14735724031925201,0.08643214404582977,0.13307970762252808,0.06737151741981506,-0.010392299853265285,0.7315975427627563,22.808258056640625,0.07157270610332489,0.05467486381530762,0.15435583889484406,0.05007905885577202,0.0016414215788245201,0.6668881773948669,23.69664764404297,0.11249491572380066,0.054606158286333084,0.13046403229236603,0.05862293392419815,0.039264485239982605,0.6879336833953857,23.057931900024414
chain_0228,id_02989,0.06469494104385376,0.09275856614112854,0.17553502321243286,0.09071537107229233,-0.007277438882738352,0.6444562077522278,22.694913864135742,0.08734340220689774,0.06760077178478241,0.1599624752998352,0.06086396425962448,0.04589466750621796,0.7631990313529968,23.219057083129883,0.20311114192008972,0.11984795331954956,0.2539528012275696,0.12163516879081726,-0.004104008898139,0.7595956325531006,24.380878448486328,-0.004212692379951477,0.04180767387151718,0.14144237339496613,0.03818773478269577,-0.043297551572322845,0.7557125687599182,23.24451446533203,0.15386946499347687,0.09840673208236694,0.1977287232875824,0.10021386295557022,0.03535997122526169,0.6989960670471191,21.761579513549805
chain_0229,id_02990,0.18709051609039307,0.09215943515300751,0.18276146054267883,0.08913203328847885,-0.07784558832645416,0.6411342620849609,23.7669734954834,0.09855327010154724,0.07323388755321503,0.1619226634502411,0.06767325848340988,0.05281301587820053,0.6938768625259399,21.21213150024414,0.022573620080947876,0.02226703055202961,0.1279006004333496,0.03018294833600521,0.03380819782614708,0.7299669981002808,24.103620529174805,0.14234238862991333,0.13273535668849945,0.2168521285057068,0.12326022982597351,0.0023525492288172245,0.6778615117073059,22.87991714477539,0.09321705996990204,0.0400845892727375,0.1583566814661026,0.05091775208711624,-0.028118278831243515,0.5203942060470581,21.730459213256836
chain_0230,id_02991,0.21061977744102478,0.15647119283676147,0.22140911221504211,0.14956402778625488,0.03412097692489624,0.8102544546127319,24.454383850097656,0.04624685272574425,0.008344825357198715,0.05734555423259735,0.007913501001894474,-5.012191832065582e-05,0.4946332573890686,21.629566192626953,0.09387911856174469,0.06353577226400375,0.14916948974132538,0.0559755377471447,0.07562793046236038,0.8091830015182495,22.37301254272461,0.01146664097905159,0.024232536554336548,0.06766368448734283,0.018083665519952774,-0.01708075776696205,0.4992241859436035,21.157495498657227,0.020045265555381775,0.016013283282518387,0.09605855494737625,0.013344290666282177,0.0630171000957489,0.6081428527832031,21.65401840209961
chain_0231,id_02992,0.03498326987028122,0.033783480525016785,0.09021837264299393,0.03625548630952835,-0.048741914331912994,0.7544810771942139,25.519874572753906,0.022240877151489258,0.018042851239442825,0.056673791259527206,-0.004447068553417921,-0.052596691995859146,0.6759935617446899,26.57826805114746,0.01159687153995037,-0.007373400032520294,0.07812310755252838,-0.005352488718926907,-0.012274248525500298,0.6814881563186646,24.920866012573242,0.05611138790845871,0.03648560494184494,0.09714758396148682,0.028048133477568626,0.05502086877822876,0.723440945148468,24.252614974975586,0.007379883900284767,0.003943903371691704,0.05812327191233635,0.0022438184823840857,0.026670973747968674,0.7486921548843384,24.38970947265625
chain_0232,id_02993,0.24894477427005768,0.11355272680521011,0.1950516402721405,0.09887837618589401,-0.030103418976068497,0.7040054202079773,20.754985809326172,0.24289964139461517,0.09363976120948792,0.22420118749141693,0.08329976350069046,0.018743831664323807,0.742262601852417,25.031892776489258,0.20938576757907867,0.11111105978488922,0.2031926065683365,0.1094835102558136,0.008456576615571976,0.733511209487915,23.209247589111328,0.15541282296180725,0.056066855788230896,0.13171780109405518,0.0530579574406147,0.016357991844415665,0.647741436958313,24.769651412963867,0.10764457285404205,0.037905700504779816,0.13079406321048737,0.03229258581995964,-0.05289378762245178,0.7334811687469482,23.981826782226562
chain_0233,id_00213,0.1646585762500763,0.09112517535686493,0.14979125559329987,0.07937458157539368,0.02404145523905754,0.7244678735733032,22.00425910949707,0.19475829601287842,0.12704497575759888,0.2128700315952301,0.12869174778461456,0.03683875873684883,0.7052973508834839,22.109418869018555,0.10630103945732117,0.05498863011598587,0.0890774130821228,0.040858492255210876,0.06162554770708084,0.7515084743499756,20.995561599731445,0.06121618300676346,0.07478654384613037,0.1440238356590271,0.06196485459804535,0.0016316757537424564,0.6027743220329285,24.544755935668945,0.09979182481765747,0.07103636860847473,0.1254681944847107,0.06634382158517838,-0.016845669597387314,0.6383890509605408,21.43042755126953
chain_0234,id_02994,0.12919674813747406,0.024639252573251724,0.13573706150054932,0.021136602386832237,-0.04010114446282387,0.7464339733123779,24.30965232849121,0.09493056684732437,0.05320539325475693,0.12062819302082062,0.05144200474023819,-0.003158596344292164,0.71259605884552,23.40789794921875,0.1099502369761467,0.05196225643157959,0.15108531713485718,0.051768723875284195,-0.03879179060459137,0.7566482424736023,24.000465393066406,0.10112275183200836,0.0384913794696331,0.09083890914916992,0.035482633858919144,0.0017586871981620789,0.6725313663482666,22.862707138061523,-0.022911690175533295,0.00492688175290823,0.11758778989315033,0.012263510376214981,0.012937233783304691,0.6672019958496094,21.76727867126465
chain_0235,id_02995,0.05965312570333481,0.03359636664390564,0.1504511833190918,0.030958229675889015,0.030543487519025803,0.7347016334533691,21.504905700683594,0.022987347096204758,0.061528149992227554,0.13236954808235168,0.04673462733626366,-0.03271801397204399,0.7882628440856934,24.101947784423828,0.0050465818494558334,-0.008953487500548363,0.13279515504837036,0.0002557113766670227,-0.05387226864695549,0.7608436346054077,26.255876541137695,0.06741310656070709,0.023121993988752365,0.15243496000766754,0.024203896522521973,-0.0420210063457489,0.6998841762542725,23.606931686401367,-0.03432045876979828,0.021735619753599167,0.09914836287498474,0.024736694991588593,0.07900712639093399,0.7876816987991333,25.18180274963379
chain_0236,id_00053,0.11980290710926056,0.05633753538131714,0.12771928310394287,0.05636368319392204,-0.054997436702251434,0.6402221322059631,21.609540939331055,0.05499821901321411,0.019091319292783737,0.08335386961698532,0.013883126899600029,-0.056794390082359314,0.6732354164123535,24.898374557495117,0.0756826102733612,0.025932492688298225,0.11309202760457993,0.029414495453238487,-0.019489014521241188,0.7656710147857666,23.55180549621582,0.12768593430519104,0.07958126068115234,0.17652276158332825,0.07154817134141922,-0.0588715486228466,0.5655432939529419,21.989137649536133,0.08176430314779282,0.11319975554943085,0.1832001805305481,0.11297239363193512,-0.0669463723897934,0.7211219668388367,21.6107177734375
chain_0237,id_01807,0.18241603672504425,0.09599523991346359,0.16123439371585846,0.09918349236249924,-0.017444361001253128,0.6655123829841614,23.147567749023438,0.12112734466791153,0.05278109386563301,0.10746560990810394,0.059341054409742355,0.02373965084552765,0.5960181951522827,22.430227279663086,0.12126724421977997,0.07763060927391052,0.14016014337539673,0.06869346648454666,-0.015428785234689713,0.6253932118415833,22.14081382751465,0.14599770307540894,0.08440759778022766,0.15090683102607727,0.07215521484613419,0.002125549130141735,0.6052888035774231,21.8422908782959,0.15132001042366028,0.09526702016592026,0.21337909996509552,0.10225872695446014,0.046304818242788315,0.7184187769889832,22.579946517944336
chain_0238,id_02996,0.029985712841153145,0.00922987051308155,0.07590290904045105,0.010794919915497303,0.0015395157970488071,0.6934133768081665,21.998414993286133,0.09686887264251709,0.033856142312288284,0.1425701081752777,0.038073088973760605,0.018526824191212654,0.727204442024231,22.96549415588379,0.056540656834840775,0.019263258203864098,0.08979403972625732,0.02161390520632267,-0.029291674494743347,0.7184897661209106,25.02799415588379,0.09992622584104538,0.009014075621962547,0.08596822619438171,0.016653193160891533,-0.01001058891415596,0.769014298915863,22.517805099487305,0.09793075174093246,0.045703236013650894,0.12426947057247162,0.0431629903614521,-0.03991955891251564,0.7411628365516663,21.547882080078125
chain_0239,id_02997,0.9866523742675781,-0.035838160663843155,0.027694035321474075,-0.03309417888522148,0.07611808180809021,0.0369657501578331,19.463083267211914,0.1424417942762375,-0.07437466830015182,0.07798419147729874,-0.07453019917011261,-0.03843343257904053,0.7205145359039307,23.117774963378906,0.0460159070789814,0.022662077099084854,0.09256018698215485,0.021760471165180206,0.01083498913794756,0.6456743478775024,20.609983444213867,0.10530545562505722,-0.027264317497611046,0.05484408140182495,-0.018141094595193863,-0.035528622567653656,0.7095060348510742,23.08823013305664,0.060351766645908356,-0.0051572322845458984,0.06354238092899323,-0.013905996456742287,-0.021063562482595444,0.7348358631134033,22.191587448120117
chain_0240,id_01319,0.3265000283718109,0.22720813751220703,0.3080715537071228,0.22364240884780884,-0.018064111471176147,0.6075727939605713,22.47662353515625,0.16500580310821533,0.03340885788202286,0.11599640548229218,0.03748591989278793,-0.015996217727661133,0.5889390707015991,23.362852096557617,0.32781776785850525,0.16612404584884644,0.2515142261981964,0.16276413202285767,-0.04030127450823784,0.533495306968689,21.039331436157227,0.20468398928642273,0.0841115340590477,0.18413332104682922,0.07518645375967026,-0.040834859013557434,0.5548421144485474,20.129751205444336,0.14840391278266907,0.1185416579246521,0.17866453528404236,0.1175350695848465,0.016426779329776764,0.7105951309204102,22.61819076538086
chain_0241,id_02998,-0.015870438888669014,-0.042632877826690674,0.07827751338481903,-0.0491032749414444,0.045106545090675354,0.6477388143539429,24.458675384521484,0.14117151498794556,0.05642632022500038,0.17482540011405945,0.06324747949838638,0.0564197301864624,0.7437224984169006,26.938526153564453,0.0378662571310997,0.001512506976723671,0.15803661942481995,0.018675578758120537,0.07750207185745239,0.7207704782485962,27.467613220214844,0.10469146072864532,0.04219181090593338,0.11948007345199585,0.04686813801527023,0.032169368118047714,0.6736643314361572,23.411409378051758,0.0033428389579057693,-0.007410535588860512,0.09420254081487656,-0.005483986344188452,0.01390494778752327,0.6063016057014465,23.723718643188477
chain_0242,id_00657,0.08147703111171722,0.028669971972703934,0.1085372269153595,0.032271839678287506,0.050886522978544235,0.5888262987136841,23.26304054260254,0.11110402643680573,0.04531341418623924,0.10782628506422043,0.053067710250616074,0.05496234819293022,0.627332866191864,23.090579986572266,0.1262429654598236,0.08204129338264465,0.19203390181064606,0.08417128771543503,-0.01293172873556614,0.6917502880096436,23.56686782836914,0.10359327495098114,0.07073011249303818,0.16222237050533295,0.0713857039809227,0.16902753710746765,0.7282673716545105,21.580734252929688,0.15491394698619843,0.09661170095205307,0.19068259000778198,0.09266521036624908,0.030685849487781525,0.7670361995697021,23.01030158996582
chain_0243,id_00937,0.24692119657993317,0.1648111492395401,0.2791731059551239,0.1647479385137558,0.008217007853090763,0.7514538764953613,24.823776245117188,0.05182773619890213,-0.026851288974285126,0.04131618142127991,-0.02881966345012188,0.01186841819435358,0.7537510395050049,24.992435455322266,0.21448180079460144,0.16349196434020996,0.266330361366272,0.15895111858844757,-0.024318303912878036,0.7602120637893677,22.420846939086914,0.07368294894695282,0.06579985469579697,0.1847955286502838,0.07016629725694656,0.05514669418334961,0.703484058380127,22.712535858154297,0.21724599599838257,0.1436810940504074,0.21983450651168823,0.12204241007566452,0.048875004053115845,0.7763656377792358,23.37027359008789
chain_0244,id_02999,0.2541162669658661,0.07493395358324051,0.22949276864528656,0.09052303433418274,-0.06182067096233368,0.6131500005722046,24.882112503051758,0.1740734875202179,0.07617629319429398,0.1561661660671234,0.06386692076921463,0.062481001019477844,0.751036524772644,23.335283279418945,0.04362913966178894,0.03441919386386871,0.159637451171875,0.041174475103616714,-0.03516627475619316,0.6804257035255432,25.179433822631836,0.15431061387062073,0.10228060930967331,0.1983744204044342,0.09922384470701218,-0.04044916108250618,0.7252575755119324,25.709104537963867,0.18463197350502014,0.05617575719952583,0.2003835141658783,0.06128086894750595,-0.06268341839313507,0.6600059270858765,24.138282775878906
chain_0245,id_03000,0.5709341764450073,0.2852364778518677,0.45446938276290894,0.29210153222084045,0.08870205283164978,0.5978816747665405,23.535280227661133,0.05369282141327858,0.04800816625356674,0.13664525747299194,0.05015205591917038,0.0009183636866509914,0.7275757789611816,25.656429290771484,0.06684059649705887,0.06622068583965302,0.12195003032684326,0.07042821496725082,0.019807884469628334,0.5136229991912842,23.644372940063477,0.07925622165203094,0.018227098509669304,0.11989793181419373,0.0215776264667511,-0.04570110887289047,0.6679908037185669,23.604400634765625,0.07547123730182648,0.018695494160056114,0.14082100987434387,0.0174897201359272,-0.038292258977890015,0.7096940279006958,23.265052795410156
chain_0246,id_03001,0.15168029069900513,0.10871407389640808,0.20291702449321747,0.10771381109952927,0.11135777086019516,0.5934090614318848,22.07575798034668,0.11021466553211212,0.017782431095838547,0.1588190793991089,0.022876698523759842,0.05287673696875572,0.7541947960853577,21.0126895904541,0.13711506128311157,0.10827432572841644,0.1890248954296112,0.09517297893762589,0.013529951684176922,0.8150511384010315,22.051942825317383,0.05405513569712639,0.004513774067163467,0.13739199936389923,0.005880968179553747,0.1031312569975853,0.7161192893981934,22.935901641845703,0.015333904884755611,-0.04810769855976105,0.09601423144340515,-0.039346203207969666,0.06377102434635162,0.6782944202423096,23.879108428955078
chain_0247,id_03002,0.12802265584468842,0.06702224165201187,0.1343609243631363,0.06002999469637871,-0.01408233493566513,0.6782534718513489,22.992538452148438,0.013558591715991497,-0.004382388200610876,0.12249170243740082,0.0026304933708161116,0.003958846442401409,0.6586043238639832,20.179101943969727,0.03544040769338608,0.02422584965825081,0.11656402796506882,0.023505978286266327,0.0019218456000089645,0.7137802839279175,23.234140396118164,-0.03099234215915203,0.007265759166330099,0.07578564435243607,0.008361396379768848,-0.017829151824116707,0.4528384506702423,23.357955932617188,0.09716922044754028,0.09117650240659714,0.14768502116203308,0.08092746138572693,-0.038928233087062836,0.6800870895385742,24.605314254760742
chain_0248,id_01952,0.27498191595077515,0.15765386819839478,0.2885216474533081,0.14777500927448273,-0.00026695337146520615,0.6519924402236938,20.444307327270508,0.13723155856132507,0.08901902288198471,0.17514431476593018,0.08862989395856857,-0.02054591476917267,0.7097889184951782,21.175128936767578,0.08071199059486389,0.045329149812459946,0.12592417001724243,0.04339184984564781,0.027517670765519142,0.6181663274765015,20.208812713623047,0.08754386007785797,0.05334073677659035,0.1402665674686432,0.05831518396735191,-0.07885679602622986,0.722780168056488,21.80211639404297,0.08878219127655029,0.011377030983567238,0.09987521916627884,0.014998857863247395,-0.10701899975538254,0.8067343235015869,20.965017318725586
chain_0249,id_03003,0.11118198186159134,-0.014082794077694416,0.11155660450458527,-0.008860782720148563,-0.03389139100909233,0.6260274052619934,21.918926239013672,0.06896332651376724,-0.0452285036444664,0.08835408091545105,-0.03433053568005562,0.06268174946308136,0.7062251567840576,23.411527633666992,-0.05372515320777893,0.03564392775297165,0.1510716676712036,0.03623148426413536,-0.009326920844614506,0.7228846549987793,23.814340591430664,0.039218511432409286,0.10905195772647858,0.20386990904808044,0.08726269751787186,0.037857383489608765,0.7638534307479858,23.142549514770508,-0.04007444158196449,0.043421000242233276,0.11262461543083191,0.04003077745437622,0.027355976402759552,0.7567675709724426,26.105669021606445
chain_0250,id_03004,0.18943439424037933,0.1044132336974144,0.19593754410743713,0.09901538491249084,0.03138354420661926,0.6876476407051086,22.426334381103516,-0.02524827979505062,-0.026740971952676773,0.03377418965101242,-0.026578927412629128,-0.013528356328606606,0.7034729719161987,24.327852249145508,0.06886199116706848,0.08352848887443542,0.13128964602947235,0.06997959315776825,0.03243187069892883,0.749262809753418,23.566253662109375,0.09372107684612274,0.047941483557224274,0.10948949307203293,0.04462747275829315,0.043407734483480453,0.6712348461151123,23.98957633972168,0.1825939267873764,0.12460003793239594,0.22323225438594818,0.11727924644947052,-5.417224019765854e-05,0.7359505891799927,23.683589935302734
chain_0251,id_03005,0.24950602650642395,0.17705756425857544,0.30109208822250366,0.1741005927324295,0.05555976182222366,0.6478288769721985,26.34294891357422,0.2686907649040222,0.23390668630599976,0.31093257665634155,0.2150317132472992,-0.01608106680214405,0.5950222015380859,22.91318702697754,0.25615638494491577,0.18840214610099792,0.24091313779354095,0.17838795483112335,0.01819496788084507,0.684795618057251,25.61579704284668,0.13672441244125366,0.1580536961555481,0.21875128149986267,0.1431303471326828,-0.059903088957071304,0.6648175716400146,23.848329544067383,0.1710074096918106,0.15366113185882568,0.20026879012584686,0.13793091475963593,-0.033139415085315704,0.6911605000495911,23.409420013427734
chain_0252,id_03006,0.1426633894443512,0.061741605401039124,0.1575898379087448,0.06789234280586243,-0.0048072305507957935,0.7030234336853027,24.211484909057617,0.17301476001739502,0.11655014753341675,0.21814897656440735,0.11922189593315125,0.0018471181392669678,0.6227432489395142,23.818071365356445,0.10156793892383575,0.08145374804735184,0.17899641394615173,0.07917118072509766,0.035750217735767365,0.633769154548645,21.847328186035156,0.04204024374485016,0.09060275554656982,0.169085294008255,0.08753632009029388,0.0106925368309021,0.769014298915863,23.508634567260742,0.08468076586723328,0.0609733946621418,0.09653494507074356,0.0522218756377697,0.04327759891748428,0.5740524530410767,23.608509063720703
chain_0253,id_03007,0.11076068878173828,0.05610634386539459,0.11158972978591919,0.041431646794080734,0.00424090214073658,0.6307775378227234,21.701126098632812,0.14339515566825867,0.0919918641448021,0.15463733673095703,0.08566457778215408,-0.005261515267193317,0.7035539150238037,24.393939971923828,0.04933307692408562,0.02444169670343399,0.13129739463329315,0.025113578885793686,-0.0591094046831131,0.713700532913208,24.43272590637207,-0.0032593337818980217,-0.013003509491682053,0.09584634751081467,-0.0059908065013587475,0.048239730298519135,0.6468783617019653,23.32486915588379,0.07974067330360413,0.10425220429897308,0.16910521686077118,0.09790074080228806,-0.07479719817638397,0.7567840814590454,25.343997955322266
chain_0254,id_03008,0.23169124126434326,0.1436133086681366,0.21098434925079346,0.1406831443309784,0.02308981865644455,0.7160087823867798,21.129344940185547,0.18882280588150024,0.08194141834974289,0.22881750762462616,0.0857534185051918,0.03847347944974899,0.70979905128479,21.35260009765625,0.09700397402048111,0.04813532531261444,0.1671622097492218,0.05163116008043289,0.025517906993627548,0.6066281795501709,22.001482009887695,0.12444093823432922,0.05369318276643753,0.11767265200614929,0.04591149836778641,0.0020495702046900988,0.6075800657272339,23.048511505126953,0.04433678090572357,0.049290936440229416,0.18353255093097687,0.04884041100740433,-0.019776754081249237,0.5983814001083374,24.226713180541992
chain_0255,id_03009,0.09739639610052109,0.04188786447048187,0.10502250492572784,0.03735845163464546,-0.00223538838326931,0.6690740585327148,21.3482723236084,0.04802636429667473,0.0755137950181961,0.1529923975467682,0.07502865791320801,0.06405787914991379,0.6974954605102539,21.16301155090332,0.07204028218984604,0.07449784874916077,0.1649513840675354,0.07643771171569824,0.028861939907073975,0.7199541926383972,22.034631729125977,0.11708515882492065,0.09242921322584152,0.16115158796310425,0.08308283984661102,-0.015886053442955017,0.7757467031478882,22.750751495361328,0.10533250868320465,0.10499242693185806,0.208420991897583,0.10318358242511749,-0.023293722420930862,0.6101751327514648,23.152647018432617
chain_0256,id_03010,0.1459551751613617,0.0897698774933815,0.15570876002311707,0.07984854280948639,0.06770803034305573,0.5424014925956726,21.177249908447266,0.07972349226474762,0.016541888937354088,0.14764417707920074,0.01633284240961075,0.026642197743058205,0.7475248575210571,21.530284881591797,0.038307830691337585,-0.0065172454342246056,0.09039608389139175,-0.0072672441601753235,-0.03083091415464878,0.642200231552124,21.869770050048828,-0.025595704093575478,-0.002255405765026808,0.07343630492687225,-0.0004070701834280044,-0.06229959428310394,0.7518172264099121,23.00306510925293,0.09807102382183075,0.07073137909173965,0.14095929265022278,0.0706988051533699,0.03478153795003891,0.6064649820327759,21.703699111938477
chain_0257,id_03011,0.12563017010688782,0.06826718151569366,0.17065858840942383,0.061116550117731094,-0.06700169295072556,0.5629636645317078,22.15081787109375,0.04416564106941223,0.05498255416750908,0.12874719500541687,0.047752100974321365,0.042442820966243744,0.7324609756469727,22.599760055541992,0.1295223981142044,0.08715397119522095,0.20299458503723145,0.09079603850841522,-0.00890655443072319,0.799570620059967,24.97284698486328,0.10807394981384277,0.07695120573043823,0.14264032244682312,0.07462532818317413,0.05644195154309273,0.7640197277069092,24.487308502197266,-0.019012462347745895,0.00910102017223835,0.09490984678268433,0.012987292371690273,0.022069275379180908,0.683322548866272,23.567094802856445
chain_0258,id_03012,0.21409913897514343,0.16123387217521667,0.21664106845855713,0.14896245300769806,-0.05512630194425583,0.6429859399795532,24.20844268798828,0.08906646072864532,0.06210637465119362,0.11253129690885544,0.060092464089393616,-0.017097465693950653,0.6981956958770752,22.951892852783203,0.1544589400291443,0.09943894296884537,0.15790705382823944,0.0993504449725151,0.03835320472717285,0.7853919267654419,22.47820281982422,0.1456935703754425,0.12540492415428162,0.2085745632648468,0.12137877941131592,-0.011781114153563976,0.6351327896118164,21.248613357543945,0.02970583736896515,0.0006989967077970505,0.098345547914505,-0.0010109016438946128,-0.0053811329416930676,0.7917089462280273,22.830055236816406
chain_0259,id_03013,0.18825075030326843,0.05434494465589523,0.10951128602027893,0.05052264779806137,0.1398470103740692,0.5706928968429565,21.684965133666992,0.11646345257759094,0.00857152696698904,0.08605502545833588,0.013672690838575363,0.018856307491660118,0.535615086555481,21.704050064086914,0.11215998232364655,0.1345471739768982,0.21523626148700714,0.12580104172229767,0.10618054866790771,0.7122343182563782,24.358760833740234,0.016460856422781944,0.027485765516757965,0.06566277891397476,0.022803165018558502,-0.00863729789853096,0.6732192635536194,24.094608306884766,-0.026065295562148094,0.02640988677740097,0.07943688333034515,0.024065297096967697,-0.020037861540913582,0.7029454708099365,23.33967399597168
chain_0260,id_03014,0.20344150066375732,0.10487349331378937,0.22595304250717163,0.11360222846269608,0.03412795439362526,0.7673463821411133,22.933225631713867,0.235746830701828,0.07640185952186584,0.167561873793602,0.06843067705631256,-0.04740879684686661,0.4694209694862366,21.535446166992188,0.13999977707862854,0.07941903173923492,0.15476475656032562,0.07450186461210251,0.012316381558775902,0.6795306205749512,23.69970703125,0.027388352900743484,-0.033134203404188156,0.03452463075518608,-0.035361889749765396,0.06391646713018417,0.7039987444877625,23.767480850219727,0.12638907134532928,0.06764398515224457,0.13398152589797974,0.05644318088889122,-0.027451444417238235,0.6698427200317383,23.71627426147461
chain_0261,id_00808,0.28776252269744873,0.16524702310562134,0.24504700303077698,0.15777602791786194,0.031404562294483185,0.658770740032196,21.172887802124023,0.19674962759017944,0.1149197518825531,0.16902361810207367,0.11425776034593582,0.016550585627555847,0.692763090133667,23.076108932495117,0.15128687024116516,0.12600907683372498,0.20344418287277222,0.12902072072029114,-0.0024478770792484283,0.6840002536773682,22.645517349243164,0.09911112487316132,0.057257361710071564,0.1325201392173767,0.05370607227087021,-0.03291626647114754,0.7095847725868225,23.25101089477539,0.15151217579841614,0.08019496500492096,0.1765749752521515,0.0856553465127945,-0.04368961602449417,0.6773245334625244,22.115360260009766
chain_0262,id_02661,0.042552828788757324,0.014916895888745785,0.0806117057800293,0.0144886439666152,-0.05668718367815018,0.778331995010376,24.244413375854492,0.052310213446617126,0.06623085588216782,0.1942431777715683,0.07368404418230057,-0.007972294464707375,0.7835203409194946,24.28968620300293,0.07883650064468384,0.026633333414793015,0.14145980775356293,0.024796433746814728,0.02212557941675186,0.7009840607643127,23.73784637451172,0.016306549310684204,-0.05086377263069153,0.08643884211778641,-0.04438534006476402,-0.02197572961449623,0.7749674320220947,26.624467849731445,0.022751005366444588,0.023167897015810013,0.11087977141141891,0.02294049970805645,-0.012145215645432472,0.7621750831604004,22.82732582092285
chain_0263,id_03015,0.05004191771149635,0.02861621230840683,0.10038192570209503,0.029856950044631958,0.025533318519592285,0.706574559211731,21.890913009643555,0.03919244930148125,-0.03734051436185837,0.015675464645028114,-0.037084344774484634,0.0404387041926384,0.6939077377319336,20.173486709594727,0.0337405726313591,-0.016743704676628113,0.07291208952665329,-0.0207914337515831,0.03980106860399246,0.663224458694458,22.806896209716797,0.023489315062761307,-0.018456336110830307,0.044913820922374725,-0.018533820286393166,0.014634358696639538,0.6068510413169861,21.12973976135254,0.035371869802474976,-0.008358309976756573,0.0654556006193161,-0.018996769562363625,0.0362560898065567,0.5073631405830383,21.15235137939453
chain_0264,id_03016,0.13728557527065277,0.07349025458097458,0.16276517510414124,0.07401980459690094,0.005852819420397282,0.6496346592903137,23.295333862304688,0.10065054148435593,0.023454587906599045,0.15257099270820618,0.032083041965961456,0.046329233795404434,0.6789647340774536,23.085798263549805,0.24277445673942566,0.18330824375152588,0.26098066568374634,0.1788242757320404,0.024950798600912094,0.7148417830467224,22.683488845825195,0.05759041756391525,0.023098472505807877,0.07161252945661545,0.014421365223824978,-0.07607076317071915,0.7131315469741821,23.701690673828125,0.05783487856388092,0.060849789530038834,0.16458600759506226,0.06495419144630432,-0.0821542888879776,0.7270886301994324,24.401390075683594
chain_0265,id_03017,0.11109062284231186,0.05290380120277405,0.15095308423042297,0.05033733695745468,-0.031747110188007355,0.749895453453064,24.020837783813477,0.07784010469913483,0.036139197647571564,0.08971193432807922,0.036123938858509064,0.017416642978787422,0.7464854717254639,22.975099563598633,0.1726222187280655,0.07187258452177048,0.1447862684726715,0.062124211341142654,0.042523495852947235,0.6449183225631714,21.62385368347168,0.09378547221422195,0.05231219530105591,0.14792867004871368,0.04518565163016319,0.010755165480077267,0.7170034050941467,21.47406005859375,-0.042102545499801636,-0.07514561712741852,0.01331742387264967,-0.06588996946811676,0.04003032296895981,0.7618448734283447,24.477609634399414
chain_0266,id_03018,0.11382576823234558,0.08878976106643677,0.14243844151496887,0.07594730705022812,0.010478926822543144,0.740059494972229,24.24666404724121,0.24328354001045227,0.20045071840286255,0.30632176995277405,0.20855583250522614,-0.048549287021160126,0.6644976139068604,24.730920791625977,0.1254989504814148,0.11007940769195557,0.16511443257331848,0.09924338012933731,-0.09294714033603668,0.6783652305603027,22.94689178466797,0.11257132142782211,0.07447453588247299,0.16571740806102753,0.07290692627429962,-0.008528160862624645,0.6924514770507812,24.597759246826172,0.09915626049041748,0.04309356212615967,0.1562948226928711,0.04387271776795387,0.05266846716403961,0.6662728190422058,21.970319747924805
chain_0267,id_03019,0.1862817406654358,0.11007306724786758,0.19723248481750488,0.08905057609081268,0.011448737233877182,0.7740660905838013,24.044946670532227,0.11457096040248871,0.05853072553873062,0.13876117765903473,0.05658845230937004,0.010862935334444046,0.6719685792922974,23.628602981567383,0.07675047218799591,0.029888644814491272,0.15245062112808228,0.03203883022069931,0.01886458694934845,0.7330437898635864,22.983150482177734,0.1230643093585968,0.037788018584251404,0.14650742709636688,0.043010011315345764,0.03715573623776436,0.7883299589157104,25.651973724365234,0.05612552538514137,0.02165074273943901,0.12894681096076965,0.030734917148947716,-0.043197065591812134,0.7565047740936279,24.53380012512207
chain_0268,id_00705,0.09954539686441422,0.060473278164863586,0.17390543222427368,0.06322519481182098,0.06438601016998291,0.7404581904411316,22.27413558959961,0.08987489342689514,0.039649128913879395,0.1306351274251938,0.03471885994076729,0.041415177285671234,0.6821922063827515,21.607255935668945,-0.0805543065071106,-0.014484839513897896,0.038951434195041656,-0.0189060028642416,-0.052831053733825684,0.7801109552383423,24.454057693481445,0.0844503790140152,0.06295562535524368,0.11277192085981369,0.05931198596954346,0.025305453687906265,0.7965281009674072,25.7808895111084,-0.009684477001428604,0.010633516125380993,0.08084067702293396,0.013669016771018505,-0.005031981039792299,0.7690091133117676,26.306346893310547
chain_0269,id_03020,0.07161787152290344,0.04087178781628609,0.08810532093048096,0.03726762533187866,0.01072933990508318,0.7371196746826172,21.889774322509766,0.07813971489667892,0.09332853555679321,0.16926217079162598,0.09189808368682861,-0.026990894228219986,0.7141662836074829,23.375354766845703,0.11732964217662811,0.07133303582668304,0.12006659060716629,0.06884574890136719,0.053857095539569855,0.6509305834770203,20.15233039855957,0.08434253931045532,0.04679550230503082,0.2506619691848755,0.04917993023991585,-0.020671725273132324,0.7775765657424927,22.70902442932129,0.008848093450069427,0.014369945973157883,0.09484835714101791,0.006150208879262209,0.009300324134528637,0.6228764653205872,20.155458450317383
chain_0270,id_03021,0.16096702218055725,0.13602101802825928,0.19990597665309906,0.13029345870018005,0.03568796068429947,0.7552412748336792,26.325044631958008,0.05424897372722626,0.02329956740140915,0.10996045917272568,0.025944270193576813,-0.09574753046035767,0.7527486085891724,25.940670013427734,0.04625268653035164,0.037274621427059174,0.1051887646317482,0.03421377018094063,0.02728002704679966,0.7438787817955017,23.43219566345215,0.04622212052345276,0.048088811337947845,0.12456955015659332,0.04637845233082771,0.005557267460972071,0.7240321040153503,25.747480392456055,0.050014689564704895,0.0498959943652153,0.12131507694721222,0.04737413302063942,0.011768197640776634,0.7075234055519104,23.77006721496582
chain_0271,id_03022,0.11410534381866455,0.0855150818824768,0.18562087416648865,0.08524380624294281,0.011454619467258453,0.6663674116134644,21.336572647094727,0.15529270470142365,0.1593824177980423,0.23586347699165344,0.15025708079338074,0.028423361480236053,0.7142024040222168,24.345773696899414,-0.060263797640800476,-0.013153161853551865,0.03861086815595627,-0.015052339993417263,0.03770192712545395,0.7298527359962463,23.140668869018555,-0.022345419973134995,-0.03270861133933067,0.10347342491149902,-0.028489714488387108,-0.005077621433883905,0.7096505761146545,22.639114379882812,0.22204267978668213,0.20143532752990723,0.298315167427063,0.19720880687236786,-0.04073198139667511,0.724261999130249,26.372901916503906
chain_0272,id_03023,0.29726845026016235,0.19052612781524658,0.2847468852996826,0.17539973556995392,0.03228286653757095,0.7237180471420288,22.846662521362305,0.08270539343357086,0.09387925267219543,0.18289294838905334,0.09192677587270737,-0.009715174324810505,0.7304844856262207,23.802648544311523,0.07235368341207504,0.017948398366570473,0.14488978683948517,0.03535788133740425,-0.045142654329538345,0.7411714196205139,24.068668365478516,0.09474720060825348,0.10323411971330643,0.18227910995483398,0.10347020626068115,-0.06985428929328918,0.7619382739067078,23.09162139892578,0.15264728665351868,0.035828374326229095,0.10647857189178467,0.029549164697527885,-0.010045337490737438,0.7093464136123657,22.904979705810547
chain_0273,id_03024,0.04014161229133606,0.03605607897043228,0.0754648968577385,0.0336555615067482,3.926502540707588e-05,0.6741466522216797,22.284475326538086,-0.03362870216369629,0.0035415287129580975,0.1016772910952568,0.010022099129855633,-0.022639602422714233,0.7309865951538086,19.908071517944336,0.03221704065799713,0.043472252786159515,0.11061151325702667,0.042122580111026764,0.04500488191843033,0.7413849830627441,23.733579635620117,0.09828964620828629,0.08804568648338318,0.1812511384487152,0.09469656646251678,-0.00748783815652132,0.7168654203414917,21.21202850341797,-0.02214043401181698,0.06491440534591675,0.11945713311433792,0.06142222136259079,-0.09221925586462021,0.6445936560630798,22.334806442260742
chain_0274,id_03025,0.03949541971087456,0.055728934705257416,0.11997196823358536,0.054919932037591934,-0.010048997588455677,0.7342991828918457,22.950769424438477,0.002348819747567177,0.044556617736816406,0.14884977042675018,0.04489344358444214,0.1160040944814682,0.7374130487442017,22.61980438232422,0.033636290580034256,0.04472701996564865,0.11230578273534775,0.04455791041254997,0.09406125545501709,0.7124711275100708,22.236572265625,0.037235327064991,0.07018866389989853,0.1462000459432602,0.06063510477542877,0.016466662287712097,0.6656491756439209,21.541379928588867,-0.05631210654973984,-0.021234257146716118,0.06095162779092789,-0.020095711573958397,0.019754599779844284,0.7534397840499878,21.912654876708984
chain_0275,id_03026,0.14333386719226837,0.07281658798456192,0.1634664535522461,0.08189363032579422,-0.03393303602933884,0.6958924531936646,25.916780471801758,0.10958714783191681,0.06660331040620804,0.18159407377243042,0.06705363094806671,0.026450052857398987,0.7664879560470581,24.193571090698242,0.20546357333660126,0.17277078330516815,0.24415387213230133,0.15559525787830353,0.03271452337503433,0.6792787909507751,25.64824676513672,0.12654560804367065,0.09720559418201447,0.14894428849220276,0.08828719705343246,-0.00981453713029623,0.7821084260940552,24.382410049438477,0.12326709181070328,0.0970047116279602,0.17618051171302795,0.09960059076547623,0.014206882566213608,0.7390182018280029,23.290746688842773
chain_0276,id_03027,0.2580888867378235,0.08723296970129013,0.21941596269607544,0.09452809393405914,-0.00017326418310403824,0.7077599763870239,22.60516357421875,0.052047014236450195,0.027900710701942444,0.14347884058952332,0.02312079258263111,-0.010954445227980614,0.6439536809921265,21.266340255737305,0.07018734514713287,0.05905166268348694,0.19279859960079193,0.055463388562202454,-0.02246551588177681,0.676010012626648,23.145557403564453,0.029772581532597542,0.039333589375019073,0.1357904076576233,0.031071016564965248,0.03868633136153221,0.7394262552261353,22.75686264038086,-0.028229620307683945,-0.00662898039445281,0.0682409256696701,-0.0049945213831961155,-0.0022556306794285774,0.6946939826011658,26.042177200317383
chain_0277,id_03028,0.11296620965003967,0.07028715312480927,0.1290770024061203,0.06632228940725327,0.033860474824905396,0.6640441417694092,20.698144912719727,0.15748703479766846,0.07295957207679749,0.1645747721195221,0.06642695516347885,0.053534962236881256,0.6242843866348267,22.41187858581543,0.22645556926727295,0.12607219815254211,0.2442055642604828,0.12100711464881897,0.045467715710401535,0.6052791476249695,21.84213638305664,0.062011949717998505,0.015732983127236366,0.0901535302400589,0.015979023650288582,0.01605558581650257,0.7250815629959106,23.51375961303711,0.09515048563480377,0.06710834056138992,0.1240481585264206,0.06115670129656792,0.0241316519677639,0.7310482263565063,22.312068939208984
chain_0278,id_03029,0.23777170479297638,0.17635726928710938,0.30494606494903564,0.15033742785453796,0.11587928235530853,0.7543506622314453,21.921960830688477,0.16058382391929626,0.125199556350708,0.20279432833194733,0.10727705806493759,0.10737904906272888,0.7387298345565796,20.967376708984375,0.03712025284767151,0.00838792510330677,0.05675308406352997,0.009481137618422508,-0.01926424168050289,0.7647225856781006,23.875797271728516,0.09248381853103638,0.08561480045318604,0.1599261462688446,0.07376297563314438,-0.029329456388950348,0.7269243001937866,23.909137725830078,0.04071299731731415,0.08579722046852112,0.15541520714759827,0.06863537430763245,0.08169540017843246,0.7321887612342834,23.6982479095459
chain_0279,id_03030,0.10842184722423553,0.07630250602960587,0.15435773134231567,0.07445307075977325,-0.006041170097887516,0.6693161725997925,20.2645263671875,0.15500736236572266,0.08846672624349594,0.18448509275913239,0.07915579527616501,-0.09374986588954926,0.7000460624694824,20.909442901611328,0.028314804658293724,0.027644816786050797,0.08814017474651337,0.02290773019194603,-0.07910068333148956,0.6521004438400269,20.300806045532227,0.06272608041763306,0.03667130321264267,0.18050935864448547,0.034496139734983444,-0.06431083381175995,0.500037670135498,20.826854705810547,0.07608167827129364,0.048088401556015015,0.11882144957780838,0.04326770827174187,-0.023787453770637512,0.7236229181289673,23.545446395874023
chain_0280,id_01922,0.29051679372787476,0.12592479586601257,0.22380903363227844,0.12737764418125153,0.04897588491439819,0.6844184398651123,22.725374221801758,0.13746680319309235,0.056255146861076355,0.19768190383911133,0.05093421787023544,0.011843642219901085,0.6456027626991272,20.931400299072266,0.018657997250556946,-0.009671722538769245,0.059704966843128204,-0.015951769426465034,0.03361252695322037,0.6962589025497437,23.069929122924805,0.12853653728961945,0.061473630368709564,0.13314689695835114,0.06039407476782799,0.011971702799201012,0.7627233266830444,21.421674728393555,0.0924263596534729,0.020881885662674904,0.14804266393184662,0.03099578060209751,0.01679050549864769,0.6763991713523865,22.601032257080078
chain_0281,id_03031,0.11667048931121826,0.09344334900379181,0.17269174754619598,0.0936054065823555,0.023536663502454758,0.7104926705360413,23.348108291625977,0.12453237175941467,0.13389484584331512,0.23082377016544342,0.13782714307308197,0.08524958789348602,0.6615535020828247,20.390602111816406,0.1784009337425232,0.09207101166248322,0.19671809673309326,0.0831335112452507,0.045053690671920776,0.6725510358810425,22.516826629638672,0.09896773099899292,0.058811988681554794,0.15417997539043427,0.05768664553761482,-0.012058744207024574,0.619931697845459,20.645376205444336,0.09455181658267975,0.08421352505683899,0.12847746908664703,0.07928922027349472,0.08123547583818436,0.729236900806427,21.488004684448242
chain_0282,id_03032,0.19033309817314148,0.06412029266357422,0.2095433473587036,0.07726547867059708,-0.005602898076176643,0.6843309998512268,23.37802505493164,0.034819044172763824,0.007563378661870956,0.13756859302520752,0.004460045602172613,-0.017745517194271088,0.8053722977638245,23.271299362182617,0.14689528942108154,0.0957566499710083,0.17514462769031525,0.08231058716773987,-0.006853962317109108,0.8251608610153198,24.03807830810547,0.0078814085572958,0.021279290318489075,0.0895049050450325,0.02038639225065708,0.06269331276416779,0.7661172151565552,23.76593589782715,-0.03868537396192551,-0.0022052135318517685,0.1241738498210907,0.004886831156909466,0.030877456068992615,0.7532558441162109,22.201051712036133
chain_0283,id_03033,0.28691282868385315,0.1369394212961197,0.261658251285553,0.1321292519569397,0.027560604736208916,0.6527583003044128,26.02402114868164,0.26271969079971313,0.12664766609668732,0.2110314667224884,0.12529905140399933,-0.021584371104836464,0.774526059627533,26.26346778869629,0.10279946029186249,0.08702047169208527,0.20492897927761078,0.08569324016571045,-0.002556663006544113,0.6954209804534912,24.23668098449707,0.12580612301826477,0.10653800517320633,0.18151642382144928,0.09832648932933807,-0.03655498847365379,0.6341389417648315,24.786096572875977,0.19328369200229645,0.10257795453071594,0.2097671627998352,0.10615433007478714,-0.0069913966581225395,0.6739369630813599,24.480276107788086
chain_0284,id_01388,0.23434996604919434,0.16007675230503082,0.23256075382232666,0.1606021672487259,-0.07748670876026154,0.7426908612251282,24.074438095092773,0.20180962979793549,0.16789188981056213,0.21542991697788239,0.15504427254199982,-0.01399866584688425,0.607815146446228,23.925954818725586,0.10861888527870178,0.05258923023939133,0.11816540360450745,0.04842434823513031,-0.06014081835746765,0.7802585363388062,25.520315170288086,0.11945702135562897,0.04231707751750946,0.16066384315490723,0.03885813429951668,-0.00928198080509901,0.6691905856132507,22.889480590820312,0.05135732889175415,0.10871845483779907,0.17498859763145447,0.10137884318828583,0.018531709909439087,0.7855231165885925,23.27517318725586
chain_0285,id_03034,0.11545844376087189,0.05411536246538162,0.1386575698852539,0.04813897982239723,0.0014757877215743065,0.700435996055603,22.78778648376465,0.10551653057336807,0.022450610995292664,0.10503614693880081,0.017016755416989326,0.0073288073763251305,0.6484851837158203,21.90137481689453,0.04226798564195633,0.003762537380680442,0.08568278700113297,0.007364658638834953,-0.09400812536478043,0.6999680995941162,23.13136863708496,0.030182549729943275,0.01749439164996147,0.13043427467346191,0.029131906107068062,-0.05174641311168671,0.681215763092041,25.73626136779785,-0.03496280312538147,-0.07425747066736221,0.002458874136209488,-0.07423640042543411,-0.05850176513195038,0.773822546005249,22.798933029174805
chain_0286,id_03035,0.1739071011543274,0.03486262261867523,0.14723894000053406,0.0452701710164547,-0.07050402462482452,0.5566574335098267,22.952146530151367,0.12235795706510544,0.019190561026334763,0.1321612298488617,0.02749265357851982,-0.08747085928916931,0.567230224609375,22.964677810668945,0.12716615200042725,0.04303434118628502,0.11060904711484909,0.041679561138153076,-0.04522213712334633,0.6417781114578247,24.02803611755371,0.11214115470647812,0.021197009831666946,0.12378685176372528,0.01490449346601963,-0.014009605161845684,0.6894547343254089,23.44817543029785,0.1965208202600479,0.03891148418188095,0.09646746516227722,0.036031436175107956,0.008622843772172928,0.5770895481109619,22.981916427612305
chain_0287,id_03036,0.22286351025104523,0.1609257608652115,0.22168418765068054,0.15415360033512115,0.08098794519901276,0.7375214099884033,21.383907318115234,0.2556324005126953,0.18757717311382294,0.3061797022819519,0.19317850470542908,0.08460040390491486,0.6497114896774292,21.386371612548828,0.10222138464450836,0.06822498887777328,0.1545381247997284,0.060521237552165985,0.015850787982344627,0.7424641251564026,22.431293487548828,0.13071203231811523,0.13533222675323486,0.20438319444656372,0.12432225793600082,-0.022393256425857544,0.737576961517334,22.606521606445312,0.094062939286232,0.040637124329805374,0.11863727122545242,0.04370575398206711,0.03376126289367676,0.7646549940109253,25.527212142944336
chain_0288,id_03037,0.11538168787956238,0.05829533934593201,0.13232780992984772,0.05595659092068672,-0.029330460354685783,0.7581545114517212,24.67350196838379,0.16973000764846802,0.04699552059173584,0.14282679557800293,0.05258383974432945,0.0052431803196668625,0.6589870452880859,22.183162689208984,0.08012008666992188,0.027774445712566376,0.13138027489185333,0.03090534545481205,0.016632169485092163,0.6850020885467529,23.724933624267578,-0.011806720867753029,-0.006810319609940052,0.11888208240270615,-0.00014100193220656365,-0.009919947013258934,0.7601609230041504,23.435598373413086,-0.020406335592269897,-0.019188381731510162,0.08700133115053177,-0.008505506440997124,-0.01599845290184021,0.7150081396102905,21.59374237060547
chain_0289,id_00278,0.05684821307659149,0.05359894037246704,0.11650346964597702,0.05009617283940315,0.036658547818660736,0.7672492861747742,22.925212860107422,0.09743006527423859,0.06657809019088745,0.1612231433391571,0.06154754012823105,0.08056069165468216,0.5546833872795105,23.535554885864258,0.06491023302078247,0.019331226125359535,0.10688041150569916,0.01575722172856331,-0.0016864449717104435,0.6672135591506958,20.51968002319336,0.09512009471654892,0.07352973520755768,0.18430344760417938,0.07554496079683304,-0.0543765053153038,0.6667096614837646,22.41636085510254,0.06457935273647308,0.0473773293197155,0.08375078439712524,0.041665397584438324,0.005264371633529663,0.727529764175415,24.467815399169922
chain_0290,id_01664,0.10808667540550232,0.056853584945201874,0.13627250492572784,0.058658674359321594,0.022128790616989136,0.7033824920654297,22.410186767578125,0.026397161185741425,0.03632422909140587,0.1400597244501114,0.04102304205298424,-0.033737245947122574,0.769015908241272,21.114791870117188,0.01808079332113266,0.014869719743728638,0.06542231142520905,0.011120469309389591,-0.07580670714378357,0.742240309715271,22.454404830932617,-0.030344868078827858,-0.018579602241516113,0.0981796383857727,-0.01951456628739834,0.014571108855307102,0.7149475812911987,22.427486419677734,0.06649783998727798,0.03351076319813728,0.13243235647678375,0.036377206444740295,0.011389416642487049,0.6936896443367004,22.710235595703125
chain_0291,id_00493,0.2140718549489975,0.1291765719652176,0.23731428384780884,0.12075617909431458,-0.0477738156914711,0.7842687964439392,23.577293395996094,0.08020828664302826,0.043624259531497955,0.20944927632808685,0.04124646633863449,-0.058754391968250275,0.6982775330543518,22.062103271484375,0.03666479140520096,0.029206711798906326,0.12262842059135437,0.02416795864701271,-0.01742914319038391,0.695258378982544,23.131826400756836,0.16876576840877533,0.07952258735895157,0.19438262283802032,0.08062686026096344,-0.054651640355587006,0.7167685627937317,22.568496704101562,0.10046489536762238,0.0753878653049469,0.15061801671981812,0.0777832642197609,0.02805853821337223,0.6891757845878601,23.838485717773438
chain_0292,id_00166,0.19768279790878296,0.07768816500902176,0.16619625687599182,0.07634610682725906,0.1129353865981102,0.6455563902854919,23.189895629882812,0.2995418608188629,0.1309804916381836,0.21009257435798645,0.13245423138141632,-0.037501052021980286,0.635449230670929,25.33551788330078,0.17983219027519226,0.07306137681007385,0.1617860198020935,0.07949575036764145,-0.037318892776966095,0.6873049139976501,22.717863082885742,0.17952051758766174,0.11025115102529526,0.1869587004184723,0.10975830256938934,-0.05481594800949097,0.6945437788963318,22.409770965576172,0.11966818571090698,0.031197957694530487,0.11973579972982407,0.0298810712993145,-0.02309778705239296,0.651716411113739,23.326631546020508
chain_0293,id_03038,0.07507486641407013,0.03253275528550148,0.1161634624004364,0.03903370350599289,-0.024735454469919205,0.725882887840271,22.42050552368164,0.09380383044481277,0.01581619121134281,0.05592604726552963,0.01577427051961422,0.0772460401058197,0.7621657848358154,21.560670852661133,-0.040427450090646744,-0.023898880928754807,0.07674936205148697,-0.019900087267160416,0.014243002980947495,0.7542858719825745,23.101364135742188,0.009280283004045486,0.0037829321809113026,0.06567133963108063,-0.00380571442656219,-0.04770801216363907,0.7668191194534302,22.376495361328125,0.025079987943172455,0.01695673167705536,0.12515956163406372,0.02207176759839058,0.09121842682361603,0.7049806118011475,22.490196228027344
chain_0294,id_03039,0.12728920578956604,0.09293513000011444,0.18120244145393372,0.09463696926832199,-0.03838622570037842,0.6238875389099121,20.14847755432129,0.11195268481969833,0.05194829776883125,0.1523161232471466,0.049357302486896515,0.039178960025310516,0.6356949210166931,19.04484748840332,0.06548991799354553,0.026591183617711067,0.12020163238048553,0.02986743673682213,0.0006122582126408815,0.7537512183189392,23.352169036865234,0.0969223827123642,0.013979333452880383,0.09604161977767944,0.005146575625985861,-0.1032472625374794,0.7689749002456665,24.62278938293457,0.030602755025029182,-0.007256826385855675,0.06508657336235046,-0.002063908614218235,0.02379869855940342,0.6338763236999512,23.083723068237305
chain_0295,id_00186,0.13825851678848267,0.10070673376321793,0.18013784289360046,0.09711039811372757,0.017746800556778908,0.6981936097145081,24.07750129699707,0.12023812532424927,0.04761286824941635,0.0977703332901001,0.04890282824635506,0.0016254456713795662,0.6931577920913696,22.656036376953125,0.12105180323123932,0.10691918432712555,0.16286736726760864,0.0937824472784996,0.02325528860092163,0.7218846678733826,22.294477462768555,0.045129552483558655,0.06155000627040863,0.13524764776229858,0.06357800960540771,-0.04577689990401268,0.7596262693405151,23.49859046936035,-0.036424025893211365,0.006443142890930176,0.07190211117267609,0.005463754292577505,-0.029812274500727654,0.7772903442382812,23.94303321838379
chain_0296,id_03040,0.323813259601593,0.17230065166950226,0.24274685978889465,0.1761939972639084,0.007949164137244225,0.7579485177993774,24.44860076904297,0.00499340333044529,0.05274282395839691,0.11565127223730087,0.050086859613657,-0.00487885344773531,0.6866326332092285,23.07884407043457,0.05202038958668709,0.03703143820166588,0.14000967144966125,0.03717813268303871,-0.05508409067988396,0.7073491811752319,23.05034828186035,0.14742134511470795,0.10514310002326965,0.2415863275527954,0.1170206367969513,0.03970504552125931,0.6218973398208618,22.82958984375,0.05782771110534668,0.09716390818357468,0.19486308097839355,0.10049060732126236,-0.05504480004310608,0.5981453657150269,25.625782012939453
chain_0297,id_03041,0.08597372472286224,0.07256557047367096,0.13800860941410065,0.07100138813257217,-0.028735734522342682,0.645698070526123,23.34797477722168,0.23945578932762146,0.18018554151058197,0.27177664637565613,0.17005233466625214,0.024002065882086754,0.6204450130462646,24.702312469482422,0.12121539562940598,0.04442177712917328,0.17059631645679474,0.04679436981678009,-0.0009153061546385288,0.6292063593864441,21.25495147705078,0.18880048394203186,0.09971608221530914,0.15111100673675537,0.09432926028966904,0.04498291015625,0.6744098663330078,23.30672836303711,0.07074238359928131,0.08749601244926453,0.15695366263389587,0.08099351823329926,0.03435838967561722,0.6408969163894653,23.35133934020996
chain_0298,id_03042,0.1779540628194809,0.15600596368312836,0.21951955556869507,0.13305923342704773,0.020796790719032288,0.77257239818573,22.819313049316406,0.22594648599624634,0.1630745232105255,0.2250341773033142,0.14381948113441467,-0.041971854865550995,0.7456164956092834,23.756114959716797,0.18482816219329834,0.11019652336835861,0.1592041552066803,0.09592017531394958,0.013273450545966625,0.5502405762672424,21.45030975341797,0.0576045997440815,0.07306541502475739,0.1584061086177826,0.07552514225244522,-0.03712776303291321,0.7387768626213074,23.925140380859375,0.18339323997497559,0.12415206432342529,0.19296911358833313,0.11796091496944427,0.03446998819708824,0.7016668915748596,21.738283157348633
chain_0300,id_03043,0.29522499442100525,0.20649583637714386,0.301541268825531,0.20989999175071716,-0.002461864612996578,0.7023316025733948,24.580549240112305,0.2527185380458832,0.2206270396709442,0.3186981678009033,0.21263286471366882,0.09639535844326019,0.6748311519622803,22.050844192504883,0.14751388132572174,0.13809020817279816,0.21255648136138916,0.12862132489681244,0.019933108240365982,0.7560702562332153,22.669017791748047,0.012991108000278473,-0.0007734405808150768,0.09753240644931793,0.002830847166478634,-1.8756487406790257e-05,0.8040361404418945,24.547704696655273,0.04932625591754913,0.03515821322798729,0.10972820222377777,0.03581763058900833,0.017659861594438553,0.7627778053283691,25.6608943939209
chain_0302,id_03044,0.1524456888437271,0.12545201182365417,0.1905401051044464,0.1209583580493927,0.03516925498843193,0.7937462329864502,25.778018951416016,0.2749144434928894,0.18843141198158264,0.2781369686126709,0.18640924990177155,0.037365466356277466,0.7707546353340149,23.098852157592773,0.1451885849237442,0.10332087427377701,0.16699731349945068,0.10180921107530594,-0.017774373292922974,0.7366946935653687,25.14414405822754,0.04171658679842949,0.003159048967063427,0.08404961228370667,9.597242024028674e-05,0.06893031299114227,0.7309296131134033,23.067346572875977,0.15565723180770874,0.07615283131599426,0.15726852416992188,0.07666634768247604,-0.03925039991736412,0.5497320890426636,19.206300735473633
chain_0303,id_02251,0.44079282879829407,0.33871424198150635,0.41356420516967773,0.3306989371776581,-0.04736094921827316,0.6673543453216553,23.34526824951172,0.16225452721118927,0.12656548619270325,0.22321584820747375,0.12470473349094391,0.02383943274617195,0.6618929505348206,21.935531616210938,0.23362642526626587,0.13765107095241547,0.22822266817092896,0.1360233873128891,0.07601068913936615,0.6787168383598328,23.017845153808594,0.2084679901599884,0.16478972136974335,0.2392110824584961,0.15623340010643005,0.07712596654891968,0.6795872449874878,22.867685317993164,0.05628840997815132,0.04998344928026199,0.10572093725204468,0.051676977425813675,0.0021696705371141434,0.6978442668914795,23.038253784179688
chain_0304,id_03045,0.2642276883125305,0.1958911418914795,0.25676965713500977,0.19748708605766296,-0.026961542665958405,0.7606651782989502,20.585222244262695,0.18708297610282898,0.13223768770694733,0.22333180904388428,0.13146179914474487,0.12452807277441025,0.7033268213272095,19.895553588867188,0.11868947744369507,0.1003967672586441,0.1944499909877777,0.10352745652198792,-0.009080164134502411,0.7659311294555664,23.869890213012695,0.16063985228538513,0.14301306009292603,0.22630849480628967,0.136577308177948,-0.04685891419649124,0.7297353744506836,20.39190673828125,0.10028228908777237,0.08296805620193481,0.16416218876838684,0.07172573357820511,-0.018147924914956093,0.6110372543334961,19.859729766845703
chain_0305,id_03046,0.16559535264968872,0.10634756088256836,0.24230697751045227,0.09535161405801773,-0.004162624478340149,0.7071000933647156,21.761442184448242,-0.017870068550109863,0.009135281667113304,0.10837197303771973,0.012480588629841805,-0.015942763537168503,0.7296682000160217,22.72561264038086,-0.035083070397377014,-0.00870325043797493,0.12083034962415695,-0.013302155770361423,0.0115817841142416,0.7001121044158936,22.418731689453125,-0.07722964882850647,-0.0528632253408432,0.049378324300050735,-0.05044475942850113,0.029879534617066383,0.6303254961967468,19.07570457458496,0.05519431084394455,0.06024689972400665,0.11694315075874329,0.04608667269349098,-0.047730349004268646,0.7504546642303467,23.200422286987305
chain_0306,id_03047,0.18674539029598236,0.13637250661849976,0.18149901926517487,0.1362670212984085,0.03977077454328537,0.6801935434341431,25.84084701538086,0.2649542987346649,0.18182185292243958,0.30943721532821655,0.18235468864440918,-0.03836590051651001,0.5987339019775391,22.295394897460938,0.1394883692264557,0.09699733555316925,0.13714581727981567,0.08756032586097717,-0.009027055464684963,0.6110998392105103,25.163490295410156,0.19369551539421082,0.1690564900636673,0.23079830408096313,0.16573365032672882,0.031264424324035645,0.68547523021698,23.612321853637695,0.04980475455522537,0.052791088819503784,0.16823694109916687,0.0561237670481205,-0.018566226586699486,0.6759660243988037,22.634288787841797
chain_0307,id_01644,0.21773093938827515,0.19163452088832855,0.2593575417995453,0.16895170509815216,-0.052484918385744095,0.719602644443512,22.27351951599121,0.18646535277366638,0.16378718614578247,0.23488806188106537,0.14839185774326324,-0.012089363299310207,0.6480144262313843,21.330808639526367,-0.05056016147136688,-0.015744030475616455,0.07780247926712036,-0.02191656269133091,-0.04809708148241043,0.6769857406616211,26.081384658813477,0.10528293251991272,0.07538949698209763,0.20216216146945953,0.0752452164888382,-0.04736154526472092,0.6927549242973328,23.973190307617188,0.0546090304851532,0.05184929817914963,0.12724712491035461,0.05068395659327507,-0.05909403786063194,0.4692752957344055,22.414152145385742
chain_0308,id_01465,0.05778103321790695,0.03167688474059105,0.15321293473243713,0.03879635035991669,0.03482973948121071,0.7657572031021118,22.514257431030273,0.006078939884901047,0.010227188467979431,0.10223528742790222,0.007107848767191172,-0.038517169654369354,0.7242230176925659,22.22711181640625,0.060960039496421814,0.04896492511034012,0.11202587932348251,0.036563578993082047,0.07070861756801605,0.7383356094360352,22.352346420288086,0.1501101553440094,0.08090722560882568,0.15457850694656372,0.07409051805734634,0.004317438695579767,0.6994590163230896,20.987354278564453,0.1189134418964386,0.06650114804506302,0.16270489990711212,0.05957673862576485,-0.04121490567922592,0.7059280872344971,20.999340057373047
chain_0309,id_03048,-0.0492061972618103,-0.0007540620863437653,0.09031692147254944,-0.00788489542901516,-0.04576178640127182,0.5453107357025146,22.90779685974121,0.01392303965985775,0.013858470134437084,0.07834088802337646,0.01517684105783701,0.047552261501550674,0.7801375389099121,23.047391891479492,0.09119795262813568,0.13029100000858307,0.2757130265235901,0.12525402009487152,0.1259242743253708,0.7593799829483032,22.957653045654297,-0.00982965063303709,-0.020601317286491394,0.0612250491976738,-0.023683996871113777,-0.03378859907388687,0.6960791945457458,25.10172462463379,-0.00612003356218338,-0.04641427844762802,0.04804058000445366,-0.04371242597699165,0.013075323775410652,0.5895116925239563,23.81207275390625
chain_0310,id_03049,0.21113625168800354,0.13108834624290466,0.2081465721130371,0.13378040492534637,0.08376997709274292,0.7469091415405273,22.546859741210938,0.1749461591243744,0.09106902033090591,0.15776219964027405,0.08692243695259094,0.01817062497138977,0.6975854635238647,21.128463745117188,0.15835826098918915,0.11582028865814209,0.170591801404953,0.10840218514204025,-0.00610223226249218,0.7619357109069824,20.02336883544922,0.09966981410980225,0.0412331148982048,0.11909881234169006,0.034112703055143356,0.0071329278871417046,0.7764946818351746,21.583602905273438,0.10958822816610336,0.060579024255275726,0.1594333052635193,0.06277333199977875,0.011951001361012459,0.7732498049736023,21.948633193969727
chain_0312,id_03050,0.0952025055885315,0.11609730124473572,0.178818017244339,0.11194390803575516,0.05533604323863983,0.6575143337249756,21.532316207885742,0.12541286647319794,0.11591557413339615,0.18091493844985962,0.10812529921531677,0.005811852868646383,0.7477632761001587,22.908252716064453,0.1284136325120926,0.11917979270219803,0.18250973522663116,0.1130836084485054,0.09827809780836105,0.6570305228233337,21.658594131469727,0.07826268672943115,0.06978651136159897,0.14544861018657684,0.06877748668193817,0.0337529219686985,0.7135988473892212,22.952486038208008,0.20821253955364227,0.16407033801078796,0.22228598594665527,0.15777818858623505,0.05230432748794556,0.5690767765045166,23.143301010131836
chain_0313,id_03051,0.1535068303346634,0.032493919134140015,0.11763414740562439,0.015116705559194088,-0.0975736752152443,0.7511923313140869,24.248252868652344,0.002056371420621872,0.016045071184635162,0.13167785108089447,0.01097020972520113,0.0777759999036789,0.7279273271560669,24.64244270324707,0.16311383247375488,0.07644522190093994,0.227973073720932,0.06817162781953812,0.02651052176952362,0.63245689868927,25.134023666381836,0.08848622441291809,0.04516588896512985,0.134019672870636,0.0505511611700058,0.0098096439614892,0.7379586696624756,24.44864845275879,-0.012756407260894775,0.02176087722182274,0.1254786252975464,0.0254402756690979,-0.022078515961766243,0.7352244853973389,23.596778869628906
chain_0314,id_00288,0.3117423951625824,0.16331982612609863,0.25723129510879517,0.1578976958990097,0.04559875279664993,0.5316996574401855,22.858192443847656,0.18331733345985413,0.12165053188800812,0.20010043680667877,0.11298596113920212,0.04651229828596115,0.7068642377853394,26.55699348449707,0.19532886147499084,0.13719114661216736,0.24580352008342743,0.1376083940267563,0.06390243023633957,0.5624097585678101,23.89968490600586,0.152581125497818,0.11615598201751709,0.22858953475952148,0.11449281126260757,0.005598708055913448,0.7338122129440308,24.477827072143555,0.23579898476600647,0.16683247685432434,0.2803117632865906,0.16898168623447418,-0.011462957598268986,0.68889981508255,23.959203720092773
chain_0315,id_03052,-0.004898536950349808,-0.020339686423540115,0.04083626717329025,-0.025189200416207314,-0.04508434981107712,0.6626504063606262,24.97031593322754,-0.024841032922267914,0.008644397370517254,0.14333191514015198,0.005611701402813196,0.004011223558336496,0.6953966617584229,23.640560150146484,0.09044332802295685,0.05581365525722504,0.1434314250946045,0.04781315475702286,0.010388081893324852,0.5813610553741455,24.007169723510742,0.03447692096233368,0.015426023863255978,0.08101782202720642,0.010560528375208378,0.06260832399129868,0.7016080617904663,24.339468002319336,0.04650692641735077,0.027307406067848206,0.13494612276554108,0.030300436541438103,0.02267327532172203,0.7278459072113037,23.762666702270508
chain_0316,id_03053,0.0403624102473259,0.005273045971989632,0.06160192936658859,0.006809276062995195,0.001126537099480629,0.7882785201072693,28.506166458129883,0.15629911422729492,0.07456658780574799,0.15229657292366028,0.06667956709861755,0.05835867300629616,0.7485103011131287,24.039594650268555,0.031039100140333176,0.0016541862860321999,0.0589960478246212,-0.001531570334918797,0.12106101214885712,0.6365305185317993,23.49187469482422,0.09669820964336395,0.030270906165242195,0.10949534177780151,0.039476439356803894,0.023417804390192032,0.732020378112793,21.739416122436523,0.08254766464233398,0.08640070259571075,0.1577835977077484,0.08822781592607498,0.048430219292640686,0.7184538245201111,21.143884658813477
chain_0317,id_03054,0.222066730260849,0.1900595724582672,0.2481631189584732,0.19057708978652954,-0.04922834038734436,0.6499015092849731,21.848154067993164,0.11534421890974045,0.10170917212963104,0.18468567728996277,0.1086609736084938,0.011913437396287918,0.7014330625534058,23.91189193725586,0.1898041069507599,0.1438841074705124,0.23070421814918518,0.1398436427116394,-0.00321905966848135,0.7164199352264404,24.819091796875,0.09051960706710815,0.04475356265902519,0.10615549236536026,0.03109801933169365,-0.036784615367650986,0.6840105056762695,23.83289337158203,0.08262240886688232,0.07413578033447266,0.1319858431816101,0.07124137878417969,0.07621202617883682,0.7575746774673462,24.80742645263672
chain_0318,id_03055,0.16338208317756653,0.10774362087249756,0.22233684360980988,0.10904629528522491,-0.042191021144390106,0.7344486117362976,23.502832412719727,0.15302924811840057,0.10896703600883484,0.18048864603042603,0.10480138659477234,0.07309669256210327,0.8189120888710022,25.53000259399414,0.1487758755683899,0.11392806470394135,0.20521408319473267,0.11497960984706879,0.029616381973028183,0.7299428582191467,26.099422454833984,0.04863401874899864,0.021758098155260086,0.08299720287322998,0.018659312278032303,0.005376613698899746,0.7415434718132019,24.423397064208984,0.12147307395935059,0.08687321841716766,0.1499817818403244,0.08451379090547562,0.006159792188555002,0.7314987778663635,25.105134963989258
chain_0319,id_03056,0.1516900360584259,0.14090144634246826,0.20814910531044006,0.13580664992332458,0.02880457043647766,0.7061304450035095,23.75513458251953,0.10241085290908813,0.06563837081193924,0.16090898215770721,0.07158129662275314,0.01411815732717514,0.6906881332397461,22.077308654785156,0.0765678659081459,0.030055943876504898,0.12667828798294067,0.03918616846203804,0.017008747905492783,0.5800566673278809,21.894718170166016,0.0856015533208847,0.069894939661026,0.16710680723190308,0.07097437977790833,-0.050309017300605774,0.6562167406082153,23.299100875854492,0.14677947759628296,0.16240134835243225,0.20423409342765808,0.15311679244041443,0.018051311373710632,0.7773247957229614,24.82878303527832
chain_0320,id_00571,0.04350633919239044,-0.004744356963783503,0.10368078947067261,-0.0029227042105048895,0.05112027749419212,0.7037058472633362,26.591032028198242,0.01223820447921753,-0.012532960623502731,0.09194428473711014,-0.015272860415279865,0.024526214227080345,0.7139734625816345,23.884933471679688,-0.03068951889872551,-0.01989118754863739,0.16467447578907013,-0.00847796630114317,-0.03130163252353668,0.7110769748687744,25.147666931152344,0.027614925056695938,0.02391478419303894,0.10277276486158371,0.02903914451599121,-0.019010744988918304,0.7391788959503174,26.084726333618164,0.023263907060027122,0.021401839330792427,0.09163020551204681,0.02181435190141201,0.021390942856669426,0.7176011800765991,23.926185607910156
chain_0321,id_03057,0.2225625067949295,0.12316656112670898,0.20056459307670593,0.11905766278505325,0.0049439165741205215,0.7370915412902832,25.825292587280273,0.15239733457565308,0.08786079287528992,0.16384238004684448,0.07869471609592438,-0.0811699777841568,0.7639437913894653,26.252683639526367,0.1908232867717743,0.08993874490261078,0.1612214297056198,0.09259983152151108,0.0102925356477499,0.6625090837478638,24.154943466186523,0.0856650322675705,0.023296039551496506,0.10080546140670776,0.01714463159441948,0.006527116056531668,0.5921292304992676,24.029361724853516,0.07242608070373535,0.05074692517518997,0.15453383326530457,0.045953162014484406,-0.021807905286550522,0.7060331106185913,22.40369987487793
chain_0323,id_03058,0.022928543388843536,0.008257126435637474,0.10493199527263641,0.016588561236858368,-0.019986040890216827,0.6303959488868713,25.672794342041016,-0.07470632344484329,-0.06434693932533264,0.026807483285665512,-0.06472671031951904,0.003291989676654339,0.6425654888153076,24.402599334716797,0.07321599125862122,0.027309361845254898,0.11606767773628235,0.028081083670258522,0.04761437699198723,0.6876577138900757,25.527328491210938,0.06503693759441376,0.01045951433479786,0.15954938530921936,0.021153466776013374,0.015165147371590137,0.6992403268814087,22.25977325439453,-0.06693485379219055,-0.041525404900312424,0.09916700422763824,-0.021926240995526314,0.049703359603881836,0.4905591905117035,22.973346710205078
chain_0324,id_03059,0.08327241986989975,0.07181129604578018,0.16537213325500488,0.06527429819107056,0.07669533789157867,0.6672805547714233,22.281347274780273,0.12934917211532593,0.056543104350566864,0.15561722218990326,0.05431892350316048,-0.022053752094507217,0.7034457921981812,22.8186092376709,0.14864028990268707,0.06634529680013657,0.19733649492263794,0.06291547417640686,-0.024135619401931763,0.7163684368133545,23.806028366088867,0.13071894645690918,0.07324281334877014,0.20269979536533356,0.06418673694133759,0.024882681667804718,0.7030660510063171,24.554061889648438,0.03945016860961914,0.06195604056119919,0.13563202321529388,0.056476108729839325,0.016283778473734856,0.6643306016921997,22.704214096069336
chain_0325,id_00957,0.0295364148914814,-0.02370443381369114,0.1582159399986267,-0.022274291142821312,0.008680004626512527,0.6734294891357422,24.132240295410156,0.1259654462337494,0.015401137992739677,0.15294469892978668,0.02059735730290413,0.08085037022829056,0.6394677758216858,22.599117279052734,0.07488249242305756,0.0025413939729332924,0.176992729306221,0.00014582189032807946,0.04196701943874359,0.7231354713439941,22.816835403442383,0.19089889526367188,0.07006437331438065,0.19364410638809204,0.07416295260190964,0.020999150350689888,0.5767987966537476,21.981515884399414,0.18471159040927887,0.13467255234718323,0.23947171866893768,0.13713662326335907,-0.06142440810799599,0.6791706085205078,23.06904411315918
chain_0326,id_03060,0.19571612775325775,0.11998607218265533,0.19207528233528137,0.11892569810152054,-0.015196271240711212,0.7207046151161194,23.483617782592773,0.3433038592338562,0.2220805287361145,0.3070548176765442,0.20949101448059082,0.10384497046470642,0.76007080078125,23.808286666870117,0.03947306051850319,0.010054392740130424,0.09343908727169037,0.00357006024569273,0.05401455610990524,0.6892558932304382,22.893598556518555,0.018885744735598564,0.02299058809876442,0.16556918621063232,0.004360356833785772,0.03401676565408707,0.7750858664512634,24.19552230834961,0.059506360441446304,0.003980068489909172,0.05652695149183273,-0.0019414215348660946,0.0315522626042366,0.6367573738098145,23.470760345458984
chain_0328,id_03061,0.08662405610084534,0.03443972393870354,0.12616397440433502,0.04132511839270592,0.04998234286904335,0.5800809860229492,23.114261627197266,0.09366032481193542,0.07029037177562714,0.137749582529068,0.07205510139465332,0.09232623875141144,0.5262598991394043,23.845170974731445,0.10921643674373627,0.05679900571703911,0.14528422057628632,0.05439502373337746,-0.0037955138832330704,0.752164900302887,24.29563331604004,0.0911697968840599,0.05042127147316933,0.13266444206237793,0.05082425847649574,-0.014833157882094383,0.6837936043739319,23.41555404663086,0.17304357886314392,0.06879756599664688,0.1541566550731659,0.06754203885793686,-0.01789916306734085,0.6583703756332397,22.967927932739258
chain_0329,id_03062,0.21137923002243042,0.10278962552547455,0.20563910901546478,0.11254952847957611,0.06580054759979248,0.7310177087783813,24.97318458557129,0.03126136213541031,-0.032553352415561676,0.04564801603555679,-0.028202546760439873,-0.004760018549859524,0.8094198703765869,24.885761260986328,0.0402563214302063,0.02875378727912903,0.12253444641828537,0.038549378514289856,-0.0698014497756958,0.7237967252731323,23.819475173950195,0.15878714621067047,0.09911128878593445,0.1413675993680954,0.0914415791630745,-0.10336964577436447,0.768309473991394,25.459699630737305,0.05922491103410721,0.018930505961179733,0.07428688555955887,0.017875129356980324,-0.007751482538878918,0.7607779502868652,21.8082332611084
chain_0330,id_03063,0.24636051058769226,0.1297178864479065,0.1961638331413269,0.13415436446666718,-0.015788838267326355,0.6809964179992676,24.810392379760742,0.13025999069213867,0.1370375156402588,0.19440802931785583,0.128102645277977,0.00011227559298276901,0.6715785264968872,22.394779205322266,0.10328225046396255,0.07835404574871063,0.12472672760486603,0.05874533951282501,0.023291680961847305,0.5434675216674805,25.055524826049805,0.16757933795452118,0.14664706587791443,0.1971607804298401,0.13588730990886688,0.018048414960503578,0.5825977325439453,24.001976013183594,0.10972509533166885,0.06563004851341248,0.13419076800346375,0.06684602797031403,0.02606917917728424,0.6830399036407471,25.3585205078125
chain_0331,id_03064,0.12681448459625244,0.062237437814474106,0.13226720690727234,0.057664863765239716,0.10491359233856201,0.7077628374099731,25.461400985717773,0.10117490589618683,0.07385219633579254,0.13265609741210938,0.07114756852388382,0.026655685156583786,0.763260006904602,22.127811431884766,-0.043637894093990326,-0.003885145764797926,0.03905753791332245,-0.011231915093958378,-0.07393413782119751,0.8090375661849976,25.45179557800293,0.019873647019267082,0.010667973197996616,0.07922323793172836,0.018010878935456276,0.00022881291806697845,0.6925728917121887,22.99875259399414,0.04449796304106712,0.025774603709578514,0.09051188826560974,0.029760293662548065,0.028954118490219116,0.7323883175849915,23.28656578063965
chain_0332,id_03065,0.151178777217865,0.13899946212768555,0.22689905762672424,0.13642603158950806,-0.056949928402900696,0.6117554306983948,23.07913589477539,-0.009742334485054016,-0.036067768931388855,0.02982521988451481,-0.03530362993478775,0.0026185493916273117,0.6830768585205078,22.955808639526367,0.047438789159059525,-0.007841595448553562,0.04237277805805206,-0.007834728807210922,-0.034313030540943146,0.8001682758331299,23.463245391845703,0.09517727047204971,0.028028422966599464,0.12145443260669708,0.029194524511694908,-0.04025162756443024,0.7791367769241333,22.339262008666992,0.14651650190353394,0.08093151450157166,0.1477610468864441,0.07783854752779007,0.044086575508117676,0.6359894275665283,21.402677536010742
chain_0333,id_03066,0.1627054214477539,0.11617869138717651,0.17250066995620728,0.10691545903682709,-0.016938546672463417,0.6657454967498779,23.31893539428711,0.16505038738250732,0.1388205587863922,0.281648188829422,0.1382889747619629,-0.005272384732961655,0.716414213180542,21.827693939208984,0.256238728761673,0.15626908838748932,0.2872640788555145,0.13952335715293884,0.007923674769699574,0.6881173849105835,22.249032974243164,0.14327403903007507,0.09409855306148529,0.16303953528404236,0.0883951410651207,-0.013552369549870491,0.6905502080917358,23.195571899414062,0.07721412926912308,0.04210196062922478,0.13700564205646515,0.04478456452488899,0.006913513410836458,0.6838769912719727,22.4248046875
chain_0335,id_03067,0.1685660183429718,0.05372893437743187,0.21587954461574554,0.0694858655333519,-0.01535555999726057,0.7043654322624207,24.757034301757812,0.09230653941631317,0.02647101879119873,0.15421319007873535,0.031365636736154556,-0.029429327696561813,0.6816940903663635,25.544958114624023,0.03549593314528465,-0.04810585826635361,0.07304541021585464,-0.03617275878787041,0.003455687314271927,0.6411260962486267,24.487916946411133,0.08427208662033081,-0.032625749707221985,0.07324337959289551,-0.026544896885752678,0.026772737503051758,0.7962539792060852,25.18216896057129,0.13117867708206177,0.0508280023932457,0.13045093417167664,0.04356437921524048,0.1041683554649353,0.7419199347496033,24.09921646118164
chain_0336,id_03068,0.19563700258731842,0.143549844622612,0.2333662509918213,0.1344013214111328,0.01833197847008705,0.7564665675163269,22.26513671875,0.14475883543491364,0.08308698982000351,0.14315828680992126,0.08028451353311539,-0.0004391358233988285,0.653994083404541,24.348220825195312,0.17161445319652557,0.1117536872625351,0.20707575976848602,0.11629176139831543,-0.0393000990152359,0.8211008310317993,24.00962257385254,0.08285008370876312,0.016939351335167885,0.07462985813617706,0.017833422869443893,-0.032737161964178085,0.6831997036933899,24.50994873046875,0.05225950479507446,0.028296131640672684,0.07598508894443512,0.02312224917113781,0.028482990339398384,0.7028383016586304,25.782760620117188
chain_0337,id_01553,0.18441691994667053,0.11873537302017212,0.20679819583892822,0.11004674434661865,0.027277164161205292,0.6161272525787354,23.543973922729492,0.14468392729759216,0.0881088525056839,0.15109634399414062,0.08651063591241837,-0.0067799827083945274,0.6673640608787537,22.447458267211914,0.17771901190280914,0.14922933280467987,0.24820637702941895,0.15034924447536469,-0.007172521203756332,0.5479512810707092,21.619047164916992,0.11324005573987961,0.08829718083143234,0.1387326568365097,0.08281837403774261,0.03973684459924698,0.7305999994277954,25.726831436157227,0.0515730082988739,0.03706010431051254,0.10419896245002747,0.029347525909543037,0.0030108289793133736,0.7355632781982422,25.196422576904297
chain_0338,id_03069,0.9711626768112183,0.38873642683029175,0.49923524260520935,0.3613499701023102,0.009153890423476696,0.14965635538101196,14.974264144897461,0.9355274438858032,0.41649022698402405,0.5340681076049805,0.3851536810398102,-0.012915635481476784,-0.020632870495319366,16.97372817993164,0.914240837097168,0.4075496792793274,0.5361465811729431,0.3827778100967407,-0.019873928278684616,0.026388540863990784,16.743793487548828,0.925237774848938,0.3902415633201599,0.5101609230041504,0.36506426334381104,-0.010195215232670307,-0.041689373552799225,15.815715789794922,0.10770046710968018,0.03661173954606056,0.1809416264295578,0.036562588065862656,0.11003348976373672,0.2918662428855896,17.627573013305664
chain_0339,id_00390,0.15082569420337677,0.0611175075173378,0.1265607327222824,0.054519638419151306,0.0035135657526552677,0.7735164761543274,22.76294708251953,0.09069687128067017,0.032824959605932236,0.10987114906311035,0.036916717886924744,0.06269214302301407,0.7706050276756287,23.182226181030273,0.12966668605804443,0.0777580589056015,0.17355862259864807,0.07596691697835922,0.013108073733747005,0.7918907999992371,24.480045318603516,0.04201633483171463,0.025591183453798294,0.10970062017440796,0.029686829075217247,-0.03388289362192154,0.7300544381141663,23.05422019958496,0.09620128571987152,0.051919154822826385,0.11633221805095673,0.04929247125983238,-0.05350557342171669,0.6774013042449951,21.970378875732422
chain_0340,id_03070,0.09234537929296494,0.10331714898347855,0.22897112369537354,0.09163478761911392,-0.05270010232925415,0.545935869216919,25.93281364440918,0.05000496283173561,0.07997888326644897,0.16424548625946045,0.07498236745595932,-0.027598289772868156,0.7198704481124878,23.890539169311523,0.11376186460256577,0.08194784075021744,0.12506118416786194,0.07290789484977722,0.005219627171754837,0.7216031551361084,23.676895141601562,0.031319644302129745,0.030973289161920547,0.10322447121143341,0.029164375737309456,-0.049453943967819214,0.8022953271865845,26.62802505493164,0.028121650218963623,-0.016669441014528275,0.17776024341583252,-0.0068475049920380116,-0.0022143330425024033,0.6342225074768066,23.124975204467773
chain_0341,id_01588,0.0607166551053524,0.04676157236099243,0.11110183596611023,0.0430191345512867,0.030042581260204315,0.7748900651931763,24.174869537353516,0.06490053236484528,0.03698647394776344,0.12076105177402496,0.03397928923368454,0.02028752490878105,0.7841472625732422,26.156158447265625,0.2136157751083374,0.13554516434669495,0.19647686183452606,0.12225150316953659,0.06092230603098869,0.7586132287979126,23.953088760375977,0.038264963775873184,0.03743156045675278,0.1357874870300293,0.04008980467915535,0.06724810600280762,0.8059874773025513,26.116376876831055,0.02677910216152668,-0.005247142631560564,0.06743617355823517,-0.001473366399295628,0.0073942700400948524,0.7662726640701294,26.487655639648438
chain_0342,id_03071,0.2126225382089615,0.13217321038246155,0.20430371165275574,0.1372046172618866,0.0025806156918406487,0.7230738401412964,23.027570724487305,0.014087011106312275,0.002546857111155987,0.07281932234764099,-0.0005533716757781804,-0.009361379779875278,0.712561845779419,22.677154541015625,0.0005371682345867157,-0.024259280413389206,0.0452890619635582,-0.02552742138504982,0.015156570822000504,0.8044226765632629,23.98785400390625,0.06153278425335884,0.04886629059910774,0.11191783100366592,0.05190807208418846,-0.012263630516827106,0.7712369561195374,24.095539093017578,-0.027995947748422623,-0.03916757553815842,0.05830615013837814,-0.03989790752530098,0.04676642268896103,0.7865283489227295,23.28482437133789
chain_0343,id_03072,0.28874701261520386,0.1612551063299179,0.24737444519996643,0.1498115062713623,0.028388038277626038,0.719993531703949,22.503921508789062,0.17262768745422363,0.09796364605426788,0.20052602887153625,0.08741908520460129,0.029756009578704834,0.7563837766647339,23.081361770629883,0.20334355533123016,0.13118916749954224,0.16675488650798798,0.11321908980607986,0.006956585682928562,0.6624679565429688,22.144254684448242,0.08941338956356049,0.05262557044625282,0.09897665679454803,0.05218992009758949,-0.017268359661102295,0.6555236577987671,23.357410430908203,0.05114377290010452,0.0027338380459696054,0.08830198645591736,0.0065078651532530785,0.010552823543548584,0.8004260063171387,23.52341651916504
chain_0344,id_03073,0.04194275662302971,0.012269241735339165,0.08366000652313232,0.013241250067949295,-0.01133103109896183,0.6503252983093262,24.86229133605957,0.12341123819351196,0.07797496020793915,0.14516550302505493,0.07551045715808868,0.0036550303921103477,0.5174217820167542,25.306102752685547,0.12289973348379135,0.0641011893749237,0.12784795463085175,0.059287358075380325,0.011293277144432068,0.7205435037612915,25.55004119873047,0.08528023213148117,0.06834921985864639,0.14267227053642273,0.07021977007389069,-0.019155215471982956,0.6712030172348022,24.54488754272461,0.07588443160057068,0.03906434029340744,0.0986977368593216,0.035968244075775146,-0.08690167963504791,0.7295190691947937,22.376991271972656
chain_0345,id_03074,0.09883439540863037,0.03498811274766922,0.13645422458648682,0.038958873599767685,0.05295708030462265,0.6806017756462097,23.10704231262207,0.14126145839691162,0.04152986407279968,0.1547541618347168,0.044600263237953186,0.07044558972120285,0.644453763961792,22.439041137695312,0.02459920570254326,0.005010663066059351,0.10026766359806061,0.008070599287748337,-0.0314769521355629,0.6333054900169373,22.27330207824707,-0.026470772922039032,-0.01016070507466793,0.11888201534748077,-0.012715323828160763,-0.0069733308628201485,0.7944521307945251,25.848859786987305,0.038402408361434937,0.0028259041719138622,0.06562911719083786,0.00449300417676568,0.013605369254946709,0.5400886535644531,21.220380783081055
chain_0346,id_01184,0.13990309834480286,0.045949384570121765,0.15034806728363037,0.04331246763467789,0.045017845928668976,0.6478134989738464,21.542863845825195,0.2018785923719406,0.08529024571180344,0.18377240002155304,0.08120989799499512,0.03795873373746872,0.7103852033615112,21.0111026763916,0.14359736442565918,0.11203165352344513,0.21307402849197388,0.1158943921327591,0.012517936527729034,0.7347621917724609,20.594480514526367,0.08905662596225739,0.09136267006397247,0.20296786725521088,0.08170909434556961,0.07847133278846741,0.763268232345581,22.48934555053711,0.02304595336318016,-0.0132418442517519,0.0990394651889801,-0.02119663916528225,0.055548496544361115,0.7538642883300781,22.90131378173828
chain_0347,id_03075,-0.001977703534066677,-0.022564634680747986,0.1290777325630188,-0.026966603472828865,-0.04815712198615074,0.6996009349822998,23.68623924255371,0.07156092673540115,0.028512021526694298,0.20717111229896545,0.0482291504740715,-0.027984406799077988,0.5865172147750854,21.17132568359375,0.04658973589539528,-0.008432229980826378,0.07033281028270721,-0.01147258747369051,0.03088098205626011,0.6660590171813965,21.666597366333008,0.06914980709552765,0.06793878972530365,0.13344639539718628,0.05187129229307175,-0.045216865837574005,0.7022944688796997,22.164884567260742,0.11553438007831573,0.058874014765024185,0.12824583053588867,0.04524402320384979,0.044376492500305176,0.7305190563201904,23.309301376342773
chain_0348,id_03076,0.154653400182724,0.1339472383260727,0.1985878050327301,0.1318177580833435,0.03329494222998619,0.7597987055778503,21.316234588623047,0.006582330912351608,0.005421413108706474,0.054222121834754944,0.007141360081732273,0.002733984962105751,0.7111120223999023,20.471559524536133,0.09042993187904358,0.009488524869084358,0.05678332597017288,0.004665615502744913,0.07445281744003296,0.7265975475311279,23.027917861938477,0.17626288533210754,0.09672458469867706,0.1856624335050583,0.09472914785146713,0.08255665004253387,0.775630533695221,21.224092483520508,0.08117123693227768,0.04318513348698616,0.11641709506511688,0.03393236920237541,0.08457661420106888,0.6303637027740479,21.863615036010742
chain_0349,id_01265,0.15551744401454926,0.06414532661437988,0.11008719354867935,0.05655743181705475,0.06038600951433182,0.5250438451766968,21.73641014099121,0.10717080533504486,0.11442530155181885,0.18288107216358185,0.1046973466873169,-0.05198672041296959,0.6734419465065002,24.73443603515625,0.10533534735441208,0.05252639204263687,0.18236733973026276,0.06064317375421524,-0.04479268938302994,0.7590678930282593,23.8668270111084,0.10033556818962097,0.06963201612234116,0.1841304451227188,0.06463197618722916,0.0922253429889679,0.6011822819709778,22.411298751831055,0.06183861196041107,0.040528543293476105,0.14986413717269897,0.05288867652416229,0.05355373024940491,0.6400355100631714,22.58046531677246
chain_0350,id_03077,0.14988252520561218,0.07891238480806351,0.19544655084609985,0.06518865376710892,-0.02778736874461174,0.6046960353851318,22.152097702026367,0.14717964828014374,0.03307642787694931,0.1601068079471588,0.03521954268217087,0.07038606703281403,0.6784961223602295,25.105918884277344,0.019099757075309753,-0.03573250770568848,0.08108846098184586,-0.02986287698149681,-0.052040427923202515,0.7500749826431274,24.819459915161133,0.10835812985897064,0.05825589597225189,0.16248121857643127,0.06146722659468651,-0.0497271791100502,0.7000585794448853,23.639719009399414,0.16036981344223022,0.09522762149572372,0.2081911265850067,0.09781203418970108,0.0808754414319992,0.7956318259239197,24.81536102294922
chain_0351,id_02079,0.24557280540466309,0.15996508300304413,0.25153648853302,0.15198367834091187,-0.036659933626651764,0.6460549235343933,24.42971420288086,0.25041118264198303,0.17359349131584167,0.2573409378528595,0.15655885636806488,-0.008127921260893345,0.603534460067749,24.891075134277344,0.2880857586860657,0.17802661657333374,0.26254498958587646,0.16338278353214264,0.05660296231508255,0.4923593997955322,23.806873321533203,0.26293259859085083,0.20730075240135193,0.32785528898239136,0.2048177421092987,0.07890328764915466,0.6678425073623657,25.464946746826172,0.30255210399627686,0.23830685019493103,0.3110235035419464,0.2270245999097824,0.012696728110313416,0.7054362297058105,24.20130729675293
chain_0352,id_03078,0.2229686975479126,0.08854541182518005,0.16124257445335388,0.0884476751089096,-0.045925721526145935,0.735107421875,24.64354705810547,0.05117952078580856,0.030829327180981636,0.09828246384859085,0.021474771201610565,0.0989999771118164,0.6855723857879639,23.333932876586914,0.08796500414609909,0.021453630179166794,0.06872381269931793,0.020554272457957268,0.028010893613100052,0.7291836738586426,23.534618377685547,0.10018140077590942,0.011867836117744446,0.11199997365474701,0.01955723762512207,0.02418067678809166,0.6891652345657349,21.950803756713867,0.1006854698061943,0.07998420298099518,0.14762404561042786,0.075249582529068,-0.006110796704888344,0.6832013130187988,23.436979293823242
chain_0353,id_03079,0.16877639293670654,0.0839778482913971,0.16257554292678833,0.0782371461391449,-0.008058407343924046,0.7214164733886719,25.00670623779297,0.1587887853384018,0.0320441797375679,0.07517613470554352,0.02968413010239601,0.14041545987129211,0.6074156761169434,23.05200958251953,0.03875408321619034,-0.006349391303956509,0.02987247332930565,-0.008194663561880589,0.13007000088691711,0.5876663327217102,21.92945098876953,0.10305666923522949,0.021142274141311646,0.09431500732898712,0.02338101901113987,0.05573485791683197,0.5678173899650574,23.842365264892578,0.07573729753494263,0.024751663208007812,0.09222523123025894,0.023882221430540085,0.03673522546887398,0.544782280921936,24.057661056518555
chain_0354,id_03080,0.29671597480773926,0.13317087292671204,0.27105429768562317,0.13267458975315094,0.029316045343875885,0.7072566151618958,21.19426727294922,0.21474073827266693,0.19189906120300293,0.29373836517333984,0.167798712849617,0.012761002406477928,0.667294442653656,20.84421157836914,0.13533636927604675,0.10338234901428223,0.19817164540290833,0.0991813912987709,-0.04720795154571533,0.8116239905357361,21.796340942382812,0.03211813047528267,0.0055647012777626514,0.07026706635951996,0.012256286107003689,0.0018185516819357872,0.7807941436767578,24.34858512878418,0.11190555989742279,0.08879896253347397,0.13833734393119812,0.08069100230932236,0.01465568132698536,0.718183159828186,22.10367202758789
chain_0355,id_03081,0.10429873317480087,0.027670204639434814,0.11806723475456238,0.03257717564702034,-0.008575854822993279,0.7697877883911133,23.791790008544922,0.10974910855293274,0.02887043170630932,0.14025074243545532,0.03768287971615791,2.4335458874702454e-05,0.23637324571609497,22.012104034423828,0.18531113862991333,0.0877276062965393,0.1983715295791626,0.08295708149671555,-0.015565361827611923,0.7571921944618225,24.680980682373047,0.1147666871547699,0.050856366753578186,0.12602676451206207,0.0426471047103405,-0.00844871997833252,0.7817503213882446,25.192054748535156,0.0781535804271698,0.027730531990528107,0.19813518226146698,0.038399383425712585,0.08956647664308548,0.7196018099784851,22.56771469116211
chain_0356,id_03082,0.18985851109027863,0.10628493875265121,0.2051658034324646,0.1098007932305336,0.025051049888134003,0.7601168155670166,24.35017204284668,0.1439659297466278,0.10181150585412979,0.20374318957328796,0.09889813512563705,0.08015702664852142,0.7525348663330078,22.748899459838867,0.10076890140771866,0.1013043224811554,0.19757485389709473,0.0974251851439476,0.0718432143330574,0.7331786155700684,23.10227394104004,0.1258779764175415,0.10082349181175232,0.1589800864458084,0.09508735686540604,0.029928170144557953,0.5955542325973511,22.70609474182129,-0.015791818499565125,0.0009439331479370594,0.06328975409269333,0.005190955009311438,0.09938356280326843,0.7512233257293701,21.57199478149414
chain_0357,id_01646,0.1588708609342575,0.051903560757637024,0.13500462472438812,0.05527929961681366,0.011360698379576206,0.6882225275039673,24.89032745361328,-0.013917902484536171,-0.007893934845924377,0.10388913750648499,0.0019497822504490614,-0.01202817540615797,0.7660508155822754,23.931564331054688,-0.09291645884513855,-0.05118219554424286,0.0527624636888504,-0.04440901428461075,0.011056039482355118,0.7291100025177002,24.85491180419922,0.10111518204212189,0.08494031429290771,0.2294180989265442,0.09601598232984543,-0.06773799657821655,0.7751173973083496,23.37587547302246,-0.06022639945149422,-0.005802817642688751,0.10183130204677582,-0.0058356658555567265,-0.010015975683927536,0.740210771560669,23.637252807617188
chain_0358,id_00105,0.14998719096183777,0.02343713864684105,0.0754837766289711,0.02395259402692318,0.007202585693448782,0.6258037090301514,21.37693977355957,0.18983982503414154,0.01795787177979946,0.14447005093097687,0.026402972638607025,-0.02395743504166603,0.6734894514083862,23.747079849243164,0.2369370460510254,0.10285910964012146,0.24862226843833923,0.11594865471124649,0.08452235907316208,0.6702365875244141,26.060955047607422,0.0659436583518982,-0.0060441624373197556,0.09882758557796478,0.004102325066924095,-0.019793853163719177,0.7841963768005371,26.28631019592285,-0.061738431453704834,-0.008562195114791393,0.09069282561540604,-0.010345129296183586,0.020155999809503555,0.6849586963653564,24.000415802001953
chain_0359,id_03083,0.15626144409179688,0.06489478051662445,0.1352596879005432,0.06267142295837402,0.013061383739113808,0.7767482995986938,23.578256607055664,0.21787258982658386,0.1638253629207611,0.2180870920419693,0.15331560373306274,-0.024972083047032356,0.7714208364486694,22.301916122436523,0.037248216569423676,0.02999463677406311,0.09281492978334427,0.03081311471760273,-0.09550297260284424,0.73194819688797,23.657386779785156,0.11115950345993042,0.060155078768730164,0.16646920144557953,0.06842005252838135,-0.04249244183301926,0.7484496831893921,24.46245765686035,0.06889015436172485,0.06751908361911774,0.13676214218139648,0.05258405953645706,-0.07089034467935562,0.8402667045593262,25.337602615356445
chain_0360,id_03084,0.13425856828689575,0.09340807795524597,0.15844616293907166,0.08476413041353226,0.07861378788948059,0.607883870601654,23.693675994873047,0.16094212234020233,0.1278972029685974,0.19558334350585938,0.11773880571126938,0.050235722213983536,0.704656720161438,22.95979881286621,0.166147381067276,0.1180931031703949,0.19512799382209778,0.11049055308103561,0.004936556797474623,0.7298835515975952,22.403953552246094,0.17826434969902039,0.1468513309955597,0.21706277132034302,0.1375371366739273,-0.01116587221622467,0.6441693902015686,22.892440795898438,0.09877079725265503,0.04717693477869034,0.129714697599411,0.04683297872543335,0.000748001504689455,0.6900365352630615,22.1643009185791
chain_0361,id_03085,0.24069292843341827,0.1834748387336731,0.24802657961845398,0.17963942885398865,0.04357006400823593,0.6164127588272095,21.416950225830078,0.1531035304069519,0.12764444947242737,0.21772633492946625,0.12580794095993042,0.008266151882708073,0.7022655010223389,22.007020950317383,0.023727815598249435,0.03509019687771797,0.10759297758340836,0.028874216601252556,0.04927854239940643,0.7223126888275146,22.64700698852539,0.11716703325510025,0.08273816108703613,0.1723092943429947,0.08050036430358887,-0.02033233270049095,0.7043863534927368,21.76006507873535,0.09844489395618439,0.06636224687099457,0.15007509291172028,0.07190442085266113,0.04632258415222168,0.8386056423187256,22.828472137451172
chain_0362,id_03086,0.302623987197876,0.14919868111610413,0.2842526435852051,0.1451982855796814,-0.05092141777276993,0.6863144636154175,24.206745147705078,0.14910253882408142,0.02242003008723259,0.12863728404045105,0.020051639527082443,-0.007813396863639355,0.7223674654960632,24.695173263549805,0.08629579842090607,0.03478745371103287,0.10503976047039032,0.01890239305794239,0.0392053984105587,0.7789044976234436,24.246000289916992,0.06187834590673447,0.0011638114228844643,0.11178164929151535,0.009210217744112015,-0.008738530799746513,0.5901620388031006,25.29559898376465,0.0685245618224144,-0.01682133600115776,0.08023671805858612,-0.011858181096613407,-0.05060572922229767,0.7584868669509888,23.956600189208984
chain_0363,id_01770,0.2388433814048767,0.1116558238863945,0.20829975605010986,0.10911600291728973,0.0075780185870826244,0.7294001579284668,23.839458465576172,0.1890956461429596,0.12160765379667282,0.18628019094467163,0.1038307249546051,-0.04818006604909897,0.765322208404541,23.192365646362305,0.18176090717315674,0.1078002080321312,0.2362823635339737,0.10226772725582123,-0.014508098363876343,0.5946934223175049,24.31703758239746,0.14590197801589966,0.07509331405162811,0.1802939772605896,0.06954462081193924,0.044111691415309906,0.7510111331939697,23.965320587158203,0.18744692206382751,0.13356098532676697,0.24831408262252808,0.14020538330078125,0.001036633737385273,0.774060070514679,25.11258888244629
chain_0364,id_03087,0.27114924788475037,0.1849774420261383,0.26369088888168335,0.17196393013000488,-0.012885922566056252,0.7148115634918213,21.952388763427734,0.10228299349546432,0.09032638370990753,0.1788753718137741,0.08956428617238998,0.03356774151325226,0.7309356927871704,22.62969398498535,0.08912892639636993,0.03853392228484154,0.11217404901981354,0.03665698319673538,0.02004363387823105,0.7288531064987183,23.0131778717041,0.05548142269253731,0.03815572336316109,0.1500348150730133,0.04601799324154854,0.018284738063812256,0.6033483743667603,21.972028732299805,0.18368497490882874,0.11927039921283722,0.20864227414131165,0.10785189270973206,-0.025928812101483345,0.6429913640022278,21.88544273376465
chain_0365,id_03088,0.026515983045101166,-0.023603711277246475,0.09198825061321259,-0.015484183095395565,0.04486457258462906,0.7420830726623535,22.3629207611084,-0.056633979082107544,0.006851979065686464,0.10895662754774094,0.01523712370544672,0.04378717392683029,0.7296344041824341,23.41777992248535,-0.04653618112206459,-0.025681277737021446,0.07693256437778473,-0.020462721586227417,-0.015470515005290508,0.748887300491333,24.18654441833496,0.03948232904076576,0.04604201391339302,0.11911183595657349,0.04450805112719536,-0.043279677629470825,0.814380943775177,26.01345443725586,0.03525802493095398,0.05714402347803116,0.1259024441242218,0.057337939739227295,-0.029623739421367645,0.7553191184997559,20.676475524902344
chain_0366,id_03089,0.19467660784721375,0.12151087820529938,0.25254565477371216,0.12357833236455917,0.021927665919065475,0.7662984132766724,21.41687774658203,0.14603281021118164,0.07578989863395691,0.173985093832016,0.0706123486161232,-0.00031760241836309433,0.7738708853721619,23.27422332763672,0.13533085584640503,0.10704439878463745,0.22769863903522491,0.11344101279973984,-0.015696704387664795,0.7370621562004089,22.743715286254883,0.05842440575361252,0.04576829820871353,0.1302836537361145,0.04219122976064682,0.026314008980989456,0.7136357426643372,22.95538330078125,0.035434186458587646,0.013443676754832268,0.12744848430156708,0.024002790451049805,0.010123730637133121,0.7930641174316406,20.887788772583008
chain_0367,id_03090,0.23943428695201874,0.19924256205558777,0.3035731911659241,0.1990770399570465,-0.024037394672632217,0.6293744444847107,25.350704193115234,0.04580597206950188,0.036539092659950256,0.1647576093673706,0.04608647897839546,0.040189482271671295,0.788292646408081,25.26150894165039,0.14812317490577698,0.11363926529884338,0.19457989931106567,0.10366528481245041,0.04370290786027908,0.5270418524742126,23.070247650146484,0.010748293250799179,-0.007336953654885292,0.07398538291454315,-0.0053976187482476234,0.03826241195201874,0.7118310928344727,23.62067222595215,0.1447618454694748,0.11209055781364441,0.21573254466056824,0.11121831834316254,0.026677902787923813,0.7076139450073242,24.551328659057617
chain_0368,id_01865,0.15682001411914825,0.10575631260871887,0.1906101405620575,0.09869145601987839,-0.006350670475512743,0.6623783111572266,25.6728515625,0.1800524890422821,0.15908634662628174,0.23001328110694885,0.1542751044034958,-0.07116708159446716,0.7330490350723267,25.028656005859375,0.1967846006155014,0.19534391164779663,0.2920811176300049,0.1810484528541565,0.01938418485224247,0.6595313549041748,25.020835876464844,0.19640132784843445,0.14531104266643524,0.23864609003067017,0.14447090029716492,-0.010159674100577831,0.6380305886268616,23.794681549072266,0.06273055076599121,0.08288834244012833,0.18272927403450012,0.07887300103902817,0.004601417109370232,0.6897138357162476,23.222009658813477
chain_0369,id_03091,0.19961078464984894,0.13532599806785583,0.1905798465013504,0.1250721663236618,0.018541354686021805,0.728887677192688,25.779870986938477,0.24391168355941772,0.12033906579017639,0.20923489332199097,0.11321702599525452,-0.09810580313205719,0.6519423723220825,22.116640090942383,0.19145216047763824,0.08594116568565369,0.16748686134815216,0.0880565494298935,0.14143989980220795,0.7617521286010742,23.08922576904297,0.08950814604759216,0.03422778844833374,0.11840006709098816,0.040456876158714294,-0.049938641488552094,0.6905502676963806,22.459640502929688,0.06512556970119476,0.001711234450340271,0.13528324663639069,0.0026727807708084583,0.02026037499308586,0.7729833126068115,24.129098892211914
chain_0370,id_01448,0.07181446999311447,0.054966479539871216,0.11741866916418076,0.05974370241165161,0.02920423075556755,0.7776290774345398,22.362504959106445,0.07279191166162491,0.030097270384430885,0.11597197502851486,0.02864515781402588,0.010861354880034924,0.691337525844574,21.30537986755371,0.10963039845228195,0.10206393152475357,0.1606014370918274,0.08539816737174988,0.08013547956943512,0.7820576429367065,23.28943634033203,0.030544329434633255,0.021642114967107773,0.09472915530204773,0.026382600888609886,0.06487219035625458,0.7528107166290283,23.087413787841797,0.013511176221072674,0.01291588693857193,0.10028883814811707,0.010602694936096668,0.0053917961195111275,0.7955712080001831,24.996068954467773
chain_0371,id_03092,0.3019385039806366,0.13636094331741333,0.25525331497192383,0.1302381157875061,-0.01930912211537361,0.5910230875015259,23.13229751586914,0.2188955396413803,0.12385334074497223,0.24057506024837494,0.12261686474084854,0.042093537747859955,0.7259119749069214,23.69230842590332,0.19030459225177765,0.09378277510404587,0.17035621404647827,0.09715434908866882,0.07055287808179855,0.691547155380249,23.436012268066406,0.12809687852859497,0.12067942321300507,0.18521392345428467,0.10963242501020432,0.0696600005030632,0.6430355310440063,22.489126205444336,0.1778070479631424,0.10860634595155716,0.1928039789199829,0.10781946778297424,0.08656451106071472,0.6241591572761536,22.52859115600586
chain_0372,id_03093,0.14632798731327057,0.0917830765247345,0.13764214515686035,0.0929204598069191,-0.052618905901908875,0.6845906972885132,22.82969093322754,0.15981505811214447,0.12655916810035706,0.24187462031841278,0.12704625725746155,0.04397065192461014,0.7063199877738953,22.808361053466797,0.09623019397258759,0.04160214588046074,0.12035413086414337,0.04688774794340134,-0.04992305487394333,0.6780960559844971,22.143817901611328,0.10116468369960785,0.12186074256896973,0.18302012979984283,0.11484722793102264,0.08250562101602554,0.6354215741157532,22.638145446777344,0.08523188531398773,0.10979685932397842,0.1851973533630371,0.10777810215950012,0.042972251772880554,0.6943257451057434,24.219314575195312
chain_0373,id_03094,0.17736366391181946,0.06967813521623611,0.16438744962215424,0.06796862185001373,0.014640327543020248,0.7150193452835083,22.74448013305664,0.06491319090127945,0.030447984114289284,0.08568175137042999,0.02192881517112255,0.0655079334974289,0.647931694984436,23.53163719177246,0.0890381783246994,0.06315412372350693,0.12807275354862213,0.057158421725034714,-0.026986349374055862,0.6508479118347168,21.257591247558594,0.10542428493499756,0.04470355063676834,0.09721329808235168,0.03534669801592827,-0.009684078395366669,0.734595775604248,22.322643280029297,0.10523688793182373,0.052326008677482605,0.10658559203147888,0.053273867815732956,0.08958695828914642,0.8009892702102661,23.894855499267578
chain_0374,id_03095,0.2329305112361908,0.14814822375774384,0.23399648070335388,0.1491309553384781,-0.04736097529530525,0.7123454809188843,22.392318725585938,0.1994425654411316,0.10290513187646866,0.1994476616382599,0.10847847163677216,0.007376369088888168,0.7290142774581909,22.532194137573242,0.2535785436630249,0.1190793514251709,0.19349442422389984,0.12137140333652496,-0.004036576021462679,0.7497206330299377,22.33643913269043,0.14908134937286377,0.06272406876087189,0.17837272584438324,0.0672784224152565,-0.03088478185236454,0.7234797477722168,22.517147064208984,0.040557797998189926,-0.011518916115164757,0.04422825574874878,-0.01578172668814659,-0.06980337202548981,0.7763240337371826,23.194786071777344
chain_0375,id_03096,0.20233193039894104,0.15253695845603943,0.27068352699279785,0.15669132769107819,-0.017445649951696396,0.5651878714561462,24.692176818847656,0.10848382860422134,0.13037697970867157,0.21202878654003143,0.12700703740119934,-0.0074722785502672195,0.7001553773880005,26.607215881347656,0.19437125325202942,0.12286581844091415,0.19039319455623627,0.11358539760112762,-0.0065903374925255775,0.740691065788269,26.274198532104492,0.11439333856105804,0.10129773616790771,0.18027225136756897,0.0994594544172287,0.022011281922459602,0.6902830600738525,25.288795471191406,0.07962187379598618,0.05989249050617218,0.11432236433029175,0.05721259489655495,-0.07307684421539307,0.7498825788497925,24.658611297607422
chain_0376,id_01663,0.12684425711631775,0.04407688230276108,0.14453771710395813,0.049685824662446976,0.055935926735401154,0.7197210788726807,24.81552505493164,-0.022451182827353477,0.05995199829339981,0.1330917477607727,0.0639892965555191,0.08494702726602554,0.7365068197250366,21.864442825317383,0.02431136928498745,0.01614319533109665,0.10828201472759247,0.014302868396043777,0.0843510702252388,0.7117360830307007,22.816373825073242,-0.13189569115638733,-0.05852369964122772,0.0837353765964508,-0.06155115365982056,-0.07032434642314911,0.7350302338600159,22.981220245361328,0.0866614282131195,0.006985385902225971,0.06836231797933578,-0.0009510913514532149,0.11616383492946625,0.7469779849052429,22.021345138549805
chain_0377,id_03097,0.14285309612751007,0.12848180532455444,0.22482863068580627,0.13379088044166565,0.02906731516122818,0.7323605418205261,23.425334930419922,0.12025618553161621,0.06733690202236176,0.12793013453483582,0.06255131214857101,-0.008550118654966354,0.6897301077842712,24.183889389038086,-0.004675772041082382,-0.03826098144054413,0.06394779682159424,-0.04037902504205704,-0.08238735795021057,0.7359398603439331,25.334909439086914,0.07522666454315186,0.009770292788743973,0.09752294421195984,0.008524155244231224,0.03368135914206505,0.7397928237915039,23.795467376708984,0.12988972663879395,0.07799527049064636,0.1868465095758438,0.08349709212779999,-0.016087347641587257,0.7529879212379456,23.844921112060547
chain_0378,id_03098,0.1735997200012207,0.10316777229309082,0.18179592490196228,0.09881778806447983,-0.03378778696060181,0.7295053005218506,23.2214412689209,0.09403809159994125,0.03475137799978256,0.09810329973697662,0.025334766134619713,0.005271953996270895,0.6960844993591309,21.077749252319336,0.1950380802154541,0.12512874603271484,0.20877705514431,0.12070461362600327,0.015856968238949776,0.7110853791236877,26.374975204467773,-0.006144734099507332,-0.025001853704452515,0.08551473170518875,-0.02218397706747055,-0.051760002970695496,0.704426646232605,20.969146728515625,0.055262211710214615,0.01993786171078682,0.12094487249851227,0.023842986673116684,-0.0209619402885437,0.6569634675979614,23.40435791015625
chain_0379,id_03099,0.11413601040840149,0.07134421169757843,0.12484100461006165,0.0667363852262497,0.001579534262418747,0.6068966388702393,22.563581466674805,0.026334814727306366,0.021914362907409668,0.11078598350286484,0.028247306123375893,0.023194603621959686,0.7291816473007202,22.938819885253906,0.07927579432725906,0.016986578702926636,0.13119132816791534,0.02191048115491867,0.0500270277261734,0.7295773029327393,22.684165954589844,0.1023615151643753,0.07372790575027466,0.15100520849227905,0.0738520696759224,0.03012191690504551,0.7828980684280396,22.78150177001953,0.10646592825651169,0.04101621359586716,0.11527235805988312,0.04181743785738945,0.00776310870423913,0.7157639265060425,20.741188049316406
chain_0380,id_03100,0.0576988160610199,-0.0015764273703098297,0.09959059208631516,-0.004695573356002569,0.0029686240013688803,0.7424358129501343,22.335355758666992,0.15287542343139648,0.07238908112049103,0.13716179132461548,0.07435820251703262,0.018962804228067398,0.731295108795166,24.0555362701416,-0.04826103150844574,-0.013879608362913132,0.0344541072845459,-0.010587140917778015,0.01979938894510269,0.7586773037910461,23.526857376098633,0.07429493218660355,0.07540662586688995,0.18368443846702576,0.07128617912530899,0.013939894735813141,0.7432185411453247,24.857595443725586,-0.00703376904129982,-0.0040317317470908165,0.09193906933069229,-0.006876441650092602,-0.04640430957078934,0.7292693853378296,22.38348388671875
chain_0381,id_03101,0.3416791558265686,0.24020445346832275,0.335726797580719,0.22752593457698822,0.05177440494298935,0.7304141521453857,21.719867706298828,0.04393894970417023,0.00622339453548193,0.09908594191074371,0.005816617049276829,-0.004997034091502428,0.6926320195198059,24.948518753051758,0.13662995398044586,0.0759502500295639,0.1219751164317131,0.06858467310667038,-0.05462353676557541,0.7033917903900146,23.413818359375,0.15128058195114136,0.07679352164268494,0.15755632519721985,0.07973205298185349,-0.014743817038834095,0.7204207181930542,25.679500579833984,0.09770849347114563,0.033070698380470276,0.08107804507017136,0.03335440903902054,0.012810613960027695,0.7293375730514526,26.062591552734375
chain_0382,id_03102,0.22121724486351013,0.09967602789402008,0.21028906106948853,0.09343603998422623,-0.020689062774181366,0.6670409440994263,23.823060989379883,0.06449735164642334,0.03294304013252258,0.10912424325942993,0.032073844224214554,0.018836811184883118,0.7368271946907043,24.05582046508789,0.11528194695711136,0.06182555854320526,0.17471352219581604,0.07444044947624207,0.016774659976363182,0.7213716506958008,22.752025604248047,-0.033839575946331024,-0.005044418852776289,0.09580934047698975,-0.00043265236308798194,-0.06923634558916092,0.7850108742713928,26.30303955078125,-0.006527705118060112,0.005302058532834053,0.07877359539270401,0.0016818131553009152,-0.06872153282165527,0.7850168943405151,25.543289184570312
chain_0383,id_01411,0.0892491489648819,0.045695770531892776,0.09248971194028854,0.042337603867053986,-0.027952535077929497,0.6885581612586975,20.180648803710938,0.017023276537656784,-0.013912217691540718,0.06618762761354446,-0.011335157789289951,0.02061646059155464,0.7689177989959717,22.225915908813477,0.1264379620552063,0.08887388557195663,0.16611284017562866,0.08171267807483673,-0.002302913460880518,0.7103792428970337,22.277454376220703,0.07676737010478973,0.04461232200264931,0.1178833469748497,0.04330287501215935,0.029735013842582703,0.7056512832641602,21.95977783203125,0.180955708026886,0.12996380031108856,0.21608573198318481,0.12894132733345032,0.04995257779955864,0.7036587595939636,22.26580810546875
chain_0384,id_01328,0.15145233273506165,0.09451577067375183,0.24220846593379974,0.09576460719108582,0.04870131239295006,0.6293048858642578,23.213502883911133,0.08192236721515656,0.07291088998317719,0.16690708696842194,0.06232147291302681,-0.060301050543785095,0.7301813364028931,24.79278564453125,0.12634363770484924,0.08268202841281891,0.3413703143596649,0.09301194548606873,-0.06165469437837601,0.7400652170181274,21.08892059326172,0.04370742663741112,0.06269912421703339,0.17954200506210327,0.06407635658979416,-0.045641399919986725,0.6564021110534668,22.92617416381836,0.12300314754247665,0.13267634809017181,0.22248852252960205,0.11480633169412613,0.07417403161525726,0.7075579762458801,22.41153907775879
chain_0385,id_00393,0.29030948877334595,0.2054242342710495,0.29514458775520325,0.19922703504562378,0.10428458452224731,0.7590618133544922,26.4377384185791,0.12940722703933716,0.09213763475418091,0.15654006600379944,0.07875381410121918,-0.05969163775444031,0.6826860904693604,24.055051803588867,0.13906654715538025,0.10173778235912323,0.1613612025976181,0.10030670464038849,0.03935660049319267,0.6783141493797302,22.715330123901367,0.019165677949786186,0.0945693850517273,0.1749870330095291,0.08323457837104797,0.003023058408871293,0.7180923223495483,22.429256439208984,0.07090795785188675,0.0897502601146698,0.15569713711738586,0.08585402369499207,-0.025598913431167603,0.6419488787651062,22.349435806274414
chain_0386,id_03103,0.15686766803264618,0.10122612118721008,0.21984317898750305,0.10049206763505936,0.019572317600250244,0.739282488822937,21.871187210083008,0.052624329924583435,0.03561627119779587,0.11210262030363083,0.028835196048021317,0.09190746396780014,0.6004539728164673,22.96526527404785,0.1601651906967163,0.13625437021255493,0.2050400823354721,0.12938588857650757,0.07777658104896545,0.6740747690200806,22.28369140625,0.1548551321029663,0.12677961587905884,0.2039363831281662,0.12017843127250671,0.0340089313685894,0.7272663116455078,21.102426528930664,0.10583196580410004,0.084213986992836,0.15701712667942047,0.07613980770111084,0.09109529852867126,0.7368683218955994,21.69091033935547
chain_0387,id_00544,0.040119413286447525,-0.0006419233977794647,0.12343239039182663,0.001634563785046339,0.10788466781377792,0.6706861257553101,22.790742874145508,0.03229512646794319,-0.01400421280413866,0.1017657071352005,-0.0027314515318721533,0.009818969294428825,0.7100623846054077,22.240863800048828,0.041480809450149536,0.019092826172709465,0.10142621397972107,0.01372795831412077,-0.022574972361326218,0.6882259249687195,24.82831573486328,0.015374387614428997,-0.003871588036417961,0.10609910637140274,-0.014041842892765999,0.042424872517585754,0.6748093962669373,22.201229095458984,-0.03794848918914795,-0.01982531137764454,0.08421498537063599,-0.014098679646849632,0.027133291587233543,0.47951266169548035,23.57337188720703
chain_0388,id_03104,0.09048345685005188,0.14411476254463196,0.221906840801239,0.1380200982093811,0.04840714484453201,0.6932789087295532,23.377717971801758,0.12911653518676758,0.09928033500909805,0.18602678179740906,0.09421785175800323,0.04172162339091301,0.6937768459320068,23.189170837402344,0.0842990130186081,0.09040281176567078,0.16626301407814026,0.09285499900579453,-0.0265742726624012,0.7496517896652222,23.507667541503906,0.055723775178194046,0.029910027980804443,0.10770826041698456,0.026572713628411293,-0.0175325945019722,0.6797600984573364,23.412080764770508,0.11885151267051697,0.04692560061812401,0.1200152039527893,0.05477398261427879,0.03290807083249092,0.7476631999015808,23.230539321899414
chain_0389,id_00787,0.3116445541381836,0.2102816104888916,0.30130910873413086,0.18523719906806946,0.05460061505436897,0.6392927169799805,25.196224212646484,0.13124790787696838,0.04985514283180237,0.1293714940547943,0.04362032935023308,0.017286598682403564,0.6979591846466064,24.683542251586914,0.13231641054153442,0.08065914362668991,0.16743622720241547,0.07962021231651306,-0.02701231651008129,0.6868698596954346,23.60006332397461,0.1461535394191742,0.10151266306638718,0.19497472047805786,0.0852891281247139,0.022820686921477318,0.540215790271759,23.111751556396484,0.02959338203072548,0.02415154129266739,0.09503534436225891,0.02541046403348446,0.06264403462409973,0.6822220683097839,24.128108978271484
chain_0390,id_03105,0.05962589010596275,0.019504304975271225,0.07939255237579346,0.010832389816641808,-0.03454821556806564,0.7451090812683105,24.177949905395508,0.10304027795791626,0.051763832569122314,0.09449576586484909,0.04981929063796997,0.04097457230091095,0.7307279706001282,23.64699363708496,0.06981228291988373,0.018576648086309433,0.08633406460285187,0.016115518286824226,-0.01771090365946293,0.7111666798591614,22.766510009765625,0.0226716510951519,0.018924260511994362,0.12820357084274292,0.022726457566022873,0.055044855922460556,0.7348859310150146,22.14619255065918,0.1013251543045044,0.05645999312400818,0.10842961817979813,0.04261120781302452,0.018950827419757843,0.7101008892059326,24.11349868774414
chain_0391,id_03106,0.13311457633972168,0.028240598738193512,0.10217375308275223,0.017607908695936203,-0.014205045998096466,0.7668071389198303,23.548246383666992,0.0563904270529747,-0.04186100512742996,0.04352559894323349,-0.038155388087034225,0.11458618938922882,0.75239098072052,23.73250961303711,0.07026105374097824,0.01028516050428152,0.06117473542690277,0.014403505250811577,0.026543211191892624,0.7345746755599976,23.807743072509766,0.006650138646364212,-0.020088639110326767,0.07576990127563477,-0.018942631781101227,-0.047151535749435425,0.6755437254905701,23.61932373046875,0.10162301361560822,0.023198528215289116,0.08888965100049973,0.02248433046042919,-0.05034386366605759,0.7319142818450928,23.53215217590332
chain_0392,id_01129,0.19314981997013092,0.13739340007305145,0.20845894515514374,0.1284569799900055,0.0867115706205368,0.7463175058364868,23.450164794921875,0.12062376737594604,0.06373205035924911,0.16416843235492706,0.05790434777736664,0.021730296313762665,0.7398248314857483,22.348373413085938,0.057197894901037216,0.004192757420241833,0.059006236493587494,0.002200727118179202,-0.021657811477780342,0.7062525153160095,24.656896591186523,0.17898264527320862,0.09086748957633972,0.1459747850894928,0.08022696524858475,-0.00476123858243227,0.6897549629211426,24.212221145629883,0.03952731564640999,0.0460621640086174,0.09762558341026306,0.041895296424627304,-0.0254604984074831,0.778827428817749,25.12706184387207
chain_0393,id_03107,0.3074272572994232,0.15870636701583862,0.2636672258377075,0.1545902043581009,-0.06284383684396744,0.7561503648757935,24.444223403930664,0.09436703473329544,0.015460473485291004,0.15137165784835815,0.015515098348259926,0.028315220028162003,0.6909187436103821,23.454833984375,0.16241562366485596,0.11894705146551132,0.21630653738975525,0.11185120791196823,0.0007315659895539284,0.7519513964653015,22.38725471496582,0.06404449045658112,0.04868156090378761,0.1104537770152092,0.050165772438049316,0.09586075693368912,0.6010262966156006,22.93291473388672,0.09538739919662476,0.06270387768745422,0.1075739711523056,0.06177593767642975,-0.01650148257613182,0.7047973871231079,25.496421813964844
chain_0394,id_03108,0.15837445855140686,0.09829215705394745,0.15885570645332336,0.09362851083278656,-0.024032551795244217,0.7310276031494141,22.10454559326172,0.07018773257732391,0.01926148310303688,0.10285504162311554,0.010036537423729897,-0.03201335296034813,0.7862256765365601,22.6983585357666,0.09428878128528595,0.05278622359037399,0.12467990815639496,0.051575496792793274,0.048358768224716187,0.7088953256607056,20.886022567749023,0.02615439146757126,0.038844604045152664,0.08761656284332275,0.0370931550860405,0.028254244476556778,0.7493460178375244,24.366268157958984,0.05209801346063614,0.008176368661224842,0.09039738029241562,0.015234768390655518,0.002690060529857874,0.718928337097168,22.085744857788086
chain_0395,id_03109,0.1699986457824707,0.07223117351531982,0.174398273229599,0.07151136547327042,-0.025413595139980316,0.6622008085250854,23.592453002929688,0.051931023597717285,-0.0018613608554005623,0.13763439655303955,0.003980589564889669,0.01784669980406761,0.6489847302436829,24.322507858276367,0.1038609966635704,0.07839254289865494,0.16740217804908752,0.071473628282547,-0.018443405628204346,0.5565258860588074,24.79593849182129,0.24454854428768158,0.16725999116897583,0.222557932138443,0.1475507766008377,0.0751635879278183,0.7658935189247131,24.572603225708008,0.20881685614585876,0.10121066868305206,0.18497540056705475,0.10122399777173996,0.13110968470573425,0.6470475196838379,25.990821838378906
chain_0396,id_03110,0.07452912628650665,0.051796622574329376,0.13108012080192566,0.04875461757183075,0.099436454474926,0.7363511919975281,24.789140701293945,-0.0058307889848947525,-0.02045769989490509,0.0752120092511177,-0.020892422646284103,-0.0035199453122913837,0.6371679902076721,23.41578483581543,0.06417839229106903,0.10182051360607147,0.19950246810913086,0.10589290410280228,0.009106126613914967,0.7104339003562927,22.829790115356445,0.18063518404960632,0.09697355329990387,0.19207048416137695,0.0982636883854866,0.08239312469959259,0.6893380880355835,23.181058883666992,0.17608065903186798,0.06284242123365402,0.18682217597961426,0.05925086885690689,-0.039566464722156525,0.7461714744567871,23.334678649902344
chain_0397,id_03111,0.03346638381481171,0.0231611430644989,0.0859021246433258,0.02603301778435707,0.08486555516719818,0.7754371166229248,24.76123046875,0.10683459043502808,0.04958109185099602,0.09501422941684723,0.04085735231637955,-0.041224945336580276,0.7441115379333496,23.932567596435547,0.07191789150238037,0.07229412347078323,0.14219129085540771,0.06986378878355026,0.026476021856069565,0.7273740172386169,24.07915496826172,0.06449426710605621,0.04297129064798355,0.14935746788978577,0.038423534482717514,0.11382988840341568,0.5782618522644043,21.599607467651367,0.06242936849594116,0.05159091204404831,0.13291870057582855,0.050417136400938034,0.08664550632238388,0.7567227482795715,23.183799743652344
chain_0398,id_03112,0.015118364244699478,0.007203730754554272,0.16280218958854675,0.005062413401901722,-0.0006151273846626282,0.7605558633804321,23.712570190429688,0.09950017184019089,0.03964856266975403,0.1362583190202713,0.03732796013355255,-0.03074812702834606,0.6284710764884949,21.549072265625,0.10239502042531967,0.013828237541019917,0.07940845936536789,0.00509136775508523,0.014172254130244255,0.7234532833099365,22.264638900756836,0.0369190014898777,0.013338452205061913,0.13748694956302643,0.012030958198010921,-0.017975997179746628,0.6462264657020569,23.481185913085938,0.09189803898334503,0.07865090668201447,0.1301591396331787,0.05603975057601929,-0.007384520024061203,0.7531031370162964,23.369342803955078
chain_0399,id_03113,0.11368784308433533,0.01519458182156086,0.0692228376865387,0.00326948007568717,-0.04541076719760895,0.7126070857048035,20.288610458374023,0.11431371420621872,0.04218868538737297,0.10988067090511322,0.04460475593805313,0.0014955950900912285,0.7237176299095154,21.0638370513916,0.09022118151187897,0.04753299430012703,0.13020698726177216,0.04390125349164009,0.04469899833202362,0.7540229558944702,23.21767807006836,0.1569208800792694,0.13964857161045074,0.2405662089586258,0.13299192488193512,0.06702682375907898,0.7518279552459717,21.42827606201172,0.055061571300029755,0.036447785794734955,0.15607398748397827,0.041484568268060684,-0.03375539183616638,0.7816077470779419,22.236772537231445
chain_0400,id_03114,0.00020565837621688843,0.016016878187656403,0.09005838632583618,0.012932875193655491,-0.023212451487779617,0.7034479379653931,24.158788681030273,0.21730373799800873,0.14528606832027435,0.2406054437160492,0.11430353671312332,-0.0002897079102694988,0.7536178827285767,23.49009132385254,0.13998281955718994,0.05916932225227356,0.13553088903427124,0.052451930940151215,0.017309803515672684,0.5943403244018555,24.689645767211914,0.1762724667787552,0.07469769567251205,0.15696050226688385,0.07163701951503754,0.01344891358166933,0.7160177230834961,23.058218002319336,0.18189339339733124,0.09431950747966766,0.20204944908618927,0.0915144681930542,0.007888050749897957,0.7914465665817261,23.170682907104492
chain_0401,id_03115,0.14587180316448212,0.05161849036812782,0.16291531920433044,0.06058640033006668,0.13202950358390808,0.6013092994689941,23.721878051757812,0.05621398612856865,0.041076868772506714,0.12733504176139832,0.03613916411995888,0.06386478990316391,0.5731167793273926,22.435909271240234,0.10139504075050354,0.05705171078443527,0.14053064584732056,0.05745002254843712,0.0321965366601944,0.6711975336074829,24.492027282714844,0.07701586186885834,0.0710100457072258,0.16926604509353638,0.07480815052986145,0.11463001370429993,0.6497416496276855,23.652175903320312,0.12488973140716553,0.11454809457063675,0.2161904275417328,0.10312211513519287,0.051647599786520004,0.5267457962036133,22.27896499633789
chain_0402,id_01438,0.10497987270355225,0.08413390070199966,0.15687787532806396,0.08355528861284256,-0.015373127534985542,0.7424353957176208,22.899032592773438,0.10835948586463928,0.0994049459695816,0.16424554586410522,0.08945545554161072,-0.03546813502907753,0.6891911625862122,23.982669830322266,-0.024893302470445633,0.009378604590892792,0.0707378163933754,0.006606070790439844,-0.013108814135193825,0.6332108974456787,22.41593360900879,0.12730690836906433,0.07342539727687836,0.19119992852210999,0.07728447765111923,0.015709368512034416,0.7405073642730713,23.271909713745117,0.10843377560377121,0.07389765977859497,0.181570902466774,0.07274167239665985,0.10960881412029266,0.616559624671936,20.493310928344727
chain_0403,id_03116,0.17760950326919556,0.1076388955116272,0.1881166249513626,0.0988764762878418,-0.04623492807149887,0.7531972527503967,24.609724044799805,0.08189520984888077,0.06685598194599152,0.13683710992336273,0.05887763947248459,0.09465385228395462,0.7112784385681152,21.147228240966797,0.12675508856773376,0.0782105103135109,0.1433355212211609,0.0727175772190094,-0.004671228118240833,0.7126879692077637,23.873491287231445,0.0783863291144371,0.03857795149087906,0.11511275172233582,0.03822482004761696,-0.008353509940207005,0.7385765910148621,24.911144256591797,0.06952649354934692,0.06878025084733963,0.13227924704551697,0.061128199100494385,0.0038333823904395103,0.6515248417854309,23.833040237426758
chain_0405,id_03117,0.06487683206796646,0.025092734023928642,0.08761703968048096,0.024222631007432938,-0.012696901336312294,0.7066851258277893,22.240428924560547,0.11858619004487991,0.09894777089357376,0.19496549665927887,0.09498405456542969,0.02897355705499649,0.643072247505188,23.380252838134766,0.12718531489372253,0.09478285908699036,0.18538813292980194,0.09632536768913269,0.00013647321611642838,0.65107661485672,22.01568031311035,0.11357471346855164,0.04668476805090904,0.10118840634822845,0.03803883492946625,0.04216860234737396,0.5891857147216797,23.15900230407715,0.047041039913892746,0.01830773428082466,0.10116130113601685,0.019770151004195213,0.08305458724498749,0.7338163256645203,22.73975944519043
chain_0406,id_03118,0.34484273195266724,0.27272284030914307,0.3344760537147522,0.2566317617893219,-0.05684918165206909,0.6991233229637146,21.3283634185791,0.14660322666168213,0.08790197968482971,0.18306034803390503,0.08881176263093948,0.02629030868411064,0.5809356570243835,20.877582550048828,0.20859688520431519,0.12636876106262207,0.23116666078567505,0.12241705507040024,-0.06037657707929611,0.6580542325973511,22.388011932373047,0.15391719341278076,0.07626354694366455,0.1368999183177948,0.07940056920051575,-0.002941239159554243,0.6683324575424194,22.64732551574707,0.08123841881752014,0.11592444032430649,0.17855265736579895,0.10970165580511093,-0.062932088971138,0.681562602519989,24.781408309936523
chain_0407,id_01893,0.23150017857551575,0.11743789166212082,0.20834922790527344,0.1123858392238617,0.020909538492560387,0.6519176959991455,26.65403938293457,0.11265654861927032,0.0735558494925499,0.13599169254302979,0.06374745070934296,0.051139213144779205,0.6914510130882263,21.752761840820312,0.015373993664979935,0.031888145953416824,0.14086352288722992,0.03373102471232414,-0.04147027060389519,0.6398615837097168,23.532703399658203,0.14193888008594513,0.09121766686439514,0.18483948707580566,0.08003632724285126,-0.05293627828359604,0.765387773513794,22.740013122558594,0.06768405437469482,0.0749879777431488,0.12214332818984985,0.06011182442307472,-0.057687222957611084,0.7141786813735962,23.787200927734375
chain_0408,id_03119,0.23210938274860382,0.1592278778553009,0.23429332673549652,0.15060703456401825,-0.003828376531600952,0.7382588982582092,20.736831665039062,-0.011485551483929157,0.0017101000994443893,0.05285631865262985,-0.001504044746980071,0.03736945986747742,0.7979929447174072,24.64478302001953,-0.05396217107772827,-0.04698362201452255,0.037438131868839264,-0.04255546256899834,-0.011751238256692886,0.7514251470565796,23.86720848083496,0.05713449418544769,0.05320558696985245,0.1399012804031372,0.05259066820144653,0.012062033638358116,0.7536302804946899,23.768529891967773,0.11131507158279419,0.12692514061927795,0.16073665022850037,0.11731082946062088,0.06804992258548737,0.692389726638794,23.638893127441406
chain_0409,id_01205,0.35163694620132446,0.20092764496803284,0.2900072932243347,0.18933211266994476,0.08311613649129868,0.6151927709579468,22.9566650390625,0.16104525327682495,0.06724021583795547,0.1355723887681961,0.06147792190313339,0.01567371003329754,0.5971943736076355,22.52645492553711,0.05389564484357834,0.027380872517824173,0.08790741860866547,0.02459663338959217,-0.0028311042115092278,0.7015327215194702,21.809856414794922,0.12091200053691864,0.07045856863260269,0.145246684551239,0.06407107412815094,0.0036079962737858295,0.7397127151489258,24.052753448486328,0.10111026465892792,0.03924822807312012,0.0830480232834816,0.04272588714957237,0.03483811020851135,0.6159956455230713,22.453311920166016
chain_0410,id_03120,0.06786202639341354,0.05109706521034241,0.12644697725772858,0.05481753498315811,0.026935799047350883,0.6677186489105225,24.092798233032227,0.07999500632286072,0.03787077218294144,0.10088695585727692,0.03289032354950905,0.07683958858251572,0.6766524314880371,24.291017532348633,0.03720870614051819,0.031491249799728394,0.11682405322790146,0.032736197113990784,0.0028128642588853836,0.5654584765434265,21.235275268554688,0.05185052752494812,0.01950981840491295,0.161327064037323,0.02485867775976658,-0.024255892261862755,0.705727756023407,23.62810516357422,0.04328714311122894,0.013265876099467278,0.1262435019016266,0.02001367323100567,-0.014267836697399616,0.7378082275390625,25.606998443603516
chain_0411,id_00864,0.19823512434959412,0.15951967239379883,0.23458118736743927,0.13656379282474518,0.011567803099751472,0.7722439169883728,24.176389694213867,0.040745317935943604,-0.002304275520145893,0.08342097699642181,-0.0006889124633744359,-0.005048548802733421,0.6297042369842529,25.299755096435547,0.1584717184305191,0.07226446270942688,0.17389659583568573,0.071978360414505,0.06737206876277924,0.7524814605712891,24.931156158447266,0.0031739603728055954,-0.014660073444247246,0.1072816550731659,-0.010715433396399021,0.027897369116544724,0.8168812990188599,24.600988388061523,0.116975337266922,0.07104985415935516,0.15467560291290283,0.07452808320522308,0.09170740842819214,0.7227487564086914,23.587451934814453
chain_0412,id_03121,0.19772642850875854,0.172508105635643,0.2499980628490448,0.16774198412895203,0.0545080304145813,0.6268548369407654,21.07547378540039,0.126324862241745,0.11001430451869965,0.2217106968164444,0.10743068158626556,-0.009874860756099224,0.7645845413208008,24.876998901367188,0.0329335555434227,0.060138896107673645,0.17701254785060883,0.05577593669295311,0.025996055454015732,0.6475949287414551,21.659854888916016,0.1704687923192978,0.176262766122818,0.263363242149353,0.17140190303325653,0.016251610592007637,0.5771729946136475,20.622100830078125,0.1435028463602066,0.13264431059360504,0.1991356760263443,0.12998515367507935,0.0014803716912865639,0.57853102684021,19.994474411010742
chain_0413,id_03122,0.20056036114692688,0.16334132850170135,0.2616491913795471,0.14497511088848114,0.06767065078020096,0.7434389591217041,24.720426559448242,0.06566162407398224,0.08958249539136887,0.19049766659736633,0.08408161252737045,-0.03905969485640526,0.71993488073349,23.425655364990234,0.2014877200126648,0.11290818452835083,0.24443936347961426,0.11904365569353104,-0.013738743029534817,0.7411240339279175,23.72100830078125,0.20903994143009186,0.22714737057685852,0.29443997144699097,0.20594707131385803,0.02315615862607956,0.7107964158058167,24.368986129760742,0.025065649300813675,0.036218076944351196,0.14000841975212097,0.043748319149017334,0.0025074873119592667,0.7181335687637329,22.93391227722168
chain_0414,id_00658,0.17716091871261597,0.0792168378829956,0.14635542035102844,0.06344135105609894,-0.002555480692535639,0.7950379848480225,26.265085220336914,0.057580627501010895,0.04475792869925499,0.1337922364473343,0.0391104556620121,0.03180254250764847,0.7486006021499634,24.685203552246094,-0.02520650252699852,-0.003489709459245205,0.09541425108909607,-0.003589811036363244,-0.023597130551934242,0.7543066143989563,24.0654239654541,0.0747099220752716,0.06562241911888123,0.20806461572647095,0.059412188827991486,-0.02128259837627411,0.7389991283416748,25.152128219604492,0.16736601293087006,0.11774538457393646,0.18561746180057526,0.12327567487955093,-0.005914025008678436,0.49968260526657104,23.106184005737305
chain_0415,id_03123,0.155487522482872,0.10833869874477386,0.1925836205482483,0.10549478232860565,-0.02620614506304264,0.713523268699646,21.723743438720703,0.08600077778100967,0.07754430174827576,0.20030373334884644,0.07145368307828903,0.014032917097210884,0.693181037902832,21.721790313720703,0.08021917939186096,0.01549556665122509,0.0626925379037857,0.013052012771368027,0.016420254483819008,0.704995334148407,23.114320755004883,0.1393129825592041,0.10837002098560333,0.1911373883485794,0.10998650640249252,0.010918378829956055,0.6964648365974426,22.74601173400879,0.11743685603141785,0.11289983987808228,0.1600227952003479,0.10461737215518951,0.012739095836877823,0.7536427974700928,24.802030563354492
chain_0416,id_01354,0.19761259853839874,0.07732991129159927,0.17431360483169556,0.07937910407781601,0.08074504882097244,0.6889531016349792,22.611751556396484,0.08351211249828339,-0.009002569131553173,0.0654476210474968,-0.0008847466087900102,0.08664258569478989,0.6703897714614868,22.051883697509766,0.23212933540344238,0.10629132390022278,0.1893596649169922,0.10778678208589554,0.08669289946556091,0.6902956962585449,23.089685440063477,0.1033022552728653,0.006311544217169285,0.07834266126155853,0.010816959664225578,-0.011055046692490578,0.7226204872131348,23.923614501953125,0.05434001237154007,0.00485977903008461,0.03822861611843109,-0.010228201746940613,-0.0650540292263031,0.765191912651062,23.265830993652344
chain_0417,id_03124,0.05721578001976013,0.08677126467227936,0.24132658541202545,0.09606941789388657,-0.06540472060441971,0.6876625418663025,22.67765235900879,0.08016546070575714,0.019787181168794632,0.15933841466903687,0.016019288450479507,-0.0450887531042099,0.7526766657829285,23.787900924682617,0.09165246784687042,0.06888791918754578,0.11550496518611908,0.06409302353858948,-0.003451399505138397,0.733653724193573,23.873943328857422,0.018076788634061813,0.07673148810863495,0.14946459233760834,0.07570201903581619,-0.012497445568442345,0.7195964455604553,22.74943733215332,0.03387785702943802,0.002945368643850088,0.08136733621358871,0.002907429588958621,-0.06599349528551102,0.7269062995910645,24.00596046447754
chain_0418,id_00635,0.16942360997200012,0.14758983254432678,0.20031008124351501,0.13509151339530945,0.07143142074346542,0.6760573387145996,24.277973175048828,0.07948116213083267,0.07487577199935913,0.14472049474716187,0.07675538212060928,-0.014067688025534153,0.6150366067886353,22.07386016845703,0.05860850587487221,0.03797212988138199,0.12381056696176529,0.035445597022771835,0.07156732678413391,0.7740373611450195,22.671646118164062,-0.00943492166697979,0.011285199783742428,0.10265764594078064,0.009679296053946018,0.04984636977314949,0.7782525420188904,23.831689834594727,0.09234556555747986,0.0755913108587265,0.15260514616966248,0.07131700962781906,0.01900697499513626,0.6590144634246826,24.504032135009766
chain_0419,id_02568,0.21327778697013855,0.12887099385261536,0.19838139414787292,0.11024592816829681,0.005568156950175762,0.7169772982597351,23.89801597595215,0.18457245826721191,0.09526664018630981,0.1853737235069275,0.09622600674629211,0.06075555458664894,0.5355008840560913,22.411930084228516,0.16880425810813904,0.11328449100255966,0.1997721940279007,0.11461266130208969,0.01850740611553192,0.6349900960922241,23.686946868896484,0.13140396773815155,0.07486782968044281,0.14970412850379944,0.07441171258687973,0.008572014048695564,0.8308494091033936,23.376760482788086,0.016811765730381012,0.02016633376479149,0.10162854194641113,0.019234685227274895,0.034449078142642975,0.6825342178344727,22.059255599975586
chain_0420,id_03125,0.11134134232997894,0.09309275448322296,0.19245952367782593,0.09042664617300034,-0.08352203667163849,0.729045033454895,24.606725692749023,0.10943077504634857,0.04114985093474388,0.1460580676794052,0.04182539880275726,0.030016671866178513,0.5837817788124084,23.077329635620117,0.11595524847507477,0.0721956267952919,0.17211264371871948,0.0644356906414032,-0.02978327125310898,0.7728304266929626,22.3280029296875,0.09026417881250381,0.04837837815284729,0.1468178629875183,0.04567543789744377,0.05689025670289993,0.7313746213912964,23.99070167541504,0.09047757089138031,0.06383325159549713,0.15813866257667542,0.06366933882236481,0.013229217380285263,0.6675772666931152,23.602399826049805
chain_0421,id_03126,0.08728895336389542,-0.0003058384172618389,0.10057186335325241,0.0014124300796538591,0.01674732379615307,0.7084711194038391,23.11992835998535,0.05653176084160805,-0.02818286046385765,0.061815083026885986,-0.025993239134550095,0.022906091064214706,0.6754636764526367,23.652236938476562,0.13860270380973816,0.04720776155591011,0.13635778427124023,0.04946652427315712,0.03391117602586746,0.7668903470039368,24.123247146606445,0.04438530653715134,0.03829330950975418,0.07329021394252777,0.028429489582777023,0.061378635466098785,0.7327818274497986,23.310558319091797,-0.007195368874818087,0.01760297641158104,0.11649829149246216,0.01848609559237957,0.004922633990645409,0.7294968366622925,22.617294311523438
chain_0422,id_03127,0.12759767472743988,0.09153764694929123,0.16829678416252136,0.09386313706636429,0.014898208901286125,0.7392497062683105,21.85432243347168,0.14389008283615112,0.05906258150935173,0.10854856669902802,0.05238370597362518,0.029330331832170486,0.7438564300537109,23.518306732177734,0.12352046370506287,0.10341143608093262,0.22100456058979034,0.09871487319469452,-0.07866998016834259,0.6510789394378662,22.599239349365234,0.19966119527816772,0.116646409034729,0.1651577204465866,0.10681214928627014,0.0874403864145279,0.7939575910568237,22.294004440307617,0.12207730859518051,0.10157133638858795,0.17100559175014496,0.09565377980470657,0.09035682678222656,0.7627202272415161,24.248245239257812
chain_0423,id_02227,0.2072334885597229,0.10747487097978592,0.23276843130588531,0.10527374595403671,0.09148132801055908,0.6562462449073792,23.45688819885254,0.13836461305618286,0.04800747334957123,0.1203678697347641,0.04376078024506569,-0.0342588908970356,0.8390952348709106,25.335311889648438,-0.013244151137769222,0.0004874495789408684,0.07298693060874939,0.005239337682723999,-0.03135991096496582,0.6598016023635864,23.155668258666992,-0.012710794806480408,0.01462111808359623,0.10993480682373047,0.015125405974686146,-0.08391481637954712,0.7355111837387085,24.223291397094727,0.0038455850444734097,0.01346852071583271,0.08609818667173386,0.012469873763620853,0.011385060846805573,0.7564046382904053,23.17753028869629
chain_0424,id_02343,0.26315397024154663,0.16020458936691284,0.2531791627407074,0.15388533473014832,-0.06289315223693848,0.5366235971450806,22.239730834960938,0.1680395007133484,0.11380243301391602,0.20477861166000366,0.11337446421384811,0.013914734125137329,0.6742161512374878,23.315059661865234,0.11509881168603897,0.04974614456295967,0.13845106959342957,0.047452908009290695,0.026000112295150757,0.6288868188858032,23.059816360473633,0.1380927562713623,0.08397763967514038,0.16855064034461975,0.09005025029182434,-0.026596566662192345,0.6938856840133667,22.77047348022461,0.05999210476875305,0.03872670978307724,0.12509921193122864,0.04535098746418953,0.0379912331700325,0.6916645765304565,24.384845733642578
chain_0425,id_03128,0.14097651839256287,0.03579239547252655,0.15711481869220734,0.04697354510426521,-0.026449335739016533,0.6428031921386719,23.723909378051758,0.06790255010128021,0.058020878583192825,0.1676476150751114,0.05397700518369675,-0.005200246814638376,0.7851630449295044,21.39720916748047,0.0818941742181778,0.07211451232433319,0.13982130587100983,0.07017333805561066,-0.032043058425188065,0.6996753215789795,23.338504791259766,0.25549063086509705,0.17637598514556885,0.2572411298751831,0.15084999799728394,0.02307118847966194,0.6944509744644165,23.17693519592285,0.04573711007833481,0.025586476549506187,0.1087627187371254,0.02220933511853218,-0.048646457493305206,0.7517737150192261,21.949947357177734
chain_0426,id_03129,0.15924608707427979,0.15429173409938812,0.23295821249485016,0.15439963340759277,-0.00950068049132824,0.5830565094947815,24.950937271118164,0.070001982152462,0.038631606847047806,0.1359076201915741,0.037664126604795456,-0.013348115608096123,0.7206521034240723,23.875093460083008,0.12157052755355835,0.08413384109735489,0.1694617122411728,0.08863421529531479,0.009484371170401573,0.6114026308059692,24.224353790283203,0.1553530991077423,0.07882855832576752,0.13690222799777985,0.0789121687412262,-0.005556388758122921,0.6141233444213867,24.189594268798828,0.1113990843296051,0.06586755067110062,0.1600877046585083,0.07375715672969818,-0.023343302309513092,0.6457716226577759,25.50077247619629
chain_0427,id_02389,0.19991253316402435,0.06389893591403961,0.14754325151443481,0.0715399980545044,-0.02695775032043457,0.6145220994949341,21.063114166259766,0.11417116224765778,0.026032138615846634,0.11457427591085434,0.03082207404077053,-0.04600224271416664,0.757408618927002,24.506559371948242,0.17851567268371582,0.0912545844912529,0.17155416309833527,0.09112828224897385,-0.05929109454154968,0.6868612170219421,22.776273727416992,0.01590389758348465,-0.0068137566559016705,0.06705132871866226,-0.012556105852127075,0.08023200929164886,0.715590238571167,22.755685806274414,0.15624552965164185,0.05070428177714348,0.1515563428401947,0.04773183912038803,0.013792373239994049,0.5733452439308167,23.15772819519043
chain_0428,id_03130,0.16834671795368195,0.132872074842453,0.18497316539287567,0.11609865725040436,-0.0595364049077034,0.6581509113311768,21.378398895263672,0.036268655210733414,0.04815742373466492,0.15951421856880188,0.049140334129333496,0.02923453226685524,0.7468946576118469,22.317981719970703,0.0697612389922142,0.06307119131088257,0.14485397934913635,0.05734732374548912,-0.01142854429781437,0.67696613073349,19.874853134155273,0.07554220408201218,0.09757166355848312,0.19020718336105347,0.09555383026599884,0.07128043472766876,0.7852981090545654,21.686878204345703,0.09668044000864029,0.007469856645911932,0.09318354725837708,0.011243616230785847,0.012202039361000061,0.7099553942680359,22.942955017089844
chain_0429,id_00527,0.10477297008037567,0.07380889356136322,0.17412012815475464,0.08039423823356628,0.00588239124044776,0.7463268041610718,24.81916046142578,-0.019583802670240402,0.0661548525094986,0.1330394446849823,0.06400640308856964,0.010906314477324486,0.691217303276062,23.260822296142578,0.0007122643291950226,0.020187102258205414,0.11258149147033691,0.01736578904092312,-0.012994950637221336,0.7524935007095337,24.251407623291016,0.03357670456171036,0.08860231935977936,0.15706831216812134,0.08279356360435486,0.06557446718215942,0.7844793796539307,25.367223739624023,-0.03902951627969742,0.005502346903085709,0.10076814889907837,0.0033297811169177294,0.022403929382562637,0.8364195823669434,24.687828063964844
chain_0430,id_03131,0.015530891716480255,0.012370169162750244,0.09120833873748779,0.014247383922338486,0.05627305805683136,0.7228660583496094,23.644990921020508,0.05404147505760193,0.030567936599254608,0.11319094896316528,0.032805342227220535,0.051269374787807465,0.6716392040252686,24.399219512939453,0.18750035762786865,0.12259089946746826,0.21747875213623047,0.1168917641043663,0.07773976027965546,0.7225263118743896,22.595521926879883,0.17026633024215698,0.12327959388494492,0.1951095014810562,0.12399593740701675,0.03296946734189987,0.7762055397033691,23.525304794311523,0.056897006928920746,0.046298421919345856,0.12256646156311035,0.0420018695294857,-0.023707028478384018,0.708575963973999,23.1468505859375
chain_0431,id_03132,0.3998771607875824,0.30152082443237305,0.36636245250701904,0.29038554430007935,0.036084115505218506,0.6585626602172852,21.432180404663086,0.15513107180595398,0.09345272183418274,0.14881807565689087,0.09063604474067688,-0.0043172030709683895,0.747176468372345,20.75187110900879,0.17176339030265808,0.1001371443271637,0.1905498206615448,0.10774286836385727,0.07851773500442505,0.6811999082565308,21.077953338623047,0.017144696786999702,0.010568460449576378,0.10221610963344574,0.017515044659376144,-0.0004261378198862076,0.7340415120124817,21.835296630859375,-0.027528153732419014,-0.005420774221420288,0.07779817283153534,-0.009026577696204185,-0.060329705476760864,0.7635750770568848,22.13125991821289
chain_0432,id_03133,0.08186347782611847,0.04837649688124657,0.0906330794095993,0.039528194814920425,0.06973381340503693,0.7048249244689941,21.211912155151367,0.13000069558620453,0.05709782987833023,0.15386727452278137,0.06690379977226257,0.023407138884067535,0.7285349369049072,21.6744384765625,0.06993293762207031,0.04893436282873154,0.11523251980543137,0.050381653010845184,0.07901781052350998,0.6989192962646484,21.3924503326416,0.17427724599838257,0.08905646950006485,0.14721526205539703,0.08339055627584457,0.059457652270793915,0.7294454574584961,22.740583419799805,0.08504682779312134,0.07123461365699768,0.1255761981010437,0.06715115159749985,0.07857847213745117,0.6954535245895386,21.03780174255371
chain_0433,id_01485,0.0807666927576065,0.0844784751534462,0.15211132168769836,0.08694527298212051,-0.03711828589439392,0.7122057676315308,23.266639709472656,0.01707543060183525,0.006569906137883663,0.07151816040277481,0.006489240564405918,0.003209162037819624,0.6922768354415894,22.05561065673828,0.0427585244178772,0.028478316962718964,0.11951421946287155,0.03174879029393196,-0.019190233200788498,0.7459790706634521,22.960159301757812,-0.066763736307621,-0.009396549314260483,0.06994754076004028,-0.006881891284137964,-0.044570498168468475,0.6464599370956421,20.7083740234375,0.07175557315349579,0.03815409913659096,0.11172343045473099,0.036768436431884766,-0.04552540183067322,0.6742217540740967,21.206777572631836
chain_0434,id_03134,0.046138010919094086,0.012952804565429688,0.08207505196332932,0.010938946157693863,0.1011505275964737,0.8197053670883179,23.924476623535156,0.14704060554504395,0.06486136466264725,0.15594078600406647,0.05678762122988701,0.0236392579972744,0.7186394929885864,23.047609329223633,0.10035054385662079,0.056145861744880676,0.08503130078315735,0.04646105691790581,-0.016096673905849457,0.7779063582420349,24.199417114257812,-0.035101644694805145,-0.05536080524325371,0.027355751022696495,-0.06960482150316238,0.03892876207828522,0.8236134052276611,21.845247268676758,0.01167088933289051,0.010420882143080235,0.06401611864566803,0.011089450679719448,0.020921826362609863,0.7421575784683228,24.160476684570312
chain_0435,id_03135,0.15439358353614807,0.11995811015367508,0.16602648794651031,0.11599137634038925,-0.021726906299591064,0.6442316770553589,26.168031692504883,0.1958916038274765,0.1535148322582245,0.23652797937393188,0.15309692919254303,0.04866169020533562,0.6892719268798828,24.317434310913086,0.08094250410795212,0.05530746653676033,0.15547889471054077,0.05399888753890991,0.03394979238510132,0.7430787086486816,23.11050796508789,0.11950875073671341,0.06021472066640854,0.13427338004112244,0.057477522641420364,-0.033876217901706696,0.7145489454269409,23.9243106842041,0.11803589016199112,0.08885319530963898,0.15698090195655823,0.08801078051328659,-0.004485880024731159,0.6146487593650818,23.832815170288086
chain_0436,id_03136,0.12627166509628296,0.056168604642152786,0.1285882294178009,0.04460042342543602,0.03955972194671631,0.720766544342041,23.104022979736328,0.07775427401065826,0.0691680759191513,0.15673811733722687,0.07468640804290771,-0.014221994206309319,0.6417320966720581,22.97613525390625,0.09555238485336304,0.06950157880783081,0.15401020646095276,0.06965671479701996,-0.0422806590795517,0.7074742317199707,25.01047706604004,-0.03861984983086586,-0.006598389707505703,0.08344858139753342,-0.004240439273416996,-0.016819102689623833,0.7217527627944946,26.991193771362305,0.09350979328155518,0.0648021399974823,0.12536633014678955,0.051535069942474365,0.024097593501210213,0.7710586786270142,25.27956199645996
chain_0437,id_03137,0.16157595813274384,0.10109636187553406,0.205236554145813,0.10548786073923111,0.03031201846897602,0.7215555906295776,24.334884643554688,-0.009298300370573997,-0.02892330102622509,0.06088608503341675,-0.03351961448788643,-0.07552097737789154,0.7333701848983765,23.214717864990234,-0.0016853958368301392,0.003546989057213068,0.06409576535224915,0.005290572997182608,-0.05859437212347984,0.6570900678634644,23.50812530517578,0.08369922637939453,0.03915077820420265,0.10827697813510895,0.04195225611329079,0.002630048431456089,0.5518405437469482,24.408430099487305,-0.01637009158730507,-0.01835511066019535,0.03626513481140137,-0.02270841971039772,-0.047504641115665436,0.6761825084686279,22.518451690673828
chain_0438,id_03138,0.24514120817184448,0.15184414386749268,0.21971754729747772,0.13804902136325836,-0.014649384655058384,0.7215757369995117,21.13856315612793,0.10384997725486755,0.06900142133235931,0.13780777156352997,0.06721237301826477,0.005074029788374901,0.7180935144424438,22.171802520751953,0.06662315130233765,0.04051241651177406,0.1123938113451004,0.052135806530714035,0.03981658071279526,0.7533264756202698,19.79452133178711,0.17446163296699524,0.14026187360286713,0.22714263200759888,0.12868592143058777,0.103844553232193,0.7304912805557251,23.1468505859375,0.14941194653511047,0.10253476351499557,0.17225925624370575,0.09146472066640854,0.04367510974407196,0.7426074743270874,21.004131317138672
chain_0439,id_03139,0.17033028602600098,0.09603753685951233,0.20152658224105835,0.09986735880374908,0.009288974106311798,0.6385834217071533,22.41837501525879,0.06104786694049835,0.019471215084195137,0.07794225215911865,0.02185370959341526,0.01614459604024887,0.5595345497131348,23.101642608642578,0.03849504888057709,0.031530462205410004,0.09178273379802704,0.03370605409145355,0.1439289152622223,0.7632769346237183,23.128692626953125,0.06961438059806824,0.04261104017496109,0.08239716291427612,0.04071841761469841,-0.002724932972341776,0.7122275829315186,22.23719596862793,0.029381349682807922,-0.015524812042713165,0.05618830770254135,-0.013105610385537148,0.07123106718063354,0.7947012782096863,22.92752456665039
chain_0440,id_03140,0.25383108854293823,0.16209280490875244,0.2592502236366272,0.1580350697040558,0.03450131043791771,0.6066576242446899,22.174135208129883,0.22689346969127655,0.06820154190063477,0.23024198412895203,0.06466128677129745,0.030822785571217537,0.6130985021591187,22.87167739868164,0.11239974200725555,0.028157880529761314,0.12957055866718292,0.02870916575193405,0.035550568252801895,0.642099142074585,22.615262985229492,0.07201087474822998,0.025559671223163605,0.09617803990840912,0.024069607257843018,-0.018366239964962006,0.6228420734405518,24.40753746032715,0.13381995260715485,0.09824757277965546,0.17371633648872375,0.09193389117717743,-0.038554903119802475,0.6509774923324585,22.060285568237305
chain_0441,id_03141,0.19106902182102203,0.16135841608047485,0.256031334400177,0.15275557339191437,0.03855622932314873,0.6177957057952881,22.220623016357422,0.16044683754444122,0.13879814743995667,0.19459138810634613,0.12407948821783066,0.041658736765384674,0.7740174531936646,22.408769607543945,0.07215918600559235,0.09862428903579712,0.17032888531684875,0.09728341549634933,0.048540666699409485,0.7218108177185059,23.266510009765625,0.07350388914346695,-0.006019948050379753,0.08894050121307373,-0.0035468682181090117,0.016701964661478996,0.7983695268630981,23.679697036743164,0.07564163208007812,0.04785905033349991,0.11475634574890137,0.04443833604454994,0.018811656162142754,0.7303206920623779,22.580888748168945
chain_0442,id_03142,0.2524145841598511,0.12011773884296417,0.23252275586128235,0.11107408255338669,0.02593306079506874,0.7767177820205688,24.874706268310547,0.08635610342025757,0.03003566339612007,0.0931410938501358,0.030097495764493942,-0.04780822619795799,0.6631598472595215,23.143077850341797,0.09023188054561615,-0.019730113446712494,0.07456986606121063,-0.010822070762515068,0.022006288170814514,0.5997840762138367,25.090110778808594,0.04617254436016083,0.036505695432424545,0.10832181572914124,0.03276621922850609,-0.00151005107909441,0.7375326752662659,22.337873458862305,-0.014149941504001617,-0.004134243819862604,0.0896153599023819,-0.003482332220301032,-0.03022848442196846,0.6816992163658142,20.36663055419922
chain_0443,id_00239,0.19208768010139465,0.08319002389907837,0.1407437026500702,0.0777665227651596,0.047787897288799286,0.6887162923812866,23.319406509399414,0.14239953458309174,0.060880277305841446,0.17413020133972168,0.05759147182106972,-0.018557313829660416,0.7398663759231567,22.862300872802734,0.12755054235458374,0.06944011151790619,0.12052249908447266,0.06894227862358093,-0.02103928104043007,0.7341830730438232,23.384807586669922,0.027942625805735588,0.013391276821494102,0.12042762339115143,0.020961254835128784,-0.01833823323249817,0.6477665901184082,24.49399757385254,0.15512187778949738,0.07134614884853363,0.19556087255477905,0.08344856649637222,0.008723301813006401,0.6786596775054932,24.17224884033203
chain_0444,id_02277,0.2551666498184204,0.14563685655593872,0.2286398708820343,0.1280784010887146,0.03760623186826706,0.6464771032333374,23.76724624633789,0.1184598058462143,0.0741555392742157,0.14368122816085815,0.07217823714017868,-0.07245741784572601,0.6781870126724243,24.57236099243164,0.25006338953971863,0.15095390379428864,0.28263038396835327,0.15049687027931213,0.022232254967093468,0.6694689989089966,23.20900535583496,0.018214235082268715,0.015551969408988953,0.09102842956781387,0.022623490542173386,-0.09301484376192093,0.7193440794944763,26.076839447021484,0.10701748728752136,0.040583498775959015,0.17132145166397095,0.04550265148282051,0.0006635331083089113,0.5475081205368042,23.045272827148438
chain_0445,id_03143,0.03556349128484726,0.005834778305143118,0.07709866017103195,0.006104825995862484,0.05695105716586113,0.7428675293922424,23.431751251220703,0.14077892899513245,0.05767001956701279,0.1253906637430191,0.05458339676260948,-0.04832673817873001,0.8254786729812622,24.04134750366211,0.004198612179607153,0.031477637588977814,0.12146146595478058,0.02997164987027645,0.033050380647182465,0.804075300693512,22.98978614807129,0.17249709367752075,0.054355550557374954,0.1521649956703186,0.055110473185777664,0.005508100613951683,0.8249119520187378,24.036418914794922,0.04996855556964874,0.020916730165481567,0.10388416796922684,0.027033081278204918,0.02019008807837963,0.799405038356781,21.712276458740234
chain_0446,id_03144,0.0677662342786789,0.05855395644903183,0.14211881160736084,0.05580560490489006,0.0031449543312191963,0.6826282739639282,23.042003631591797,0.029088063165545464,8.437735959887505e-05,0.09281109273433685,-0.0018635106971487403,0.010567709803581238,0.6757480502128601,20.85907745361328,0.13379892706871033,0.10273273289203644,0.1762077957391739,0.09694495797157288,-0.018571604043245316,0.7698718905448914,22.149484634399414,0.05544721335172653,0.06435393542051315,0.1393519937992096,0.05900443717837334,0.05009181797504425,0.7566264867782593,22.07269859313965,0.0737958550453186,0.08527171611785889,0.13095884025096893,0.07859398424625397,-0.011673117987811565,0.7519427537918091,23.206926345825195
chain_0447,id_03145,0.03038567677140236,0.01653112843632698,0.1389121264219284,0.01835409738123417,-0.03417974337935448,0.8356411457061768,24.58603858947754,0.21769492328166962,0.1100761666893959,0.20467796921730042,0.11262018978595734,-0.11832722276449203,0.6906384825706482,22.706212997436523,0.0888739675283432,0.040456969290971756,0.12809866666793823,0.04012984409928322,0.013368545100092888,0.7510567903518677,22.373266220092773,-0.023536143824458122,-0.008699885569512844,0.05245411396026611,-0.010630501434206963,-0.008233082480728626,0.6785401105880737,22.509517669677734,0.030492115765810013,0.01142350398004055,0.10376612842082977,0.0030478809494525194,0.11807190626859665,0.7840221524238586,21.742382049560547
chain_0448,id_03146,0.22390425205230713,0.15413802862167358,0.24246060848236084,0.15376660227775574,0.05695991590619087,0.6979801654815674,22.442209243774414,0.07930322736501694,0.031246673315763474,0.1007024422287941,0.031170742586255074,-0.008519792929291725,0.7191967964172363,23.267677307128906,0.15996789932250977,0.0917588621377945,0.15865109860897064,0.08735577017068863,-0.004246673546731472,0.7054551839828491,22.630041122436523,0.07702112942934036,0.01702774688601494,0.08768859505653381,0.01794174127280712,-0.047715652734041214,0.7004531621932983,22.456871032714844,0.14950284361839294,0.04080615192651749,0.08729854971170425,0.0375894196331501,0.02078281342983246,0.6793028116226196,22.685741424560547
chain_0449,id_03147,0.21275094151496887,0.14666667580604553,0.19725599884986877,0.13715697824954987,0.012743971310555935,0.6949586272239685,22.110536575317383,0.15998296439647675,0.11508746445178986,0.1734600067138672,0.10688874125480652,0.024245306849479675,0.6686884760856628,22.944520950317383,0.19425129890441895,0.11392024159431458,0.20047062635421753,0.10465383529663086,0.11158755421638489,0.661345362663269,22.61371421813965,0.20509988069534302,0.10973379015922546,0.1855442374944687,0.10398770123720169,-0.017643611878156662,0.6764787435531616,23.653980255126953,0.11726268380880356,0.12357877194881439,0.19632665812969208,0.11461225897073746,0.01656673476099968,0.6233221888542175,23.61099624633789
chain_0450,id_02065,0.08385716378688812,0.05806969106197357,0.11936978250741959,0.05608508363366127,-0.002684866078197956,0.6973464488983154,25.081823348999023,0.1261845827102661,0.03913982957601547,0.13878950476646423,0.04653220251202583,0.014478152617812157,0.69980788230896,24.271072387695312,0.23039346933364868,0.16589197516441345,0.27905917167663574,0.15941722691059113,-0.04064744710922241,0.6652851104736328,23.24188995361328,0.24893778562545776,0.17867355048656464,0.2484532594680786,0.16684260964393616,0.09115947782993317,0.6222414970397949,22.25717544555664,0.06557260453701019,0.06041301041841507,0.1596517562866211,0.057708051055669785,0.037372007966041565,0.6827483177185059,24.471450805664062
chain_0451,id_01368,0.2234773188829422,0.09307650476694107,0.2173212170600891,0.08971960842609406,-0.07382967323064804,0.7013257741928101,22.393962860107422,0.0912783294916153,0.08056032657623291,0.17250625789165497,0.07634052634239197,-0.02540895715355873,0.7115424871444702,22.26052474975586,0.1565292775630951,0.06555113941431046,0.1608354151248932,0.07263528555631638,-0.0002060476690530777,0.7470227479934692,23.369094848632812,0.14367735385894775,0.07946744561195374,0.19404862821102142,0.08045081794261932,-0.013701205141842365,0.7857789993286133,22.346864700317383,0.060861486941576004,0.023450786247849464,0.1413736343383789,0.02574138529598713,-0.04239679127931595,0.7593328356742859,22.57813262939453
chain_0452,id_01649,0.12118533998727798,0.08763538300991058,0.1959456205368042,0.07308268547058105,0.032868336886167526,0.6920312643051147,22.093570709228516,0.15267732739448547,0.06022217497229576,0.13658151030540466,0.05988658219575882,0.06960238516330719,0.7758516073226929,25.390329360961914,0.04886029660701752,0.01027262955904007,0.0896615982055664,0.018850620836019516,0.047521743923425674,0.7878031134605408,23.30702781677246,0.12382577359676361,0.06439720094203949,0.15468186140060425,0.06561141461133957,0.10153079032897949,0.6462548971176147,22.061115264892578,0.13102664053440094,0.07542003691196442,0.15609025955200195,0.06387566030025482,0.06763646006584167,0.7069704532623291,22.836320877075195
chain_0453,id_01645,0.3439916670322418,0.1991771012544632,0.30970174074172974,0.19765280187129974,-0.04065029323101044,0.6602340936660767,22.15528678894043,0.10229349136352539,0.07870661467313766,0.14254304766654968,0.06288374960422516,-0.011043298989534378,0.7234929800033569,20.75513458251953,0.1375502347946167,0.09196008741855621,0.14746877551078796,0.08011319488286972,-0.07613011449575424,0.7415457963943481,19.87602424621582,0.08326166868209839,0.04075751453638077,0.10797613859176636,0.035780828446149826,-0.07456482946872711,0.6597535610198975,19.055755615234375,0.11722821742296219,0.06253723800182343,0.1276712715625763,0.062342867255210876,-0.03772111237049103,0.7365331053733826,23.245864868164062
chain_0454,id_03148,0.07938221096992493,0.020979871973395348,0.11892484873533249,0.02215372398495674,-0.0817277729511261,0.7425439357757568,22.84235382080078,0.1329459398984909,0.07528156042098999,0.15153615176677704,0.07347165793180466,-0.02846883237361908,0.7575641870498657,23.853586196899414,0.013061151839792728,0.029110096395015717,0.10701411217451096,0.027805734425783157,0.010244043543934822,0.726021409034729,22.915071487426758,0.05091175064444542,0.0658792108297348,0.167801633477211,0.05827978998422623,0.07065202295780182,0.6097459197044373,21.29972267150879,0.03903478384017944,0.045758068561553955,0.10708217322826385,0.040832746773958206,0.001474551623687148,0.728381872177124,23.18667221069336
chain_0455,id_03149,0.16075508296489716,0.13051259517669678,0.19795414805412292,0.1177416741847992,-0.009983185678720474,0.6805117726325989,22.331378936767578,0.0737006664276123,0.04616578295826912,0.08832728117704391,0.0492144338786602,-0.07256168127059937,0.6847648024559021,23.106443405151367,0.03562934696674347,-0.03276228904724121,0.1297694742679596,-0.02576150745153427,-0.005362359806895256,0.7631431818008423,22.986881256103516,0.015990151092410088,0.029423626139760017,0.1045309454202652,0.02850649319589138,0.048340778797864914,0.7075326442718506,23.060932159423828,0.014467205852270126,-0.038488999009132385,0.039957836270332336,-0.030946742743253708,-0.01126566156744957,0.7172836065292358,24.057641983032227
chain_0456,id_03150,0.08280542492866516,0.03389936685562134,0.13144908845424652,0.0398971252143383,0.07076424360275269,0.7401886582374573,24.728731155395508,0.06732820719480515,0.016391126438975334,0.13629192113876343,0.024584641680121422,-0.0183174479752779,0.7193474769592285,23.564857482910156,0.017070721834897995,-0.025285163894295692,0.06397082656621933,-0.018877489492297173,-0.011006607674062252,0.7620121836662292,22.634634017944336,0.10297632962465286,0.06927210092544556,0.1469685435295105,0.062984399497509,-0.002849819138646126,0.7688574194908142,23.297828674316406,0.08289842307567596,0.028284791857004166,0.11916472017765045,0.025934405624866486,0.007797295693308115,0.646530032157898,22.812700271606445
chain_0457,id_00721,0.18095454573631287,0.0665675550699234,0.12989339232444763,0.06395409256219864,-0.013238312676548958,0.6165894269943237,21.939599990844727,0.14862686395645142,0.10109551250934601,0.17395302653312683,0.1042180135846138,0.016968432813882828,0.7744619846343994,24.419496536254883,0.1452142298221588,0.11045147478580475,0.18756058812141418,0.10763469338417053,0.012509171850979328,0.5984781980514526,22.150907516479492,0.10470157861709595,0.03972002491354942,0.10403918474912643,0.026241134852170944,-0.07139760255813599,0.7469841241836548,20.968582153320312,0.03069493919610977,0.04032227769494057,0.16153371334075928,0.04368806257843971,-0.016411975026130676,0.6854924559593201,22.361703872680664
chain_0458,id_03151,0.12208199501037598,0.010054893791675568,0.12677568197250366,0.015323322266340256,0.07713329792022705,0.7391628623008728,21.3980712890625,0.12159152328968048,0.07059335708618164,0.13597436249256134,0.06389567255973816,-0.012165682390332222,0.6268528699874878,24.07089614868164,0.07460470497608185,0.03983745723962784,0.13596859574317932,0.02870497852563858,0.027378035709261894,0.7596153020858765,23.21590232849121,0.08846038579940796,0.0405716747045517,0.18855798244476318,0.05076072737574577,0.08467339724302292,0.7428910732269287,24.080106735229492,0.07906138896942139,0.09778866171836853,0.2059250771999359,0.08914920687675476,0.011142787523567677,0.6755796670913696,24.306148529052734
chain_0459,id_01697,0.28127801418304443,0.17831569910049438,0.23916657269001007,0.18251238763332367,-0.00922507792711258,0.6169236898422241,23.328052520751953,0.31268396973609924,0.2732505202293396,0.35037630796432495,0.2679857611656189,-0.03072720766067505,0.5973418951034546,21.26202392578125,0.2786393165588379,0.219419926404953,0.28324049711227417,0.2095208764076233,-0.030049985274672508,0.4878077805042267,20.677494049072266,0.20439442992210388,0.1580876260995865,0.20821577310562134,0.16005970537662506,0.03736812621355057,0.6781236529350281,21.68293571472168,0.2108113318681717,0.15374046564102173,0.23219607770442963,0.1556588113307953,-0.0038886438123881817,0.7141433954238892,22.00409507751465
chain_0460,id_03152,0.18119987845420837,0.1211010217666626,0.19338375329971313,0.10975506901741028,-0.08186811208724976,0.673382043838501,22.525592803955078,0.05855998396873474,0.05959354341030121,0.11318275332450867,0.05555204674601555,-0.05112319812178612,0.7316248416900635,22.54120635986328,0.09116789698600769,0.03295861929655075,0.0949975997209549,0.023559756577014923,-0.05978858098387718,0.6874080896377563,24.521093368530273,0.10726222395896912,0.0812811478972435,0.13767018914222717,0.07094218581914902,0.008764740079641342,0.7031214833259583,21.891550064086914,0.0332937091588974,0.026671165600419044,0.09979718178510666,0.02783113159239292,-0.030908888205885887,0.8045189380645752,23.236209869384766
chain_0461,id_03153,0.0758388340473175,0.02946503460407257,0.1684858351945877,0.027926001697778702,-0.08040447533130646,0.6963834762573242,23.740182876586914,0.20322349667549133,0.14432762563228607,0.24203374981880188,0.12758338451385498,-0.041069887578487396,0.8345226645469666,23.312490463256836,0.06661166250705719,-0.006610816344618797,0.08120164275169373,-0.00030020426493138075,0.01568467542529106,0.7133758664131165,24.92801284790039,-0.05045662075281143,-0.05339789390563965,0.059679996222257614,-0.05094760283827782,0.0027214139699935913,0.770221471786499,24.367053985595703,-0.01986696571111679,-0.02570211887359619,0.06785523146390915,-0.013953642919659615,-0.06276857852935791,0.6816785335540771,23.655132293701172
chain_0462,id_03154,0.20164301991462708,0.1325506716966629,0.22147783637046814,0.11981301754713058,-0.03972459211945534,0.672522783279419,23.395551681518555,0.12714532017707825,0.0725686326622963,0.19143395125865936,0.07930444926023483,0.03800462186336517,0.7442676424980164,25.954381942749023,-0.015417044050991535,-0.002271357923746109,0.07244275510311127,-0.0015397830866277218,0.06671668589115143,0.6950908303260803,21.907634735107422,0.174148291349411,0.127583846449852,0.20789813995361328,0.10370901972055435,0.06045512855052948,0.8390874862670898,24.13699722290039,0.09730591624975204,0.06277965009212494,0.11749778687953949,0.053753867745399475,0.07917613536119461,0.7274659872055054,23.810823440551758
chain_0463,id_03155,0.03859665244817734,-0.0022383835166692734,0.061369433999061584,-0.011671924032270908,-0.02790161222219467,0.7477821707725525,23.1748046875,0.0016706045717000961,-0.02391490712761879,0.0614326149225235,-0.01863480918109417,0.0150863416492939,0.7747089862823486,21.597511291503906,0.06218796223402023,0.0756789967417717,0.13014063239097595,0.07094087451696396,0.0027631730772554874,0.7135797142982483,20.100862503051758,-0.03138772025704384,0.023027028888463974,0.10523783415555954,0.03504285588860512,0.10372316837310791,0.5000649094581604,20.754030227661133,0.06440791487693787,-0.005975968204438686,0.04050148278474808,-0.005858866963535547,-0.05388840287923813,0.7292180061340332,23.33668327331543
chain_0464,id_03156,-0.010248946025967598,-0.01704154908657074,0.09758292138576508,-0.01291657518595457,-0.036791738122701645,0.6170635223388672,21.75175666809082,0.01289360225200653,-0.03885521739721298,0.08273761719465256,-0.03642536327242851,0.010775510221719742,0.6815239191055298,22.028785705566406,0.0254968348890543,0.01689118705689907,0.0746288150548935,0.01861257292330265,-0.004246389493346214,0.7637190818786621,24.656051635742188,0.11070756614208221,0.06830230355262756,0.15457147359848022,0.06796581298112869,0.032553188502788544,0.8411611318588257,23.03759765625,0.04393920674920082,0.05713042616844177,0.10155200213193893,0.04600001126527786,-0.034128159284591675,0.7634907960891724,23.32587432861328
chain_0465,id_02518,0.23058342933654785,0.10387174040079117,0.23488286137580872,0.10662254691123962,0.03900934010744095,0.5884101390838623,21.499372482299805,0.15523874759674072,0.06595911085605621,0.16519661247730255,0.05823144689202309,-0.005211832467466593,0.6336583495140076,22.562198638916016,0.24018330872058868,0.12844055891036987,0.18788793683052063,0.10942039638757706,-0.037940412759780884,0.6678374409675598,21.44840431213379,0.07342008501291275,0.022564273327589035,0.10169722139835358,0.027528051286935806,-0.05000024661421776,0.6898114085197449,22.12457275390625,0.06542074680328369,0.06001052260398865,0.16083909571170807,0.055517058819532394,-0.10005711019039154,0.661413311958313,21.118270874023438
chain_0466,id_03157,0.2642240524291992,0.19553184509277344,0.3140622079372406,0.19581514596939087,-0.07240091264247894,0.7321789264678955,24.519990921020508,0.21980787813663483,0.1317799836397171,0.2186393439769745,0.1331545114517212,0.005885882303118706,0.7215126752853394,24.1252498626709,0.15314462780952454,0.14089831709861755,0.1855023205280304,0.12691324949264526,0.015981007367372513,0.6606044769287109,23.77511215209961,0.33105558156967163,0.2567872405052185,0.3467140197753906,0.23943692445755005,0.04424532502889633,0.6910991072654724,21.660385131835938,0.18329444527626038,0.13251054286956787,0.22050271928310394,0.13022387027740479,0.07020819932222366,0.6369575262069702,22.917329788208008
chain_0467,id_03158,0.029642920941114426,0.028947360813617706,0.12301035970449448,0.03836606815457344,0.01854088343679905,0.6460871696472168,23.093402862548828,0.1149749755859375,0.06822334229946136,0.17302334308624268,0.06711225211620331,-0.05477946251630783,0.7180336713790894,24.249238967895508,0.09291134774684906,0.07701960951089859,0.13468465209007263,0.06879083812236786,0.036520928144454956,0.7277435064315796,23.09197425842285,-0.07241879403591156,0.009227491915225983,0.0925520658493042,0.014630305580794811,0.03180338814854622,0.7275350093841553,22.72824478149414,0.011654963716864586,-0.002012452110648155,0.05726570636034012,-0.0016625068383291364,0.011706134304404259,0.4961296319961548,23.7587947845459
chain_0468,id_03159,0.15498371422290802,0.12750433385372162,0.21730634570121765,0.12220172584056854,0.011091798543930054,0.586239218711853,23.67737579345703,0.09568454325199127,0.06361811608076096,0.11171277612447739,0.047500286251306534,-0.0032311780378222466,0.5014231204986572,22.849239349365234,-0.01811818778514862,0.016655143350362778,0.10895251482725143,0.014348262920975685,0.053380947560071945,0.711712121963501,24.814252853393555,0.05981070175766945,0.08782704919576645,0.1526791900396347,0.088821180164814,0.014971642754971981,0.6960751414299011,24.16969108581543,0.010791044682264328,0.04958062618970871,0.11313757300376892,0.05084013193845749,0.026183025911450386,0.7353505492210388,22.415063858032227
chain_0469,id_02693,0.1902470588684082,0.16409306228160858,0.21316930651664734,0.15905547142028809,0.07212340831756592,0.5505960583686829,21.169029235839844,0.2191113531589508,0.14874085783958435,0.2316361963748932,0.15049929916858673,-0.02488662302494049,0.628406286239624,20.751447677612305,0.07376201450824738,0.06585600972175598,0.131730318069458,0.05582408234477043,0.002382364124059677,0.6885665655136108,21.351808547973633,0.04940091446042061,0.06668707728385925,0.13595767319202423,0.060103658586740494,0.0070054903626441956,0.4675361216068268,23.745325088500977,0.10857236385345459,0.1040942594408989,0.1339302808046341,0.08733776956796646,0.06404854357242584,0.6634973287582397,22.19589614868164
chain_0471,id_03160,0.20432043075561523,0.07116004079580307,0.20788250863552094,0.08324232697486877,0.026132840663194656,0.6461213827133179,25.40302085876465,0.10669141262769699,0.012758959084749222,0.10181427001953125,0.007337163668125868,0.09513591229915619,0.6395531296730042,24.66194725036621,0.16825084388256073,0.03258451446890831,0.11683718860149384,0.02607784792780876,-0.0581367202103138,0.7829889059066772,24.69748306274414,0.1325121372938156,0.06755150109529495,0.16173823177814484,0.06367802619934082,-0.02754637971520424,0.6549838781356812,25.595911026000977,-0.008048228919506073,-0.02038397267460823,0.1714666187763214,-0.01973736844956875,0.006201739422976971,0.6515735983848572,23.628206253051758
chain_0472,id_03161,0.18275931477546692,0.05726006254553795,0.13255575299263,0.040562570095062256,0.09255760908126831,0.7463482022285461,24.98198127746582,0.07366351783275604,0.03761638328433037,0.13445308804512024,0.047240495681762695,0.015024973079562187,0.6637237668037415,23.645143508911133,0.0924227386713028,0.003966353368014097,0.1329059600830078,0.006034376565366983,0.013903240673244,0.7610620260238647,24.787784576416016,0.08617061376571655,0.033657416701316833,0.09885261207818985,0.02863556519150734,-0.03165966272354126,0.7104997634887695,23.25581169128418,0.19844895601272583,0.1202860027551651,0.20326539874076843,0.10528109967708588,-0.03211598843336105,0.7795982360839844,24.324695587158203
chain_0473,id_01355,0.1650158166885376,0.08745944499969482,0.216146782040596,0.09700992703437805,0.058416593819856644,0.7672115564346313,24.48969268798828,0.07684702426195145,-0.010542012751102448,0.07413247227668762,-0.013021419756114483,-0.04359966516494751,0.71246737241745,23.003244400024414,0.026443246752023697,0.025930065661668777,0.10371756553649902,0.023826854303479195,-0.03224387392401695,0.7668347358703613,21.364484786987305,-0.0057069603353738785,0.0019673877395689487,0.11334443092346191,0.007776453159749508,-0.013252750970423222,0.6612799763679504,22.841562271118164,0.0676247626543045,0.060907118022441864,0.2018231451511383,0.06914220005273819,0.030510973185300827,0.7282696962356567,22.58619499206543
chain_0474,id_03162,0.16662263870239258,0.1324736475944519,0.20999473333358765,0.12471171468496323,0.03078579157590866,0.5827751159667969,20.35906219482422,0.0592016838490963,0.02381175197660923,0.05675573647022247,0.01609140820801258,0.043780431151390076,0.7088783979415894,21.83460807800293,-0.05697796121239662,0.006842115893959999,0.0503983311355114,0.0028989233542233706,0.019511094316840172,0.7460141777992249,22.358247756958008,0.11511816084384918,0.022390194237232208,0.16749019920825958,0.03413480892777443,0.05002231150865555,0.7825531959533691,26.989360809326172,0.028135811910033226,0.009841036051511765,0.057953860610723495,0.007157857995480299,-0.027957389131188393,0.7065178155899048,23.241968154907227
chain_0475,id_03163,0.10755662620067596,0.056462980806827545,0.16093026101589203,0.0449376218020916,-0.018835585564374924,0.6873624920845032,22.68299102783203,0.1490451991558075,0.09853789955377579,0.17228034138679504,0.0905093178153038,-0.060018546879291534,0.7229636311531067,21.735685348510742,0.21973806619644165,0.13438276946544647,0.22246485948562622,0.13637439906597137,0.04378531873226166,0.37643948197364807,19.560876846313477,0.08575838059186935,0.06006912887096405,0.17681404948234558,0.05566215515136719,-0.03248714655637741,0.7863029837608337,22.049978256225586,0.03214681148529053,-0.02609395608305931,0.08034099638462067,-0.02513725496828556,0.01970727927982807,0.6896977424621582,22.546993255615234
chain_0476,id_00591,0.2970781922340393,0.18844838440418243,0.29327118396759033,0.1944970190525055,0.0013119755312800407,0.6632253527641296,23.73069953918457,0.15592855215072632,0.1102186068892479,0.18095816671848297,0.10846187174320221,-0.011407023295760155,0.6006428599357605,21.811859130859375,0.12411101162433624,0.04241112619638443,0.10570067167282104,0.0466749332845211,-0.008185573853552341,0.6952934861183167,22.253826141357422,0.05483200028538704,0.04616798460483551,0.1172228530049324,0.04083016887307167,-0.0368027538061142,0.7054468393325806,23.570289611816406,0.08925867825746536,0.010284505784511566,0.09104181826114655,0.011200694367289543,0.011179497465491295,0.5199609994888306,21.598134994506836
chain_0477,id_03164,0.186276376247406,0.08750522136688232,0.17378948628902435,0.09203506261110306,-0.010895371437072754,0.4631407558917999,23.65999412536621,0.08167050033807755,0.045300181955099106,0.11493420600891113,0.04342324659228325,0.020403137430548668,0.47751182317733765,23.184358596801758,0.13149119913578033,0.07634824514389038,0.15147355198860168,0.06826356798410416,-0.002338873688131571,0.7204817533493042,21.533437728881836,0.18465320765972137,0.12781880795955658,0.1970670223236084,0.12181705981492996,0.07777617871761322,0.7760459184646606,23.364442825317383,0.10274127125740051,0.041675835847854614,0.17267778515815735,0.05365243926644325,0.04462013021111488,0.5981177091598511,21.462308883666992
chain_0478,id_03165,0.14400963485240936,0.011280589736998081,0.13911932706832886,0.015995271503925323,0.02764567732810974,0.7527240514755249,25.498977661132812,0.003973599523305893,-0.0010949280112981796,0.12890078127384186,0.008658722043037415,0.03941868245601654,0.5664379596710205,21.31319236755371,0.11334041506052017,0.009608897380530834,0.10143335163593292,0.010018656961619854,-0.0054495008662343025,0.7096253633499146,21.296295166015625,0.0030752811580896378,0.01879785768687725,0.1241903007030487,0.022625768557190895,0.04885739088058472,0.6624338626861572,21.65589141845703,0.03578229621052742,0.03389493003487587,0.14949741959571838,0.046848054975271225,0.019690413028001785,0.7879539728164673,22.602859497070312
chain_0479,id_03166,0.2046733796596527,0.1858387440443039,0.27950578927993774,0.18802569806575775,-0.0684884563088417,0.7046799063682556,22.32756996154785,0.045606017112731934,0.015825070440769196,0.11852258443832397,0.018197055906057358,-0.0019346615299582481,0.669547438621521,23.66692352294922,0.0051441676914691925,-0.018984999507665634,0.07621213048696518,-0.009953073225915432,0.017173731699585915,0.7811876535415649,23.63621711730957,0.12807300686836243,0.08806958794593811,0.16237513720989227,0.08391371369361877,0.0017476542852818966,0.7194961309432983,23.68421745300293,0.10047642141580582,0.10095585882663727,0.20518776774406433,0.09621215611696243,0.0189799927175045,0.7232054471969604,21.536684036254883
chain_0480,id_02338,0.21925167739391327,0.15814876556396484,0.22435323894023895,0.1513853520154953,-0.009428427554666996,0.5374261736869812,21.056364059448242,0.08223459124565125,0.026430141180753708,0.11148283630609512,0.029159996658563614,-0.07774260640144348,0.7540197968482971,24.752456665039062,0.10955628752708435,0.046985894441604614,0.15996713936328888,0.04947720095515251,-0.04064728692173958,0.7579095363616943,24.555809020996094,0.08273771405220032,0.015502974390983582,0.06288386136293411,0.007532699964940548,-0.006697473116219044,0.6292981505393982,22.27865219116211,0.13614651560783386,0.0768098533153534,0.15602236986160278,0.07037250697612762,0.06195153668522835,0.6781045198440552,21.361400604248047
chain_0482,id_03167,0.23941057920455933,0.1395084708929062,0.25494858622550964,0.14476609230041504,-0.007179418113082647,0.7676645517349243,21.850170135498047,0.14422321319580078,0.05924738198518753,0.1343577355146408,0.05597035586833954,0.024904876947402954,0.7449628710746765,22.631826400756836,0.11244075745344162,0.08919583261013031,0.13699811697006226,0.07917007058858871,0.06092602759599686,0.7404246926307678,22.435897827148438,0.05745933949947357,0.020748557522892952,0.0797344297170639,0.010426239110529423,-0.0024507716298103333,0.6990236043930054,21.189327239990234,0.11295771598815918,0.07553204149007797,0.13675358891487122,0.07315286248922348,0.04935334250330925,0.7626413106918335,22.937252044677734
chain_0483,id_03168,0.5838639140129089,-0.06022350490093231,0.008538339287042618,-0.053063925355672836,0.005743524059653282,-0.010393446311354637,8.335577011108398,0.6607176065444946,-0.046716757118701935,0.022394726052880287,-0.04363817349076271,0.0013012457638978958,0.06780591607093811,9.75129222869873,0.548200786113739,-0.03540106117725372,0.03441884368658066,-0.028507936745882034,-0.00653370376676321,0.02590489760041237,7.586526870727539,0.5493602752685547,-0.05133248120546341,0.01943541131913662,-0.04337610304355621,0.004829050973057747,0.04573312774300575,8.292866706848145,0.39320462942123413,-0.0408552810549736,0.008642435073852539,-0.03688136115670204,-0.018873414024710655,0.025075819343328476,7.127657413482666
chain_0484,id_03169,0.10955239832401276,0.048714205622673035,0.11465875059366226,0.0467793270945549,0.001957499422132969,0.5674309730529785,21.918581008911133,0.3015766739845276,0.17181339859962463,0.23626093566417694,0.14852464199066162,0.026779958978295326,0.6536881327629089,23.87740707397461,0.11787543445825577,0.05349460989236832,0.10130581259727478,0.051858145743608475,0.03565693274140358,0.6209803819656372,22.069913864135742,0.045980311930179596,0.043010562658309937,0.07280516624450684,0.03948332369327545,0.008741835132241249,0.6586298942565918,21.914321899414062,0.12033919245004654,0.07314512133598328,0.1922888606786728,0.08583066612482071,0.042988162487745285,0.6630386710166931,24.14752960205078
chain_0485,id_03170,0.15826445817947388,0.08607928454875946,0.17517052590847015,0.07559147477149963,0.05233367159962654,0.6932886242866516,22.411523818969727,0.2493852823972702,0.14304986596107483,0.2573280334472656,0.13542357087135315,0.08501877635717392,0.7709987759590149,22.01930809020996,0.055167630314826965,0.037181101739406586,0.10230827331542969,0.031435709446668625,-0.08343684673309326,0.7621705532073975,21.789749145507812,-0.030705492943525314,0.027690108865499496,0.09984711557626724,0.020392438396811485,-0.05884678661823273,0.7773259878158569,23.35233497619629,-0.02124159038066864,-0.013522305525839329,0.10753028094768524,-0.007560305297374725,0.00312175415456295,0.7013641595840454,21.872859954833984
chain_0486,id_01290,0.2297370433807373,0.12332344055175781,0.21860486268997192,0.12997816503047943,-0.06760092079639435,0.5144768357276917,25.668739318847656,0.10835684835910797,0.06586115062236786,0.13517653942108154,0.06743265688419342,-0.008686617948114872,0.6316728591918945,24.429983139038086,0.1659601777791977,0.09711003303527832,0.1672351062297821,0.09492318332195282,-0.021677620708942413,0.5470844507217407,24.645204544067383,0.04656669497489929,0.03786318749189377,0.15525029599666595,0.028550418093800545,0.0007610190659761429,0.698884129524231,24.115028381347656,0.13164865970611572,0.05334022268652916,0.1430564820766449,0.05378013104200363,0.05216570198535919,0.6903165578842163,24.769691467285156
chain_0487,id_00927,0.12316592037677765,0.07250981032848358,0.17944972217082977,0.0709853395819664,0.05165407061576843,0.7652532458305359,26.505992889404297,0.12152891606092453,0.0901418998837471,0.147116556763649,0.07685215026140213,-0.028342418372631073,0.7478874325752258,24.262828826904297,0.09270428866147995,0.07735049724578857,0.18936216831207275,0.07867152243852615,0.00829349271953106,0.7703806757926941,24.298595428466797,0.06493882834911346,0.014892598614096642,0.12637385725975037,0.02522372268140316,0.015142183750867844,0.6660025119781494,23.628009796142578,0.10178273916244507,0.04884132742881775,0.14364081621170044,0.05411786213517189,0.0540391206741333,0.6771856546401978,24.309555053710938
chain_0488,id_00889,0.13584333658218384,0.10843375325202942,0.1585216224193573,0.1033584401011467,-0.028186043724417686,0.7473300099372864,24.944250106811523,0.06766447424888611,0.028024055063724518,0.09695148468017578,0.023412741720676422,0.0005308147519826889,0.6934117078781128,22.318431854248047,0.07888844609260559,0.08714316040277481,0.1488359123468399,0.08226363360881805,0.03083662874996662,0.7287758588790894,21.793087005615234,0.025969116017222404,-0.010236713103950024,0.048981547355651855,-0.0169072262942791,-0.007472021970897913,0.6967360973358154,21.699542999267578,0.1261267513036728,0.08437910676002502,0.16584809124469757,0.08299846947193146,0.0782899260520935,0.8070096969604492,22.534404754638672
chain_0489,id_03171,0.1277393102645874,0.07891067862510681,0.14627555012702942,0.07719524949789047,-0.020748354494571686,0.6701796054840088,22.661380767822266,0.1389259696006775,0.11225666850805283,0.195463627576828,0.10385747253894806,0.07012683898210526,0.6689753532409668,20.58386993408203,0.0972442775964737,0.07756095379590988,0.19290313124656677,0.0756395012140274,0.0009137801826000214,0.6916937828063965,22.221616744995117,0.1058703064918518,0.052160605788230896,0.10289820283651352,0.04008602350950241,0.01862325891852379,0.7674736976623535,22.901933670043945,0.06385352462530136,0.006807407829910517,0.06902594119310379,0.012198781594634056,0.00541020929813385,0.7642058730125427,23.30477523803711
chain_0490,id_03172,0.1697208136320114,0.10280284285545349,0.17333972454071045,0.10012731701135635,-0.04231980815529823,0.6956687569618225,23.51099967956543,0.1874198615550995,0.11137092113494873,0.20920711755752563,0.11182940751314163,0.02018684893846512,0.540389895439148,23.416086196899414,0.11265155673027039,0.11951728165149689,0.21928873658180237,0.11328854411840439,-0.005026126280426979,0.6584087610244751,23.056182861328125,0.15090040862560272,0.07180774211883545,0.14163559675216675,0.06944260746240616,-0.009823663160204887,0.7033523917198181,23.322954177856445,0.060644835233688354,0.06517653167247772,0.18526723980903625,0.06876923143863678,0.03645187243819237,0.6063655018806458,22.360197067260742
chain_0491,id_03173,0.2504371106624603,0.01701781153678894,0.16978615522384644,0.024939410388469696,0.027819443494081497,0.5880224704742432,24.528959274291992,0.09486469626426697,-0.022050458937883377,0.11937740445137024,-0.010208741761744022,-0.029177173972129822,0.6175865530967712,22.56424903869629,0.1438267081975937,-0.019495587795972824,0.13551649451255798,-0.00628539826720953,0.02025524154305458,0.5994269251823425,22.831703186035156,0.07737983763217926,-0.0040248120203614235,0.1337580531835556,0.006463102530688047,-0.0010758759453892708,0.626879096031189,25.296091079711914,0.01706117019057274,0.05295085534453392,0.13619808852672577,0.03952721506357193,-0.004740279633551836,0.7245236039161682,25.467060089111328
chain_0492,id_03174,0.0997125506401062,0.042181313037872314,0.15998385846614838,0.03915724903345108,0.04301881045103073,0.7216971516609192,21.488910675048828,0.05969088524580002,0.016197210177779198,0.08324889838695526,0.01824628934264183,0.04992372542619705,0.7293087840080261,23.018871307373047,0.09263458102941513,0.04893936961889267,0.15336132049560547,0.04429669305682182,-0.020301630720496178,0.6312594413757324,24.390960693359375,0.22222641110420227,0.12247442454099655,0.2141234576702118,0.10296142846345901,-0.0008708962704986334,0.7993974089622498,24.058837890625,-0.006481999531388283,-0.016229627653956413,0.055552709847688675,-0.011174524202942848,0.0031556272879242897,0.6857998371124268,23.341459274291992
chain_0493,id_00142,0.1879676878452301,0.15786314010620117,0.22610251605510712,0.14335085451602936,0.001580911222845316,0.7115709781646729,22.22298240661621,0.07827011495828629,0.03754091262817383,0.12137473374605179,0.036947377026081085,0.059643425047397614,0.7398326992988586,22.38336944580078,0.12380771338939667,0.11572214215993881,0.20809321105480194,0.09013605117797852,0.0027962662279605865,0.7403435707092285,21.8756046295166,0.034085772931575775,0.03267418593168259,0.10293672233819962,0.03247269243001938,0.029569514095783234,0.7646807432174683,22.388286590576172,0.040066126734018326,0.051478445529937744,0.12397162616252899,0.0338805690407753,0.015593538992106915,0.7986369132995605,24.373973846435547
chain_0494,id_00613,0.15476255118846893,0.12684446573257446,0.17251384258270264,0.1159706860780716,0.0028113124426454306,0.7860126495361328,25.38681411743164,0.09964079409837723,0.09328673779964447,0.16207456588745117,0.08581913262605667,0.001852588728070259,0.7040853500366211,23.868762969970703,0.02729954943060875,-0.005611096508800983,0.0647253692150116,-0.0025806850753724575,0.028016632422804832,0.6884535551071167,23.487276077270508,0.10039030760526657,0.04969806596636772,0.15717962384223938,0.05600125715136528,0.037345536053180695,0.7524564266204834,24.662931442260742,0.09380091726779938,0.07751750200986862,0.14903831481933594,0.073199063539505,0.03343857824802399,0.7618286609649658,23.921979904174805
chain_0495,id_03175,0.0359048992395401,0.029422935098409653,0.09255946427583694,0.027593212202191353,-0.02035062573850155,0.6819635033607483,25.096721649169922,0.19054630398750305,0.06683880090713501,0.22274857759475708,0.07891549170017242,0.017309576272964478,0.7307101488113403,25.146305084228516,0.10656821727752686,0.06138107180595398,0.14169533550739288,0.06309404969215393,-0.046417370438575745,0.7443003058433533,22.82033348083496,0.048980675637722015,0.003554757684469223,0.05543173849582672,0.0006084399647079408,-0.08000712841749191,0.6872975826263428,24.24742317199707,-0.018179811537265778,-0.04956340417265892,0.036633580923080444,-0.051554106175899506,0.002144790254533291,0.7122174501419067,24.18059730529785
chain_0496,id_00847,0.1372034251689911,0.087650366127491,0.1786876916885376,0.09311478585004807,0.06378214061260223,0.7573539614677429,25.599285125732422,0.15038031339645386,0.06362394988536835,0.12751279771327972,0.06729543954133987,-0.05153325945138931,0.7186095118522644,28.804569244384766,0.17023396492004395,0.13689714670181274,0.23134279251098633,0.14117926359176636,-0.05254880338907242,0.6218001842498779,25.562639236450195,0.07784943282604218,0.06561903655529022,0.13103260099887848,0.06013627350330353,-0.013060800731182098,0.7300325632095337,24.256759643554688,-0.029010191559791565,0.013440235517919064,0.09341861307621002,0.005999191664159298,0.03502371534705162,0.71659916639328,26.185400009155273
chain_0497,id_01454,0.1527775675058365,0.04713950678706169,0.1544058918952942,0.05024262145161629,-0.07543973624706268,0.6078879833221436,22.287765502929688,0.031116312369704247,0.005054165609180927,0.09634953737258911,0.010671311058104038,-0.017054062336683273,0.6316697597503662,22.870424270629883,0.027111520990729332,0.018489308655261993,0.11912623047828674,0.023592881858348846,-0.0336296372115612,0.603833019733429,23.042957305908203,0.016942964866757393,0.006559527479112148,0.0639769434928894,0.0008289509569294751,0.010378262028098106,0.6738643646240234,24.330106735229492,0.0878014862537384,-0.02141561731696129,0.13313105702400208,-0.012355540879070759,0.023319218307733536,0.6275665163993835,25.321876525878906
chain_0498,id_03176,0.12517878413200378,0.0697125792503357,0.14328083395957947,0.07056836783885956,-0.040221743285655975,0.7564029097557068,24.29838752746582,0.13851818442344666,0.08730582147836685,0.20710045099258423,0.0937858372926712,-0.09752300381660461,0.7388157248497009,25.936079025268555,0.029123615473508835,-0.010098501108586788,0.08102408051490784,-0.00667128711938858,-0.029642906039953232,0.7695386409759521,22.12972640991211,0.06641336530447006,0.05646385997533798,0.14514082670211792,0.04879187420010567,-0.02939574606716633,0.762263298034668,24.80572509765625,0.0473809577524662,0.06443218141794205,0.09705712646245956,0.056927021592855453,-0.005996637046337128,0.731937825679779,24.35482406616211
chain_0499,id_03177,0.14728371798992157,0.09641557931900024,0.1758977472782135,0.09926865994930267,0.033930644392967224,0.729399561882019,25.032119750976562,0.23813974857330322,0.1561211794614792,0.1905287504196167,0.1497361809015274,0.04183977097272873,0.6473473310470581,22.80820083618164,0.14589542150497437,0.06618054211139679,0.11858337372541428,0.05990106612443924,0.03294353559613228,0.7227598428726196,23.601913452148438,0.14920437335968018,0.08109748363494873,0.1466878205537796,0.07767709344625473,0.04212780296802521,0.7587273120880127,23.69347381591797,0.11120869219303131,0.0479188971221447,0.1501535326242447,0.05823717266321182,-0.025429774075746536,0.674939751625061,23.40569496154785
