tool,pair_id,target,random_nonmember,hard_nonmember,hard_identity
blendface,pair_0000,0.192537,0.035619,0.028434544801712036,n000354
blendface,pair_0001,0.251197,0.056249,0.07227879762649536,n005714
blendface,pair_0002,0.125485,-0.004447,0.0016281520947813988,n000804
blendface,pair_0003,0.307399,-0.028331,0.17022979259490967,n008833
blendface,pair_0004,0.285595,0.099237,0.046594396233558655,n008995
blendface,pair_0005,0.117019,0.024134,0.015630943700671196,n002675
blendface,pair_0006,0.235528,-0.03593,0.18884439766407013,n003853
blendface,pair_0007,0.15898,0.012394,0.14001815021038055,n000714
blendface,pair_0008,0.109716,0.034244,0.07864263653755188,n003491
blendface,pair_0009,0.046594,-0.012346,-0.0011845137923955917,n002679
blendface,pair_0010,0.03216,-0.031643,0.0469246432185173,n005251
blendface,pair_0011,0.064022,0.033033,0.016820382326841354,n007238
blendface,pair_0012,0.181581,0.036351,0.05574580281972885,n004170
blendface,pair_0013,0.126981,-0.003369,0.0629708468914032,n003151
blendface,pair_0014,0.114359,0.035353,0.049561046063899994,n006263
blendface,pair_0015,0.109006,-0.022744,0.08448232710361481,n000309
blendface,pair_0016,0.082015,0.011121,0.011124541983008385,n001417
blendface,pair_0017,0.162853,-0.03645,0.08309842646121979,n000758
blendface,pair_0018,0.076391,0.000772,0.02888163924217224,n001228
blendface,pair_0019,0.150503,0.061181,-0.013000357896089554,n007576
blendface,pair_0020,0.001822,-0.000524,-0.008327650837600231,n007948
blendface,pair_0021,0.207007,-0.000925,0.05987388640642166,n002193
blendface,pair_0022,0.052988,0.015428,0.08092261850833893,n000581
blendface,pair_0023,0.171928,0.007636,0.04864475131034851,n008767
blendface,pair_0024,0.060442,-0.042086,0.06532198190689087,n003129
blendface,pair_0025,0.079054,-0.089901,-0.02227204665541649,n004825
blendface,pair_0026,0.17197,0.00618,0.05330749228596687,n002191
blendface,pair_0027,0.095315,0.065377,0.04841186851263046,n008612
blendface,pair_0028,0.2098,0.038751,0.04363501816987991,n002034
blendface,pair_0030,0.094497,0.01105,0.024826085194945335,n003482
blendface,pair_0031,0.123889,0.050772,0.020969171077013016,n004847
blendface,pair_0032,0.082665,-0.059573,0.04617885500192642,n005502
blendface,pair_0033,0.134413,0.000356,0.08988574147224426,n003615
blendface,pair_0034,0.205884,-0.010909,0.07524024695158005,n003462
blendface,pair_0035,0.182682,0.00283,0.08305854350328445,n006552
blendface,pair_0036,0.285475,0.087628,0.10005200654268265,n006991
blendface,pair_0038,0.101942,0.076885,0.05087307095527649,n000598
blendface,pair_0039,0.152865,0.041021,0.12451307475566864,n000539
blendface,pair_0040,0.037134,-0.012166,0.0700460746884346,n001448
blendface,pair_0041,0.065952,0.016183,0.09183062613010406,n005477
blendface,pair_0042,-0.009468,-0.001672,-4.8640184104442596e-05,n000541
blendface,pair_0043,0.130526,0.022163,0.0309208445250988,n003808
blendface,pair_0044,0.081855,0.089767,0.031981781125068665,n001742
blendface,pair_0045,0.22244,-0.015078,0.1394679993391037,n008062
blendface,pair_0046,0.171204,0.020493,0.03281109407544136,n004942
blendface,pair_0047,0.109375,-0.041541,0.034692782908678055,n006932
blendface,pair_0048,0.139407,0.019481,0.07836499810218811,n006124
blendface,pair_0049,0.123707,0.028154,0.04858718812465668,n002072
blendface,pair_0050,0.051896,0.002605,-0.015193306840956211,n007537
blendface,pair_0051,0.135695,0.00511,0.0007883962243795395,n005803
blendface,pair_0052,0.210042,-0.031464,0.02178671397268772,n008365
blendface,pair_0053,0.112926,-0.00782,0.0031006145291030407,n001060
blendface,pair_0054,0.294123,0.067766,0.03456360846757889,n000792
blendface,pair_0055,0.135195,-0.01952,0.0635908991098404,n001594
blendface,pair_0056,0.113099,-0.023456,0.015954047441482544,n004428
blendface,pair_0057,0.142771,-0.020173,-0.004981917329132557,n007009
blendface,pair_0058,0.215876,-0.023073,-0.02576114609837532,n003428
blendface,pair_0059,0.118568,0.051881,0.035626791417598724,n005981
blendface,pair_0060,0.187517,0.00218,0.2082383930683136,n002779
blendface,pair_0061,0.114469,-0.038546,0.026657357811927795,n006989
blendface,pair_0062,0.100445,-0.007147,-0.02151799574494362,n000092
blendface,pair_0063,0.073021,-0.024906,0.0849175751209259,n001945
blendface,pair_0064,0.157421,-0.039971,0.05287768319249153,n004330
blendface,pair_0065,0.187436,-0.011107,-0.015159744769334793,n005191
blendface,pair_0066,0.129243,-0.014787,0.016280584037303925,n005941
blendface,pair_0067,0.247284,-0.007343,0.04729456081986427,n007849
blendface,pair_0068,0.174441,-0.005196,0.07668078690767288,n007995
blendface,pair_0069,0.124892,-0.015047,0.006052201613783836,n007304
blendface,pair_0070,0.135222,-0.061021,-0.013073796406388283,n008023
blendface,pair_0071,0.125167,-0.073707,0.06718399375677109,n004535
blendface,pair_0072,0.186771,-0.017903,0.08639610558748245,n002727
blendface,pair_0073,0.083633,0.043694,0.052256178110837936,n002098
blendface,pair_0074,0.17652,0.00037,0.05760854855179787,n006672
blendface,pair_0075,0.153797,-0.079132,0.013707505539059639,n002676
blendface,pair_0076,-0.015032,0.004685,-0.0006365235894918442,n003684
blendface,pair_0077,0.166786,-0.116836,-0.03316744044423103,n000223
blendface,pair_0078,0.078415,-0.02678,-0.0914546400308609,n001718
blendface,pair_0079,0.200406,-0.036964,0.013382358476519585,n001856
blendface,pair_0080,0.175723,0.127292,0.08344266563653946,n004250
blendface,pair_0081,0.148562,0.060316,0.024250345304608345,n000687
blendface,pair_0082,0.11809,0.065564,0.1734452247619629,n001871
blendface,pair_0083,0.146681,0.053306,0.03986760973930359,n003190
blendface,pair_0084,0.115973,-0.064601,0.03524883836507797,n005318
blendface,pair_0085,0.058616,-0.040574,0.022089915350079536,n000807
blendface,pair_0086,0.191175,0.038797,0.1537397801876068,n003860
blendface,pair_0087,0.137885,0.030475,0.03477169945836067,n006932
blendface,pair_0088,0.169552,-0.0448,0.11990255117416382,n001394
blendface,pair_0089,0.069943,-0.011466,0.020611504092812538,n000661
blendface,pair_0091,0.183924,0.016858,0.11113615334033966,n004111
blendface,pair_0092,0.074436,-0.051935,-0.00231233611702919,n000652
blendface,pair_0093,-0.014159,0.00225,0.04528799653053284,n005628
blendface,pair_0094,0.127784,-0.005841,0.03884457051753998,n003307
blendface,pair_0096,0.137533,-0.003514,0.069145567715168,n003266
blendface,pair_0097,0.08926,0.055934,0.05611468106508255,n001323
blendface,pair_0098,0.143831,0.031413,0.06172402203083038,n004888
blendface,pair_0099,0.233224,0.017563,0.04143849015235901,n006359
blendface,pair_0100,0.165836,0.024772,0.11297491192817688,n001557
blendface,pair_0101,0.187691,-0.000221,0.028881777077913284,n001521
blendface,pair_0102,0.269132,-0.08192,0.08980609476566315,n006047
blendface,pair_0103,0.142137,-0.023014,-0.005544401239603758,n003947
blendface,pair_0104,0.031207,-0.067612,0.05171153321862221,n000164
blendface,pair_0105,0.240347,0.034881,0.08011308312416077,n000663
blendface,pair_0106,0.214249,0.075064,0.033358894288539886,n000843
blendface,pair_0107,0.049819,-0.105232,0.06320294737815857,n008023
blendface,pair_0108,0.065622,0.006427,0.012724533677101135,n007551
blendface,pair_0109,0.171131,-0.017896,0.05414549261331558,n006771
blendface,pair_0110,0.07236,0.01245,0.07603084295988083,n003542
blendface,pair_0111,0.119294,-0.03573,0.04717870056629181,n008218
blendface,pair_0112,0.101414,0.033158,-0.05335075408220291,n004623
blendface,pair_0113,0.115848,0.018491,0.04102268069982529,n004125
blendface,pair_0114,0.086041,-0.022743,0.05760366469621658,n006434
blendface,pair_0115,0.119626,0.033842,0.03306441009044647,n000565
blendface,pair_0116,0.06397,0.023254,0.07051776349544525,n006126
blendface,pair_0117,0.124944,-0.070392,-0.04433345049619675,n003127
blendface,pair_0118,0.156167,-0.055821,0.07630059123039246,n002240
blendface,pair_0119,0.167628,-0.011767,0.11956566572189331,n003120
blendface,pair_0120,0.129107,-0.022605,0.17451369762420654,n006323
blendface,pair_0121,0.117904,0.000809,-0.0019799135625362396,n004929
blendface,pair_0122,0.108155,-0.075274,0.03398378938436508,n000852
blendface,pair_0124,0.114164,0.049443,0.02451217919588089,n006222
blendface,pair_0126,0.224418,-0.017169,0.17301398515701294,n001947
blendface,pair_0127,0.104412,0.068888,0.09958574175834656,n008551
blendface,pair_0128,0.099351,-0.007782,0.059144578874111176,n000337
blendface,pair_0129,0.245365,-0.096335,0.10177767276763916,n004667
blendface,pair_0130,0.078684,0.004676,0.04636194929480553,n002932
blendface,pair_0132,0.090536,0.036657,0.03710818290710449,n001544
blendface,pair_0133,0.115113,0.013508,0.0542077012360096,n008161
blendface,pair_0134,0.104372,0.022325,-0.0500914603471756,n004435
blendface,pair_0135,0.211926,0.012098,0.11405788362026215,n003185
blendface,pair_0136,0.243047,-0.041322,0.016440505161881447,n003252
blendface,pair_0137,0.134046,-0.000833,0.055730778723955154,n005141
blendface,pair_0138,0.096962,0.051137,0.12289296090602875,n005255
blendface,pair_0139,0.243651,0.006255,0.043640609830617905,n008274
blendface,pair_0140,0.157456,-0.075696,-0.007374376058578491,n000894
blendface,pair_0141,0.132752,-0.029587,0.02174067124724388,n008808
blendface,pair_0142,0.103255,0.053438,0.04159144312143326,n005133
blendface,pair_0143,-0.007538,-0.050634,0.044196855276823044,n008236
blendface,pair_0145,0.059184,-0.02719,0.04464936628937721,n008248
blendface,pair_0146,0.024483,-0.014814,0.039812467992305756,n001083
blendface,pair_0147,0.101937,-0.01876,-0.09003421664237976,n004708
blendface,pair_0148,0.192907,0.038985,0.08471885323524475,n001331
blendface,pair_0149,0.182332,-0.020315,0.09843998402357101,n002712
blendface,pair_0150,0.116251,0.012874,-0.016375333070755005,n005789
blendface,pair_0151,0.217499,0.078091,0.09231165051460266,n006494
blendface,pair_0152,0.058999,0.008491,-0.013314989395439625,n000443
blendface,pair_0153,0.173504,0.023041,0.08542272448539734,n000847
blendface,pair_0154,0.23763,-0.0539,0.0847528800368309,n001602
blendface,pair_0155,0.164088,-0.028617,0.048163145780563354,n004457
blendface,pair_0156,0.122327,0.027669,0.0005429312586784363,n007486
blendface,pair_0157,0.186501,-0.024337,0.007305133156478405,n001419
blendface,pair_0158,0.141046,0.058174,0.10271641612052917,n001424
blendface,pair_0159,0.070569,0.030556,0.04436338320374489,n008230
blendface,pair_0161,0.098221,0.049263,-0.03218940645456314,n003267
blendface,pair_0162,0.211817,-0.014328,0.048701830208301544,n005556
blendface,pair_0163,0.062359,-0.026529,-0.07603871822357178,n003745
blendface,pair_0164,-0.077936,-0.063619,0.05639282613992691,n003360
blendface,pair_0165,0.110849,0.064913,-0.011731460690498352,n008115
blendface,pair_0166,0.151675,0.012317,0.07224267721176147,n004457
blendface,pair_0167,0.238684,0.060535,0.005455447360873222,n007499
blendface,pair_0168,0.077738,0.01064,0.09363976120948792,n005651
blendface,pair_0169,0.222263,0.108938,0.09176550060510635,n001246
blendface,pair_0170,0.082859,-0.044386,0.06244169920682907,n006501
blendface,pair_0171,0.085335,0.02023,0.0351203978061676,n001349
blendface,pair_0172,0.163413,-0.043876,0.09076989442110062,n006620
blendface,pair_0173,0.166638,0.021617,0.06761114299297333,n004622
blendface,pair_0174,0.10197,0.00512,0.07151530683040619,n000298
blendface,pair_0175,0.101816,-0.003566,0.03588767722249031,n002479
blendface,pair_0176,0.112346,-0.035055,0.045047175139188766,n001999
blendface,pair_0177,0.14096,0.068099,0.09306402504444122,n000686
blendface,pair_0178,0.085133,-0.038605,-0.01649722270667553,n005638
blendface,pair_0179,0.141152,0.104111,0.07199583202600479,n003561
blendface,pair_0180,0.118935,0.033434,-0.10414037108421326,n004908
blendface,pair_0181,0.306611,-0.053011,0.005451537668704987,n000714
blendface,pair_0182,0.217539,-0.04564,0.04330688714981079,n005710
blendface,pair_0183,0.134283,0.040526,-0.01992589607834816,n005160
blendface,pair_0184,0.09409,0.043207,0.03665439411997795,n004926
blendface,pair_0185,0.088088,0.047044,0.003928828984498978,n005600
blendface,pair_0186,0.112332,-0.009736,0.05751138925552368,n007901
blendface,pair_0187,-0.07784,0.006638,0.03250008821487427,n006085
blendface,pair_0188,0.155345,0.112814,0.08591821044683456,n006316
blendface,pair_0189,0.115163,-0.024045,-0.01809193193912506,n002463
blendface,pair_0190,0.008772,0.060237,0.025956889614462852,n000810
blendface,pair_0191,0.051431,-0.016431,0.09825481474399567,n000781
blendface,pair_0192,0.141268,0.058208,0.058317795395851135,n003821
blendface,pair_0193,0.094147,-0.075584,0.01943236030638218,n004839
blendface,pair_0194,0.13579,0.108832,0.07355526834726334,n003661
blendface,pair_0195,0.060538,0.052925,0.016406523063778877,n007677
blendface,pair_0196,0.122969,-0.068931,0.04304496571421623,n006498
blendface,pair_0197,0.084936,-0.022775,0.062063612043857574,n007051
blendface,pair_0198,0.214214,0.05802,0.02556603215634823,n007376
blendface,pair_0199,0.130631,-0.017899,0.020774327218532562,n004983
blendface,pair_0200,0.140037,-0.020113,0.12372451275587082,n008177
blendface,pair_0201,0.153193,0.030787,0.034214042127132416,n007009
blendface,pair_0202,0.119483,-0.051109,0.05140472948551178,n001695
blendface,pair_0205,0.145514,0.012155,0.013322500512003899,n002101
blendface,pair_0207,0.086141,-0.009071,0.042936552315950394,n003776
blendface,pair_0208,0.094042,-0.000363,0.05871998891234398,n007952
blendface,pair_0210,0.160509,-0.044752,0.0421990305185318,n006836
blendface,pair_0211,0.144925,-0.01033,0.054888658225536346,n007336
blendface,pair_0212,0.116276,-0.031194,-0.0012283851392567158,n002374
blendface,pair_0213,0.284565,-0.034652,0.1162252426147461,n003237
blendface,pair_0214,0.248043,0.034154,-0.023376740515232086,n004489
blendface,pair_0216,0.093075,0.059433,-0.056898243725299835,n004452
blendface,pair_0217,0.12174,-0.044097,0.05197964981198311,n007128
blendface,pair_0218,0.157769,0.003318,0.033220745623111725,n007071
blendface,pair_0219,0.313946,-0.065906,0.07791002839803696,n003730
blendface,pair_0220,0.242454,-0.004261,0.020305782556533813,n004216
blendface,pair_0221,0.165227,-0.055154,0.03320802375674248,n008631
blendface,pair_0222,0.172849,0.026291,-0.0009277947247028351,n002055
blendface,pair_0223,0.175352,0.099476,0.03770211711525917,n002141
blendface,pair_0224,0.071184,-0.036807,0.02500910311937332,n003993
blendface,pair_0225,0.243231,0.041811,0.1609838306903839,n003507
blendface,pair_0226,0.062329,0.069304,0.011482691392302513,n002727
blendface,pair_0227,0.087075,0.137589,0.03245725482702255,n007464
blendface,pair_0228,0.16178,-0.029879,-0.06397461891174316,n006137
blendface,pair_0229,0.135346,-0.010106,-0.005013688467442989,n008598
blendface,pair_0230,0.176934,-0.003035,-0.042929451912641525,n006445
blendface,pair_0231,0.10198,0.065482,-0.011852310970425606,n002643
blendface,pair_0234,0.087061,-0.059314,0.03928980231285095,n005855
blendface,pair_0235,0.09569,-0.027472,0.02906474471092224,n002148
blendface,pair_0236,0.140503,0.032141,0.03879597410559654,n000416
blendface,pair_0237,0.081579,0.006405,0.024989526718854904,n002460
blendface,pair_0238,0.125318,-0.087259,-0.049059268087148666,n000648
blendface,pair_0239,0.147988,0.023469,0.01701240986585617,n002557
blendface,pair_0240,0.099928,-0.023247,-0.04535936191678047,n006525
blendface,pair_0241,0.06097,-0.032877,-0.034958936274051666,n001656
blendface,pair_0242,0.111045,-0.007233,0.05375208705663681,n008941
blendface,pair_0243,0.14213,-0.005997,0.06224182993173599,n007838
blendface,pair_0244,0.13249,0.029292,-0.027361921966075897,n005535
blendface,pair_0245,0.149712,-0.012263,0.020482927560806274,n005606
blendface,pair_0246,0.067708,0.01577,0.06776176393032074,n000035
blendface,pair_0247,0.148622,0.04307,0.012788966298103333,n001447
blendface,pair_0248,0.102564,-0.034654,0.02765032649040222,n003178
blendface,pair_0249,0.135709,-0.024226,0.05208977684378624,n002551
blendface,pair_0251,0.126554,-0.043064,0.02968650683760643,n006014
blendface,pair_0252,0.076543,0.059867,0.049206774681806564,n000579
blendface,pair_0253,0.342703,-0.007678,0.06206794083118439,n006398
blendface,pair_0254,0.156941,0.011835,-0.04981507360935211,n001024
blendface,pair_0255,0.094122,-0.015984,0.0019108359701931477,n001458
blendface,pair_0256,0.270616,0.058858,0.04107639193534851,n008867
blendface,pair_0257,0.094962,-0.001994,0.1310625970363617,n004772
blendface,pair_0258,0.215552,0.034822,0.023138465359807014,n003951
blendface,pair_0259,0.084093,-0.001205,0.0038273227401077747,n002786
blendface,pair_0261,0.164636,0.006584,0.04989491403102875,n005212
blendface,pair_0262,0.18378,0.070482,0.067442886531353,n005264
blendface,pair_0263,0.00967,-0.05236,0.06820414215326309,n001405
blendface,pair_0264,0.127835,0.065791,0.11603496968746185,n000123
blendface,pair_0265,0.174512,0.00316,0.02588937059044838,n006791
blendface,pair_0266,0.113855,-0.005782,-0.018954411149024963,n000016
blendface,pair_0267,0.121052,-0.046377,0.02658894658088684,n003935
blendface,pair_0268,0.033309,0.017664,0.07737646996974945,n004767
blendface,pair_0269,0.198587,0.012732,0.07524270564317703,n005628
blendface,pair_0270,0.171612,-0.030042,0.039228565990924835,n001262
blendface,pair_0271,0.218305,0.064664,0.044519390910863876,n007958
blendface,pair_0272,0.168694,-0.020674,0.021638037636876106,n003322
blendface,pair_0273,0.1363,-0.014574,0.046948932111263275,n007679
blendface,pair_0274,0.179611,0.026008,0.08190496265888214,n001511
blendface,pair_0275,0.071311,0.059853,0.07901278883218765,n003619
blendface,pair_0276,0.221987,-0.040817,-0.04684259742498398,n004105
blendface,pair_0277,0.211816,0.007533,0.04925292730331421,n006738
blendface,pair_0278,0.099456,0.048695,0.019514430314302444,n001537
blendface,pair_0279,0.114087,0.052645,-0.0035908017307519913,n003033
blendface,pair_0280,0.164088,0.021813,0.026293324306607246,n003895
blendface,pair_0281,0.105107,0.049659,0.11905746161937714,n000656
blendface,pair_0282,0.03656,0.073392,0.025707021355628967,n006962
blendface,pair_0283,0.154261,0.052041,0.020981663838028908,n007115
blendface,pair_0284,0.293592,0.032255,0.03131120651960373,n004216
blendface,pair_0285,0.125202,0.004746,-0.014307716861367226,n004435
blendface,pair_0286,0.186096,0.019164,0.022159051150083542,n000745
blendface,pair_0287,0.082043,0.000698,0.1250218003988266,n007421
blendface,pair_0288,0.14977,-0.004279,-0.019018325954675674,n008193
blendface,pair_0289,0.128586,0.113398,0.10585461556911469,n002262
blendface,pair_0290,-0.064202,0.013613,-0.056315697729587555,n006406
blendface,pair_0291,0.176073,0.051755,0.0069847083650529385,n005152
blendface,pair_0292,0.142059,0.031714,0.08254224807024002,n001856
blendface,pair_0293,0.094623,-0.031227,0.06738293170928955,n007942
blendface,pair_0294,0.142207,0.006437,0.0440317764878273,n002193
blendface,pair_0295,0.120961,-0.086568,0.05055909603834152,n000559
blendface,pair_0296,0.118312,-0.012023,0.05775102972984314,n007365
blendface,pair_0297,0.165233,0.002125,0.14191412925720215,n000227
blendface,pair_0298,0.180012,0.008817,0.023735562339425087,n000722
blendface,pair_0299,0.177146,-0.038093,0.03589802235364914,n003273
blendface,pair_0300,0.064598,-0.003837,-0.008614820428192616,n002990
blendface,pair_0302,0.111219,0.026594,0.08418931812047958,n000789
blendface,pair_0303,0.135903,0.017841,0.030499979853630066,n002355
blendface,pair_0304,0.235331,0.058501,0.0035943742841482162,n000976
blendface,pair_0305,0.210075,0.091202,0.14362677931785583,n004917
blendface,pair_0306,0.144288,0.009086,0.0157032273709774,n001083
blendface,pair_0307,0.086249,-0.011162,0.020150301977992058,n002209
blendface,pair_0308,0.126949,0.035458,0.056956637650728226,n004740
blendface,pair_0309,0.12646,-0.045995,0.042128704488277435,n002246
blendface,pair_0310,0.107617,-0.009007,0.056223392486572266,n007139
blendface,pair_0311,0.067487,0.017319,0.05905548855662346,n001405
blendface,pair_0312,0.144082,0.028927,0.05578117445111275,n004114
blendface,pair_0313,0.104673,0.078819,0.04990176111459732,n008928
blendface,pair_0314,0.208984,0.056312,0.057914525270462036,n000416
blendface,pair_0315,0.194539,0.032136,0.15584322810173035,n004415
blendface,pair_0316,0.083679,-0.008214,0.034515947103500366,n005220
blendface,pair_0317,0.122859,0.020253,0.003649679943919182,n006764
blendface,pair_0318,0.223611,-0.00675,-0.018108053132891655,n004686
blendface,pair_0319,0.101218,0.027802,-0.020852001383900642,n002954
blendface,pair_0320,0.109976,0.016415,0.06382835656404495,n005219
blendface,pair_0321,0.192724,0.055086,0.03886955603957176,n002872
blendface,pair_0322,0.08321,0.057713,0.05806230753660202,n006396
blendface,pair_0323,0.162589,-0.002729,0.044776611030101776,n003912
blendface,pair_0325,0.194921,-0.00032,0.0313052237033844,n005227
blendface,pair_0326,0.162526,-0.041891,0.04017018526792526,n005578
blendface,pair_0327,0.125685,-0.040763,0.03879055380821228,n001420
blendface,pair_0328,0.28781,-0.029017,0.08657437562942505,n004048
blendface,pair_0329,0.095703,0.075848,0.16001027822494507,n007785
blendface,pair_0330,0.084237,-0.049247,0.05820280313491821,n003929
blendface,pair_0331,0.277643,0.023132,0.10655562579631805,n003630
blendface,pair_0333,0.099341,0.005862,0.05945432931184769,n008165
blendface,pair_0334,0.133638,0.043112,0.07607515156269073,n002772
blendface,pair_0335,0.086963,0.061542,0.01564512401819229,n001289
blendface,pair_0336,0.139783,0.036397,0.044593196362257004,n007311
blendface,pair_0337,0.032978,0.009598,0.01430470310151577,n003658
blendface,pair_0338,0.204752,-0.026779,0.03291098773479462,n003036
blendface,pair_0339,0.11093,0.065526,0.13225410878658295,n006457
blendface,pair_0340,0.215649,0.05785,-0.011372309178113937,n004515
blendface,pair_0343,0.143367,0.0009,0.07412406802177429,n001662
blendface,pair_0344,0.252755,-0.008483,0.04731865972280502,n002380
blendface,pair_0345,0.150331,-0.001385,-0.008031433448195457,n006162
blendface,pair_0347,0.198621,0.029732,0.09895153343677521,n004189
blendface,pair_0348,0.173541,0.014416,0.05639322102069855,n006856
blendface,pair_0349,0.162618,-0.0066,0.08223187923431396,n008082
blendface,pair_0350,0.13601,-0.01023,0.11981739103794098,n007998
blendface,pair_0352,-0.026285,0.052385,0.01850717142224312,n001443
blendface,pair_0353,0.07307,-0.021282,-0.0008112620562314987,n006961
blendface,pair_0354,0.139968,-0.019085,-0.061144448816776276,n003487
blendface,pair_0355,0.09465,0.005934,0.002495110034942627,n007465
blendface,pair_0356,0.240777,0.006614,0.035918235778808594,n007432
blendface,pair_0357,0.079026,0.021252,0.01476385910063982,n003563
blendface,pair_0358,0.129262,-0.020497,0.07434897124767303,n007630
blendface,pair_0359,0.110884,0.047154,-0.015406918711960316,n001932
blendface,pair_0360,0.279384,0.093202,0.12446968257427216,n008947
blendface,pair_0361,0.167179,-0.051293,0.03168664872646332,n005545
blendface,pair_0362,0.155861,0.050855,0.08794397860765457,n002314
blendface,pair_0363,0.161018,0.079303,0.052215881645679474,n006671
blendface,pair_0364,0.0659,0.00356,0.049338676035404205,n000384
blendface,pair_0365,0.139584,0.069201,0.03808613866567612,n006899
blendface,pair_0366,0.13503,0.01574,0.02916240505874157,n003263
blendface,pair_0367,0.096843,-0.024739,-0.01562531106173992,n000031
blendface,pair_0368,0.082731,0.042305,0.0681552141904831,n000509
blendface,pair_0369,0.222419,-0.007531,0.033697426319122314,n004598
blendface,pair_0370,0.179371,-0.008158,-0.028947141021490097,n005146
blendface,pair_0371,0.115737,-0.015357,0.04329517111182213,n000113
blendface,pair_0372,0.162613,0.000758,0.09634432196617126,n002013
blendface,pair_0373,0.061024,-0.003281,-0.040120065212249756,n006444
blendface,pair_0374,0.068343,-0.012427,-0.008573226630687714,n001246
blendface,pair_0375,0.340268,-0.001921,0.05991513282060623,n000459
blendface,pair_0376,0.099412,0.019698,0.06724409759044647,n006262
blendface,pair_0377,0.10292,-0.018364,0.0380636602640152,n007768
blendface,pair_0378,0.116639,0.043025,0.04945627972483635,n006744
blendface,pair_0379,0.107316,-0.035832,0.022391248494386673,n003691
blendface,pair_0380,0.157917,-0.031201,0.054470907896757126,n005669
blendface,pair_0381,0.235476,0.03538,0.08570951223373413,n002839
blendface,pair_0382,0.175925,0.074983,0.06876000761985779,n002479
blendface,pair_0383,0.058465,-0.002271,0.011891428381204605,n000514
blendface,pair_0385,0.144876,0.011103,0.1120569035410881,n000528
blendface,pair_0386,0.168978,0.049804,0.19495633244514465,n004412
blendface,pair_0387,0.188351,0.012096,0.028882581740617752,n008534
blendface,pair_0388,0.093392,0.031125,0.07062094658613205,n009208
blendface,pair_0389,0.137346,-0.03262,-0.04655860364437103,n006801
blendface,pair_0390,0.104396,0.031915,-0.00048259180039167404,n000139
blendface,pair_0391,0.059382,0.039914,0.07778683304786682,n003478
blendface,pair_0392,0.097408,-0.051744,0.12348043918609619,n003121
blendface,pair_0393,0.152664,0.021361,0.051042165607213974,n005886
blendface,pair_0394,0.091998,-0.001403,0.02922641485929489,n007566
blendface,pair_0395,0.0956,0.004148,-0.04434669762849808,n002141
blendface,pair_0396,0.143282,0.124505,-0.02220701053738594,n005022
blendface,pair_0397,0.19824,0.05656,0.005639956332743168,n002277
blendface,pair_0398,0.230135,0.037749,0.05165388435125351,n007286
blendface,pair_0400,0.063837,0.057924,0.1160600334405899,n001390
blendface,pair_0401,0.145561,-0.058436,0.02433536946773529,n005015
blendface,pair_0402,0.133011,-0.060459,0.059655096381902695,n004303
blendface,pair_0404,0.144308,0.015139,0.0820278748869896,n000012
blendface,pair_0405,0.165974,-0.009189,0.10691709816455841,n004988
blendface,pair_0406,0.201164,-0.07703,0.04458104446530342,n007391
blendface,pair_0407,0.096731,-0.039292,0.005415428429841995,n005638
blendface,pair_0408,0.140125,-0.009259,0.06926045566797256,n002204
blendface,pair_0409,0.157458,0.00618,0.01713847927749157,n008950
blendface,pair_0410,0.128224,-0.016143,0.12679597735404968,n004775
blendface,pair_0411,0.181787,-0.034123,0.01495877280831337,n007889
blendface,pair_0412,0.14158,0.000379,0.045152097940444946,n007009
blendface,pair_0413,0.142241,0.13642,0.0700530856847763,n001163
blendface,pair_0414,0.188757,-0.044022,0.017441052943468094,n007366
blendface,pair_0415,0.177308,0.02075,0.022250946611166,n004572
blendface,pair_0416,0.082991,0.007184,0.04722944647073746,n002176
blendface,pair_0417,0.187218,-0.000903,0.0639558956027031,n000176
blendface,pair_0418,0.112102,0.063777,0.012278315611183643,n006843
blendface,pair_0419,0.197698,-0.047584,0.006943021900951862,n000167
blendface,pair_0420,0.131766,-0.017313,0.06846493482589722,n003135
blendface,pair_0421,0.215469,-0.041456,0.007691761013120413,n001062
blendface,pair_0422,-0.011679,0.008383,0.06986130774021149,n008312
blendface,pair_0423,0.087369,0.016917,-0.06674005091190338,n006233
blendface,pair_0424,0.121228,0.093562,-0.0579570010304451,n003232
blendface,pair_0425,0.150766,-0.022066,0.07969379425048828,n000577
blendface,pair_0426,0.045354,-0.011542,0.008764732629060745,n008434
blendface,pair_0427,0.094702,0.076457,0.05075693875551224,n000096
blendface,pair_0428,0.118581,0.053335,0.0013889316469430923,n008296
blendface,pair_0429,0.094287,0.049953,0.06718316674232483,n002836
blendface,pair_0430,0.091618,0.072989,-0.005664737895131111,n003581
blendface,pair_0431,0.105602,-0.03277,0.03667913377285004,n004104
blendface,pair_0432,0.267136,0.023237,0.16321039199829102,n004324
blendface,pair_0433,0.157767,0.024367,5.700811743736267e-05,n001466
blendface,pair_0434,0.214603,-0.012183,0.11566393077373505,n007209
blendface,pair_0435,0.099615,0.008187,0.20643150806427002,n001662
blendface,pair_0436,0.054972,0.019058,0.04154239594936371,n005365
blendface,pair_0438,0.062837,-0.032875,-0.029810141772031784,n003761
blendface,pair_0439,0.102757,0.049523,-0.004304774105548859,n008856
blendface,pair_0440,0.281865,-0.060328,0.10466641187667847,n005830
blendface,pair_0441,0.217807,0.004533,0.10409526526927948,n007203
blendface,pair_0442,0.215532,0.021338,0.14068128168582916,n003095
blendface,pair_0443,0.069117,0.069869,-0.0739339143037796,n008640
blendface,pair_0444,0.087845,0.014251,0.07463762164115906,n005770
blendface,pair_0445,0.174967,-0.001015,0.056759703904390335,n003737
blendface,pair_0446,0.121453,-0.010793,0.05527186021208763,n002277
blendface,pair_0448,0.040702,0.026835,-0.017282279208302498,n000818
blendface,pair_0449,0.240485,0.035233,0.0893477275967598,n002099
blendface,pair_0450,0.081283,-0.065041,0.03356712684035301,n009241
blendface,pair_0451,0.144742,-0.030244,0.03342335298657417,n009053
blendface,pair_0452,0.159094,-0.076534,0.029641568660736084,n006420
blendface,pair_0453,0.10965,0.032026,0.05475246161222458,n001834
blendface,pair_0454,0.127533,-0.065071,0.03114725649356842,n003389
blendface,pair_0455,0.128946,-0.012444,-0.014097546227276325,n004324
blendface,pair_0456,0.134924,0.043089,0.05569978430867195,n003954
blendface,pair_0457,-0.018493,-0.021637,0.01275100652128458,n001548
blendface,pair_0458,0.125407,-0.02809,-0.02830451726913452,n001327
blendface,pair_0459,0.094299,-0.026396,0.017018787562847137,n005571
blendface,pair_0460,0.120667,0.045824,-0.05064455792307854,n004616
blendface,pair_0461,0.140303,0.040225,0.02424481511116028,n005175
blendface,pair_0462,0.156014,0.019982,0.005656605586409569,n008496
blendface,pair_0463,0.14462,-0.026605,0.041816990822553635,n005287
blendface,pair_0464,0.061715,0.076316,0.03751925379037857,n000782
blendface,pair_0465,0.164556,0.052688,0.04713790863752365,n007353
blendface,pair_0466,0.061833,0.037794,0.009638546034693718,n002046
blendface,pair_0467,0.116796,-0.015387,0.0422377735376358,n006580
blendface,pair_0468,0.123511,0.055158,0.0377737395465374,n004279
blendface,pair_0470,0.175481,0.026753,0.07855728268623352,n003946
blendface,pair_0471,0.129884,0.059947,0.013670973479747772,n006791
blendface,pair_0472,0.217566,0.010547,0.07201342284679413,n007015
blendface,pair_0473,0.194088,-0.017838,0.08108055591583252,n007427
blendface,pair_0474,0.222715,0.056538,0.13394218683242798,n006242
blendface,pair_0475,0.18008,-0.008292,0.0373636819422245,n008421
blendface,pair_0476,0.220446,0.003347,0.15627190470695496,n001114
blendface,pair_0478,0.049818,-0.004584,0.00035744626075029373,n007488
blendface,pair_0479,0.117935,-0.011807,0.02091468684375286,n008600
blendface,pair_0480,0.184102,0.066251,0.07284153997898102,n002867
blendface,pair_0481,0.289107,-0.060356,0.04656726121902466,n007657
blendface,pair_0482,0.156764,0.039968,0.00014562695287168026,n008897
blendface,pair_0483,0.157139,-0.036044,0.05051170289516449,n008707
blendface,pair_0484,0.005371,0.075328,0.06226767599582672,n003460
blendface,pair_0485,0.086536,-0.031498,0.008062541484832764,n009098
blendface,pair_0486,0.166672,-0.011734,0.08446092158555984,n002598
blendface,pair_0487,0.204404,0.038404,0.05264703184366226,n007184
blendface,pair_0488,0.200577,0.019235,0.019105426967144012,n005888
blendface,pair_0489,0.198604,0.004643,0.11167464405298233,n001359
blendface,pair_0490,0.176433,0.023644,-0.057946234941482544,n000015
blendface,pair_0491,0.172791,0.037092,0.15522423386573792,n004359
blendface,pair_0492,0.170719,0.004654,0.06484553217887878,n004418
blendface,pair_0493,0.17741,0.047065,-0.009569513611495495,n002573
blendface,pair_0494,-0.00115,0.040408,0.0048243263736367226,n002423
blendface,pair_0495,0.172972,-0.019914,0.031308140605688095,n008745
blendface,pair_0496,0.122227,0.051854,0.07016061246395111,n008693
blendface,pair_0497,0.263633,0.030166,0.09444566071033478,n003507
blendface,pair_0498,0.081842,0.025348,0.023148197680711746,n004348
blendface,pair_0499,0.169676,0.034964,0.10501758009195328,n008788
blendface,pair_0500,0.184737,0.063552,0.07567988336086273,n005445
blendface,pair_0501,0.122408,0.109822,0.043599389493465424,n005511
blendface,pair_0502,0.251301,-0.050988,0.02649788372218609,n005493
blendface,pair_0503,0.09424,-0.020961,0.12839165329933167,n001458
blendface,pair_0504,0.263537,-0.038877,0.09022994339466095,n006428
blendface,pair_0505,0.159408,3.7e-05,0.03384211286902428,n000503
blendface,pair_0506,0.010327,0.060154,0.0827915295958519,n005421
blendface,pair_0507,0.182539,-0.013794,0.08578632771968842,n003484
blendface,pair_0508,0.103839,0.003951,-0.023088030517101288,n005083
blendface,pair_0509,0.117239,0.035617,0.06934601068496704,n001825
blendface,pair_0510,0.206449,-0.0535,0.06010289490222931,n005789
blendface,pair_0511,0.156461,-0.035879,0.05049816519021988,n000139
blendface,pair_0512,0.150817,0.102185,0.05656374245882034,n001089
blendface,pair_0513,0.207174,0.015239,0.053768496960401535,n000049
blendface,pair_0514,0.007951,0.040369,0.11108261346817017,n000426
blendface,pair_0515,0.088769,0.142028,0.054703280329704285,n006087
blendface,pair_0516,0.149914,0.071573,-0.03511696308851242,n000900
blendface,pair_0517,0.080828,0.011223,0.01540171168744564,n003147
blendface,pair_0519,0.160179,-0.080992,0.1112481951713562,n008535
blendface,pair_0520,0.166078,0.021015,0.22188052535057068,n003850
blendface,pair_0521,0.101247,-0.037477,0.031056661158800125,n003311
blendface,pair_0522,0.162647,-0.058736,0.07640901207923889,n008997
blendface,pair_0523,0.244934,-0.009376,0.06354118883609772,n007901
blendface,pair_0524,0.183935,0.05217,0.035283781588077545,n001770
blendface,pair_0525,0.098701,0.080121,-0.03071843460202217,n006904
blendface,pair_0526,0.084274,-0.062821,-0.036212578415870667,n004079
blendface,pair_0527,0.089555,-0.015055,-0.012626557610929012,n003424
blendface,pair_0528,0.131252,0.020809,-0.009899472817778587,n001345
blendface,pair_0529,0.013252,0.023291,0.05411941558122635,n005235
blendface,pair_0530,0.198168,-0.04457,0.030714567750692368,n007674
blendface,pair_0531,0.059239,-0.025433,0.11057944595813751,n008279
blendface,pair_0532,0.209402,-0.040864,0.01744099333882332,n008282
blendface,pair_0534,0.263629,-0.019509,0.09415849298238754,n003909
blendface,pair_0535,0.029382,0.00353,0.005085900891572237,n000012
blendface,pair_0537,0.138268,-0.017056,0.09317148476839066,n005533
blendface,pair_0538,0.106985,-0.030561,0.02125096507370472,n004087
blendface,pair_0539,-0.01149,0.054544,0.05480318143963814,n001207
blendface,pair_0540,0.074433,0.038528,-0.04071102291345596,n005275
blendface,pair_0541,0.106117,-0.05553,0.060145601630210876,n003323
blendface,pair_0542,0.19508,0.020648,0.030172161757946014,n003005
blendface,pair_0543,0.113853,0.049419,-0.008006172254681587,n002194
blendface,pair_0544,0.130554,0.029563,0.014029918238520622,n001238
blendface,pair_0545,0.119495,0.002103,0.0818747878074646,n005047
blendface,pair_0546,0.18223,-0.095757,0.046973779797554016,n002431
blendface,pair_0547,0.060037,-0.038518,0.09934061765670776,n004570
blendface,pair_0548,0.109848,0.034542,0.02251911535859108,n004951
blendface,pair_0549,0.172454,0.00345,0.08273151516914368,n007592
blendface,pair_0550,0.182394,0.003108,0.0020915716886520386,n007107
blendface,pair_0551,0.147699,-0.022286,0.05896890163421631,n005476
blendface,pair_0552,0.178311,-0.01034,0.013833457604050636,n006242
blendface,pair_0553,0.08638,0.075669,-0.01593390852212906,n007119
blendface,pair_0554,0.181169,0.10945,0.044460780918598175,n004764
blendface,pair_0555,0.111996,-0.062018,0.0246886033564806,n001573
blendface,pair_0556,0.124573,0.017687,0.042636316269636154,n001659
blendface,pair_0557,0.015956,0.023395,0.07239457964897156,n004726
blendface,pair_0558,0.162243,0.063725,0.11595548689365387,n005560
blendface,pair_0559,0.075137,0.007816,0.00872628390789032,n007134
blendface,pair_0560,0.100366,-0.047975,0.09256726503372192,n004598
blendface,pair_0561,0.155581,0.051509,0.042890168726444244,n007934
blendface,pair_0562,0.021193,-0.025971,0.04421272128820419,n004713
blendface,pair_0563,0.06627,0.029176,0.008864933624863625,n003267
blendface,pair_0564,0.11804,-0.013365,0.09928479045629501,n001734
blendface,pair_0565,0.263223,0.035371,0.1362178921699524,n000066
blendface,pair_0566,0.114124,-0.003546,0.06953241676092148,n005925
blendface,pair_0567,0.220571,-0.0495,-0.03207802399992943,n003631
blendface,pair_0568,0.13186,-0.011509,0.05098837614059448,n003170
blendface,pair_0569,0.119146,-0.024204,-0.009118206799030304,n001118
blendface,pair_0570,0.140317,-0.007658,-0.007438642904162407,n001871
blendface,pair_0571,0.129969,0.003171,0.05908803641796112,n008540
blendface,pair_0572,0.139649,0.004748,-0.03545646369457245,n005937
blendface,pair_0573,0.05304,0.00053,-0.001405308023095131,n000801
blendface,pair_0574,0.138181,-0.080218,-0.007753019221127033,n005825
blendface,pair_0575,0.185838,-0.012803,0.04380286484956741,n000926
blendface,pair_0576,0.105919,0.029238,-0.006779499351978302,n004191
blendface,pair_0577,0.17179,-0.040324,0.10122958570718765,n006130
blendface,pair_0578,0.212429,0.021355,-0.001005498692393303,n003787
blendface,pair_0579,0.018081,0.034417,-0.00037641869857907295,n001118
blendface,pair_0580,0.174783,0.000737,-0.0005146758630871773,n000607
blendface,pair_0581,0.104665,0.072887,0.056140683591365814,n008620
blendface,pair_0582,0.067481,0.064611,0.0030628007370978594,n001801
blendface,pair_0583,0.098003,0.028309,0.002166375517845154,n002886
blendface,pair_0584,0.157616,-0.044951,-0.05609491094946861,n004878
blendface,pair_0585,0.078077,0.023932,-0.01276848092675209,n003194
blendface,pair_0586,0.118425,0.037462,0.04078216478228569,n006321
blendface,pair_0587,0.139364,-0.020065,0.030345376580953598,n001573
blendface,pair_0588,0.161654,-0.020336,0.011296112090349197,n003111
blendface,pair_0589,0.027621,0.03733,-0.029250282794237137,n001784
blendface,pair_0590,0.194986,-0.054767,-0.006314483471214771,n002969
blendface,pair_0591,0.225268,-0.036386,0.15357118844985962,n002633
blendface,pair_0592,0.086327,-0.000391,0.046150095760822296,n006769
blendface,pair_0593,0.179877,-0.029164,0.009662017226219177,n006088
blendface,pair_0594,0.179444,0.00829,0.1087564080953598,n002484
blendface,pair_0595,0.112564,0.017157,-0.009475309401750565,n002333
blendface,pair_0596,0.271072,0.067066,0.14481285214424133,n002047
blendface,pair_0597,0.073467,0.010218,-0.03083024173974991,n004602
blendface,pair_0598,0.218691,-0.000308,0.09448157995939255,n002162
blendface,pair_0599,0.183008,-0.080177,0.08064877986907959,n005051
blendface,pair_0601,0.079525,0.050511,0.038427744060754776,n008768
blendface,pair_0602,0.22505,0.01688,0.17027133703231812,n007323
blendface,pair_0603,0.023365,0.050547,-0.012599806301295757,n008135
blendface,pair_0605,0.112954,-0.044689,0.04065459221601486,n000891
blendface,pair_0606,0.156814,-0.042369,0.06354855000972748,n002120
blendface,pair_0607,0.20021,-0.009588,0.043812550604343414,n003422
blendface,pair_0608,0.150748,0.039768,0.026840806007385254,n007144
blendface,pair_0609,0.183953,0.020877,0.026537856087088585,n008308
blendface,pair_0610,0.201823,0.061458,0.04108916223049164,n002686
blendface,pair_0611,0.115278,0.068997,0.007278865668922663,n006711
blendface,pair_0612,0.148903,0.013718,-0.0209019985049963,n009162
blendface,pair_0613,0.163747,0.035466,0.124595046043396,n000997
blendface,pair_0614,0.259515,-0.009325,0.033578332513570786,n007206
blendface,pair_0615,0.188244,0.00592,-0.032194629311561584,n005520
blendface,pair_0616,0.051496,-0.010748,0.05734483152627945,n003596
blendface,pair_0617,0.13429,-0.085092,0.07204130291938782,n007336
blendface,pair_0618,0.092552,-0.017914,-0.0756162703037262,n004839
blendface,pair_0619,0.293008,0.043972,0.061320312321186066,n008881
blendface,pair_0620,0.126613,-0.031285,0.08364780247211456,n003200
blendface,pair_0621,0.066059,0.008812,0.03434356302022934,n001273
blendface,pair_0622,0.142769,0.074006,-0.002589732175692916,n001062
blendface,pair_0623,0.102277,0.078993,0.040985073894262314,n005531
blendface,pair_0624,0.231423,-0.014951,0.037976138293743134,n000792
blendface,pair_0625,0.167796,-0.0872,0.002630865201354027,n005874
blendface,pair_0626,0.186843,0.019807,0.054860297590494156,n002973
blendface,pair_0627,0.23485,-0.028539,0.026389311999082565,n004175
blendface,pair_0628,0.258802,-0.00169,0.1807946413755417,n003805
blendface,pair_0629,0.057531,0.033028,0.03905944153666496,n003151
blendface,pair_0630,0.011287,-0.10115,0.09887969493865967,n006424
blendface,pair_0631,0.109726,-0.001764,0.0514506995677948,n004548
blendface,pair_0632,0.222809,0.037881,0.07363608479499817,n002032
blendface,pair_0633,0.137275,-0.020547,0.054635949432849884,n006065
blendface,pair_0634,0.154593,0.040623,0.024987105280160904,n001228
blendface,pair_0635,0.129045,-0.010554,0.07011310756206512,n009034
blendface,pair_0636,0.1075,-0.022435,0.02819965034723282,n003013
blendface,pair_0637,0.253455,-0.045178,0.11699717491865158,n000325
blendface,pair_0639,0.10938,0.05318,-0.059691254049539566,n007410
blendface,pair_0640,0.122681,0.014747,-0.01630273461341858,n002591
blendface,pair_0641,0.203107,0.005521,0.012243787758052349,n000012
blendface,pair_0642,0.132844,0.039714,0.14994512498378754,n001848
blendface,pair_0643,0.049568,-0.040199,-0.014232901856303215,n003036
blendface,pair_0644,0.188028,-0.018446,0.07303741574287415,n007743
blendface,pair_0645,0.150915,-0.023343,0.11418060958385468,n005959
blendface,pair_0646,0.092561,0.038543,0.04950074851512909,n000724
blendface,pair_0647,0.138482,-0.025469,-0.016211267560720444,n001805
blendface,pair_0648,0.206284,0.020911,0.1010417565703392,n004278
blendface,pair_0649,0.081982,-0.048151,0.028506914153695107,n001644
blendface,pair_0650,0.061797,0.048241,-0.022728346288204193,n003664
blendface,pair_0651,0.172085,0.045832,0.03419381380081177,n006486
blendface,pair_0652,0.106676,0.001499,0.03185472637414932,n007116
blendface,pair_0653,0.156121,-0.043682,0.04424178600311279,n001734
blendface,pair_0654,0.221929,-0.01608,0.08357052505016327,n003285
blendface,pair_0655,0.044373,0.002619,0.0045423079282045364,n001320
blendface,pair_0656,0.099364,0.003691,-0.044636450707912445,n001647
blendface,pair_0657,0.2236,-0.021147,-0.0028217295184731483,n001371
blendface,pair_0658,-0.008062,-0.022541,0.024814069271087646,n005887
blendface,pair_0659,0.058593,0.002419,0.008578063920140266,n000902
blendface,pair_0660,0.202316,-0.002466,0.09259456396102905,n005351
blendface,pair_0661,0.117388,-0.004351,0.04020394757390022,n003553
blendface,pair_0662,0.101764,-0.009973,-0.018381863832473755,n007308
blendface,pair_0663,0.106931,-0.028805,-0.05652996897697449,n007663
blendface,pair_0664,0.15879,-0.040222,-0.021623145788908005,n005433
blendface,pair_0665,0.168929,-0.041415,0.10761184245347977,n003253
blendface,pair_0666,0.12137,0.019928,0.10343997180461884,n008592
blendface,pair_0667,0.103849,0.036833,0.013089125975966454,n005943
blendface,pair_0668,0.24314,-0.060143,0.027583029121160507,n008834
blendface,pair_0669,0.208499,0.013773,0.04274733364582062,n007103
blendface,pair_0670,-0.003382,0.049193,0.04464704915881157,n007378
blendface,pair_0671,-0.024295,0.064572,-0.0032389271073043346,n001388
blendface,pair_0672,0.131184,0.073295,0.08839703351259232,n000638
blendface,pair_0673,0.168839,0.14081,0.0035906522534787655,n002727
blendface,pair_0674,0.252499,0.082892,0.04482755810022354,n003645
blendface,pair_0675,0.151971,0.060939,0.01847926899790764,n003609
blendface,pair_0676,0.025029,0.073421,0.054979898035526276,n001760
blendface,pair_0677,-0.001401,-0.043289,0.08184407651424408,n001097
blendface,pair_0678,0.100933,0.038819,0.05310395732522011,n007466
blendface,pair_0679,0.08621,0.013583,0.03633154556155205,n003269
blendface,pair_0680,0.229405,-0.037695,0.06818847358226776,n008114
blendface,pair_0681,0.128544,0.011373,0.06792240589857101,n000371
blendface,pair_0682,0.169544,-0.0287,-0.08890344947576523,n006898
blendface,pair_0683,0.112001,-0.012303,0.08855735510587692,n004428
blendface,pair_0684,0.028996,-0.016617,0.017672039568424225,n005081
blendface,pair_0685,0.201931,-0.010865,0.025204729288816452,n001896
blendface,pair_0686,0.171919,0.046061,0.07286641746759415,n001411
blendface,pair_0687,0.09112,0.020294,0.07911516726016998,n007382
blendface,pair_0688,0.271488,0.011319,0.07511632144451141,n001235
blendface,pair_0689,0.207084,0.005454,0.1322828233242035,n001729
blendface,pair_0691,0.132499,0.059238,0.06626665592193604,n007366
blendface,pair_0692,0.055285,0.055932,0.052967846393585205,n004142
blendface,pair_0693,0.10842,-0.008509,0.14020517468452454,n004455
blendface,pair_0694,0.204695,-0.001411,0.04483936354517937,n000150
blendface,pair_0695,0.193922,-0.038838,0.149288147687912,n007483
blendface,pair_0696,0.166352,0.017869,0.021114232018589973,n001113
blendface,pair_0697,-0.007037,-0.00825,0.03596097603440285,n006270
blendface,pair_0698,0.12826,-0.015259,0.15664857625961304,n005327
blendface,pair_0699,0.101295,-0.004508,0.01265261135995388,n007891
blendface,pair_0700,0.229063,-0.027669,-0.0028176610358059406,n007515
blendface,pair_0701,0.109469,0.095788,0.06652156263589859,n004804
blendface,pair_0702,0.19536,-0.042552,0.006336202844977379,n000737
blendface,pair_0703,0.101894,-0.024457,0.004066350404173136,n009224
blendface,pair_0704,0.082859,0.015404,0.03851591795682907,n001936
blendface,pair_0705,0.182702,0.019509,0.018888454884290695,n002535
blendface,pair_0706,0.114448,0.061367,0.028761349618434906,n009150
blendface,pair_0707,0.022751,-0.0325,-0.020396191626787186,n008104
blendface,pair_0708,0.308274,-0.010116,0.055259235203266144,n006850
blendface,pair_0709,0.093082,0.015866,0.1465388536453247,n005620
blendface,pair_0710,0.126601,0.072775,0.06106990948319435,n000205
blendface,pair_0711,0.057548,-0.033488,-0.011248703114688396,n001595
blendface,pair_0712,0.18692,0.062139,0.007054177112877369,n008444
blendface,pair_0713,0.143442,0.007296,0.0529811754822731,n000720
blendface,pair_0714,0.09776,0.038834,0.030068254098296165,n007105
blendface,pair_0715,0.003251,0.011761,0.003974441438913345,n001579
blendface,pair_0716,0.121398,0.046532,0.038947951048612595,n005388
blendface,pair_0717,0.129231,0.054468,-0.013866208493709564,n006847
blendface,pair_0718,0.006725,-0.055293,0.011892860755324364,n008198
blendface,pair_0719,0.20773,-0.011633,0.042631231248378754,n004232
blendface,pair_0720,0.147294,-0.017588,0.0442182756960392,n000089
blendface,pair_0721,0.179443,-0.086552,0.05115764960646629,n008115
blendface,pair_0722,0.108201,0.026349,0.05098987743258476,n001775
blendface,pair_0723,0.12837,-0.000969,0.005199464503675699,n001083
blendface,pair_0724,0.155704,0.043281,0.025187408551573753,n004290
blendface,pair_0725,0.242923,0.075444,0.11152786016464233,n005807
blendface,pair_0726,-0.040545,-0.072336,0.004603751003742218,n005102
blendface,pair_0727,0.231692,-0.028292,0.1413334757089615,n003262
blendface,pair_0728,0.210667,-0.025475,0.08304881304502487,n009027
blendface,pair_0729,0.069883,0.072201,0.07508794963359833,n004600
blendface,pair_0730,0.133142,0.031978,-0.01485300064086914,n004846
blendface,pair_0731,0.163365,-0.051862,0.031208502128720284,n001159
blendface,pair_0732,0.159833,0.001119,0.03405123949050903,n008692
blendface,pair_0733,0.082069,0.04658,0.013400671072304249,n000150
blendface,pair_0735,0.208045,-0.021965,0.11959724128246307,n007086
blendface,pair_0736,0.09614,0.080818,0.021041691303253174,n008431
blendface,pair_0737,0.150042,-0.002318,0.0024727080017328262,n001662
blendface,pair_0738,-0.057408,0.030339,0.08227545022964478,n007853
blendface,pair_0739,0.210063,0.100484,0.05435159057378769,n008748
blendface,pair_0740,0.192381,-0.004181,0.07779425382614136,n004184
blendface,pair_0741,0.193379,0.026556,0.0015951734967529774,n008279
blendface,pair_0742,0.111785,-0.046847,0.01000414788722992,n008023
blendface,pair_0743,0.163056,0.038386,0.12222829461097717,n009053
blendface,pair_0744,0.085847,0.047014,-0.03734619915485382,n004139
blendface,pair_0745,0.111544,0.048765,0.005712404847145081,n002317
blendface,pair_0746,0.1274,-0.020468,0.06916724890470505,n000986
blendface,pair_0747,0.095084,-0.058121,0.11339634656906128,n001348
blendface,pair_0748,0.177186,-0.100315,0.003586791455745697,n002671
blendface,pair_0749,0.135775,0.036109,0.1070939153432846,n007617
blendface,pair_0750,0.169578,0.033752,0.0658591240644455,n003822
blendface,pair_0751,0.227766,0.007759,-0.008114159107208252,n004455
blendface,pair_0752,0.180835,-0.023505,0.03960536792874336,n004356
blendface,pair_0753,0.041415,0.036193,0.017040513455867767,n003384
blendface,pair_0754,0.129817,0.003217,0.06632350385189056,n000024
blendface,pair_0755,0.140713,0.026814,0.05336984992027283,n001345
blendface,pair_0756,0.119317,-0.022396,0.053724274039268494,n007202
blendface,pair_0757,0.168926,-0.041455,0.07620219886302948,n007826
blendface,pair_0758,0.102007,-0.01171,0.060530886054039,n002468
blendface,pair_0759,0.228335,0.020288,0.036796651780605316,n006538
blendface,pair_0760,0.150629,0.039372,0.03073785826563835,n009107
blendface,pair_0761,0.081209,0.04306,0.06101248413324356,n002326
blendface,pair_0762,0.08786,0.023678,-0.029339104890823364,n005952
blendface,pair_0764,0.138419,0.02267,0.05659168213605881,n001207
blendface,pair_0765,0.135089,0.07055,0.004396203905344009,n008285
blendface,pair_0766,0.003195,0.020293,0.04014177620410919,n001906
blendface,pair_0767,0.193792,0.005863,0.026745164766907692,n006085
blendface,pair_0768,0.116988,0.045767,0.03239215910434723,n002138
blendface,pair_0769,0.148254,-0.072679,0.001197989098727703,n003705
blendface,pair_0770,0.165769,0.017408,0.04757479578256607,n001714
blendface,pair_0771,0.125425,0.021825,0.04266475886106491,n000400
blendface,pair_0772,0.049602,-0.027383,-0.05115503817796707,n004667
blendface,pair_0773,0.239883,0.031653,0.014047293923795223,n006481
blendface,pair_0774,0.140466,-0.045354,0.024470999836921692,n003334
blendface,pair_0775,0.089946,0.054352,0.027427472174167633,n001963
blendface,pair_0777,0.16028,-0.032407,0.04426344111561775,n006630
blendface,pair_0778,0.126518,-0.024104,0.06644240766763687,n008288
blendface,pair_0779,0.055045,0.002202,0.037934400141239166,n008955
blendface,pair_0780,0.154381,0.044815,-0.031508903950452805,n008052
blendface,pair_0781,0.157871,-0.015864,0.0678885281085968,n003389
blendface,pair_0782,0.085219,0.036329,-0.014467407949268818,n006745
blendface,pair_0783,0.185844,-0.039853,0.14823275804519653,n002949
blendface,pair_0784,0.159544,0.029924,0.03767819702625275,n003523
blendface,pair_0785,0.12823,0.116332,0.06547942757606506,n005590
blendface,pair_0786,0.228941,0.073879,0.044945381581783295,n007904
blendface,pair_0787,0.099487,0.015898,0.030583051964640617,n000513
blendface,pair_0788,0.160707,-0.0251,0.022603429853916168,n001490
blendface,pair_0789,0.199153,-0.020444,0.007594363763928413,n008274
blendface,pair_0790,0.120515,0.030934,-0.04342285543680191,n001872
blendface,pair_0791,0.062858,-0.029045,-0.008168919011950493,n007178
blendface,pair_0792,0.324305,-0.003725,0.1065700426697731,n006833
blendface,pair_0793,0.264082,-0.039268,0.01492292620241642,n007644
blendface,pair_0794,0.090609,0.018312,0.03845721483230591,n000166
blendface,pair_0795,0.189773,0.085242,0.0046117715537548065,n001441
blendface,pair_0796,0.141369,0.023819,0.013913247734308243,n006791
blendface,pair_0797,0.160133,-0.001995,0.026733949780464172,n007421
blendface,pair_0798,0.099708,0.034809,0.06944411993026733,n000249
blendface,pair_0799,0.07534,-0.001609,7.835403084754944e-05,n005392
blendface,pair_0800,0.130993,-0.047158,0.03362178057432175,n008612
blendface,pair_0801,0.152633,0.016382,0.086085744202137,n004335
blendface,pair_0802,0.062901,0.062867,0.05902352184057236,n002227
blendface,pair_0804,0.148747,-0.057527,0.030316339805722237,n003076
blendface,pair_0805,0.208569,0.006017,-0.05417551472783089,n008103
blendface,pair_0806,0.230166,-0.044853,0.1272374838590622,n005929
blendface,pair_0807,0.079875,-0.015778,-0.00033491384238004684,n002051
blendface,pair_0808,0.107109,0.006451,0.01593034341931343,n004278
blendface,pair_0809,0.231123,-0.014199,0.018558621406555176,n005033
blendface,pair_0810,0.167825,-0.003508,0.051293376833200455,n002120
blendface,pair_0811,0.221986,-0.062477,0.09206658601760864,n006829
blendface,pair_0812,0.15129,0.038996,0.06396094709634781,n000023
blendface,pair_0813,0.19875,0.049962,0.05291325971484184,n004145
blendface,pair_0814,0.108191,0.093455,0.021111413836479187,n000918
blendface,pair_0815,0.109228,-0.008229,0.07630915939807892,n005153
blendface,pair_0816,0.130554,0.008186,-0.03458477556705475,n008767
blendface,pair_0817,0.180911,-0.007774,0.04486256465315819,n002006
blendface,pair_0818,0.306156,-0.059077,0.1036926880478859,n002356
blendface,pair_0819,0.111085,0.012411,-0.04955048859119415,n009277
blendface,pair_0820,0.131647,-0.004931,0.0597040019929409,n004388
blendface,pair_0821,0.130249,-0.01431,0.0749768391251564,n007304
blendface,pair_0822,0.091178,0.133701,-0.04164209961891174,n005920
blendface,pair_0824,0.143068,-0.005221,0.0799088403582573,n002366
blendface,pair_0825,0.076222,0.016879,0.06040186434984207,n002427
blendface,pair_0826,0.065921,-0.021923,0.02913193590939045,n006760
blendface,pair_0827,0.217321,0.070813,0.07311888784170151,n008967
blendface,pair_0828,0.036655,0.039759,0.04332499951124191,n005220
blendface,pair_0829,0.032975,0.02567,0.019598696380853653,n003840
blendface,pair_0830,0.110122,-0.024053,-0.07755294442176819,n007777
blendface,pair_0831,0.196043,0.033837,0.01867346651852131,n008650
blendface,pair_0832,0.065811,0.007355,-0.013540402054786682,n004056
blendface,pair_0833,0.166214,0.038136,0.0795339047908783,n006414
blendface,pair_0834,0.129222,0.027516,0.07047311961650848,n004108
blendface,pair_0835,0.094931,-0.123212,-0.024708151817321777,n005275
blendface,pair_0836,0.244784,0.05065,0.03314364701509476,n007543
blendface,pair_0837,0.24483,-0.059098,0.05372903496026993,n006566
blendface,pair_0838,0.19516,0.037522,0.0694490373134613,n006798
blendface,pair_0839,0.095576,-0.009568,0.0435631200671196,n002654
blendface,pair_0840,0.123927,-0.010368,-0.010041705332696438,n006734
blendface,pair_0841,0.180094,-0.0314,0.09692272543907166,n001034
blendface,pair_0842,0.13762,0.008775,0.1268741339445114,n002154
blendface,pair_0843,0.121459,0.043377,0.0035900073125958443,n009011
blendface,pair_0845,0.206351,0.05003,0.09841924905776978,n004014
blendface,pair_0846,0.082255,-0.003315,0.0007676007226109505,n005247
blendface,pair_0847,0.039234,-0.004172,0.033418092876672745,n001455
blendface,pair_0848,0.172955,-0.037676,-0.006135996431112289,n004144
blendface,pair_0849,0.049866,0.077631,0.038207877427339554,n004667
blendface,pair_0850,0.162261,-0.029412,0.0011564884334802628,n006350
blendface,pair_0851,0.089256,0.007487,0.01276688277721405,n005050
blendface,pair_0852,0.135958,-0.014932,-0.009542468935251236,n004726
blendface,pair_0853,0.128208,-0.036146,0.07434437423944473,n001715
blendface,pair_0854,0.163871,0.030647,0.037122003734111786,n007376
blendface,pair_0855,0.161799,0.034302,0.10082831978797913,n005244
blendface,pair_0856,0.079884,-0.068012,0.07427708059549332,n007730
blendface,pair_0857,0.056064,0.00506,-0.026081714779138565,n003617
blendface,pair_0858,0.299675,0.04578,0.2028152197599411,n004639
blendface,pair_0859,0.225576,-0.029489,0.0007742289453744888,n007398
blendface,pair_0860,0.041497,0.001751,0.10266324877738953,n006963
blendface,pair_0861,0.101082,0.025469,0.06283995509147644,n003601
blendface,pair_0862,0.088812,0.120174,0.0712709054350853,n002586
blendface,pair_0863,0.079134,-0.039427,0.11916200071573257,n004358
blendface,pair_0864,0.10346,0.015189,0.036926791071891785,n005503
blendface,pair_0865,0.099946,-0.022662,-0.032096296548843384,n004237
blendface,pair_0866,0.144246,-0.02109,-0.016872748732566833,n004804
blendface,pair_0867,0.11793,0.019393,-0.018182139843702316,n001825
blendface,pair_0868,0.148544,0.015704,0.05039762333035469,n001726
blendface,pair_0869,0.102234,0.040813,0.005250408314168453,n007663
blendface,pair_0870,0.166191,0.101876,0.15023958683013916,n000829
blendface,pair_0871,0.096952,-0.002208,0.15819160640239716,n007384
blendface,pair_0872,0.114509,0.005756,0.021154003217816353,n007801
blendface,pair_0873,0.233251,-0.023354,-0.005646657198667526,n000249
blendface,pair_0874,0.135046,0.047873,0.07403883337974548,n007862
blendface,pair_0875,0.184439,0.027262,0.09155827760696411,n003910
blendface,pair_0876,0.138691,0.030234,0.13264279067516327,n005257
blendface,pair_0877,0.125002,0.046213,0.01926282048225403,n009039
blendface,pair_0878,0.110536,0.062071,-0.013604999519884586,n007330
blendface,pair_0879,0.10312,0.066228,0.0388958714902401,n006096
blendface,pair_0880,0.091881,-0.012827,-0.011776545085012913,n000430
blendface,pair_0881,0.074307,0.041073,0.02372502163052559,n005329
blendface,pair_0882,0.174371,-0.025332,0.08476278930902481,n003639
blendface,pair_0883,0.007341,0.00938,0.05904930457472801,n001876
blendface,pair_0884,0.126331,0.019564,-0.027633309364318848,n004433
blendface,pair_0885,0.084234,-0.004758,0.08875179290771484,n006152
blendface,pair_0886,0.151788,-0.059786,-0.08897173404693604,n009150
blendface,pair_0887,0.078491,-0.017769,0.1009117066860199,n008688
blendface,pair_0889,0.23124,0.047832,0.13685671985149384,n006099
blendface,pair_0890,0.248562,0.069593,0.047247547656297684,n000590
blendface,pair_0891,0.185016,0.039372,0.10787959396839142,n008396
blendface,pair_0892,0.091349,-0.003836,0.14188238978385925,n001434
blendface,pair_0893,0.149629,0.017509,-0.0021411776542663574,n008279
blendface,pair_0894,0.23014,0.029266,-0.051402099430561066,n004825
blendface,pair_0896,0.068323,0.038002,0.07548922300338745,n005718
blendface,pair_0897,0.206896,0.019425,0.04703197628259659,n004940
blendface,pair_0898,0.210129,0.131286,0.05983731523156166,n009025
blendface,pair_0899,0.222764,-0.031488,0.07270655781030655,n001164
blendface,pair_0900,0.23983,0.113356,0.05802169442176819,n006795
blendface,pair_0901,0.08806,0.040769,0.0330270454287529,n008193
blendface,pair_0902,0.055099,-0.022534,0.036324143409729004,n002744
blendface,pair_0903,0.168459,0.011603,-0.02496950700879097,n000793
blendface,pair_0904,0.097467,-0.025792,-0.023311959579586983,n000099
blendface,pair_0905,0.054189,-0.013133,0.02783001959323883,n003521
blendface,pair_0906,0.152531,0.001835,0.14998066425323486,n001405
blendface,pair_0907,0.139683,-0.003069,0.07280369848012924,n000701
blendface,pair_0908,0.103291,0.036338,0.04786759614944458,n003828
blendface,pair_0909,0.211853,-0.01056,0.06845659762620926,n001490
blendface,pair_0910,0.143483,-0.006389,0.022078221663832664,n007204
blendface,pair_0911,0.096857,-0.04617,0.08317351341247559,n004703
blendface,pair_0912,0.116601,0.029446,0.02361765131354332,n003328
blendface,pair_0913,0.17509,0.004279,0.0955955982208252,n004864
blendface,pair_0914,0.102566,-0.036247,0.06985333561897278,n009065
blendface,pair_0915,0.246001,0.081283,-0.022251872345805168,n007229
blendface,pair_0916,0.197772,-0.00764,0.08477988094091415,n005354
blendface,pair_0918,0.03443,-0.038656,0.04724539816379547,n007910
blendface,pair_0919,0.114075,-0.027761,0.05634142458438873,n007247
blendface,pair_0920,0.248701,0.005218,0.11872053146362305,n004760
blendface,pair_0921,0.145992,0.024136,-0.000543360598385334,n002537
blendface,pair_0922,0.118759,0.024575,0.05465587228536606,n008239
blendface,pair_0923,0.124709,0.027351,0.02752932719886303,n001111
blendface,pair_0924,0.117867,-0.009133,0.04902943968772888,n006304
blendface,pair_0925,0.229089,0.006052,-0.0017040977254509926,n007486
blendface,pair_0926,0.166814,0.076905,0.07479996234178543,n002670
blendface,pair_0927,0.226514,-0.018764,0.09634412825107574,n004159
blendface,pair_0928,0.115365,-0.025256,0.007151452358812094,n002288
blendface,pair_0929,0.098542,0.006411,-0.059829216450452805,n006450
blendface,pair_0930,0.13947,0.082883,-0.0023935330100357533,n003254
blendface,pair_0932,0.089442,-0.000861,0.04286175221204758,n000089
blendface,pair_0933,0.203204,-0.059283,-0.021925322711467743,n003253
blendface,pair_0934,0.19868,0.00589,0.024276159703731537,n007981
blendface,pair_0935,0.05867,-0.007175,0.032547153532505035,n004656
blendface,pair_0936,0.083732,-0.084013,0.10688430070877075,n009073
blendface,pair_0937,0.091188,0.010424,0.044618554413318634,n009191
blendface,pair_0938,0.25922,0.07829,0.1797827184200287,n004592
blendface,pair_0939,0.145571,0.009594,0.04916486516594887,n000339
blendface,pair_0940,0.176958,0.085459,0.056015513837337494,n005712
blendface,pair_0941,0.137263,-0.005985,-0.04643835872411728,n004737
blendface,pair_0942,0.168092,0.030246,0.056195490062236786,n004596
blendface,pair_0943,0.033008,-0.021581,0.023254932835698128,n007778
blendface,pair_0944,0.035329,-0.025723,-0.019673315808176994,n005339
blendface,pair_0945,0.184458,-0.015734,0.0022856490686535835,n004775
blendface,pair_0946,0.126882,-0.032275,0.14007945358753204,n006716
blendface,pair_0947,0.081509,-0.065333,-0.010855297558009624,n008432
blendface,pair_0948,0.227987,0.012347,0.0030100829899311066,n005302
blendface,pair_0949,0.290087,-0.000626,0.20757903158664703,n009263
blendface,pair_0950,0.397358,-0.00411,0.09121297299861908,n007770
blendface,pair_0951,0.147053,-0.011881,0.08081287145614624,n005533
blendface,pair_0952,0.06793,-0.039008,0.031472958624362946,n003086
blendface,pair_0953,0.282479,0.027901,0.037142314016819,n001953
blendface,pair_0954,0.093679,-0.043433,-0.00010500894859433174,n001428
blendface,pair_0955,0.259803,-0.030257,-0.01466018334031105,n002194
blendface,pair_0956,0.138502,0.032209,0.07544714957475662,n001223
blendface,pair_0958,0.08225,-0.020668,0.02896297350525856,n005283
blendface,pair_0959,0.120936,0.022172,-0.02515203133225441,n006362
blendface,pair_0960,0.21399,0.028798,0.002515556290745735,n001884
blendface,pair_0961,0.211937,0.079249,0.13046544790267944,n003510
blendface,pair_0962,0.138867,0.011693,0.1404697299003601,n003927
blendface,pair_0963,0.09356,0.013674,0.023158352822065353,n007501
blendface,pair_0964,0.137874,-0.009782,0.11931382864713669,n007464
blendface,pair_0965,0.090784,0.082691,0.10233797132968903,n004349
blendface,pair_0966,0.126764,0.010866,0.14468100666999817,n001757
blendface,pair_0967,0.232915,-0.033023,0.036221474409103394,n000299
blendface,pair_0968,0.022392,-0.000289,0.011883982457220554,n008549
blendface,pair_0969,0.151722,0.025119,0.06325457990169525,n008967
blendface,pair_0970,0.075077,0.00892,0.10377181321382523,n006346
blendface,pair_0971,0.164386,0.068358,0.05559956654906273,n008282
blendface,pair_0972,0.053434,0.064627,0.07555009424686432,n001727
blendface,pair_0973,0.209243,0.035925,0.06489309668540955,n003988
blendface,pair_0974,0.138323,-2e-06,-0.00547431968152523,n002747
blendface,pair_0975,0.221532,0.012339,0.008070100098848343,n007464
blendface,pair_0977,0.149887,0.020901,0.04004783183336258,n006791
blendface,pair_0978,0.103822,0.053946,0.0033967187628149986,n007326
blendface,pair_0979,0.075134,0.016571,0.024458743631839752,n003097
blendface,pair_0981,0.081637,-0.02357,0.024872977286577225,n001790
blendface,pair_0982,0.1304,0.03571,0.08238726854324341,n002548
blendface,pair_0983,0.225395,0.059429,0.0879722461104393,n004708
blendface,pair_0984,0.18437,-0.017388,0.016223203390836716,n002937
blendface,pair_0985,0.036248,-0.052339,0.0025263186544179916,n004430
blendface,pair_0986,0.262259,-0.031081,0.0392446294426918,n005889
blendface,pair_0987,0.144922,0.061968,0.023847267031669617,n002850
blendface,pair_0988,0.046589,-0.053901,0.04879649728536606,n002240
blendface,pair_0989,0.071266,0.020613,0.06387001276016235,n003492
blendface,pair_0990,0.162839,0.030099,0.11319644004106522,n005971
blendface,pair_0991,0.098269,0.075808,-0.035900577902793884,n001428
blendface,pair_0992,0.309187,-0.06071,0.10168872773647308,n003078
blendface,pair_0993,0.15669,0.055631,0.12791235744953156,n008115
blendface,pair_0994,0.106346,-0.037768,0.10479938983917236,n002582
blendface,pair_0995,0.020383,-0.021333,0.06918766349554062,n006187
blendface,pair_0996,0.161804,0.037315,0.0413283035159111,n002872
blendface,pair_0997,0.108843,-0.06057,0.03516412153840065,n004647
blendface,pair_0998,0.04455,-0.041644,0.08982671052217484,n003484
blendface,pair_0999,0.019362,0.009175,-0.0062546455301344395,n007167
canonswap,pair_0000,0.170004,0.028492,-0.034052494913339615,n000354
canonswap,pair_0001,0.134537,0.075411,0.04036078602075577,n005714
canonswap,pair_0002,0.066829,0.035097,-0.007578620687127113,n000804
canonswap,pair_0003,0.221706,-0.060919,0.15471011400222778,n008833
canonswap,pair_0004,0.321583,0.101182,0.04937760531902313,n008995
canonswap,pair_0005,0.031701,-0.018047,0.08426404744386673,n002675
canonswap,pair_0006,0.141067,0.005754,0.11594626307487488,n003853
canonswap,pair_0007,0.192775,-0.00986,0.10485445708036423,n000714
canonswap,pair_0008,0.222992,0.060244,0.030654912814497948,n003491
canonswap,pair_0009,0.031619,0.005966,-0.03257857263088226,n002679
canonswap,pair_0010,0.110133,-0.012068,0.004964879713952541,n005251
canonswap,pair_0011,0.308631,0.032612,0.06948305666446686,n007238
canonswap,pair_0012,0.139356,0.007227,0.08135022222995758,n004170
canonswap,pair_0013,0.092085,0.040572,0.06155017763376236,n003151
canonswap,pair_0014,0.111657,0.047969,0.07730624079704285,n006263
canonswap,pair_0015,0.158115,0.024338,0.01677524484694004,n000309
canonswap,pair_0016,0.023113,0.020822,0.008686371147632599,n001417
canonswap,pair_0017,0.153995,-0.062785,-0.019209709018468857,n000758
canonswap,pair_0018,0.07685,-0.007165,0.0227624773979187,n001228
canonswap,pair_0019,0.085554,0.046884,-0.04749967157840729,n007576
canonswap,pair_0020,0.013554,-0.002591,-0.004328959621489048,n007948
canonswap,pair_0021,0.16359,-0.003196,0.06127401068806648,n002193
canonswap,pair_0022,0.076929,0.013424,0.11310550570487976,n000581
canonswap,pair_0023,0.113956,-0.003128,0.003575041890144348,n008767
canonswap,pair_0024,0.09311,-0.046394,0.027445891872048378,n003129
canonswap,pair_0025,0.128997,-0.017762,0.0037452830001711845,n004825
canonswap,pair_0026,0.266145,0.01619,0.09796850383281708,n002191
canonswap,pair_0027,0.141462,0.088292,-0.0014325962401926517,n008612
canonswap,pair_0028,0.194349,-0.011292,0.047088902443647385,n002034
canonswap,pair_0030,0.08896,0.029596,0.030551865696907043,n003482
canonswap,pair_0031,0.178011,0.008006,0.04639546200633049,n004847
canonswap,pair_0032,0.114398,-0.068761,0.030420057475566864,n005502
canonswap,pair_0033,0.142647,0.005793,0.028849752619862556,n003615
canonswap,pair_0034,0.296533,-0.044654,0.0842752680182457,n003462
canonswap,pair_0035,0.325461,-0.035014,0.07235502451658249,n006552
canonswap,pair_0036,0.17691,0.037821,0.012977837584912777,n006991
canonswap,pair_0038,0.111677,0.069962,0.013639973476529121,n000598
canonswap,pair_0039,0.074215,-0.00027,0.05963923782110214,n000539
canonswap,pair_0040,-0.012349,-0.013312,-0.02848616987466812,n001448
canonswap,pair_0041,0.00168,0.036593,0.040981922298669815,n005477
canonswap,pair_0042,-0.033519,-0.016731,0.036359623074531555,n000541
canonswap,pair_0043,0.105434,0.00358,-0.009123634546995163,n003808
canonswap,pair_0044,0.048807,0.122588,-0.004343796521425247,n001742
canonswap,pair_0045,0.302025,-0.040093,0.1741132289171219,n008062
canonswap,pair_0046,0.109779,0.025004,0.03450366482138634,n004942
canonswap,pair_0047,0.120335,-0.010507,-0.029822025448083878,n006932
canonswap,pair_0048,0.152532,0.077229,0.11857129633426666,n006124
canonswap,pair_0049,0.12188,0.056446,-0.0011951606720685959,n002072
canonswap,pair_0050,0.107551,-0.016122,0.007667996920645237,n007537
canonswap,pair_0051,0.109343,-0.029185,0.028187982738018036,n005803
canonswap,pair_0052,0.182767,0.003559,0.022504620254039764,n008365
canonswap,pair_0053,0.09044,0.034538,0.013502877205610275,n001060
canonswap,pair_0054,0.287486,0.021802,0.06262491643428802,n000792
canonswap,pair_0055,0.084575,0.009973,-0.02058432623744011,n001594
canonswap,pair_0056,0.091954,-0.042065,0.025709571316838264,n004428
canonswap,pair_0057,0.117609,0.000739,0.027516476809978485,n007009
canonswap,pair_0058,0.111567,-0.027866,-0.04007195308804512,n003428
canonswap,pair_0059,0.080635,0.021844,0.04868469014763832,n005981
canonswap,pair_0060,0.143275,0.011629,0.1734333336353302,n002779
canonswap,pair_0061,0.140624,0.001425,-0.018725845962762833,n006989
canonswap,pair_0062,0.089716,-0.010081,-0.05355741083621979,n000092
canonswap,pair_0063,0.018644,0.016286,0.08563493192195892,n001945
canonswap,pair_0064,0.207955,-0.021125,0.07497009634971619,n004330
canonswap,pair_0065,0.149632,-0.003431,-0.001440577208995819,n005191
canonswap,pair_0066,0.167012,0.006183,0.08037007600069046,n005941
canonswap,pair_0067,0.241744,-0.014516,-0.009038832038640976,n007849
canonswap,pair_0068,0.210667,-0.03074,0.008531268686056137,n007995
canonswap,pair_0069,0.080465,-0.008007,0.01036793552339077,n007304
canonswap,pair_0070,0.165777,-0.074932,-0.09223541617393494,n008023
canonswap,pair_0071,0.100896,-0.052463,0.08629897981882095,n004535
canonswap,pair_0072,0.055203,-0.028032,0.049252286553382874,n002727
canonswap,pair_0073,0.016624,0.010614,-0.035678088665008545,n002098
canonswap,pair_0074,0.16484,0.0429,0.0680186003446579,n006672
canonswap,pair_0075,0.127281,-0.052705,0.03875485435128212,n002676
canonswap,pair_0076,-0.021343,-0.004962,0.0029594730585813522,n003684
canonswap,pair_0077,0.084171,-0.093234,-0.026735840365290642,n000223
canonswap,pair_0078,0.077274,-0.052985,-0.056299831718206406,n001718
canonswap,pair_0079,0.123963,-0.010079,0.032723620533943176,n001856
canonswap,pair_0080,0.174059,0.128001,0.07716979086399078,n004250
canonswap,pair_0081,0.1219,0.059628,0.040844179689884186,n000687
canonswap,pair_0082,0.048189,0.029613,0.012143760919570923,n001871
canonswap,pair_0083,0.154581,0.056154,0.05626227706670761,n003190
canonswap,pair_0084,0.075304,-0.091296,0.055117182433605194,n005318
canonswap,pair_0085,0.071103,0.01391,0.04002930223941803,n000807
canonswap,pair_0086,0.161175,-0.002706,0.13874094188213348,n003860
canonswap,pair_0087,0.077275,0.051308,0.033974789083004,n006932
canonswap,pair_0088,0.186631,-0.052442,0.17976118624210358,n001394
canonswap,pair_0089,0.19804,-0.006043,0.09800159186124802,n000661
canonswap,pair_0091,0.166314,0.063287,0.09490478783845901,n004111
canonswap,pair_0092,0.058629,-0.015775,0.004852006211876869,n000652
canonswap,pair_0093,0.035434,0.022625,0.028211064636707306,n005628
canonswap,pair_0094,0.106803,-0.00649,0.0030439754482358694,n003307
canonswap,pair_0096,0.214614,0.013912,0.032568417489528656,n003266
canonswap,pair_0097,0.074422,0.03362,0.07160472869873047,n001323
canonswap,pair_0098,0.113455,0.09273,0.009076079353690147,n004888
canonswap,pair_0099,0.211067,0.026388,0.043228328227996826,n006359
canonswap,pair_0100,0.156448,0.024013,0.12446807324886322,n001557
canonswap,pair_0101,0.164373,0.00836,0.06570620089769363,n001521
canonswap,pair_0102,0.236909,-0.039792,0.08036725223064423,n006047
canonswap,pair_0103,0.075093,-0.001191,-0.002673983108252287,n003947
canonswap,pair_0104,0.025836,-0.049838,0.053925223648548126,n000164
canonswap,pair_0105,0.222226,0.055319,0.11899469792842865,n000663
canonswap,pair_0106,0.086107,0.093532,-0.013733606785535812,n000843
canonswap,pair_0107,0.027605,-0.104043,0.024335283786058426,n008023
canonswap,pair_0108,0.100762,0.002003,-0.019482888281345367,n007551
canonswap,pair_0109,0.142258,0.010825,0.006715900730341673,n006771
canonswap,pair_0110,0.054556,0.045573,0.06762588024139404,n003542
canonswap,pair_0111,0.12275,0.011602,0.052666425704956055,n008218
canonswap,pair_0112,0.071056,0.029812,0.04418603703379631,n004623
canonswap,pair_0113,0.125716,-0.004318,0.037051811814308167,n004125
canonswap,pair_0114,0.0916,0.030064,0.030613737180829048,n006434
canonswap,pair_0115,0.114493,0.002115,-0.022291624918580055,n000565
canonswap,pair_0116,0.046836,-0.033089,0.07115860283374786,n006126
canonswap,pair_0117,0.035612,-0.041732,-0.12058404088020325,n003127
canonswap,pair_0118,0.182113,-0.001397,0.12283600121736526,n002240
canonswap,pair_0119,0.161454,-0.003419,0.10151079297065735,n003120
canonswap,pair_0120,0.047697,0.072968,0.08613886684179306,n006323
canonswap,pair_0121,0.087656,-0.025659,0.046404879540205,n004929
canonswap,pair_0122,0.044899,0.026323,-0.029644669964909554,n000852
canonswap,pair_0124,0.101475,0.009,0.07565992325544357,n006222
canonswap,pair_0126,0.052316,0.013177,0.15177229046821594,n001947
canonswap,pair_0127,0.081699,0.038902,0.06710466742515564,n008551
canonswap,pair_0128,0.113091,-0.066199,0.07551511377096176,n000337
canonswap,pair_0129,0.159304,-0.073937,0.06455336511135101,n004667
canonswap,pair_0130,0.122583,0.028305,0.11100548505783081,n002932
canonswap,pair_0132,0.093691,0.025869,-4.114769399166107e-05,n001544
canonswap,pair_0133,0.018825,0.046255,0.023584064096212387,n008161
canonswap,pair_0134,0.13323,0.011019,0.016381386667490005,n004435
canonswap,pair_0135,0.265426,0.026987,0.07991921901702881,n003185
canonswap,pair_0136,0.205583,0.003781,-0.0006393454968929291,n003252
canonswap,pair_0137,0.074252,0.04098,0.029139703139662743,n005141
canonswap,pair_0138,0.068289,0.009867,0.08753514289855957,n005255
canonswap,pair_0139,0.15218,-0.055394,-0.019084345549345016,n008274
canonswap,pair_0140,0.160001,-0.072193,0.04890885949134827,n000894
canonswap,pair_0141,0.120178,0.026327,-0.059790194034576416,n008808
canonswap,pair_0142,0.093345,0.040637,0.008899776265025139,n005133
canonswap,pair_0143,-0.034146,-0.009658,0.033972613513469696,n008236
canonswap,pair_0145,0.100071,-0.024934,-0.0070395562797784805,n008248
canonswap,pair_0146,0.061116,0.006236,-0.02343500219285488,n001083
canonswap,pair_0147,0.137051,-0.056133,-0.016138343140482903,n004708
canonswap,pair_0148,0.230586,0.01219,0.06663714349269867,n001331
canonswap,pair_0149,0.153612,0.020863,0.061580535024404526,n002712
canonswap,pair_0150,0.086771,-0.016769,-0.02391016110777855,n005789
canonswap,pair_0151,0.220379,0.111486,0.06798612326383591,n006494
canonswap,pair_0152,0.06177,-0.003361,-0.027926728129386902,n000443
canonswap,pair_0153,0.2221,0.000661,-0.058071766048669815,n000847
canonswap,pair_0154,0.205834,-0.048791,0.014115024358034134,n001602
canonswap,pair_0155,0.117418,0.019749,0.019553720951080322,n004457
canonswap,pair_0156,0.109638,0.019584,-0.0011255061253905296,n007486
canonswap,pair_0157,0.130987,-0.014741,-0.00957237184047699,n001419
canonswap,pair_0158,0.118763,0.07607,0.15351581573486328,n001424
canonswap,pair_0159,0.091593,0.024075,-0.005777502432465553,n008230
canonswap,pair_0161,0.039723,0.020025,0.014803878962993622,n003267
canonswap,pair_0162,0.20535,-0.032659,0.009918557479977608,n005556
canonswap,pair_0163,0.083306,0.014809,-0.07343460619449615,n003745
canonswap,pair_0164,-0.06208,-0.028851,-0.0035499860532581806,n003360
canonswap,pair_0165,0.088099,0.047743,0.028626402840018272,n008115
canonswap,pair_0166,0.122836,0.050374,0.11879493296146393,n004457
canonswap,pair_0167,0.365096,0.033641,0.05909239128232002,n007499
canonswap,pair_0168,0.180358,0.025232,0.08435959368944168,n005651
canonswap,pair_0169,0.218635,0.071859,0.0729425698518753,n001246
canonswap,pair_0170,0.029914,0.006371,0.004724130034446716,n006501
canonswap,pair_0171,0.055595,-0.048139,0.03132808953523636,n001349
canonswap,pair_0172,0.171852,-0.055164,0.06657914817333221,n006620
canonswap,pair_0173,0.088543,0.023213,0.027073659002780914,n004622
canonswap,pair_0174,0.052107,0.017402,0.055192120373249054,n000298
canonswap,pair_0175,0.077293,-0.064481,0.008143093436956406,n002479
canonswap,pair_0176,0.08822,-0.054827,0.033263109624385834,n001999
canonswap,pair_0177,0.162584,0.104339,0.06193295493721962,n000686
canonswap,pair_0178,0.06828,0.005177,0.0752105563879013,n005638
canonswap,pair_0179,0.1674,0.079318,0.04473873972892761,n003561
canonswap,pair_0180,0.075839,0.029369,-0.003218627767637372,n004908
canonswap,pair_0181,0.254795,-0.016698,0.00902075506746769,n000714
canonswap,pair_0182,0.14843,-0.036938,0.01526571437716484,n005710
canonswap,pair_0183,0.127691,0.001823,0.02662975713610649,n005160
canonswap,pair_0184,0.084666,0.081654,-0.00032664090394973755,n004926
canonswap,pair_0185,0.040655,0.028459,0.003051388543099165,n005600
canonswap,pair_0186,0.07861,0.002699,0.04085732623934746,n007901
canonswap,pair_0187,-0.064137,-0.042243,0.0748109221458435,n006085
canonswap,pair_0188,0.139268,0.050939,0.08069027960300446,n006316
canonswap,pair_0189,0.144154,0.026223,0.07615914940834045,n002463
canonswap,pair_0190,0.003052,0.03101,0.05129751190543175,n000810
canonswap,pair_0191,0.107344,-0.05064,0.11566206812858582,n000781
canonswap,pair_0192,0.126317,0.045701,0.10700080543756485,n003821
canonswap,pair_0193,0.110393,-0.020989,-0.018732324242591858,n004839
canonswap,pair_0194,0.175833,0.086011,0.06101890653371811,n003661
canonswap,pair_0195,0.11925,0.079076,-0.00940280593931675,n007677
canonswap,pair_0196,0.197721,-0.005731,0.045171234756708145,n006498
canonswap,pair_0197,0.055419,0.022517,0.08154726028442383,n007051
canonswap,pair_0198,0.12536,0.094121,-0.010675937868654728,n007376
canonswap,pair_0199,0.141808,-0.032784,0.013986801728606224,n004983
canonswap,pair_0200,0.100753,0.006243,0.11288870871067047,n008177
canonswap,pair_0201,0.148172,0.047769,0.034306854009628296,n007009
canonswap,pair_0202,0.059746,-0.058396,0.06176123023033142,n001695
canonswap,pair_0205,0.083854,-0.01664,-0.009184802882373333,n002101
canonswap,pair_0207,0.096214,-0.009735,0.06043124943971634,n003776
canonswap,pair_0208,0.053869,-0.007046,0.03687146306037903,n007952
canonswap,pair_0210,0.161268,0.011633,0.07037544250488281,n006836
canonswap,pair_0211,0.157673,-0.025526,-0.008462045341730118,n007336
canonswap,pair_0212,0.107661,-0.0119,0.004912549629807472,n002374
canonswap,pair_0213,0.266189,-0.019571,0.13181480765342712,n003237
canonswap,pair_0214,0.140161,0.034358,-0.03458799421787262,n004489
canonswap,pair_0216,0.098462,-0.015766,-0.03914399817585945,n004452
canonswap,pair_0217,0.061926,-0.009944,-0.024221889674663544,n007128
canonswap,pair_0218,0.008282,0.017922,-0.02105758711695671,n007071
canonswap,pair_0219,0.211253,-0.027869,5.9108249843120575e-05,n003730
canonswap,pair_0220,0.24151,0.005012,0.041433777660131454,n004216
canonswap,pair_0221,0.163879,-0.035362,0.006967225577682257,n008631
canonswap,pair_0222,0.08269,0.021349,0.040739137679338455,n002055
canonswap,pair_0223,0.214345,0.11928,0.0189154502004385,n002141
canonswap,pair_0224,0.050674,-0.009679,0.0327167809009552,n003993
canonswap,pair_0225,0.158209,0.070686,0.0905882716178894,n003507
canonswap,pair_0226,0.013387,0.050798,0.030368374660611153,n002727
canonswap,pair_0227,0.084628,0.091432,0.10720207542181015,n007464
canonswap,pair_0228,0.150063,-0.016922,-0.030233588069677353,n006137
canonswap,pair_0229,0.038087,-0.12532,0.03726252540946007,n008598
canonswap,pair_0230,0.150974,-0.020734,-0.06063562631607056,n006445
canonswap,pair_0231,0.074977,-0.008019,0.016272667795419693,n002643
canonswap,pair_0234,0.015478,-0.041245,-0.018057703971862793,n005855
canonswap,pair_0235,0.103879,-0.035368,0.004603473469614983,n002148
canonswap,pair_0236,0.074579,-0.010112,0.012757034972310066,n000416
canonswap,pair_0237,0.074293,0.018401,0.03463910520076752,n002460
canonswap,pair_0238,0.097339,-0.029943,-0.047636568546295166,n000648
canonswap,pair_0239,0.299719,0.039651,0.0829884335398674,n002557
canonswap,pair_0240,0.054286,-0.016957,-0.0281678456813097,n006525
canonswap,pair_0241,0.078587,-0.047596,-0.06525313854217529,n001656
canonswap,pair_0242,0.145735,0.019808,0.03409051150083542,n008941
canonswap,pair_0243,0.051956,0.004765,0.03054780513048172,n007838
canonswap,pair_0244,0.104384,-0.038425,-0.044162824749946594,n005535
canonswap,pair_0245,0.209541,0.033871,0.08688728511333466,n005606
canonswap,pair_0246,0.104378,0.002299,0.04149865359067917,n000035
canonswap,pair_0247,0.089688,0.021599,-0.02230951562523842,n001447
canonswap,pair_0248,0.154815,-0.05784,0.027131162583827972,n003178
canonswap,pair_0249,0.035157,-0.00463,-0.048256874084472656,n002551
canonswap,pair_0251,0.153581,-0.085232,0.016282903030514717,n006014
canonswap,pair_0252,0.055204,0.029873,-0.00015679653733968735,n000579
canonswap,pair_0253,0.194136,0.017338,0.02562660537660122,n006398
canonswap,pair_0254,0.112325,-0.020007,-0.00720748258754611,n001024
canonswap,pair_0255,0.061256,-0.032682,0.05151164531707764,n001458
canonswap,pair_0256,0.196943,0.062772,0.021059347316622734,n008867
canonswap,pair_0257,0.182041,-0.039681,0.05811462551355362,n004772
canonswap,pair_0258,0.078938,0.085134,-0.010944732464849949,n003951
canonswap,pair_0259,0.064423,-0.006488,0.010506312362849712,n002786
canonswap,pair_0261,0.179841,0.07807,0.05721384286880493,n005212
canonswap,pair_0262,0.07013,0.03154,0.005290601402521133,n005264
canonswap,pair_0263,0.09356,0.017818,-0.0028972160071134567,n001405
canonswap,pair_0264,0.083766,0.058901,0.051214102655649185,n000123
canonswap,pair_0265,0.187447,0.0082,0.020471572875976562,n006791
canonswap,pair_0266,0.089939,0.030259,-0.05208389461040497,n000016
canonswap,pair_0267,0.205395,-0.015611,0.043211787939071655,n003935
canonswap,pair_0268,0.089136,0.039182,0.03952646628022194,n004767
canonswap,pair_0269,0.105733,0.006074,-0.0008231177926063538,n005628
canonswap,pair_0270,0.218844,-0.063,0.08686904609203339,n001262
canonswap,pair_0271,0.169523,0.017799,0.0014315666630864143,n007958
canonswap,pair_0272,0.147779,0.026392,-0.013502327725291252,n003322
canonswap,pair_0273,0.055797,-0.03422,0.0004860018379986286,n007679
canonswap,pair_0274,0.197659,0.012526,0.09908777475357056,n001511
canonswap,pair_0275,0.060474,0.080206,0.01770646497607231,n003619
canonswap,pair_0276,0.276777,0.000998,0.0594598725438118,n004105
canonswap,pair_0277,0.206316,0.023275,0.041716042906045914,n006738
canonswap,pair_0278,0.022305,0.011519,0.005342522636055946,n001537
canonswap,pair_0279,0.102056,0.027882,-0.09220559895038605,n003033
canonswap,pair_0280,0.141668,0.020467,0.002395607763901353,n003895
canonswap,pair_0281,0.066869,0.037115,0.08902710676193237,n000656
canonswap,pair_0282,0.059983,0.084653,0.030263734981417656,n006962
canonswap,pair_0283,0.113574,0.070138,-0.020014412701129913,n007115
canonswap,pair_0284,0.116396,0.063527,0.017022285610437393,n004216
canonswap,pair_0285,0.12089,0.064063,0.003686696756631136,n004435
canonswap,pair_0286,0.243954,0.021388,0.01005113311111927,n000745
canonswap,pair_0287,0.113343,-0.005652,0.09752334654331207,n007421
canonswap,pair_0288,0.148413,-0.006963,0.03997240215539932,n008193
canonswap,pair_0289,0.11902,0.115153,0.07547903060913086,n002262
canonswap,pair_0290,-0.000736,0.068903,0.0002340385690331459,n006406
canonswap,pair_0291,0.134996,0.09892,0.05724248290061951,n005152
canonswap,pair_0292,0.141255,-0.012622,0.05758244916796684,n001856
canonswap,pair_0293,0.050473,-0.02884,0.05398847907781601,n007942
canonswap,pair_0294,0.092245,-0.015229,0.0044561717659235,n002193
canonswap,pair_0295,0.029485,-0.083063,0.07772384583950043,n000559
canonswap,pair_0296,0.100276,-0.049856,0.02318650111556053,n007365
canonswap,pair_0297,0.113298,0.07245,0.0832916796207428,n000227
canonswap,pair_0298,0.071472,0.04663,0.03461194410920143,n000722
canonswap,pair_0299,0.27061,-0.018572,0.09006637334823608,n003273
canonswap,pair_0300,0.044855,-0.010356,-0.09201635420322418,n002990
canonswap,pair_0302,0.155387,0.008013,0.08261197805404663,n000789
canonswap,pair_0303,0.052066,0.033907,0.002143319696187973,n002355
canonswap,pair_0304,0.276371,0.057588,-0.009853819385170937,n000976
canonswap,pair_0305,0.208903,0.066077,0.12039008736610413,n004917
canonswap,pair_0306,0.245371,0.061031,-0.02126491069793701,n001083
canonswap,pair_0307,0.081793,-0.004195,-0.029429690912365913,n002209
canonswap,pair_0308,0.108877,0.078431,0.033589430153369904,n004740
canonswap,pair_0309,0.129137,-0.047204,0.02273343689739704,n002246
canonswap,pair_0310,0.069199,0.008249,0.047471825033426285,n007139
canonswap,pair_0311,0.032566,0.000706,0.03587939962744713,n001405
canonswap,pair_0312,0.21753,0.044622,0.0149006899446249,n004114
canonswap,pair_0313,0.236662,0.022181,0.06971204280853271,n008928
canonswap,pair_0314,0.204808,0.054396,0.002833386417478323,n000416
canonswap,pair_0315,0.117646,-0.006147,0.18023663759231567,n004415
canonswap,pair_0316,0.086387,-0.015003,0.0126896807923913,n005220
canonswap,pair_0317,0.087551,0.033152,-0.0008181361481547356,n006764
canonswap,pair_0318,0.09773,-0.028106,-0.012316660955548286,n004686
canonswap,pair_0319,0.096151,0.043303,-0.01967720314860344,n002954
canonswap,pair_0320,0.031328,-0.022965,0.06429830193519592,n005219
canonswap,pair_0321,0.176135,0.044938,0.05759291350841522,n002872
canonswap,pair_0322,0.079687,0.092223,0.05083481967449188,n006396
canonswap,pair_0323,0.145194,0.010402,0.04583103954792023,n003912
canonswap,pair_0325,0.198916,-0.004228,0.0342460535466671,n005227
canonswap,pair_0326,0.117658,-0.023064,0.014101317152380943,n005578
canonswap,pair_0327,0.088539,0.018418,0.053687386214733124,n001420
canonswap,pair_0328,0.267049,-0.007932,0.02669697441160679,n004048
canonswap,pair_0329,0.059712,0.077661,0.11137335002422333,n007785
canonswap,pair_0330,0.129394,-0.062637,0.02072231099009514,n003929
canonswap,pair_0331,0.211867,0.047527,0.13425320386886597,n003630
canonswap,pair_0333,0.08604,-0.0069,0.05652005225419998,n008165
canonswap,pair_0334,0.183168,0.027546,0.049197860062122345,n002772
canonswap,pair_0335,0.007845,0.090243,0.05948295071721077,n001289
canonswap,pair_0336,0.163617,0.063169,0.05696810036897659,n007311
canonswap,pair_0337,0.015417,-0.007652,0.006933626718819141,n003658
canonswap,pair_0338,0.089394,-0.025341,0.08172580599784851,n003036
canonswap,pair_0339,0.152982,0.038529,0.04850662872195244,n006457
canonswap,pair_0340,0.159925,0.01791,0.05691444128751755,n004515
canonswap,pair_0343,0.164191,0.019337,0.09317202121019363,n001662
canonswap,pair_0344,0.126616,-0.09108,0.0523003488779068,n002380
canonswap,pair_0345,0.190587,0.013789,0.006569362245500088,n006162
canonswap,pair_0347,0.23347,0.027405,0.08948288857936859,n004189
canonswap,pair_0348,0.11183,0.028626,0.05862632393836975,n006856
canonswap,pair_0349,0.139866,-0.034123,0.03464793413877487,n008082
canonswap,pair_0350,0.044848,0.050789,0.01858629658818245,n007998
canonswap,pair_0352,-0.02713,0.056565,-0.02918202057480812,n001443
canonswap,pair_0353,0.181166,-0.003271,-0.020889487117528915,n006961
canonswap,pair_0354,0.078682,0.022728,-0.024349888786673546,n003487
canonswap,pair_0355,0.08406,-0.037485,0.0015345746651291847,n007465
canonswap,pair_0356,0.136442,-0.021059,0.013767308555543423,n007432
canonswap,pair_0357,0.059582,-0.008504,0.0539214052259922,n003563
canonswap,pair_0358,0.109617,-0.006761,0.007934965193271637,n007630
canonswap,pair_0359,0.199709,0.025252,0.003995582461357117,n001932
canonswap,pair_0360,0.294796,0.041022,0.05264522135257721,n008947
canonswap,pair_0361,0.071197,-0.022054,-0.00785813108086586,n005545
canonswap,pair_0362,0.25238,0.011883,0.049775730818510056,n002314
canonswap,pair_0363,0.129389,0.133026,0.031013354659080505,n006671
canonswap,pair_0364,0.022763,-0.037679,0.018475547432899475,n000384
canonswap,pair_0365,0.244377,0.034819,0.06704488396644592,n006899
canonswap,pair_0366,0.14928,0.016455,0.02581571415066719,n003263
canonswap,pair_0367,0.046147,0.052303,-0.023544423282146454,n000031
canonswap,pair_0368,0.016481,0.002281,0.03869707137346268,n000509
canonswap,pair_0369,0.221471,-0.03575,0.07332852482795715,n004598
canonswap,pair_0370,0.338578,-0.011793,0.002279261127114296,n005146
canonswap,pair_0371,0.091078,-0.032373,0.06951446086168289,n000113
canonswap,pair_0372,0.117484,0.032299,0.018111584708094597,n002013
canonswap,pair_0373,0.006346,-0.015983,-0.05232647433876991,n006444
canonswap,pair_0374,0.0032,0.060856,-0.024685140699148178,n001246
canonswap,pair_0375,0.233812,0.015439,0.022458426654338837,n000459
canonswap,pair_0376,0.157625,-0.047605,0.054400838911533356,n006262
canonswap,pair_0377,0.137439,-0.011835,0.11855024099349976,n007768
canonswap,pair_0378,0.06631,0.025178,0.03679201006889343,n006744
canonswap,pair_0379,0.067093,-0.004235,-0.022260604426264763,n003691
canonswap,pair_0380,0.19911,-0.041059,0.05594327300786972,n005669
canonswap,pair_0381,0.278491,0.055563,0.07633236795663834,n002839
canonswap,pair_0382,0.083334,0.072236,0.02662862092256546,n002479
canonswap,pair_0383,0.055336,0.036492,0.02761693298816681,n000514
canonswap,pair_0385,0.149934,-0.013206,0.12629152834415436,n000528
canonswap,pair_0386,0.055218,-0.021479,0.06455185264348984,n004412
canonswap,pair_0387,0.096484,-0.011808,0.05199234560132027,n008534
canonswap,pair_0388,0.110819,0.051614,0.047804806381464005,n009208
canonswap,pair_0389,0.133137,-0.036211,-0.07720007002353668,n006801
canonswap,pair_0390,0.083403,0.04892,-0.048264533281326294,n000139
canonswap,pair_0391,0.059211,0.042089,0.07889014482498169,n003478
canonswap,pair_0392,0.058499,-0.015148,0.1315648853778839,n003121
canonswap,pair_0393,0.167727,-0.010165,0.002610921859741211,n005886
canonswap,pair_0394,0.089032,0.05927,0.04299706593155861,n007566
canonswap,pair_0395,0.094023,-0.041146,-0.023676825687289238,n002141
canonswap,pair_0396,0.09834,0.077447,0.033671002835035324,n005022
canonswap,pair_0397,0.143048,0.022237,0.010916957631707191,n002277
canonswap,pair_0398,0.305603,-0.02622,0.06491409242153168,n007286
canonswap,pair_0400,0.016417,0.049258,0.11339838057756424,n001390
canonswap,pair_0401,0.037557,-0.029581,-0.028942635282874107,n005015
canonswap,pair_0402,0.10309,-0.041523,0.11040237545967102,n004303
canonswap,pair_0404,0.151521,-0.014411,0.07931168377399445,n000012
canonswap,pair_0405,0.165371,-0.004019,0.042557623237371445,n004988
canonswap,pair_0406,0.107374,-0.053886,0.008154185488820076,n007391
canonswap,pair_0407,0.095406,-0.007737,-0.004915584344416857,n005638
canonswap,pair_0408,0.156091,0.068868,0.08207865804433823,n002204
canonswap,pair_0409,0.09609,-0.017933,-0.01619315892457962,n008950
canonswap,pair_0410,0.043395,-0.006245,0.07041232287883759,n004775
canonswap,pair_0411,0.174087,-0.002672,0.018757909536361694,n007889
canonswap,pair_0412,0.141025,0.033758,0.023999225348234177,n007009
canonswap,pair_0413,0.17856,0.109503,0.1075143963098526,n001163
canonswap,pair_0414,0.232664,-0.07259,0.014405578374862671,n007366
canonswap,pair_0415,0.111653,0.024011,0.048134591430425644,n004572
canonswap,pair_0416,0.082048,-0.024464,0.05308866500854492,n002176
canonswap,pair_0417,0.093705,-0.018904,0.0020301155745983124,n000176
canonswap,pair_0418,0.064186,0.021572,0.0033880863338708878,n006843
canonswap,pair_0419,0.201949,-0.067733,0.003982245922088623,n000167
canonswap,pair_0420,0.133758,-0.034551,-0.0020318785682320595,n003135
canonswap,pair_0421,0.167843,-0.025044,0.020476220175623894,n001062
canonswap,pair_0422,-0.05512,0.023281,0.0711175948381424,n008312
canonswap,pair_0423,0.11245,-0.018303,-0.031860511749982834,n006233
canonswap,pair_0424,0.128517,0.056748,-0.006973555311560631,n003232
canonswap,pair_0425,0.139061,-0.072008,0.08770652115345001,n000577
canonswap,pair_0426,0.079196,0.008765,0.031062457710504532,n008434
canonswap,pair_0427,0.162758,-0.024266,0.02661101706326008,n000096
canonswap,pair_0428,0.121461,0.034396,0.01037798635661602,n008296
canonswap,pair_0429,0.124656,0.009022,0.018805749714374542,n002836
canonswap,pair_0430,0.055233,0.028342,-0.07336562871932983,n003581
canonswap,pair_0431,0.093702,0.002109,0.04257120192050934,n004104
canonswap,pair_0432,0.363392,-0.001932,0.17717976868152618,n004324
canonswap,pair_0433,0.100698,-0.011026,-0.11196079850196838,n001466
canonswap,pair_0434,0.202952,0.027412,0.1024690568447113,n007209
canonswap,pair_0435,0.137587,-0.000181,0.20420542359352112,n001662
canonswap,pair_0436,0.141304,0.018108,-0.015703046694397926,n005365
canonswap,pair_0438,0.037855,0.007896,-0.03823766112327576,n003761
canonswap,pair_0439,0.21368,0.058515,0.06775897741317749,n008856
canonswap,pair_0440,0.233075,-0.064259,0.09738343954086304,n005830
canonswap,pair_0441,0.257653,-0.021264,0.09394976496696472,n007203
canonswap,pair_0442,0.216589,0.047165,0.04909895360469818,n003095
canonswap,pair_0443,0.072736,0.040513,-0.06600137799978256,n008640
canonswap,pair_0444,0.050921,-0.019896,0.07258430123329163,n005770
canonswap,pair_0445,0.191189,0.004155,0.04967261850833893,n003737
canonswap,pair_0446,0.101642,-0.007731,-0.0002940896665677428,n002277
canonswap,pair_0448,0.000191,-0.009995,-0.02062717266380787,n000818
canonswap,pair_0449,0.218801,0.013799,0.07917279005050659,n002099
canonswap,pair_0450,0.051666,-0.082267,-0.018986165523529053,n009241
canonswap,pair_0451,0.129795,-0.05542,-0.01903589628636837,n009053
canonswap,pair_0452,0.108587,-0.062298,-0.04025322571396828,n006420
canonswap,pair_0453,0.12815,0.103175,0.08162227272987366,n001834
canonswap,pair_0454,0.121573,-0.070104,0.08720116317272186,n003389
canonswap,pair_0455,0.215335,-0.025255,-0.05294529348611832,n004324
canonswap,pair_0456,0.0414,0.030151,0.0053906915709376335,n003954
canonswap,pair_0457,-0.027403,0.03087,0.10818533599376678,n001548
canonswap,pair_0458,0.092631,-0.106112,0.0011257883161306381,n001327
canonswap,pair_0459,0.126583,-0.013959,-0.003620786126703024,n005571
canonswap,pair_0460,0.104809,0.029721,-0.013630267232656479,n004616
canonswap,pair_0461,0.060391,0.008176,0.09193839132785797,n005175
canonswap,pair_0462,0.119197,-0.030115,-0.003472311422228813,n008496
canonswap,pair_0463,0.090731,-0.061987,-0.005151540040969849,n005287
canonswap,pair_0464,-0.051026,0.019561,0.05071805417537689,n000782
canonswap,pair_0465,0.201954,0.019909,0.05780068784952164,n007353
canonswap,pair_0466,0.096898,0.046245,0.01893993653357029,n002046
canonswap,pair_0467,0.141534,-0.02863,-0.0014421218074858189,n006580
canonswap,pair_0468,0.108212,-0.020307,0.007606914266943932,n004279
canonswap,pair_0470,0.14792,-0.012116,0.1084551066160202,n003946
canonswap,pair_0471,0.099522,0.156552,-0.010309938341379166,n006791
canonswap,pair_0472,0.164136,0.002798,0.03957812488079071,n007015
canonswap,pair_0473,0.145227,-0.004478,0.057914771139621735,n007427
canonswap,pair_0474,0.279235,0.13994,0.15836197137832642,n006242
canonswap,pair_0475,0.143821,-0.039457,0.045564763247966766,n008421
canonswap,pair_0476,0.166066,-0.023723,0.08991920948028564,n001114
canonswap,pair_0478,0.037838,0.001077,-0.01314694806933403,n007488
canonswap,pair_0479,0.067865,0.022019,-0.008810564875602722,n008600
canonswap,pair_0480,0.198814,0.095507,0.12737874686717987,n002867
canonswap,pair_0481,0.176119,-0.044382,0.024194717407226562,n007657
canonswap,pair_0482,0.182552,0.016017,0.009831461124122143,n008897
canonswap,pair_0483,0.180855,-0.01036,0.031141187995672226,n008707
canonswap,pair_0484,0.005705,0.06982,0.057678449898958206,n003460
canonswap,pair_0485,0.080074,0.043313,-0.02483907900750637,n009098
canonswap,pair_0486,0.188685,-0.015402,0.08524402976036072,n002598
canonswap,pair_0487,0.133009,0.078611,0.03392593562602997,n007184
canonswap,pair_0488,0.154622,0.066733,-0.015567796304821968,n005888
canonswap,pair_0489,0.16309,0.018252,0.11984953284263611,n001359
canonswap,pair_0490,0.258716,0.006647,-0.04716585576534271,n000015
canonswap,pair_0491,0.138947,0.000418,0.10534006357192993,n004359
canonswap,pair_0492,0.086869,-0.008382,0.05388108268380165,n004418
canonswap,pair_0493,0.184936,0.038179,0.030301213264465332,n002573
canonswap,pair_0494,0.007601,0.006176,0.019009055569767952,n002423
canonswap,pair_0495,0.292102,-0.039557,0.09620288014411926,n008745
canonswap,pair_0496,0.111259,0.012418,0.05136717110872269,n008693
canonswap,pair_0497,0.260412,0.00016,0.1537439525127411,n003507
canonswap,pair_0498,0.06051,0.011743,0.008492628112435341,n004348
canonswap,pair_0499,0.062661,0.060825,0.042859431356191635,n008788
canonswap,pair_0500,0.10285,0.025234,0.04051060229539871,n005445
canonswap,pair_0501,0.160074,0.108845,0.06559841334819794,n005511
canonswap,pair_0502,0.167763,-0.025473,0.002789705991744995,n005493
canonswap,pair_0503,0.172541,0.012794,0.04309547692537308,n001458
canonswap,pair_0504,0.248187,-0.034467,0.0881986990571022,n006428
canonswap,pair_0505,0.046431,0.015951,-0.014437207020819187,n000503
canonswap,pair_0506,0.037569,0.066976,0.1292756199836731,n005421
canonswap,pair_0507,0.261823,0.048641,0.0035759257152676582,n003484
canonswap,pair_0508,0.074262,-0.013562,-0.01024816557765007,n005083
canonswap,pair_0509,0.119412,0.01047,0.06788802891969681,n001825
canonswap,pair_0510,0.196274,-0.054862,0.025263627991080284,n005789
canonswap,pair_0511,0.120813,0.002947,0.042624011635780334,n000139
canonswap,pair_0512,0.068273,0.06303,0.04011278226971626,n001089
canonswap,pair_0513,0.17675,0.024433,0.03775814175605774,n000049
canonswap,pair_0514,-0.011659,0.035831,0.07012763619422913,n000426
canonswap,pair_0515,0.070898,0.040646,0.037297382950782776,n006087
canonswap,pair_0516,0.098627,0.070059,-0.008390214294195175,n000900
canonswap,pair_0517,0.072531,0.012325,-0.013044053688645363,n003147
canonswap,pair_0519,0.270929,-0.079145,0.11421781778335571,n008535
canonswap,pair_0520,0.170158,0.005785,0.22591125965118408,n003850
canonswap,pair_0521,0.072143,0.001334,-0.039725564420223236,n003311
canonswap,pair_0522,0.109796,-0.04351,0.05235931649804115,n008997
canonswap,pair_0523,0.273572,0.011163,0.05551964417099953,n007901
canonswap,pair_0524,0.228257,0.031929,0.019810300320386887,n001770
canonswap,pair_0525,0.031171,0.064588,-0.008617591112852097,n006904
canonswap,pair_0526,0.202783,-0.069775,0.05326077342033386,n004079
canonswap,pair_0527,0.106248,-0.019115,-0.007031671702861786,n003424
canonswap,pair_0528,0.041815,0.046173,0.025505628436803818,n001345
canonswap,pair_0529,0.031321,-0.005788,0.03702588379383087,n005235
canonswap,pair_0530,0.188943,0.00583,-0.012713960371911526,n007674
canonswap,pair_0531,0.050284,-0.039516,0.09959402680397034,n008279
canonswap,pair_0532,0.208423,-0.061326,0.05643653869628906,n008282
canonswap,pair_0534,0.173783,-0.032649,0.10624241828918457,n003909
canonswap,pair_0535,0.009692,-0.007515,-0.05264713242650032,n000012
canonswap,pair_0537,0.146027,0.019009,0.08722434937953949,n005533
canonswap,pair_0538,0.109946,-0.037077,-0.00436604768037796,n004087
canonswap,pair_0539,0.03079,0.001765,0.04324520751833916,n001207
canonswap,pair_0540,0.062582,0.017515,-0.0030310191214084625,n005275
canonswap,pair_0541,0.165381,-0.061782,-0.028246786445379257,n003323
canonswap,pair_0542,0.100363,-0.009264,0.049935318529605865,n003005
canonswap,pair_0543,0.075402,0.026853,-0.023690935224294662,n002194
canonswap,pair_0544,0.123434,0.058782,0.02743728831410408,n001238
canonswap,pair_0545,0.13801,-0.026453,0.045385949313640594,n005047
canonswap,pair_0546,0.124568,-0.075313,0.011508626863360405,n002431
canonswap,pair_0547,-0.017193,-0.051557,0.009375616908073425,n004570
canonswap,pair_0548,0.053198,0.070685,0.09269032627344131,n004951
canonswap,pair_0549,0.036304,0.032609,0.05930241197347641,n007592
canonswap,pair_0550,0.230482,0.011052,-0.013450444675981998,n007107
canonswap,pair_0551,0.034322,-0.028477,-0.025011487305164337,n005476
canonswap,pair_0552,0.14238,0.004576,0.028222132474184036,n006242
canonswap,pair_0553,0.091793,0.049861,-0.00043010152876377106,n007119
canonswap,pair_0554,0.16116,0.063692,0.04877961054444313,n004764
canonswap,pair_0555,0.168722,-0.070622,0.012679103761911392,n001573
canonswap,pair_0556,0.146034,0.018238,0.047865867614746094,n001659
canonswap,pair_0557,0.043656,-0.06231,0.13570332527160645,n004726
canonswap,pair_0558,0.159452,0.011769,0.044232986867427826,n005560
canonswap,pair_0559,0.074461,0.018489,0.08086992800235748,n007134
canonswap,pair_0560,0.06138,-0.006829,0.09588988125324249,n004598
canonswap,pair_0561,0.09065,0.067424,0.03249294310808182,n007934
canonswap,pair_0562,0.038255,0.060124,0.08697817474603653,n004713
canonswap,pair_0563,0.055387,0.02011,0.0012545897625386715,n003267
canonswap,pair_0564,0.142552,0.063532,0.06474597007036209,n001734
canonswap,pair_0565,0.220899,0.058018,0.12914392352104187,n000066
canonswap,pair_0566,0.114044,0.006642,0.03508494049310684,n005925
canonswap,pair_0567,0.134645,-0.096705,-0.06395558267831802,n003631
canonswap,pair_0568,0.102013,0.000936,-0.02066650614142418,n003170
canonswap,pair_0569,0.120066,0.007396,-0.032454200088977814,n001118
canonswap,pair_0570,0.129496,-0.004079,-0.04297856613993645,n001871
canonswap,pair_0571,0.158777,0.001792,0.024236587807536125,n008540
canonswap,pair_0572,0.081128,0.014986,0.01410254929214716,n005937
canonswap,pair_0573,0.084692,0.004643,0.04209073632955551,n000801
canonswap,pair_0574,0.098674,-0.058849,-0.003249560482800007,n005825
canonswap,pair_0575,0.11988,0.027818,0.05098816752433777,n000926
canonswap,pair_0576,0.138137,0.111541,0.004155267030000687,n004191
canonswap,pair_0577,0.091973,0.033996,0.04577763378620148,n006130
canonswap,pair_0578,0.137967,-0.039351,0.004113052971661091,n003787
canonswap,pair_0579,-0.024945,0.009772,-0.022174261510372162,n001118
canonswap,pair_0580,0.178509,-0.021188,0.05699656903743744,n000607
canonswap,pair_0581,0.133408,0.051658,0.10514351725578308,n008620
canonswap,pair_0582,0.035047,0.046133,-0.04795408993959427,n001801
canonswap,pair_0583,0.232061,0.046332,0.016794966533780098,n002886
canonswap,pair_0584,0.116483,-0.062934,0.01589118503034115,n004878
canonswap,pair_0585,0.071698,0.002655,0.047265924513339996,n003194
canonswap,pair_0586,0.077637,0.015735,0.03486435115337372,n006321
canonswap,pair_0587,0.086025,-0.020597,0.028877146542072296,n001573
canonswap,pair_0588,0.189819,-0.027908,0.06664754450321198,n003111
canonswap,pair_0589,-0.00137,0.038885,-0.07954535633325577,n001784
canonswap,pair_0590,0.076496,-0.011949,-0.01156603917479515,n002969
canonswap,pair_0591,0.146336,-0.029925,0.10200447589159012,n002633
canonswap,pair_0592,0.069512,-0.057141,0.036270372569561005,n006769
canonswap,pair_0593,0.239811,-0.019017,0.037591658532619476,n006088
canonswap,pair_0594,0.163092,0.028511,0.05141608044505119,n002484
canonswap,pair_0595,0.132532,0.054673,0.028478074818849564,n002333
canonswap,pair_0596,0.300985,0.052421,0.15909548103809357,n002047
canonswap,pair_0597,0.050794,-0.000618,-0.02905973792076111,n004602
canonswap,pair_0598,0.154348,0.039847,0.04853762313723564,n002162
canonswap,pair_0599,0.169676,-0.057042,0.012753322720527649,n005051
canonswap,pair_0601,0.1202,0.030232,0.022420339286327362,n008768
canonswap,pair_0602,0.252858,0.035364,0.16842983663082123,n007323
canonswap,pair_0603,-0.019112,-0.002595,0.009332248941063881,n008135
canonswap,pair_0605,0.064957,-0.044803,0.03942111134529114,n000891
canonswap,pair_0606,0.094457,-0.05321,0.05712219700217247,n002120
canonswap,pair_0607,0.181526,-0.038406,-0.01986810192465782,n003422
canonswap,pair_0608,0.091187,0.056883,0.051553189754486084,n007144
canonswap,pair_0609,0.121801,0.043697,0.04425704479217529,n008308
canonswap,pair_0610,0.123277,0.034927,0.06776778399944305,n002686
canonswap,pair_0611,0.103419,0.018928,0.0009995289146900177,n006711
canonswap,pair_0612,0.103592,0.025163,-0.07508929073810577,n009162
canonswap,pair_0613,0.16199,0.012918,0.06059561297297478,n000997
canonswap,pair_0614,0.267256,0.02759,0.004715661518275738,n007206
canonswap,pair_0615,0.114707,-0.00226,-0.002537747845053673,n005520
canonswap,pair_0616,0.030723,-0.027131,0.029667692258954048,n003596
canonswap,pair_0617,0.078729,-0.084989,0.14058521389961243,n007336
canonswap,pair_0618,0.08477,0.027305,-0.0885629653930664,n004839
canonswap,pair_0619,0.150411,0.059897,0.07038003206253052,n008881
canonswap,pair_0620,-0.015216,-0.062123,-0.02810518443584442,n003200
canonswap,pair_0621,0.027605,0.021964,0.00471184216439724,n001273
canonswap,pair_0622,0.089926,0.038746,-0.010164912790060043,n001062
canonswap,pair_0623,0.128442,0.02968,0.021570373326539993,n005531
canonswap,pair_0624,0.177032,-0.057122,0.0022210897877812386,n000792
canonswap,pair_0625,0.060308,-0.033282,0.043590620160102844,n005874
canonswap,pair_0626,0.164334,-0.019411,0.020817819982767105,n002973
canonswap,pair_0627,0.173801,-0.002962,0.05757911875844002,n004175
canonswap,pair_0628,0.173833,-0.013497,0.1265699863433838,n003805
canonswap,pair_0629,0.007211,0.015268,0.026206355541944504,n003151
canonswap,pair_0630,-0.003033,-0.121112,0.010587438941001892,n006424
canonswap,pair_0631,0.083796,0.025933,0.02553807757794857,n004548
canonswap,pair_0632,0.202254,-0.005136,0.09864254295825958,n002032
canonswap,pair_0633,0.142604,-0.017119,0.03112882375717163,n006065
canonswap,pair_0634,0.123176,0.032808,0.039595745503902435,n001228
canonswap,pair_0635,0.099813,-0.00697,-0.026974301785230637,n009034
canonswap,pair_0636,0.114027,-0.00567,0.10115918517112732,n003013
canonswap,pair_0637,0.202877,-0.018503,0.08491320163011551,n000325
canonswap,pair_0639,0.073594,0.004571,0.012645931914448738,n007410
canonswap,pair_0640,0.13786,-0.018779,0.06306876242160797,n002591
canonswap,pair_0641,0.180951,0.020242,0.030755486339330673,n000012
canonswap,pair_0642,0.036476,-0.006047,0.07592929154634476,n001848
canonswap,pair_0643,0.106641,0.046187,-0.02464362233877182,n003036
canonswap,pair_0644,0.171858,0.032497,-0.008254528045654297,n007743
canonswap,pair_0645,0.08098,-0.068621,0.10215730965137482,n005959
canonswap,pair_0646,0.175295,0.031727,0.05444512516260147,n000724
canonswap,pair_0647,0.181045,-0.016283,0.02043076604604721,n001805
canonswap,pair_0648,0.267517,0.011323,0.036676228046417236,n004278
canonswap,pair_0649,0.075477,-0.03963,0.058412816375494,n001644
canonswap,pair_0650,0.080226,-0.002959,-0.015424654819071293,n003664
canonswap,pair_0651,0.148703,0.015195,0.01775633729994297,n006486
canonswap,pair_0652,0.096421,0.021881,0.05530102178454399,n007116
canonswap,pair_0653,0.095492,-0.077885,0.01134294643998146,n001734
canonswap,pair_0654,0.219591,-0.00255,0.10765683650970459,n003285
canonswap,pair_0655,0.053875,0.004899,0.04016576334834099,n001320
canonswap,pair_0656,0.060802,0.022787,-0.09962711483240128,n001647
canonswap,pair_0657,0.194464,-0.011805,0.041454046964645386,n001371
canonswap,pair_0658,0.039831,-0.005236,0.08331084251403809,n005887
canonswap,pair_0659,0.107194,0.039189,0.02321734093129635,n000902
canonswap,pair_0660,0.184985,0.002216,0.04279646277427673,n005351
canonswap,pair_0661,0.119269,0.012179,0.04170576483011246,n003553
canonswap,pair_0662,0.05981,-0.028597,-0.015265917405486107,n007308
canonswap,pair_0663,0.099614,0.018783,-0.0340610072016716,n007663
canonswap,pair_0664,0.165472,0.001323,-0.019754640758037567,n005433
canonswap,pair_0665,0.106708,-0.005273,0.07631262391805649,n003253
canonswap,pair_0666,0.219212,-0.000381,0.16899849474430084,n008592
canonswap,pair_0667,0.106147,0.04874,0.006247451528906822,n005943
canonswap,pair_0668,0.211778,-0.00866,0.07004694640636444,n008834
canonswap,pair_0669,0.270459,0.04866,0.09661712497472763,n007103
canonswap,pair_0670,-0.015996,-0.008774,0.030617907643318176,n007378
canonswap,pair_0671,-0.008044,-0.001359,-0.053625740110874176,n001388
canonswap,pair_0672,0.11533,0.056022,0.04151548445224762,n000638
canonswap,pair_0673,0.16202,0.043461,0.01454163808375597,n002727
canonswap,pair_0674,0.181258,0.034065,0.07560765743255615,n003645
canonswap,pair_0675,0.236642,0.035693,-0.01665690913796425,n003609
canonswap,pair_0676,0.069889,-0.031124,0.07974973320960999,n001760
canonswap,pair_0677,0.029331,-0.048981,0.06646420806646347,n001097
canonswap,pair_0678,0.075003,0.031244,0.04652523994445801,n007466
canonswap,pair_0679,0.100505,-0.038447,0.02727547287940979,n003269
canonswap,pair_0680,0.233272,-0.079175,0.07834431529045105,n008114
canonswap,pair_0681,0.126817,0.031079,0.05744190886616707,n000371
canonswap,pair_0682,0.194271,-0.054727,-0.06953306496143341,n006898
canonswap,pair_0683,0.116574,-0.032533,0.057716552168130875,n004428
canonswap,pair_0684,0.030156,-0.018249,0.02992735430598259,n005081
canonswap,pair_0685,0.226154,-0.006558,0.060177214443683624,n001896
canonswap,pair_0686,0.109867,0.038194,0.07898812741041183,n001411
canonswap,pair_0687,0.061139,0.019361,0.0380844883620739,n007382
canonswap,pair_0688,0.290436,-0.014245,0.12734608352184296,n001235
canonswap,pair_0689,0.192067,-0.024021,0.10063080489635468,n001729
canonswap,pair_0691,0.123069,-0.012625,0.0670841783285141,n007366
canonswap,pair_0692,0.051559,0.018711,0.06404639035463333,n004142
canonswap,pair_0693,0.056746,-0.01114,0.17153185606002808,n004455
canonswap,pair_0694,0.236865,0.055626,-0.03562171757221222,n000150
canonswap,pair_0695,0.181443,-0.056544,0.09104955196380615,n007483
canonswap,pair_0696,0.129545,0.017935,0.04341178387403488,n001113
canonswap,pair_0697,0.04658,0.001282,-0.001285729929804802,n006270
canonswap,pair_0698,0.141689,-0.000523,0.1302870661020279,n005327
canonswap,pair_0699,0.07991,-0.032905,0.02663353458046913,n007891
canonswap,pair_0700,0.251401,-0.0574,0.08372683823108673,n007515
canonswap,pair_0701,0.142239,0.119043,0.07978871464729309,n004804
canonswap,pair_0702,0.19369,0.012746,0.022900059819221497,n000737
canonswap,pair_0703,0.069978,-0.013732,-0.01076303981244564,n009224
canonswap,pair_0704,0.035799,0.039932,0.058545030653476715,n001936
canonswap,pair_0705,0.143522,0.018984,0.009411868639290333,n002535
canonswap,pair_0706,0.189053,0.07515,0.04188184440135956,n009150
canonswap,pair_0707,0.090356,0.010827,0.044632747769355774,n008104
canonswap,pair_0708,0.230467,-0.030417,0.015131833963096142,n006850
canonswap,pair_0709,0.116951,0.030689,0.13864994049072266,n005620
canonswap,pair_0710,0.094759,0.031363,0.05838372930884361,n000205
canonswap,pair_0711,0.202359,-0.009488,0.08925673365592957,n001595
canonswap,pair_0712,0.150524,-0.013274,-0.0037839049473404884,n008444
canonswap,pair_0713,0.176103,-0.034515,0.04377642273902893,n000720
canonswap,pair_0714,0.068756,0.030973,0.03288934752345085,n007105
canonswap,pair_0715,-0.01125,-0.011468,0.03922287002205849,n001579
canonswap,pair_0716,0.054353,0.000306,0.017411893233656883,n005388
canonswap,pair_0717,0.135928,0.085323,-0.031121011823415756,n006847
canonswap,pair_0718,0.028137,0.011036,0.03322949260473251,n008198
canonswap,pair_0719,0.192512,-0.0117,0.06663385033607483,n004232
canonswap,pair_0720,0.167653,0.064942,0.013950512744486332,n000089
canonswap,pair_0721,0.133253,-0.001282,0.0021033757366240025,n008115
canonswap,pair_0722,0.16447,-0.001703,0.030178576707839966,n001775
canonswap,pair_0723,0.162295,-0.010894,-0.038071244955062866,n001083
canonswap,pair_0724,0.108273,0.008114,0.04244815185666084,n004290
canonswap,pair_0725,0.197209,0.05894,0.0688391923904419,n005807
canonswap,pair_0726,-0.057512,-0.066591,0.02059386856853962,n005102
canonswap,pair_0727,0.305431,0.045802,0.08124454319477081,n003262
canonswap,pair_0728,0.304179,-0.080658,0.11618532240390778,n009027
canonswap,pair_0729,0.166244,0.030567,0.07256360352039337,n004600
canonswap,pair_0730,0.173149,-0.004976,0.024740159511566162,n004846
canonswap,pair_0731,0.226577,-0.033408,0.0466032475233078,n001159
canonswap,pair_0732,0.158595,-0.022152,-0.008150165900588036,n008692
canonswap,pair_0733,0.116833,0.021511,0.046230435371398926,n000150
canonswap,pair_0735,0.21783,0.040192,0.1329822689294815,n007086
canonswap,pair_0736,0.029124,0.067989,0.03215028718113899,n008431
canonswap,pair_0737,0.102369,-0.014608,0.043703727424144745,n001662
canonswap,pair_0738,-0.027412,0.005348,0.11936943233013153,n007853
canonswap,pair_0739,0.210931,0.105103,0.040729984641075134,n008748
canonswap,pair_0740,0.147025,-0.035467,0.07403852790594101,n004184
canonswap,pair_0741,0.03291,-0.02635,-0.061133962124586105,n008279
canonswap,pair_0742,-0.05802,-0.075508,-0.059315793216228485,n008023
canonswap,pair_0743,0.076377,0.061438,0.06571806967258453,n009053
canonswap,pair_0744,0.065198,0.078746,0.010629508644342422,n004139
canonswap,pair_0745,0.071083,0.025527,-0.020825594663619995,n002317
canonswap,pair_0746,0.061008,-0.026242,0.004033524543046951,n000986
canonswap,pair_0747,0.112749,0.001636,0.0679788738489151,n001348
canonswap,pair_0748,0.157581,-0.072842,-0.017601240426301956,n002671
canonswap,pair_0749,0.132852,0.021326,0.10567908734083176,n007617
canonswap,pair_0750,0.149346,0.035029,0.09781640768051147,n003822
canonswap,pair_0751,0.135415,-0.021105,0.0018447069451212883,n004455
canonswap,pair_0752,0.204521,-0.06085,0.045744989067316055,n004356
canonswap,pair_0753,0.074977,0.031979,-0.026470493525266647,n003384
canonswap,pair_0754,0.068536,0.012535,0.041607487946748734,n000024
canonswap,pair_0755,0.150181,0.036933,0.040890321135520935,n001345
canonswap,pair_0756,0.119296,-0.0349,-0.016454070806503296,n007202
canonswap,pair_0757,0.107529,-0.05944,0.028188275173306465,n007826
canonswap,pair_0758,0.101023,0.013683,0.026036608964204788,n002468
canonswap,pair_0759,0.162086,-0.013924,0.06600868701934814,n006538
canonswap,pair_0760,0.099236,0.042038,0.01597384735941887,n009107
canonswap,pair_0761,0.05402,0.06378,0.07410319149494171,n002326
canonswap,pair_0762,0.049744,-0.04365,-0.03061629831790924,n005952
canonswap,pair_0764,0.160644,0.022332,0.09521818161010742,n001207
canonswap,pair_0765,0.185169,0.012391,0.006424194201827049,n008285
canonswap,pair_0766,-0.031402,0.042693,0.03946685045957565,n001906
canonswap,pair_0767,0.226998,-0.036237,0.030545031651854515,n006085
canonswap,pair_0768,0.126379,-0.014149,0.020286599174141884,n002138
canonswap,pair_0769,0.154399,-0.076349,-0.03556334972381592,n003705
canonswap,pair_0770,0.175414,0.035467,0.08006314188241959,n001714
canonswap,pair_0771,0.102979,0.021255,0.04369198530912399,n000400
canonswap,pair_0772,0.019262,-0.039826,-0.06797941774129868,n004667
canonswap,pair_0773,0.047813,0.035859,-0.01536506786942482,n006481
canonswap,pair_0774,0.088095,-0.037446,0.0415453165769577,n003334
canonswap,pair_0775,0.199635,0.098975,-0.021337978541851044,n001963
canonswap,pair_0777,0.160019,0.032043,0.11350804567337036,n006630
canonswap,pair_0778,0.266266,-0.055827,0.10386326164007187,n008288
canonswap,pair_0779,0.133743,0.036423,0.04740104451775551,n008955
canonswap,pair_0780,0.118098,-0.020316,0.008441358804702759,n008052
canonswap,pair_0781,0.18262,0.028174,0.09589006006717682,n003389
canonswap,pair_0782,0.080978,0.061208,0.0006265030242502689,n006745
canonswap,pair_0783,0.188075,-0.026523,0.04566451907157898,n002949
canonswap,pair_0784,0.165582,0.008972,0.04007886350154877,n003523
canonswap,pair_0785,0.139185,0.158746,0.07871471345424652,n005590
canonswap,pair_0786,0.136337,-0.014168,0.09850268065929413,n007904
canonswap,pair_0787,0.119417,0.016422,0.07323375344276428,n000513
canonswap,pair_0788,0.147133,-0.063152,0.012068347074091434,n001490
canonswap,pair_0789,0.199127,-0.020976,0.030074985697865486,n008274
canonswap,pair_0790,0.072047,0.037857,0.015347788110375404,n001872
canonswap,pair_0791,0.125467,0.002402,0.004450136795639992,n007178
canonswap,pair_0792,0.324795,0.011475,0.08616229891777039,n006833
canonswap,pair_0793,0.13836,-0.018144,-0.03315998986363411,n007644
canonswap,pair_0794,0.134561,0.005754,0.034595854580402374,n000166
canonswap,pair_0795,0.218936,0.102742,0.026645196601748466,n001441
canonswap,pair_0796,0.227957,0.039797,0.044906701892614365,n006791
canonswap,pair_0797,0.209668,-0.054866,0.020010752603411674,n007421
canonswap,pair_0798,0.190343,0.055625,0.05709775909781456,n000249
canonswap,pair_0799,0.150064,0.03744,0.04188203066587448,n005392
canonswap,pair_0800,0.125883,0.016731,0.0491996705532074,n008612
canonswap,pair_0801,0.083466,0.04963,0.03086630254983902,n004335
canonswap,pair_0802,0.063407,0.032227,0.05476896092295647,n002227
canonswap,pair_0804,0.276292,-0.060292,0.08300226926803589,n003076
canonswap,pair_0805,0.219351,-0.015111,-0.06008462607860565,n008103
canonswap,pair_0806,0.133881,-0.007164,0.10945506393909454,n005929
canonswap,pair_0807,0.07524,-0.032811,0.016326632350683212,n002051
canonswap,pair_0808,0.082171,-0.054043,0.0066770887933671474,n004278
canonswap,pair_0809,0.180459,-0.041596,0.010220764204859734,n005033
canonswap,pair_0810,0.176282,-0.050739,0.07625303417444229,n002120
canonswap,pair_0811,0.093456,-0.005148,0.063199982047081,n006829
canonswap,pair_0812,0.111732,-0.006325,0.08784088492393494,n000023
canonswap,pair_0813,0.271098,0.063218,0.0502462163567543,n004145
canonswap,pair_0814,0.097799,0.018955,0.034245815128088,n000918
canonswap,pair_0815,0.014538,-0.005069,-0.04205024987459183,n005153
canonswap,pair_0816,0.219958,0.039343,-0.08552949130535126,n008767
canonswap,pair_0817,0.14083,-0.052116,0.03631042689085007,n002006
canonswap,pair_0818,0.408773,-0.039117,0.09964600205421448,n002356
canonswap,pair_0819,0.169769,0.031547,0.012289849109947681,n009277
canonswap,pair_0820,0.235156,-0.002658,0.06040672957897186,n004388
canonswap,pair_0821,0.096246,-0.029999,0.0535636767745018,n007304
canonswap,pair_0822,0.119988,0.107002,-0.002362392842769623,n005920
canonswap,pair_0824,0.067478,0.07031,-0.017420750111341476,n002366
canonswap,pair_0825,0.06858,0.030829,0.03662721812725067,n002427
canonswap,pair_0826,0.047577,0.029797,0.01873769611120224,n006760
canonswap,pair_0827,0.257678,0.007136,0.10299818217754364,n008967
canonswap,pair_0828,0.013021,0.062282,0.003395926207304001,n005220
canonswap,pair_0829,0.042537,0.003953,0.11087623238563538,n003840
canonswap,pair_0830,0.086559,-0.019254,-0.02272210270166397,n007777
canonswap,pair_0831,0.171183,0.031982,0.10549403727054596,n008650
canonswap,pair_0832,0.036811,-0.009088,0.030326291918754578,n004056
canonswap,pair_0833,0.122663,0.016094,0.04570477828383446,n006414
canonswap,pair_0834,0.083957,-0.002623,0.04937534034252167,n004108
canonswap,pair_0835,0.15515,-0.03119,-0.029267393052577972,n005275
canonswap,pair_0836,0.159534,0.039209,0.0028128493577241898,n007543
canonswap,pair_0837,0.262439,-0.014202,0.07612641155719757,n006566
canonswap,pair_0838,0.19415,0.038567,0.010161049664020538,n006798
canonswap,pair_0839,0.07047,-0.057614,0.037324778735637665,n002654
canonswap,pair_0840,0.075785,-0.03856,-0.019357671961188316,n006734
canonswap,pair_0841,0.050544,-0.073348,0.018366754055023193,n001034
canonswap,pair_0842,0.12322,-0.042352,0.10945149511098862,n002154
canonswap,pair_0843,0.131693,0.054223,0.043230462819337845,n009011
canonswap,pair_0845,0.171978,0.031475,0.020359724760055542,n004014
canonswap,pair_0846,0.028724,-0.019072,0.02003185823559761,n005247
canonswap,pair_0847,0.048525,-0.030083,0.09189283847808838,n001455
canonswap,pair_0848,0.29522,-0.067456,-0.031509965658187866,n004144
canonswap,pair_0849,0.060203,0.101654,0.003189454320818186,n004667
canonswap,pair_0850,0.190902,-0.068129,-0.008469253778457642,n006350
canonswap,pair_0851,0.07868,-0.035132,0.05076288431882858,n005050
canonswap,pair_0852,0.081005,0.01859,-0.012411288917064667,n004726
canonswap,pair_0853,0.265222,-0.053779,0.10368476808071136,n001715
canonswap,pair_0854,0.048501,-0.003662,0.015033582225441933,n007376
canonswap,pair_0855,0.174276,0.061054,0.11662431061267853,n005244
canonswap,pair_0856,0.035173,-0.040646,0.028786078095436096,n007730
canonswap,pair_0857,0.019322,0.01917,-0.08402744680643082,n003617
canonswap,pair_0858,0.283272,0.077161,0.1587516963481903,n004639
canonswap,pair_0859,0.21657,-0.062716,0.030597813427448273,n007398
canonswap,pair_0860,0.04571,-0.049822,0.09511785209178925,n006963
canonswap,pair_0861,0.026288,0.06237,-0.03313151001930237,n003601
canonswap,pair_0862,0.047996,0.036813,0.001949323806911707,n002586
canonswap,pair_0863,0.083376,-0.076789,0.017408087849617004,n004358
canonswap,pair_0864,0.089863,-0.005548,-0.017333323135972023,n005503
canonswap,pair_0865,0.11732,-0.043724,-0.04215891659259796,n004237
canonswap,pair_0866,0.15143,-0.017768,-0.024085361510515213,n004804
canonswap,pair_0867,0.107392,-0.014386,-0.04646988958120346,n001825
canonswap,pair_0868,0.189501,-0.028294,0.09875026345252991,n001726
canonswap,pair_0869,0.136291,0.071991,0.00935477577149868,n007663
canonswap,pair_0870,0.185938,0.121564,0.11200249195098877,n000829
canonswap,pair_0871,0.033059,0.028075,0.12858042120933533,n007384
canonswap,pair_0872,0.12484,0.011107,0.02086535468697548,n007801
canonswap,pair_0873,0.301173,-0.045584,-0.005991005338728428,n000249
canonswap,pair_0874,0.166833,0.042989,0.12263262271881104,n007862
canonswap,pair_0875,0.20223,0.039488,0.05281074717640877,n003910
canonswap,pair_0876,0.047838,0.106181,0.024213049560785294,n005257
canonswap,pair_0877,0.103793,0.041869,0.008328779600560665,n009039
canonswap,pair_0878,0.097581,-0.04107,-0.034737296402454376,n007330
canonswap,pair_0879,0.153997,0.032427,0.05163860321044922,n006096
canonswap,pair_0880,0.120579,-0.050931,0.004802802577614784,n000430
canonswap,pair_0881,0.131708,-0.012296,0.07368335872888565,n005329
canonswap,pair_0882,0.132738,-0.038777,0.06539712101221085,n003639
canonswap,pair_0883,0.037816,-0.005142,0.049653563648462296,n001876
canonswap,pair_0884,0.150307,-0.038369,-0.06804107129573822,n004433
canonswap,pair_0885,0.042712,0.025255,0.05688738077878952,n006152
canonswap,pair_0886,0.375474,-0.052807,-0.10305200517177582,n009150
canonswap,pair_0887,0.168811,0.002264,0.1220601424574852,n008688
canonswap,pair_0889,0.315732,-0.014751,0.11473017930984497,n006099
canonswap,pair_0890,0.184688,0.044419,0.034864284098148346,n000590
canonswap,pair_0891,0.113665,0.040426,0.06682606041431427,n008396
canonswap,pair_0892,0.183107,-0.001117,0.086613729596138,n001434
canonswap,pair_0893,0.089549,0.032577,0.0012414604425430298,n008279
canonswap,pair_0894,0.137913,0.031371,-0.010809268802404404,n004825
canonswap,pair_0896,0.083773,0.060968,0.005464598536491394,n005718
canonswap,pair_0897,0.145522,0.030343,0.04574056342244148,n004940
canonswap,pair_0898,0.131521,0.112631,0.028380876407027245,n009025
canonswap,pair_0899,0.189109,0.011401,0.037893153727054596,n001164
canonswap,pair_0900,0.229436,0.087444,0.11234401166439056,n006795
canonswap,pair_0901,0.287996,0.065969,0.0926174595952034,n008193
canonswap,pair_0902,0.025443,-0.031847,0.027781398966908455,n002744
canonswap,pair_0903,0.203707,0.052408,0.01897246018052101,n000793
canonswap,pair_0904,0.080039,-0.066256,-0.053774841129779816,n000099
canonswap,pair_0905,0.071276,-0.011275,0.02504083886742592,n003521
canonswap,pair_0906,0.045988,-0.034719,0.05661000311374664,n001405
canonswap,pair_0907,0.08752,0.001465,0.06634475290775299,n000701
canonswap,pair_0908,0.096082,0.011687,0.04876760393381119,n003828
canonswap,pair_0909,0.158793,-0.006535,0.023348677903413773,n001490
canonswap,pair_0910,0.081304,0.002988,-0.012768751010298729,n007204
canonswap,pair_0911,0.120982,-0.032449,0.0636904314160347,n004703
canonswap,pair_0912,0.074258,0.009206,-0.05322340130805969,n003328
canonswap,pair_0913,0.125768,-0.022487,0.06001223623752594,n004864
canonswap,pair_0914,0.072072,0.002006,0.0350218266248703,n009065
canonswap,pair_0915,0.102211,0.093337,0.050941020250320435,n007229
canonswap,pair_0916,0.196496,-0.006883,0.02272188290953636,n005354
canonswap,pair_0918,0.057374,-0.023105,0.08962198346853256,n007910
canonswap,pair_0919,0.197837,-0.005594,0.09645098447799683,n007247
canonswap,pair_0920,0.278237,0.032439,0.0075701880268752575,n004760
canonswap,pair_0921,0.121373,-0.007981,0.021635454148054123,n002537
canonswap,pair_0922,0.089119,0.01478,0.0467471219599247,n008239
canonswap,pair_0923,0.169886,0.000193,0.017301667481660843,n001111
canonswap,pair_0924,0.180175,0.033116,0.013802113011479378,n006304
canonswap,pair_0925,0.120859,-0.007469,-0.020889265462756157,n007486
canonswap,pair_0926,0.176591,0.108713,0.026159754022955894,n002670
canonswap,pair_0927,0.19854,0.03447,0.007983293384313583,n004159
canonswap,pair_0928,0.064228,-0.024066,0.009946322068572044,n002288
canonswap,pair_0929,0.107566,0.036443,0.01752200722694397,n006450
canonswap,pair_0930,0.040668,0.032324,-0.020198296755552292,n003254
canonswap,pair_0932,0.145407,-0.054602,0.019307071343064308,n000089
canonswap,pair_0933,0.159109,-0.049962,0.03488856554031372,n003253
canonswap,pair_0934,0.145967,0.031631,-0.012964347377419472,n007981
canonswap,pair_0935,0.062481,0.001562,0.03738855570554733,n004656
canonswap,pair_0936,0.108969,-0.083516,0.052139729261398315,n009073
canonswap,pair_0937,0.059007,-0.001542,0.08055352419614792,n009191
canonswap,pair_0938,0.198779,0.077118,0.15845584869384766,n004592
canonswap,pair_0939,0.208217,-0.007501,0.040289923548698425,n000339
canonswap,pair_0940,0.194639,0.035236,0.08998627215623856,n005712
canonswap,pair_0941,0.099609,-0.017643,0.020137790590524673,n004737
canonswap,pair_0942,0.113318,0.033097,0.08953342586755753,n004596
canonswap,pair_0943,-0.01008,-0.002861,0.020939026027917862,n007778
canonswap,pair_0944,0.036904,0.056778,-0.023111335933208466,n005339
canonswap,pair_0945,0.154126,-0.008396,-0.022357501089572906,n004775
canonswap,pair_0946,0.104675,-0.016174,0.067552350461483,n006716
canonswap,pair_0947,0.057964,-0.011341,-0.006402242463082075,n008432
canonswap,pair_0948,0.126644,0.074609,-0.0034232400357723236,n005302
canonswap,pair_0949,0.109172,0.044232,0.026016803458333015,n009263
canonswap,pair_0950,0.177892,0.018258,0.041071970015764236,n007770
canonswap,pair_0951,0.120827,0.00343,0.056052498519420624,n005533
canonswap,pair_0952,0.095217,-0.033964,0.017109373584389687,n003086
canonswap,pair_0953,0.288304,-0.019526,0.055051419883966446,n001953
canonswap,pair_0954,0.160317,-0.018825,0.04599380865693092,n001428
canonswap,pair_0955,0.236354,-0.002397,-0.007338542491197586,n002194
canonswap,pair_0956,0.138245,-0.015316,0.03617699071764946,n001223
canonswap,pair_0958,0.056078,-0.083775,0.07994353771209717,n005283
canonswap,pair_0959,0.105153,-0.025226,-0.01315225102007389,n006362
canonswap,pair_0960,0.149329,-0.010456,-0.005571194924414158,n001884
canonswap,pair_0961,0.155702,0.07493,0.01942620798945427,n003510
canonswap,pair_0962,0.051895,0.021887,0.12748295068740845,n003927
canonswap,pair_0963,0.191887,0.033586,0.032572343945503235,n007501
canonswap,pair_0964,0.148299,-0.041747,0.18796999752521515,n007464
canonswap,pair_0965,0.095091,0.023949,0.11284762620925903,n004349
canonswap,pair_0966,0.146565,-0.007533,0.12459537386894226,n001757
canonswap,pair_0967,0.21754,0.026589,0.027971548959612846,n000299
canonswap,pair_0968,0.060579,0.026496,0.04248964414000511,n008549
canonswap,pair_0969,0.179448,-0.004349,0.039536941796541214,n008967
canonswap,pair_0970,0.072159,0.002936,0.04683784022927284,n006346
canonswap,pair_0971,0.167194,0.00849,0.0007414016872644424,n008282
canonswap,pair_0972,0.051002,0.048679,0.02825675532221794,n001727
canonswap,pair_0973,0.1799,0.024894,0.04280928149819374,n003988
canonswap,pair_0974,0.086522,-0.001835,-0.0052408017218112946,n002747
canonswap,pair_0975,0.148873,0.060637,0.013635199517011642,n007464
canonswap,pair_0977,0.229458,-0.006354,0.05455854535102844,n006791
canonswap,pair_0978,0.174032,0.038743,0.03330988436937332,n007326
canonswap,pair_0979,0.048655,0.002659,-0.01533556543290615,n003097
canonswap,pair_0981,0.027405,0.03354,-0.0059821708127856255,n001790
canonswap,pair_0982,0.107832,0.016215,0.1299366056919098,n002548
canonswap,pair_0983,0.212444,0.05924,0.07029391080141068,n004708
canonswap,pair_0984,0.279792,0.016813,0.03091716207563877,n002937
canonswap,pair_0985,0.192942,0.033167,0.0609726645052433,n004430
canonswap,pair_0986,0.198092,-0.076227,0.06020462140440941,n005889
canonswap,pair_0987,0.13015,0.071933,0.034036681056022644,n002850
canonswap,pair_0988,0.12342,0.017009,0.13813121616840363,n002240
canonswap,pair_0989,0.066414,0.014647,0.06951228529214859,n003492
canonswap,pair_0990,0.099498,-0.000892,0.14056330919265747,n005971
canonswap,pair_0991,0.1343,0.062155,0.0012333095073699951,n001428
canonswap,pair_0992,0.283938,-0.071374,0.07026609778404236,n003078
canonswap,pair_0993,0.131135,-0.069145,0.014390893280506134,n008115
canonswap,pair_0994,0.097063,-0.037381,0.11946968734264374,n002582
canonswap,pair_0995,-0.021044,0.033022,0.008722979575395584,n006187
canonswap,pair_0996,0.181017,0.016709,0.044797640293836594,n002872
canonswap,pair_0997,0.041955,-0.044554,0.014064230024814606,n004647
canonswap,pair_0998,0.063843,-0.019205,-0.004078023135662079,n003484
canonswap,pair_0999,0.057338,-0.020936,-0.02674359828233719,n007167
diffface,pair_0000,0.069051,-0.027893,-0.07626651227474213,n000354
diffface,pair_0001,0.088893,0.122924,0.019126372411847115,n005714
diffface,pair_0002,0.074297,-0.004259,-0.019900642335414886,n000804
diffface,pair_0003,0.313482,-0.003208,0.15007279813289642,n008833
diffface,pair_0004,0.141901,0.066907,-0.024408139288425446,n008995
diffface,pair_0005,0.040788,-0.021917,0.017344899475574493,n002675
diffface,pair_0006,0.096247,-0.055335,0.17348968982696533,n003853
diffface,pair_0007,0.071499,0.012129,0.11153406649827957,n000714
diffface,pair_0008,0.160436,0.052835,0.008954942226409912,n003491
diffface,pair_0009,0.103689,0.004942,-0.017565857619047165,n002679
diffface,pair_0010,0.011982,-0.027551,0.04051191359758377,n005251
diffface,pair_0011,0.145552,-0.00047,0.01966259256005287,n007238
diffface,pair_0012,0.034115,0.004345,0.048278696835041046,n004170
diffface,pair_0013,0.059255,0.012632,0.09027760475873947,n003151
diffface,pair_0014,0.028598,0.057533,-0.014240408316254616,n006263
diffface,pair_0015,0.05477,0.017369,0.025737222284078598,n000309
diffface,pair_0016,-0.009248,-0.006608,-0.026740556582808495,n001417
diffface,pair_0017,0.127255,-0.088655,-0.016370251774787903,n000758
diffface,pair_0018,0.024852,-0.017409,-0.023460233584046364,n001228
diffface,pair_0019,0.03522,0.015104,-0.03596578538417816,n007576
diffface,pair_0020,-0.012191,0.002603,0.016510996967554092,n007948
diffface,pair_0021,0.143705,0.00289,0.015404988080263138,n002193
diffface,pair_0022,0.070998,0.009844,0.06013599783182144,n000581
diffface,pair_0023,0.026664,-0.016534,0.016956694424152374,n008767
diffface,pair_0024,0.005894,-0.02769,0.015816226601600647,n003129
diffface,pair_0025,0.139171,-0.024208,0.02190990000963211,n004825
diffface,pair_0026,0.156708,0.009416,0.062090031802654266,n002191
diffface,pair_0027,0.100119,0.002872,0.057976625859737396,n008612
diffface,pair_0028,0.201442,-0.037264,0.1261112093925476,n002034
diffface,pair_0030,0.031923,0.026574,0.003762967884540558,n003482
diffface,pair_0031,0.068479,0.019256,0.052364736795425415,n004847
diffface,pair_0032,0.059453,-0.071614,0.006301596760749817,n005502
diffface,pair_0033,0.10753,0.032727,0.005131537094712257,n003615
diffface,pair_0034,0.044758,0.006311,0.07085242122411728,n003462
diffface,pair_0035,0.292106,-0.038424,0.12058815360069275,n006552
diffface,pair_0036,0.065558,0.027229,0.04537848383188248,n006991
diffface,pair_0038,0.021032,-0.009559,0.02116791531443596,n000598
diffface,pair_0039,0.086415,0.026748,0.049195725470781326,n000539
diffface,pair_0040,0.015669,0.029966,0.024666940793395042,n001448
diffface,pair_0041,-0.00902,0.046156,0.02664751000702381,n005477
diffface,pair_0042,-0.108176,-0.018019,-0.03727595508098602,n000541
diffface,pair_0043,0.029463,-0.007559,-0.0362534336745739,n003808
diffface,pair_0044,-0.040797,0.039482,0.018861494958400726,n001742
diffface,pair_0045,0.157639,0.011029,0.10000640153884888,n008062
diffface,pair_0046,0.018201,0.034872,-0.0005128197371959686,n004942
diffface,pair_0047,0.076166,-0.023594,0.015938110649585724,n006932
diffface,pair_0048,0.07603,-0.01172,0.07529966533184052,n006124
diffface,pair_0049,0.119647,0.038068,0.04729531705379486,n002072
diffface,pair_0050,0.050096,0.024048,-0.026054777204990387,n007537
diffface,pair_0051,0.061727,0.039466,-0.00013623759150505066,n005803
diffface,pair_0052,0.098607,0.034657,0.04822752624750137,n008365
diffface,pair_0053,0.021814,0.029706,-0.023900482803583145,n001060
diffface,pair_0054,0.16399,0.0069,0.042969658970832825,n000792
diffface,pair_0055,0.104061,-0.021703,0.05938626825809479,n001594
diffface,pair_0056,0.060304,-0.042561,0.029009874910116196,n004428
diffface,pair_0057,0.061841,-0.008756,0.002513319253921509,n007009
diffface,pair_0058,0.027872,-0.017226,-0.024548828601837158,n003428
diffface,pair_0059,0.007447,0.003858,0.010727843269705772,n005981
diffface,pair_0060,0.122609,-0.021808,0.08294662833213806,n002779
diffface,pair_0061,0.097328,-0.030333,0.005719730164855719,n006989
diffface,pair_0062,0.061711,0.026376,-0.00267045758664608,n000092
diffface,pair_0063,0.053913,0.026566,0.08818835765123367,n001945
diffface,pair_0064,0.150573,-0.066807,0.0680592954158783,n004330
diffface,pair_0065,0.021977,0.021674,-0.0023021316155791283,n005191
diffface,pair_0066,0.072376,0.011837,0.06500941514968872,n005941
diffface,pair_0067,0.162984,-0.025991,0.05627444386482239,n007849
diffface,pair_0068,0.130199,-0.02108,-0.03848480433225632,n007995
diffface,pair_0069,0.056171,-0.06067,0.03154955804347992,n007304
diffface,pair_0070,0.131556,-0.056877,-0.07064667344093323,n008023
diffface,pair_0071,0.087301,-0.062449,0.014102989807724953,n004535
diffface,pair_0072,-0.052343,-0.079614,-0.012585081160068512,n002727
diffface,pair_0073,0.001646,0.033632,-0.029656175523996353,n002098
diffface,pair_0074,0.086948,-0.027626,0.030787725001573563,n006672
diffface,pair_0075,0.059266,-0.094556,-0.008448434993624687,n002676
diffface,pair_0076,0.040794,0.001624,-0.025945469737052917,n003684
diffface,pair_0077,0.033432,-0.106182,0.020031046122312546,n000223
diffface,pair_0078,0.031693,0.014159,-0.032666321843862534,n001718
diffface,pair_0079,0.074992,-0.039493,-0.0036645829677581787,n001856
diffface,pair_0080,0.151105,0.104461,0.08712926506996155,n004250
diffface,pair_0081,0.132843,0.054858,0.04465055465698242,n000687
diffface,pair_0082,-0.015574,0.127037,0.012616146355867386,n001871
diffface,pair_0083,0.062376,0.047466,-0.009147876873612404,n003190
diffface,pair_0084,-0.008991,-0.041416,0.027798529714345932,n005318
diffface,pair_0085,0.043201,0.010197,-0.003102453425526619,n000807
diffface,pair_0086,0.13835,-0.019352,0.07012948393821716,n003860
diffface,pair_0087,0.059063,0.012096,-0.017300592735409737,n006932
diffface,pair_0088,0.091096,0.02211,0.08471307158470154,n001394
diffface,pair_0089,0.067428,-0.064071,-0.05304815620183945,n000661
diffface,pair_0091,0.143654,0.000429,0.07394510507583618,n004111
diffface,pair_0092,0.019217,0.005716,0.001011282205581665,n000652
diffface,pair_0093,0.084555,-0.007459,0.05184116214513779,n005628
diffface,pair_0094,0.051622,0.011443,0.019701488316059113,n003307
diffface,pair_0096,0.159579,0.084662,0.07417218387126923,n003266
diffface,pair_0097,0.122759,0.016326,0.10873879492282867,n001323
diffface,pair_0098,0.095445,0.027812,0.06562533229589462,n004888
diffface,pair_0099,0.167038,0.007741,0.04976056143641472,n006359
diffface,pair_0100,0.079354,-0.010111,0.06585391610860825,n001557
diffface,pair_0101,0.06591,-0.02067,0.044244080781936646,n001521
diffface,pair_0102,0.158246,-0.047267,0.06645073741674423,n006047
diffface,pair_0103,0.025267,0.034737,-0.024888237938284874,n003947
diffface,pair_0104,0.01959,0.009478,0.02601458504796028,n000164
diffface,pair_0105,0.224374,0.042241,0.06374780088663101,n000663
diffface,pair_0106,0.060827,0.097451,0.0033485041931271553,n000843
diffface,pair_0107,0.011951,-0.105065,0.017172405496239662,n008023
diffface,pair_0108,0.097813,-0.010163,0.0720084011554718,n007551
diffface,pair_0109,0.174213,-0.009041,0.013828220777213573,n006771
diffface,pair_0110,0.027607,-0.009599,0.050445474684238434,n003542
diffface,pair_0111,0.050004,-0.016321,-0.0010478189215064049,n008218
diffface,pair_0112,0.0885,0.023557,0.053702469915151596,n004623
diffface,pair_0113,0.079807,0.012206,0.017304541543126106,n004125
diffface,pair_0114,-0.005749,0.043639,0.04742147773504257,n006434
diffface,pair_0115,0.036465,0.006043,0.041157275438308716,n000565
diffface,pair_0116,0.03686,0.010939,0.028266213834285736,n006126
diffface,pair_0117,-0.028789,0.042913,-0.07174387574195862,n003127
diffface,pair_0118,0.051418,-0.007824,0.0842466950416565,n002240
diffface,pair_0119,0.152324,-0.022007,0.10252966731786728,n003120
diffface,pair_0120,0.033032,0.070447,0.05552542954683304,n006323
diffface,pair_0121,-0.02157,0.030458,0.012755678966641426,n004929
diffface,pair_0122,0.006062,0.089154,-0.04054299741983414,n000852
diffface,pair_0124,0.100798,0.017642,-0.015352346003055573,n006222
diffface,pair_0126,-0.019315,-0.022915,0.06607034802436829,n001947
diffface,pair_0127,0.009218,0.027186,0.06889275461435318,n008551
diffface,pair_0128,0.016518,0.009096,0.07165444642305374,n000337
diffface,pair_0129,0.087137,-0.019752,0.038561396300792694,n004667
diffface,pair_0130,0.037569,-0.005447,0.04718265309929848,n002932
diffface,pair_0132,0.012582,0.00146,-0.013929173350334167,n001544
diffface,pair_0133,0.006812,-0.023467,0.01726134493947029,n008161
diffface,pair_0134,0.045216,-0.028257,-0.03839810937643051,n004435
diffface,pair_0135,0.19649,0.05384,0.07219946384429932,n003185
diffface,pair_0136,0.156158,0.016596,-0.039917971938848495,n003252
diffface,pair_0137,0.067835,0.049508,0.05621355026960373,n005141
diffface,pair_0138,-0.002856,0.022214,0.07679565250873566,n005255
diffface,pair_0139,0.180575,-0.022754,-0.022106409072875977,n008274
diffface,pair_0140,0.146614,-0.061811,0.06475531309843063,n000894
diffface,pair_0141,0.070365,0.059843,-0.0180647075176239,n008808
diffface,pair_0142,0.071943,0.066856,-0.017430640757083893,n005133
diffface,pair_0143,-0.032288,0.00324,0.00690064299851656,n008236
diffface,pair_0145,0.046399,0.008773,0.036374010145664215,n008248
diffface,pair_0146,0.101956,0.006276,0.026274722069501877,n001083
diffface,pair_0147,0.115506,0.018104,0.004507779143750668,n004708
diffface,pair_0148,0.11086,0.021927,0.09844081103801727,n001331
diffface,pair_0149,0.090516,-0.014784,0.05517590418457985,n002712
diffface,pair_0150,-0.000427,0.040692,-0.006847791373729706,n005789
diffface,pair_0151,0.118013,0.084548,0.007033032830804586,n006494
diffface,pair_0152,-0.036398,-0.061184,-0.06915034353733063,n000443
diffface,pair_0153,0.118553,0.060016,-0.010563995689153671,n000847
diffface,pair_0154,0.15837,-0.046234,0.0020812973380088806,n001602
diffface,pair_0155,0.07554,-0.001444,-0.0037069148384034634,n004457
diffface,pair_0156,0.09677,0.054594,0.0959714949131012,n007486
diffface,pair_0157,0.102551,-0.035501,0.018848087638616562,n001419
diffface,pair_0158,0.105557,0.059193,0.14936377108097076,n001424
diffface,pair_0159,0.028951,-0.030578,-0.002793555613607168,n008230
diffface,pair_0161,0.062871,-0.019222,0.0052480027079582214,n003267
diffface,pair_0162,0.185765,-0.064593,0.013339333236217499,n005556
diffface,pair_0163,0.112209,-0.027863,-0.05686973035335541,n003745
diffface,pair_0164,-0.039699,-0.081982,-0.005540474317967892,n003360
diffface,pair_0165,-0.004143,0.015475,-0.01694502867758274,n008115
diffface,pair_0166,0.02266,0.003609,0.05325138941407204,n004457
diffface,pair_0167,0.236419,0.019429,0.05035770311951637,n007499
diffface,pair_0168,0.077907,0.016807,0.09873427450656891,n005651
diffface,pair_0169,0.162585,0.00144,-0.005589684937149286,n001246
diffface,pair_0170,0.010497,-0.047066,0.03895016759634018,n006501
diffface,pair_0171,0.021089,0.016576,0.028883105143904686,n001349
diffface,pair_0172,0.027746,-0.027413,0.04090052843093872,n006620
diffface,pair_0173,-0.016054,0.022513,0.055873434990644455,n004622
diffface,pair_0174,0.068278,0.042236,0.02402155101299286,n000298
diffface,pair_0175,0.065163,-0.023023,0.0333251878619194,n002479
diffface,pair_0176,0.054205,-0.06314,0.013001316227018833,n001999
diffface,pair_0177,0.038081,0.082756,0.07379189133644104,n000686
diffface,pair_0178,0.028864,0.000223,-0.003647755365818739,n005638
diffface,pair_0179,0.066638,0.129757,0.021846257150173187,n003561
diffface,pair_0180,0.052542,0.041403,0.014436483383178711,n004908
diffface,pair_0181,0.101614,0.027959,0.004443740472197533,n000714
diffface,pair_0182,0.064406,-0.036078,0.10117950290441513,n005710
diffface,pair_0183,0.093183,0.103622,0.012475000694394112,n005160
diffface,pair_0184,0.041949,-0.004587,0.006657168734818697,n004926
diffface,pair_0185,-0.005603,0.039926,0.00252213585190475,n005600
diffface,pair_0186,0.043679,-0.004209,0.04158862680196762,n007901
diffface,pair_0187,-0.061101,0.011192,0.04821360111236572,n006085
diffface,pair_0188,0.080792,0.030829,0.10003218054771423,n006316
diffface,pair_0189,0.065957,-0.036848,0.0508180633187294,n002463
diffface,pair_0190,-0.053845,0.037335,0.06225549429655075,n000810
diffface,pair_0191,0.049271,0.001237,0.08219948410987854,n000781
diffface,pair_0192,0.113002,0.044711,0.05760757625102997,n003821
diffface,pair_0193,0.062331,-0.003187,0.03068969026207924,n004839
diffface,pair_0194,0.116811,0.038455,0.004549169447273016,n003661
diffface,pair_0195,0.037945,0.033635,0.00800321251153946,n007677
diffface,pair_0196,0.080609,-0.016218,0.060060806572437286,n006498
diffface,pair_0197,-0.002437,0.034235,0.047096963971853256,n007051
diffface,pair_0198,0.065895,0.042761,0.03170188143849373,n007376
diffface,pair_0199,0.062464,-0.009835,-0.018120940774679184,n004983
diffface,pair_0200,0.030183,-0.067603,0.08654642105102539,n008177
diffface,pair_0201,0.07138,0.046851,0.013889267109334469,n007009
diffface,pair_0202,0.063576,-0.052715,0.058660656213760376,n001695
diffface,pair_0205,0.113503,0.007473,0.02562100999057293,n002101
diffface,pair_0207,0.074523,-0.06042,0.029010867699980736,n003776
diffface,pair_0208,-0.011271,0.023202,0.07326740026473999,n007952
diffface,pair_0210,0.104129,-0.056425,0.08156298100948334,n006836
diffface,pair_0211,0.169689,0.009723,0.1208021342754364,n007336
diffface,pair_0212,0.059853,-0.032051,0.04278452321887016,n002374
diffface,pair_0213,0.097733,-0.044544,0.0851365178823471,n003237
diffface,pair_0214,0.100414,-0.004012,0.0008821785449981689,n004489
diffface,pair_0216,0.041535,-0.015219,0.0012608980759978294,n004452
diffface,pair_0217,0.046097,0.017467,-0.011592342518270016,n007128
diffface,pair_0218,0.000172,0.030323,-0.0014014290645718575,n007071
diffface,pair_0219,0.163276,-0.087593,0.004187404178082943,n003730
diffface,pair_0220,0.161404,0.032567,0.01718878373503685,n004216
diffface,pair_0221,0.096619,-0.040177,0.0017003887332975864,n008631
diffface,pair_0222,0.087141,-0.050506,0.0017025554552674294,n002055
diffface,pair_0223,0.188555,0.079656,0.05384926125407219,n002141
diffface,pair_0224,0.003508,0.037438,-0.010372176766395569,n003993
diffface,pair_0225,0.066228,0.032578,0.07960653305053711,n003507
diffface,pair_0226,0.00016,0.085415,0.06122001260519028,n002727
diffface,pair_0227,0.060131,0.133745,0.15282228589057922,n007464
diffface,pair_0228,0.111777,0.041992,-0.08274862915277481,n006137
diffface,pair_0229,0.025243,-0.049399,0.003234680276364088,n008598
diffface,pair_0230,0.084134,-0.024238,-0.028216000646352768,n006445
diffface,pair_0231,0.034981,0.011195,0.005454977974295616,n002643
diffface,pair_0234,0.027097,-0.045631,-0.020569168031215668,n005855
diffface,pair_0235,0.077552,0.038072,-0.004216715693473816,n002148
diffface,pair_0236,0.038478,0.021106,0.010133903473615646,n000416
diffface,pair_0237,0.096664,-0.047913,0.03967895358800888,n002460
diffface,pair_0238,0.107753,-0.045986,-0.04795663058757782,n000648
diffface,pair_0239,0.170278,0.014408,0.007912985980510712,n002557
diffface,pair_0240,-0.014774,0.007534,-0.017639685422182083,n006525
diffface,pair_0241,0.067283,-0.026354,0.001851697452366352,n001656
diffface,pair_0242,0.114633,-0.018934,0.09801525622606277,n008941
diffface,pair_0243,0.005076,-0.00267,0.12322422862052917,n007838
diffface,pair_0244,0.055574,0.052144,-0.018029233440756798,n005535
diffface,pair_0245,0.11721,-0.041831,0.07739467918872833,n005606
diffface,pair_0246,0.02044,0.008253,0.03961844742298126,n000035
diffface,pair_0247,0.015916,-0.009057,-0.056514542549848557,n001447
diffface,pair_0248,0.099667,-0.010187,0.05183669924736023,n003178
diffface,pair_0249,0.124119,0.050445,0.01700035110116005,n002551
diffface,pair_0251,0.084833,-0.064084,0.03170972689986229,n006014
diffface,pair_0252,0.027131,0.036569,-0.013228239491581917,n000579
diffface,pair_0253,0.123952,-0.020867,0.03902138024568558,n006398
diffface,pair_0254,0.090547,0.004008,-0.010724272578954697,n001024
diffface,pair_0255,0.012486,0.004113,0.015815412625670433,n001458
diffface,pair_0256,0.069058,0.048005,0.007403217256069183,n008867
diffface,pair_0257,0.025611,0.006063,0.05173508822917938,n004772
diffface,pair_0258,0.084563,0.073936,0.041447632014751434,n003951
diffface,pair_0259,0.050784,-0.014602,0.021420249715447426,n002786
diffface,pair_0261,0.172689,-0.003605,0.04079541936516762,n005212
diffface,pair_0262,0.107127,0.066741,0.02153323031961918,n005264
diffface,pair_0263,0.016869,-0.036239,0.05472762882709503,n001405
diffface,pair_0264,-0.000754,0.06922,0.08192569017410278,n000123
diffface,pair_0265,0.083309,0.057051,0.0187192615121603,n006791
diffface,pair_0266,0.094687,-0.046421,0.0632876604795456,n000016
diffface,pair_0267,0.135665,-0.031456,0.01387014053761959,n003935
diffface,pair_0268,0.003485,0.028338,0.0711028203368187,n004767
diffface,pair_0269,0.089126,0.018155,0.04523259028792381,n005628
diffface,pair_0270,0.192919,-0.00225,0.05551707744598389,n001262
diffface,pair_0271,0.04284,0.0583,-0.0117269866168499,n007958
diffface,pair_0272,0.100973,0.000516,-0.018766993656754494,n003322
diffface,pair_0273,0.054352,-0.025758,0.05429182946681976,n007679
diffface,pair_0274,0.119789,0.033862,0.12246281653642654,n001511
diffface,pair_0275,0.007163,0.087038,0.01869361475110054,n003619
diffface,pair_0276,0.157139,0.013901,0.0046968539245426655,n004105
diffface,pair_0277,0.139883,-0.034398,0.00539935939013958,n006738
diffface,pair_0278,-0.008851,-0.016904,0.011434020474553108,n001537
diffface,pair_0279,0.047615,0.029143,-0.08164265006780624,n003033
diffface,pair_0280,0.101179,0.034829,-0.021731320768594742,n003895
diffface,pair_0281,0.073036,0.054573,0.0918232724070549,n000656
diffface,pair_0282,0.003941,0.107111,-0.03371632471680641,n006962
diffface,pair_0283,0.086176,0.056266,-0.07545709609985352,n007115
diffface,pair_0284,0.103872,0.005248,-0.026420310139656067,n004216
diffface,pair_0285,0.153093,-0.001085,-0.02929987758398056,n004435
diffface,pair_0286,0.07261,0.017383,-0.07617615908384323,n000745
diffface,pair_0287,0.083272,0.024009,0.13058903813362122,n007421
diffface,pair_0288,0.00144,-0.026169,-0.010719059966504574,n008193
diffface,pair_0289,0.041954,0.055358,0.09415632486343384,n002262
diffface,pair_0290,0.019253,0.036571,-0.029989134520292282,n006406
diffface,pair_0291,0.106085,0.055763,0.02737051621079445,n005152
diffface,pair_0292,0.087685,0.038359,0.001998787745833397,n001856
diffface,pair_0293,0.072375,-0.033412,0.027131708338856697,n007942
diffface,pair_0294,0.01565,-0.022417,-0.038121774792671204,n002193
diffface,pair_0295,0.019898,-0.088576,0.03489180654287338,n000559
diffface,pair_0296,0.022973,-0.014824,0.0015277564525604248,n007365
diffface,pair_0297,0.091616,0.033873,0.056865349411964417,n000227
diffface,pair_0298,-0.000689,0.049777,-0.02825285866856575,n000722
diffface,pair_0299,0.144025,-0.024534,0.036405615508556366,n003273
diffface,pair_0300,-0.01156,-0.006287,-0.12622854113578796,n002990
diffface,pair_0302,0.068869,-0.062354,0.04201935604214668,n000789
diffface,pair_0303,-0.045873,0.038764,-0.0042097726836800575,n002355
diffface,pair_0304,0.172192,0.058611,-0.053934887051582336,n000976
diffface,pair_0305,0.151983,0.076166,0.12675802409648895,n004917
diffface,pair_0306,0.103401,0.013215,-0.008334863930940628,n001083
diffface,pair_0307,0.059658,-0.001214,-0.01488366536796093,n002209
diffface,pair_0308,0.081934,0.008004,0.04999864101409912,n004740
diffface,pair_0309,0.050571,0.016206,-0.00735117495059967,n002246
diffface,pair_0310,0.024532,-0.010463,-0.03908549249172211,n007139
diffface,pair_0311,0.025126,0.099434,0.03744904696941376,n001405
diffface,pair_0312,0.152733,0.016294,0.025401493534445763,n004114
diffface,pair_0313,0.085299,0.052511,0.0298187006264925,n008928
diffface,pair_0314,0.034779,0.008919,0.04166390001773834,n000416
diffface,pair_0315,-0.029922,-0.014017,0.081806480884552,n004415
diffface,pair_0316,0.025138,0.017709,0.006609814241528511,n005220
diffface,pair_0317,0.058829,0.058275,0.0021493860986083746,n006764
diffface,pair_0318,0.021357,-0.002005,-0.02022062987089157,n004686
diffface,pair_0319,0.100332,-0.026966,0.006820643320679665,n002954
diffface,pair_0320,0.036737,0.030162,0.06793120503425598,n005219
diffface,pair_0321,0.106518,-2.8e-05,0.03188171237707138,n002872
diffface,pair_0322,0.014968,0.028232,-0.006099214777350426,n006396
diffface,pair_0323,0.09582,0.021867,-0.020855678245425224,n003912
diffface,pair_0325,0.113423,0.006477,0.014595681801438332,n005227
diffface,pair_0326,0.115001,-0.073938,0.016922591254115105,n005578
diffface,pair_0327,0.109554,-0.025332,0.039030201733112335,n001420
diffface,pair_0328,0.188102,-0.044601,-0.0132830198854208,n004048
diffface,pair_0329,0.026938,0.06035,0.07279694080352783,n007785
diffface,pair_0330,0.117652,-0.035809,0.02487858384847641,n003929
diffface,pair_0331,0.128705,0.052557,0.08917967975139618,n003630
diffface,pair_0333,0.053251,-0.023076,-0.007849831134080887,n008165
diffface,pair_0334,0.134405,0.043677,0.031914904713630676,n002772
diffface,pair_0335,-0.078382,0.08084,0.023055410012602806,n001289
diffface,pair_0336,0.098648,0.051924,0.03878030180931091,n007311
diffface,pair_0337,0.007239,-0.017271,-0.05365470424294472,n003658
diffface,pair_0338,0.09952,-0.057132,0.040951233357191086,n003036
diffface,pair_0339,0.009267,-0.009821,-0.008178461343050003,n006457
diffface,pair_0340,0.095343,-0.002693,-0.008120441809296608,n004515
diffface,pair_0343,0.111366,-0.025793,0.005365175195038319,n001662
diffface,pair_0344,0.052994,-0.105196,0.0658521056175232,n002380
diffface,pair_0345,0.049997,0.014484,-0.030587442219257355,n006162
diffface,pair_0347,0.12216,0.01016,0.08733855932950974,n004189
diffface,pair_0348,0.043899,0.02726,0.07428476214408875,n006856
diffface,pair_0349,0.033531,0.000683,-0.0035410895943641663,n008082
diffface,pair_0350,0.037366,0.028956,-0.008127475157380104,n007998
diffface,pair_0352,-0.00899,0.104312,-0.03764628991484642,n001443
diffface,pair_0353,0.186117,-0.000338,0.005681388080120087,n006961
diffface,pair_0354,0.078221,-0.009858,-0.053699590265750885,n003487
diffface,pair_0355,0.055422,0.039869,0.0061908625066280365,n007465
diffface,pair_0356,0.063516,0.003786,0.04718330129981041,n007432
diffface,pair_0357,0.016312,0.003762,0.04452895373106003,n003563
diffface,pair_0358,0.107481,-0.035108,0.03329379856586456,n007630
diffface,pair_0359,0.050659,0.043304,0.007462599314749241,n001932
diffface,pair_0360,0.105109,0.025073,-0.0061715953052043915,n008947
diffface,pair_0361,-0.002865,-0.042338,0.0067405253648757935,n005545
diffface,pair_0362,0.152086,-0.019432,0.003585591446608305,n002314
diffface,pair_0363,0.097711,0.113672,-0.027200847864151,n006671
diffface,pair_0364,0.043176,0.000941,0.03848472982645035,n000384
diffface,pair_0365,0.116036,-0.025881,0.06373138725757599,n006899
diffface,pair_0366,0.057741,-0.005998,0.003452962264418602,n003263
diffface,pair_0367,0.006859,0.019486,-0.04369530826807022,n000031
diffface,pair_0368,-0.002949,0.018105,0.012017681263387203,n000509
diffface,pair_0369,0.100458,-0.040493,0.001714944839477539,n004598
diffface,pair_0370,0.183561,0.006585,-0.06626756489276886,n005146
diffface,pair_0371,-0.003695,0.029414,0.01951761543750763,n000113
diffface,pair_0372,0.06559,-0.054506,0.01642483100295067,n002013
diffface,pair_0373,0.002484,0.012506,-0.06711561977863312,n006444
diffface,pair_0374,0.016761,0.004122,-0.01559865940362215,n001246
diffface,pair_0375,0.219371,0.009995,0.002590758726000786,n000459
diffface,pair_0376,0.056869,-0.062534,0.10264322906732559,n006262
diffface,pair_0377,0.033613,0.031089,0.024008864536881447,n007768
diffface,pair_0378,0.011044,0.010286,0.018594292923808098,n006744
diffface,pair_0379,0.030268,-0.033744,-0.05959251523017883,n003691
diffface,pair_0380,0.163536,-0.038094,0.06072179600596428,n005669
diffface,pair_0381,0.183532,0.046957,0.06905998289585114,n002839
diffface,pair_0382,0.048331,0.045303,-0.05152593553066254,n002479
diffface,pair_0383,-0.047761,-0.02642,-0.005661543924361467,n000514
diffface,pair_0385,0.128254,-0.020504,0.10547907650470734,n000528
diffface,pair_0386,0.093807,0.057805,0.10028622299432755,n004412
diffface,pair_0387,0.072629,0.014957,0.002300471067428589,n008534
diffface,pair_0388,0.094841,0.024804,0.10537290573120117,n009208
diffface,pair_0389,0.144615,0.012729,0.0276956707239151,n006801
diffface,pair_0390,-0.015314,0.022596,0.02639777585864067,n000139
diffface,pair_0391,-0.009477,0.070485,0.08521490544080734,n003478
diffface,pair_0392,0.000727,0.00395,0.11427651345729828,n003121
diffface,pair_0393,0.107293,0.050933,0.051835592836141586,n005886
diffface,pair_0394,0.069467,0.004089,-0.05155452340841293,n007566
diffface,pair_0395,0.028505,0.019975,-0.040230248123407364,n002141
diffface,pair_0396,0.036719,0.084221,-0.03615792468190193,n005022
diffface,pair_0397,0.039562,-0.005096,0.002399067860096693,n002277
diffface,pair_0398,0.204447,-0.005484,0.07095535844564438,n007286
diffface,pair_0400,0.000217,0.034536,0.08597368001937866,n001390
diffface,pair_0401,0.043072,-0.063353,-0.02329184114933014,n005015
diffface,pair_0402,-0.03844,-0.000777,0.0053673116490244865,n004303
diffface,pair_0404,0.078932,0.004749,0.10300324857234955,n000012
diffface,pair_0405,0.126337,0.053055,0.07148313522338867,n004988
diffface,pair_0406,0.054299,0.017786,0.03165573254227638,n007391
diffface,pair_0407,0.066176,-0.0418,0.04398374259471893,n005638
diffface,pair_0408,0.139196,0.038145,0.07526183128356934,n002204
diffface,pair_0409,0.088301,-0.0101,-0.03943680226802826,n008950
diffface,pair_0410,0.061944,0.019054,0.0763259008526802,n004775
diffface,pair_0411,0.095204,-0.022331,0.05339505523443222,n007889
diffface,pair_0412,0.048613,0.016052,0.005234774202108383,n007009
diffface,pair_0413,0.131137,0.104671,0.11628660559654236,n001163
diffface,pair_0414,0.108963,-0.088629,-0.05525148659944534,n007366
diffface,pair_0415,0.042959,0.028069,-0.00873984582722187,n004572
diffface,pair_0416,0.032011,0.016771,0.035934001207351685,n002176
diffface,pair_0417,0.022465,0.014368,-0.01164157222956419,n000176
diffface,pair_0418,0.06347,0.08286,0.048336029052734375,n006843
diffface,pair_0419,0.097457,-0.121295,-0.01250049564987421,n000167
diffface,pair_0420,0.092203,-0.031339,0.025278998538851738,n003135
diffface,pair_0421,0.160378,-0.001759,0.035736192017793655,n001062
diffface,pair_0422,-0.029122,0.040814,0.03459373861551285,n008312
diffface,pair_0423,0.152688,0.044869,-0.02893468737602234,n006233
diffface,pair_0424,0.104365,0.069947,-0.01022210344672203,n003232
diffface,pair_0425,0.098164,-0.079776,0.0556219108402729,n000577
diffface,pair_0426,0.002416,0.006378,0.002900445833802223,n008434
diffface,pair_0427,0.006814,-0.033113,0.025534100830554962,n000096
diffface,pair_0428,0.051149,0.041746,0.028103254735469818,n008296
diffface,pair_0429,0.086507,0.011995,0.01703864149749279,n002836
diffface,pair_0430,0.093444,0.056783,-0.027170903980731964,n003581
diffface,pair_0431,0.060628,-0.03817,0.09890404343605042,n004104
diffface,pair_0432,0.224495,-0.00248,0.1736128181219101,n004324
diffface,pair_0433,0.094206,-0.001593,-0.0805145800113678,n001466
diffface,pair_0434,0.120921,0.087237,0.04137973487377167,n007209
diffface,pair_0435,0.036298,0.026229,0.2142256796360016,n001662
diffface,pair_0436,0.108785,0.023561,0.025322705507278442,n005365
diffface,pair_0438,-0.000209,0.014779,0.005856579169631004,n003761
diffface,pair_0439,0.134719,0.07963,0.0013812510296702385,n008856
diffface,pair_0440,0.163536,-0.023209,0.10576949268579483,n005830
diffface,pair_0441,0.111366,-0.010976,0.0661008358001709,n007203
diffface,pair_0442,0.235869,0.015277,0.08076415956020355,n003095
diffface,pair_0443,-0.01419,0.031441,-0.04922005534172058,n008640
diffface,pair_0444,0.005326,0.045582,0.08769860863685608,n005770
diffface,pair_0445,0.082292,-0.051561,0.023843441158533096,n003737
diffface,pair_0446,0.038132,-0.013156,0.02075088582932949,n002277
diffface,pair_0448,0.005638,0.012721,-0.0529550239443779,n000818
diffface,pair_0449,0.148505,0.023611,0.02154707908630371,n002099
diffface,pair_0450,0.029332,-0.108943,0.016365215182304382,n009241
diffface,pair_0451,0.033517,-0.039306,-0.030761325731873512,n009053
diffface,pair_0452,0.040231,-0.057068,-0.03932415693998337,n006420
diffface,pair_0453,0.035277,0.052947,0.08078371733427048,n001834
diffface,pair_0454,0.063922,-0.083957,0.08004049956798553,n003389
diffface,pair_0455,0.102343,-0.031403,-0.0733838602900505,n004324
diffface,pair_0456,0.021062,0.013028,0.015531934797763824,n003954
diffface,pair_0457,-0.063809,-0.003332,0.022669943049550056,n001548
diffface,pair_0458,0.13972,-0.081059,0.05726716294884682,n001327
diffface,pair_0459,-0.009089,-0.001177,0.006532423198223114,n005571
diffface,pair_0460,0.1005,0.054702,-0.0208960622549057,n004616
diffface,pair_0461,-0.026434,0.005586,0.02940235286951065,n005175
diffface,pair_0462,0.060078,-0.016481,-0.025883665308356285,n008496
diffface,pair_0463,0.065535,-0.020739,0.03222870081663132,n005287
diffface,pair_0464,0.043963,0.036194,0.07502733170986176,n000782
diffface,pair_0465,0.114594,0.034493,0.06665048748254776,n007353
diffface,pair_0466,-0.005481,-0.011406,0.01585393026471138,n002046
diffface,pair_0467,0.095278,-0.015756,0.02988297864794731,n006580
diffface,pair_0468,0.0789,-0.027631,-0.007306520827114582,n004279
diffface,pair_0470,0.081746,-0.021304,0.037541016936302185,n003946
diffface,pair_0471,0.025167,0.116358,-0.008868835866451263,n006791
diffface,pair_0472,0.110042,-0.044635,0.07345171272754669,n007015
diffface,pair_0473,0.072685,-0.025164,0.014647642150521278,n007427
diffface,pair_0474,0.151789,0.050538,0.10889773070812225,n006242
diffface,pair_0475,0.120252,-0.023918,-0.015077058225870132,n008421
diffface,pair_0476,0.082305,-0.08332,0.08819225430488586,n001114
diffface,pair_0478,0.03852,-0.000603,-0.005583133548498154,n007488
diffface,pair_0479,0.083054,0.040235,0.022460635751485825,n008600
diffface,pair_0480,0.084279,0.069988,0.05050462856888771,n002867
diffface,pair_0481,0.110687,0.021174,-0.00037773512303829193,n007657
diffface,pair_0482,0.097609,0.061172,-0.0009391773492097855,n008897
diffface,pair_0483,0.088848,-0.048022,0.0719025731086731,n008707
diffface,pair_0484,0.002343,0.059364,0.05099339038133621,n003460
diffface,pair_0485,0.006943,0.045594,-0.01735851541161537,n009098
diffface,pair_0486,0.180834,0.043688,0.04979725927114487,n002598
diffface,pair_0487,0.139162,0.032304,0.02591376192867756,n007184
diffface,pair_0488,0.139887,0.049092,-0.00406285934150219,n005888
diffface,pair_0489,0.07215,0.027058,0.07896696031093597,n001359
diffface,pair_0490,0.20481,-0.004065,-0.03901460021734238,n000015
diffface,pair_0491,0.045466,-0.010509,0.064939484000206,n004359
diffface,pair_0492,0.01119,0.003702,0.019295640289783478,n004418
diffface,pair_0493,0.143659,0.029792,0.026604849845170975,n002573
diffface,pair_0494,0.015295,0.070912,0.030874624848365784,n002423
diffface,pair_0495,0.187028,-0.046346,0.05170288681983948,n008745
diffface,pair_0496,0.101107,-0.053749,0.029230881482362747,n008693
diffface,pair_0497,0.266312,0.010773,0.09615644812583923,n003507
diffface,pair_0498,0.01425,0.035827,0.031975168734788895,n004348
diffface,pair_0499,0.063181,0.024412,0.043286219239234924,n008788
diffface,pair_0500,0.106706,0.002152,0.06795790791511536,n005445
diffface,pair_0501,0.108967,0.077147,0.026959028095006943,n005511
diffface,pair_0502,0.211652,-0.018551,0.01662564091384411,n005493
diffface,pair_0503,0.079687,0.017498,0.08596095442771912,n001458
diffface,pair_0504,0.167876,-0.027836,0.03908408433198929,n006428
diffface,pair_0505,0.001812,0.008202,-0.021308202296495438,n000503
diffface,pair_0506,-0.043538,0.043725,0.015635455027222633,n005421
diffface,pair_0507,0.200502,0.023804,-0.06102105602622032,n003484
diffface,pair_0508,0.070941,-0.064359,0.002553323283791542,n005083
diffface,pair_0509,0.084235,-0.000375,0.044238895177841187,n001825
diffface,pair_0510,0.153621,0.026412,0.04797346144914627,n005789
diffface,pair_0511,0.076834,0.044727,0.08660012483596802,n000139
diffface,pair_0512,0.061824,0.042433,0.03494592756032944,n001089
diffface,pair_0513,0.137078,0.011897,0.09150297939777374,n000049
diffface,pair_0514,-0.050905,-0.059153,0.03682143986225128,n000426
diffface,pair_0515,0.038361,0.045664,0.0171734020113945,n006087
diffface,pair_0516,0.066697,0.041572,-0.00715726800262928,n000900
diffface,pair_0517,0.01774,0.028291,-0.010274344123899937,n003147
diffface,pair_0519,0.119904,-0.092975,0.015318259596824646,n008535
diffface,pair_0520,0.088779,0.062272,0.22410258650779724,n003850
diffface,pair_0521,0.034752,0.041902,0.01517774909734726,n003311
diffface,pair_0522,0.025038,-0.030045,-0.005284295417368412,n008997
diffface,pair_0523,0.140664,0.009522,-0.010837424546480179,n007901
diffface,pair_0524,0.108575,0.091001,0.02132965251803398,n001770
diffface,pair_0525,0.029071,0.03837,0.013864872977137566,n006904
diffface,pair_0526,0.032426,-0.054758,-0.00233292393386364,n004079
diffface,pair_0527,0.040509,0.03091,-0.05474378168582916,n003424
diffface,pair_0528,0.028079,-0.002564,-0.01606912538409233,n001345
diffface,pair_0529,0.021035,-0.036911,0.04656178504228592,n005235
diffface,pair_0530,0.092957,0.012537,-0.05268349498510361,n007674
diffface,pair_0531,0.046274,0.014536,0.10996994376182556,n008279
diffface,pair_0532,0.077879,-0.083197,0.046929292380809784,n008282
diffface,pair_0534,0.068867,-0.047873,0.08008401840925217,n003909
diffface,pair_0535,-0.007884,0.019092,0.03974905610084534,n000012
diffface,pair_0537,0.090048,0.03683,0.014770807698369026,n005533
diffface,pair_0538,0.015818,-0.033936,0.001024162396788597,n004087
diffface,pair_0539,0.022936,0.002003,0.004660845268517733,n001207
diffface,pair_0540,0.061745,-0.05145,-0.044711217284202576,n005275
diffface,pair_0541,0.108273,0.020252,-0.029197152704000473,n003323
diffface,pair_0542,0.025077,-0.042473,0.05817471444606781,n003005
diffface,pair_0543,0.02301,0.026069,-0.014126806519925594,n002194
diffface,pair_0544,0.082222,0.071297,0.054134026169776917,n001238
diffface,pair_0545,0.065155,-0.025337,-0.015186389908194542,n005047
diffface,pair_0546,0.074594,-0.068869,0.02967662177979946,n002431
diffface,pair_0547,0.02503,-0.04498,0.029297903180122375,n004570
diffface,pair_0548,0.092049,0.004089,0.04054660350084305,n004951
diffface,pair_0549,0.012699,0.00965,0.040147747844457626,n007592
diffface,pair_0550,0.279988,0.005377,-0.00488299410790205,n007107
diffface,pair_0551,0.018775,-0.053848,-0.0420827642083168,n005476
diffface,pair_0552,0.028218,0.028357,-0.01628243736922741,n006242
diffface,pair_0553,0.053845,0.059904,-0.03804267197847366,n007119
diffface,pair_0554,0.099614,0.046022,0.07456304132938385,n004764
diffface,pair_0555,0.152662,-0.088387,-0.01862163096666336,n001573
diffface,pair_0556,0.118556,-0.002011,0.03066152147948742,n001659
diffface,pair_0557,-0.052306,-0.032741,0.05138527601957321,n004726
diffface,pair_0558,0.023189,0.068917,0.02075231447815895,n005560
diffface,pair_0559,0.053271,0.005043,0.053985703736543655,n007134
diffface,pair_0560,0.018976,-0.051062,0.07799535989761353,n004598
diffface,pair_0561,0.07031,0.065653,-0.012502714991569519,n007934
diffface,pair_0562,-0.0437,0.050457,0.025324758142232895,n004713
diffface,pair_0563,0.073105,0.016013,-0.011435571126639843,n003267
diffface,pair_0564,0.064135,0.012942,0.0757526308298111,n001734
diffface,pair_0565,0.151607,0.049774,0.11968857049942017,n000066
diffface,pair_0566,0.111681,-0.009614,-0.0031308294273912907,n005925
diffface,pair_0567,0.09798,-0.028563,-0.08737912774085999,n003631
diffface,pair_0568,0.057652,-0.001801,-0.020296135917305946,n003170
diffface,pair_0569,0.040842,0.018441,-0.01502764318138361,n001118
diffface,pair_0570,0.066007,-0.005054,-0.058908283710479736,n001871
diffface,pair_0571,0.057406,0.012992,0.022442370653152466,n008540
diffface,pair_0572,0.028297,0.002025,0.02874809317290783,n005937
diffface,pair_0573,0.054862,0.022324,-0.003689425066113472,n000801
diffface,pair_0574,0.016301,-0.050856,-0.05490276217460632,n005825
diffface,pair_0575,-0.007461,-0.002461,0.016657812520861626,n000926
diffface,pair_0576,0.10339,0.071624,0.0021769199520349503,n004191
diffface,pair_0577,0.058722,-0.011693,0.05153333395719528,n006130
diffface,pair_0578,0.037104,-0.024297,-0.0386294461786747,n003787
diffface,pair_0579,0.012367,0.050917,-0.0306379497051239,n001118
diffface,pair_0580,0.072637,-0.027454,0.07213021069765091,n000607
diffface,pair_0581,0.090255,0.04157,0.05749891698360443,n008620
diffface,pair_0582,0.026974,0.042859,-0.06269295513629913,n001801
diffface,pair_0583,0.051839,0.008384,0.0037580770440399647,n002886
diffface,pair_0584,-0.008276,-0.064895,-0.030277583748102188,n004878
diffface,pair_0585,0.058216,0.002241,0.013724131509661674,n003194
diffface,pair_0586,0.051514,-0.01155,0.04495135694742203,n006321
diffface,pair_0587,0.0922,-0.018141,-0.028634261339902878,n001573
diffface,pair_0588,0.092505,-0.083656,0.053704265505075455,n003111
diffface,pair_0589,-0.01802,-0.007477,-0.07515524327754974,n001784
diffface,pair_0590,0.043834,-0.044508,-0.06498343497514725,n002969
diffface,pair_0591,0.060457,-0.057767,0.10884059965610504,n002633
diffface,pair_0592,0.041141,-0.005185,0.012828545644879341,n006769
diffface,pair_0593,0.18195,-0.016604,0.03561125323176384,n006088
diffface,pair_0594,0.074439,0.027895,0.05574989318847656,n002484
diffface,pair_0595,0.112486,0.104462,-0.017150290310382843,n002333
diffface,pair_0596,0.207449,-0.058577,0.10835643112659454,n002047
diffface,pair_0597,0.116161,0.029421,-0.018733147531747818,n004602
diffface,pair_0598,0.126574,0.024279,0.08312414586544037,n002162
diffface,pair_0599,0.120687,-0.096115,0.0011223703622817993,n005051
diffface,pair_0601,-0.01942,0.045621,-0.004164304584264755,n008768
diffface,pair_0602,0.127029,0.045637,0.10283665359020233,n007323
diffface,pair_0603,-0.033945,0.020106,-0.008713563904166222,n008135
diffface,pair_0605,0.070569,-0.072755,0.08564301580190659,n000891
diffface,pair_0606,0.057172,-0.035255,0.01625162735581398,n002120
diffface,pair_0607,0.038166,-0.012577,0.01657690294086933,n003422
diffface,pair_0608,0.048227,0.064958,0.06232906132936478,n007144
diffface,pair_0609,0.056889,0.035098,0.0816742330789566,n008308
diffface,pair_0610,0.071849,0.068506,0.07497012615203857,n002686
diffface,pair_0611,0.099937,0.012652,0.0010915329912677407,n006711
diffface,pair_0612,0.162093,0.046501,-0.04265208914875984,n009162
diffface,pair_0613,0.072718,-0.01566,0.07546801120042801,n000997
diffface,pair_0614,0.182961,0.006786,-0.005178969353437424,n007206
diffface,pair_0615,0.107737,0.017622,-0.023904547095298767,n005520
diffface,pair_0616,0.046079,0.027888,0.1129748523235321,n003596
diffface,pair_0617,0.086309,-0.010819,0.10978353768587112,n007336
diffface,pair_0618,0.088596,-0.013454,-0.037002384662628174,n004839
diffface,pair_0619,0.102524,-0.031741,0.029839567840099335,n008881
diffface,pair_0620,0.040661,-0.008297,0.008391196839511395,n003200
diffface,pair_0621,-0.013561,0.019849,0.037457264959812164,n001273
diffface,pair_0622,0.032566,-0.003035,-0.04882097989320755,n001062
diffface,pair_0623,0.01956,0.040679,0.024214670062065125,n005531
diffface,pair_0624,0.10024,-0.023441,-0.026877041906118393,n000792
diffface,pair_0625,-0.0428,-0.006598,-0.02488432452082634,n005874
diffface,pair_0626,0.061222,-0.010386,-0.021344587206840515,n002973
diffface,pair_0627,0.100455,-0.011063,0.03899015486240387,n004175
diffface,pair_0628,0.088097,-0.036068,0.0951605960726738,n003805
diffface,pair_0629,0.021611,1.2e-05,0.0018604472279548645,n003151
diffface,pair_0630,-0.012826,-0.098515,0.03311224281787872,n006424
diffface,pair_0631,0.049587,-0.00967,0.008242327719926834,n004548
diffface,pair_0632,0.069934,0.016262,0.055289074778556824,n002032
diffface,pair_0633,0.095084,-0.011864,0.017452754080295563,n006065
diffface,pair_0634,0.068812,0.03564,-0.0015968447551131248,n001228
diffface,pair_0635,0.007719,-0.012043,-0.015333317220211029,n009034
diffface,pair_0636,0.122706,-0.003437,0.11901641637086868,n003013
diffface,pair_0637,0.175291,-0.032064,0.07574760913848877,n000325
diffface,pair_0639,0.008852,-0.014711,0.04114189371466637,n007410
diffface,pair_0640,0.073838,-0.030429,0.025526706129312515,n002591
diffface,pair_0641,0.153618,-0.025638,0.0518680177628994,n000012
diffface,pair_0642,0.127824,-0.025683,0.05170557647943497,n001848
diffface,pair_0643,0.029256,-2.6e-05,-0.0023052350152283907,n003036
diffface,pair_0644,0.098849,0.029902,0.03564327210187912,n007743
diffface,pair_0645,0.016075,-0.00059,0.0813947468996048,n005959
diffface,pair_0646,0.154317,0.008089,0.07604853808879852,n000724
diffface,pair_0647,0.067581,-0.030254,-0.0002584494650363922,n001805
diffface,pair_0648,0.117494,-0.013796,0.04050712287425995,n004278
diffface,pair_0649,0.051523,-0.027676,0.052703820168972015,n001644
diffface,pair_0650,0.068199,0.028466,0.009681986644864082,n003664
diffface,pair_0651,0.194779,0.084515,0.02906712144613266,n006486
diffface,pair_0652,0.107991,0.038764,0.05383457988500595,n007116
diffface,pair_0653,-0.001567,-0.075319,-0.03162939101457596,n001734
diffface,pair_0654,0.155683,-0.011836,0.04974944144487381,n003285
diffface,pair_0655,-0.018853,-0.008414,0.025676270946860313,n001320
diffface,pair_0656,0.076481,0.039349,-0.06928254663944244,n001647
diffface,pair_0657,0.079619,-0.106637,0.015170842409133911,n001371
diffface,pair_0658,0.009914,0.025723,0.04688761383295059,n005887
diffface,pair_0659,0.096108,0.043163,-0.002115882933139801,n000902
diffface,pair_0660,0.226907,-0.020951,0.05274370312690735,n005351
diffface,pair_0661,0.084559,0.000611,0.02596929669380188,n003553
diffface,pair_0662,0.07638,-0.03342,-0.017079606652259827,n007308
diffface,pair_0663,0.061325,0.040157,-0.054085880517959595,n007663
diffface,pair_0664,0.163056,0.010148,0.017733335494995117,n005433
diffface,pair_0665,0.052041,-0.035434,0.03680000826716423,n003253
diffface,pair_0666,0.196803,0.044993,0.07964809238910675,n008592
diffface,pair_0667,0.011065,0.033053,0.022211086004972458,n005943
diffface,pair_0668,0.141898,0.028722,0.05108494684100151,n008834
diffface,pair_0669,0.097003,0.004356,-0.06025026738643646,n007103
diffface,pair_0670,-0.013252,0.018818,0.014156103134155273,n007378
diffface,pair_0671,0.013479,0.040924,-0.005377861205488443,n001388
diffface,pair_0672,0.024569,0.054791,0.032897867262363434,n000638
diffface,pair_0673,0.089958,0.072409,-0.06658686697483063,n002727
diffface,pair_0674,0.119901,0.057693,0.0869642049074173,n003645
diffface,pair_0675,0.148675,0.067183,0.020065253600478172,n003609
diffface,pair_0676,0.070827,-0.037622,0.10753242671489716,n001760
diffface,pair_0677,-0.024919,-0.032897,0.09535323083400726,n001097
diffface,pair_0678,0.082773,0.010134,0.018946126103401184,n007466
diffface,pair_0679,0.008535,-0.018375,0.0034889541566371918,n003269
diffface,pair_0680,0.164672,-0.038853,0.09378551691770554,n008114
diffface,pair_0681,0.047757,-0.004001,0.04560895264148712,n000371
diffface,pair_0682,0.086287,-0.055905,-0.060545697808265686,n006898
diffface,pair_0683,0.07715,-0.035689,0.07239800691604614,n004428
diffface,pair_0684,0.041216,0.015581,0.05311797559261322,n005081
diffface,pair_0685,0.187394,-0.049021,0.055523600429296494,n001896
diffface,pair_0686,0.050835,0.016836,0.09371961653232574,n001411
diffface,pair_0687,0.019478,0.007044,0.006157638505101204,n007382
diffface,pair_0688,0.139553,-0.061458,0.047181885689496994,n001235
diffface,pair_0689,0.173969,-0.051577,0.13392390310764313,n001729
diffface,pair_0691,0.105193,0.038443,0.028527749702334404,n007366
diffface,pair_0692,0.062467,0.033108,0.05389460176229477,n004142
diffface,pair_0693,0.021384,-0.042208,0.15369370579719543,n004455
diffface,pair_0694,0.209442,0.020568,-0.006344867404550314,n000150
diffface,pair_0695,0.114992,-0.025836,0.1453235149383545,n007483
diffface,pair_0696,0.052825,0.059539,0.0646122395992279,n001113
diffface,pair_0697,0.022295,-0.024271,-0.015617825090885162,n006270
diffface,pair_0698,0.116654,0.015984,0.03412598371505737,n005327
diffface,pair_0699,0.021772,-0.060486,0.04519869014620781,n007891
diffface,pair_0700,0.174962,-0.051125,-0.022280117496848106,n007515
diffface,pair_0701,0.094662,0.092433,0.03780636191368103,n004804
diffface,pair_0702,0.140219,0.004993,0.008886749856173992,n000737
diffface,pair_0703,0.128516,-0.042388,0.06535632163286209,n009224
diffface,pair_0704,0.081565,0.032497,0.005932647734880447,n001936
diffface,pair_0705,0.062268,0.032845,-0.0051231998950243,n002535
diffface,pair_0706,0.073276,0.110051,0.014239753596484661,n009150
diffface,pair_0707,0.050961,0.004512,0.0465262308716774,n008104
diffface,pair_0708,0.136339,0.000693,0.00995091162621975,n006850
diffface,pair_0709,0.157783,0.040944,0.1750113070011139,n005620
diffface,pair_0710,0.037561,0.017891,0.025518422946333885,n000205
diffface,pair_0711,0.216605,-0.009398,0.06029925495386124,n001595
diffface,pair_0712,0.063348,0.02958,-0.014446157962083817,n008444
diffface,pair_0713,0.096123,-0.047632,0.0530162937939167,n000720
diffface,pair_0714,0.078934,0.03704,0.05583087354898453,n007105
diffface,pair_0716,0.057481,0.071333,-0.012597547844052315,n005388
diffface,pair_0717,0.046127,0.094023,-0.053598176687955856,n006847
diffface,pair_0718,0.012673,0.033636,0.029174543917179108,n008198
diffface,pair_0719,0.06663,-0.013296,0.013199769891798496,n004232
diffface,pair_0720,0.138629,0.057028,0.06410648673772812,n000089
diffface,pair_0721,0.059818,-0.024759,0.023937929421663284,n008115
diffface,pair_0722,0.127228,0.035971,0.0675228089094162,n001775
diffface,pair_0723,0.0426,-0.005224,0.005706486292183399,n001083
diffface,pair_0724,0.032801,0.013729,0.024478044360876083,n004290
diffface,pair_0725,0.111425,-0.036612,0.048800237476825714,n005807
diffface,pair_0726,-0.038138,-0.027611,0.013379015028476715,n005102
diffface,pair_0727,0.269328,0.020963,0.07370947301387787,n003262
diffface,pair_0728,0.173963,-0.031949,0.0566786527633667,n009027
diffface,pair_0729,0.083868,0.013879,0.07573802769184113,n004600
diffface,pair_0730,0.075588,-0.005733,0.007913773879408836,n004846
diffface,pair_0731,0.114561,-0.025776,0.024477604776620865,n001159
diffface,pair_0732,0.134004,-0.02748,0.016619373112916946,n008692
diffface,pair_0733,0.036664,0.021585,-0.018293209373950958,n000150
diffface,pair_0735,0.159902,0.049149,0.14442405104637146,n007086
diffface,pair_0736,0.011118,0.025533,0.034015242010354996,n008431
diffface,pair_0737,0.044644,-0.002884,0.013046666979789734,n001662
diffface,pair_0738,0.007496,-0.002785,0.06853774189949036,n007853
diffface,pair_0739,0.137314,0.094945,0.06145735830068588,n008748
diffface,pair_0740,0.123913,-0.02317,0.02658102661371231,n004184
diffface,pair_0741,0.058005,-0.055078,0.013879844918847084,n008279
diffface,pair_0742,-0.031776,-0.052121,-0.05462619289755821,n008023
diffface,pair_0743,0.060299,0.080581,0.07703863829374313,n009053
diffface,pair_0744,0.067578,0.040734,-0.025463998317718506,n004139
diffface,pair_0745,-3.7e-05,0.01226,-0.020947150886058807,n002317
diffface,pair_0746,0.028217,0.00764,0.04844067990779877,n000986
diffface,pair_0747,0.091493,-0.012673,0.12675906717777252,n001348
diffface,pair_0748,0.097616,-0.101245,-0.004409953486174345,n002671
diffface,pair_0749,0.109636,0.014854,0.047702040523290634,n007617
diffface,pair_0750,0.057187,0.023261,0.03644290938973427,n003822
diffface,pair_0751,0.071572,0.012585,-0.038944046944379807,n004455
diffface,pair_0752,0.053432,0.014917,-0.021377447992563248,n004356
diffface,pair_0753,0.009868,0.004545,-0.04094158858060837,n003384
diffface,pair_0754,0.005477,0.022552,0.05134107172489166,n000024
diffface,pair_0755,0.077508,0.031082,0.026371710002422333,n001345
diffface,pair_0756,0.062612,-0.044803,-0.01736443117260933,n007202
diffface,pair_0757,0.075723,0.021827,0.05683615058660507,n007826
diffface,pair_0758,0.071173,-0.023061,0.005055790301412344,n002468
diffface,pair_0759,0.151029,0.007666,0.026432005688548088,n006538
diffface,pair_0760,0.045549,0.00975,0.0072728730738162994,n009107
diffface,pair_0761,0.021173,0.014249,0.027839576825499535,n002326
diffface,pair_0762,0.029148,-0.014581,-0.06277938187122345,n005952
diffface,pair_0764,0.092315,0.066126,0.07206393033266068,n001207
diffface,pair_0765,0.072317,0.035689,0.017216693609952927,n008285
diffface,pair_0766,-0.009733,0.061275,0.06128358840942383,n001906
diffface,pair_0767,0.140788,-0.022795,-0.027552103623747826,n006085
diffface,pair_0768,0.068444,0.033449,0.009853072464466095,n002138
diffface,pair_0769,0.030675,-0.094368,-0.08506318181753159,n003705
diffface,pair_0770,0.077747,-0.000955,0.09906571358442307,n001714
diffface,pair_0771,0.08223,0.019754,-0.0036824289709329605,n000400
diffface,pair_0772,-0.011787,0.026496,-0.06444603204727173,n004667
diffface,pair_0773,0.104904,0.088828,-0.07478958368301392,n006481
diffface,pair_0774,0.053934,-0.069613,0.07115507125854492,n003334
diffface,pair_0775,0.067866,0.055332,-0.07677079737186432,n001963
diffface,pair_0777,0.076695,-0.012855,0.0825342983007431,n006630
diffface,pair_0778,0.185521,-0.046129,0.12754976749420166,n008288
diffface,pair_0779,0.040052,-0.043279,0.05062578245997429,n008955
diffface,pair_0780,0.100155,-0.027931,-0.021662522107362747,n008052
diffface,pair_0781,0.12445,-0.040579,0.0619463250041008,n003389
diffface,pair_0782,0.014358,0.027857,-0.0011304151266813278,n006745
diffface,pair_0783,0.115873,-0.022787,-0.006961726117879152,n002949
diffface,pair_0784,0.059562,-0.008556,0.060836270451545715,n003523
diffface,pair_0785,0.090409,0.049516,-0.002387695014476776,n005590
diffface,pair_0786,0.066341,-0.022033,0.03997453302145004,n007904
diffface,pair_0787,0.089692,0.036913,0.0388658381998539,n000513
diffface,pair_0788,0.05931,-0.034426,0.05268733203411102,n001490
diffface,pair_0789,0.072778,-0.023763,-0.00029945746064186096,n008274
diffface,pair_0790,0.015759,0.090915,-0.006971351802349091,n001872
diffface,pair_0791,0.013201,0.036367,-0.017832081764936447,n007178
diffface,pair_0792,0.210363,-0.041157,0.004494227468967438,n006833
diffface,pair_0793,0.149313,-0.040038,-0.02059854194521904,n007644
diffface,pair_0794,0.033376,-0.085867,0.036725856363773346,n000166
diffface,pair_0795,0.163859,0.080734,0.029720306396484375,n001441
diffface,pair_0796,0.190542,0.046668,0.034077566117048264,n006791
diffface,pair_0797,0.103402,-0.03265,-0.023906994611024857,n007421
diffface,pair_0798,0.066841,0.0647,-0.06426887214183807,n000249
diffface,pair_0799,0.056439,-0.016112,0.041989587247371674,n005392
diffface,pair_0800,0.119343,-0.026983,0.061205748468637466,n008612
diffface,pair_0801,0.093243,-0.009042,0.016052624210715294,n004335
diffface,pair_0802,0.024801,0.062806,0.059839025139808655,n002227
diffface,pair_0804,0.190125,-0.041658,0.09067143499851227,n003076
diffface,pair_0805,0.136524,-0.037407,-0.032889530062675476,n008103
diffface,pair_0806,0.053703,-0.015797,0.06339161843061447,n005929
diffface,pair_0807,0.099068,-0.045873,0.0491177998483181,n002051
diffface,pair_0808,0.189164,-0.008411,0.11994060128927231,n004278
diffface,pair_0809,0.190998,-0.004803,-0.04845818877220154,n005033
diffface,pair_0810,0.098633,-0.019009,0.09278365969657898,n002120
diffface,pair_0811,0.054631,-0.030882,0.05261542648077011,n006829
diffface,pair_0812,0.090493,0.007384,0.1185167208313942,n000023
diffface,pair_0813,0.161572,0.012148,0.03825484961271286,n004145
diffface,pair_0814,0.066624,0.027951,-0.048048246651887894,n000918
diffface,pair_0815,0.029611,-0.019254,0.02174815908074379,n005153
diffface,pair_0816,0.153471,0.030559,-0.0776209682226181,n008767
diffface,pair_0817,0.150972,-0.009361,0.07391180098056793,n002006
diffface,pair_0818,0.205159,-0.082881,-0.014267642050981522,n002356
diffface,pair_0819,0.075329,0.013802,-0.03988059610128403,n009277
diffface,pair_0820,0.137122,0.016488,-0.01015805546194315,n004388
diffface,pair_0821,0.065063,-0.041745,0.000657176598906517,n007304
diffface,pair_0822,0.052207,0.116467,-0.03604733198881149,n005920
diffface,pair_0824,-0.02316,0.021084,-0.044333577156066895,n002366
diffface,pair_0825,0.045582,0.058402,0.0449899360537529,n002427
diffface,pair_0826,0.016585,0.016135,0.007475012913346291,n006760
diffface,pair_0827,0.120587,0.034084,0.10296140611171722,n008967
diffface,pair_0828,0.025907,0.035442,-0.049966104328632355,n005220
diffface,pair_0829,0.011951,0.027632,0.04981263354420662,n003840
diffface,pair_0830,0.000227,0.007673,-0.010398576967418194,n007777
diffface,pair_0831,0.141138,0.027443,0.03416183590888977,n008650
diffface,pair_0832,0.012506,0.006887,0.0620032362639904,n004056
diffface,pair_0833,0.020357,0.020224,0.07699126750230789,n006414
diffface,pair_0834,0.086962,-0.040645,0.04463975131511688,n004108
diffface,pair_0835,-0.015216,-0.022364,0.010420423001050949,n005275
diffface,pair_0836,0.074907,0.06525,0.02929663099348545,n007543
diffface,pair_0837,0.084509,-0.026115,0.056899696588516235,n006566
diffface,pair_0838,0.059572,0.055583,-0.03123926743865013,n006798
diffface,pair_0839,0.071897,-0.018074,-0.0006425045430660248,n002654
diffface,pair_0840,0.041573,-0.055269,-0.03601102903485298,n006734
diffface,pair_0841,0.004835,-0.116687,0.07409840822219849,n001034
diffface,pair_0842,0.105339,-0.029422,0.14763499796390533,n002154
diffface,pair_0843,0.054944,0.008032,0.014623318798840046,n009011
diffface,pair_0845,0.118191,0.048073,0.059622347354888916,n004014
diffface,pair_0846,0.049687,0.001164,-0.0018830010667443275,n005247
diffface,pair_0847,0.009867,-0.030392,-0.014138258993625641,n001455
diffface,pair_0848,0.13551,-0.085873,-0.0031043365597724915,n004144
diffface,pair_0849,0.047549,0.041643,0.030358728021383286,n004667
diffface,pair_0850,0.141929,-0.026642,0.030411232262849808,n006350
diffface,pair_0851,0.052843,0.03523,0.02763747237622738,n005050
diffface,pair_0852,0.089393,-0.012543,-0.02559751085937023,n004726
diffface,pair_0853,0.11895,-0.079443,0.016554437577724457,n001715
diffface,pair_0854,-0.012193,0.018054,0.033007849007844925,n007376
diffface,pair_0855,0.127007,0.038978,0.05137113109230995,n005244
diffface,pair_0856,0.049282,-0.028878,0.05729508772492409,n007730
diffface,pair_0857,-0.000915,0.04537,-0.04745926707983017,n003617
diffface,pair_0858,0.309702,0.044404,0.17918752133846283,n004639
diffface,pair_0859,0.171693,-0.104486,-0.017796143889427185,n007398
diffface,pair_0860,0.019993,-0.000188,0.06843017786741257,n006963
diffface,pair_0861,-0.011967,0.060748,-0.03156139701604843,n003601
diffface,pair_0862,0.052021,0.075557,-0.01464012823998928,n002586
diffface,pair_0863,-0.000708,-0.074974,0.012876294553279877,n004358
diffface,pair_0864,0.019015,-0.007033,-0.013449219986796379,n005503
diffface,pair_0865,0.085482,-0.004186,0.020931100472807884,n004237
diffface,pair_0866,0.047557,0.000466,-0.05943926051259041,n004804
diffface,pair_0867,0.037793,0.003732,-0.0452839732170105,n001825
diffface,pair_0868,0.137818,-0.061911,0.029796861112117767,n001726
diffface,pair_0869,0.039574,0.028662,-0.043229881674051285,n007663
diffface,pair_0870,0.088928,0.067817,0.023517152294516563,n000829
diffface,pair_0871,0.037671,0.016591,0.07453639805316925,n007384
diffface,pair_0872,0.032791,0.017364,0.017303291708230972,n007801
diffface,pair_0873,0.175341,-0.012387,-0.004565632436424494,n000249
diffface,pair_0874,0.113931,0.026574,0.0750841498374939,n007862
diffface,pair_0875,0.132952,0.023763,0.07375732064247131,n003910
diffface,pair_0876,0.02193,0.086832,0.06249545142054558,n005257
diffface,pair_0877,0.090033,0.072152,-0.01838795468211174,n009039
diffface,pair_0878,0.071609,-0.063981,-0.03504669666290283,n007330
diffface,pair_0879,0.096426,0.063579,0.021014317870140076,n006096
diffface,pair_0880,0.096674,-0.036618,-0.007824162021279335,n000430
diffface,pair_0881,0.048388,0.023793,0.04875250160694122,n005329
diffface,pair_0882,0.073421,-0.001533,0.04789023846387863,n003639
diffface,pair_0883,0.008501,0.017104,0.022002549842000008,n001876
diffface,pair_0884,0.119056,-0.025233,-0.0786244198679924,n004433
diffface,pair_0885,0.02106,0.006966,0.03185171261429787,n006152
diffface,pair_0886,0.176175,-0.021306,-0.12814277410507202,n009150
diffface,pair_0887,0.121531,-0.01039,0.07062308490276337,n008688
diffface,pair_0889,0.214393,0.028714,0.022650096565485,n006099
diffface,pair_0890,0.167652,-0.025346,0.051363833248615265,n000590
diffface,pair_0891,0.158107,0.034652,0.06714583933353424,n008396
diffface,pair_0892,0.041781,-0.016643,0.06061301380395889,n001434
diffface,pair_0893,0.083273,-0.001449,0.06620581448078156,n008279
diffface,pair_0894,0.048739,0.085065,-0.07469973713159561,n004825
diffface,pair_0896,0.068167,0.088297,0.0165213942527771,n005718
diffface,pair_0897,0.086878,0.02632,0.04734636843204498,n004940
diffface,pair_0898,0.038779,0.08177,0.018956266343593597,n009025
diffface,pair_0899,0.141433,0.007163,0.0367005318403244,n001164
diffface,pair_0900,0.083068,0.055937,0.05374367535114288,n006795
diffface,pair_0901,0.073458,0.043,0.03408064693212509,n008193
diffface,pair_0902,0.010549,-0.014694,0.03639702498912811,n002744
diffface,pair_0903,0.069089,0.026273,-0.05539856106042862,n000793
diffface,pair_0904,0.031173,-0.065621,-0.015422413125634193,n000099
diffface,pair_0905,0.039601,-0.018999,-0.03347313031554222,n003521
diffface,pair_0906,0.032441,-0.002617,0.10394351184368134,n001405
diffface,pair_0907,-0.033946,-0.00894,0.009301676414906979,n000701
diffface,pair_0908,0.091644,-0.003994,0.05761716514825821,n003828
diffface,pair_0909,0.06059,-0.069236,0.09418593347072601,n001490
diffface,pair_0910,0.088263,-0.000789,0.00694110244512558,n007204
diffface,pair_0911,0.087498,-0.002367,0.054558441042900085,n004703
diffface,pair_0912,0.039034,0.001388,-0.024383900687098503,n003328
diffface,pair_0913,0.076958,-0.010285,0.046950772404670715,n004864
diffface,pair_0914,0.106505,-0.033444,0.0630766749382019,n009065
diffface,pair_0915,0.00923,0.012459,0.02763545885682106,n007229
diffface,pair_0916,0.235573,-0.092137,0.027879701927304268,n005354
diffface,pair_0918,0.07608,-0.071917,0.035316914319992065,n007910
diffface,pair_0919,0.128073,0.00842,0.06863324344158173,n007247
diffface,pair_0920,0.15976,-0.004469,0.024110957980155945,n004760
diffface,pair_0921,0.12547,0.000957,0.004225615411996841,n002537
diffface,pair_0922,0.026842,0.009808,0.030674617737531662,n008239
diffface,pair_0923,0.118953,-0.011584,0.008301662281155586,n001111
diffface,pair_0924,0.161069,-0.015084,0.05678306519985199,n006304
diffface,pair_0925,0.031638,-0.046578,-0.00887875072658062,n007486
diffface,pair_0926,0.095193,0.054308,0.006074480712413788,n002670
diffface,pair_0927,0.102954,0.03939,-0.005205265711992979,n004159
diffface,pair_0928,0.040505,-0.002152,-0.03320569917559624,n002288
diffface,pair_0929,0.079809,-0.021191,-0.0020852163434028625,n006450
diffface,pair_0930,-0.034778,0.009028,-0.0013151532039046288,n003254
diffface,pair_0932,0.073107,0.014893,0.08152934163808823,n000089
diffface,pair_0933,0.066771,-0.029605,-0.026201169937849045,n003253
diffface,pair_0934,0.166059,-0.026427,0.010302035138010979,n007981
diffface,pair_0935,0.021801,-0.028533,-0.014805546030402184,n004656
diffface,pair_0936,0.146108,-0.050996,0.07375051081180573,n009073
diffface,pair_0937,0.062402,0.030073,0.056686822324991226,n009191
diffface,pair_0938,0.146382,0.026865,0.10517281293869019,n004592
diffface,pair_0939,0.136984,0.010575,0.07870279252529144,n000339
diffface,pair_0940,0.135825,0.060897,-0.04992783069610596,n005712
diffface,pair_0941,0.039729,-0.036287,-0.014042984694242477,n004737
diffface,pair_0942,0.103594,0.064739,0.07656534016132355,n004596
diffface,pair_0943,-0.029462,0.01426,0.03204360604286194,n007778
diffface,pair_0944,0.06209,0.03491,0.04099368304014206,n005339
diffface,pair_0945,0.120711,0.001137,-0.047170188277959824,n004775
diffface,pair_0946,0.059067,-0.056499,0.06439497321844101,n006716
diffface,pair_0947,-0.014401,-0.024317,0.0490872785449028,n008432
diffface,pair_0948,0.022258,0.053704,0.021634818986058235,n005302
diffface,pair_0949,0.092577,0.031974,0.09046134352684021,n009263
diffface,pair_0950,0.083495,0.006806,0.08701390027999878,n007770
diffface,pair_0951,0.032966,-0.01272,-0.005456278100609779,n005533
diffface,pair_0952,0.066505,-0.011245,0.017763210460543633,n003086
diffface,pair_0953,0.174212,-0.020442,0.10010498762130737,n001953
diffface,pair_0954,0.101913,-0.06247,0.0399334579706192,n001428
diffface,pair_0955,0.159682,0.023155,-0.0019649704918265343,n002194
diffface,pair_0956,0.055314,-0.002181,0.024378912523388863,n001223
diffface,pair_0958,0.00612,-0.047367,0.10160914808511734,n005283
diffface,pair_0959,0.087494,0.001828,-0.0003559592878445983,n006362
diffface,pair_0960,0.104078,-0.014976,-0.007853932678699493,n001884
diffface,pair_0961,0.08392,0.045827,0.08355860412120819,n003510
diffface,pair_0962,0.024731,0.015203,0.14363431930541992,n003927
diffface,pair_0963,0.06721,0.002281,0.030092749744653702,n007501
diffface,pair_0964,0.112672,-0.053417,0.19688482582569122,n007464
diffface,pair_0965,-0.028301,0.007374,0.07219142466783524,n004349
diffface,pair_0966,0.080737,0.001987,0.10871654748916626,n001757
diffface,pair_0967,0.176502,0.026742,0.005130233243107796,n000299
diffface,pair_0968,-0.007377,0.005065,0.030692683532834053,n008549
diffface,pair_0969,0.117552,0.023782,0.07188730686903,n008967
diffface,pair_0970,0.065485,-0.011,0.025246115401387215,n006346
diffface,pair_0971,0.124463,-0.023242,0.07749657332897186,n008282
diffface,pair_0972,0.020963,0.135173,-0.015101790428161621,n001727
diffface,pair_0973,0.101574,0.037968,0.019030993804335594,n003988
diffface,pair_0974,0.032187,-0.046093,-0.02283213660120964,n002747
diffface,pair_0975,0.102011,0.024347,0.0019004205241799355,n007464
diffface,pair_0977,0.114098,0.026438,0.0029179565608501434,n006791
diffface,pair_0978,0.09948,0.02221,0.00833677127957344,n007326
diffface,pair_0979,0.022688,0.022373,0.015518952161073685,n003097
diffface,pair_0981,0.039983,-0.008793,0.08386194705963135,n001790
diffface,pair_0982,0.094744,0.011853,0.08828277885913849,n002548
diffface,pair_0983,0.035985,0.100893,0.04577862098813057,n004708
diffface,pair_0984,0.154413,-0.066981,0.026393653824925423,n002937
diffface,pair_0985,0.152914,0.041331,0.006928578019142151,n004430
diffface,pair_0986,0.128398,-0.032981,0.035405583679676056,n005889
diffface,pair_0987,0.147875,0.068767,0.043881602585315704,n002850
diffface,pair_0988,0.099038,0.014808,0.06656929850578308,n002240
diffface,pair_0989,0.0299,0.006623,0.019210368394851685,n003492
diffface,pair_0990,0.131158,-0.027609,0.12119688838720322,n005971
diffface,pair_0991,0.136289,-0.004629,0.02245171181857586,n001428
diffface,pair_0992,0.22411,-0.020805,0.023723557591438293,n003078
diffface,pair_0993,0.006949,-0.062,-0.01792137324810028,n008115
diffface,pair_0994,0.02198,-0.006085,0.041110556572675705,n002582
diffface,pair_0995,0.019417,0.005519,0.034607820212841034,n006187
diffface,pair_0996,0.093076,-0.023459,0.0019540777429938316,n002872
diffface,pair_0997,0.054705,0.004933,-0.009394192136824131,n004647
diffface,pair_0998,-0.003635,-0.0482,0.01901918463408947,n003484
diffface,pair_0999,0.054227,-0.008751,-0.014676390215754509,n007167
diffswap,pair_0000,0.364286,0.045977,0.0504039004445076,n000354
diffswap,pair_0001,0.287564,0.047234,0.009008661843836308,n005714
diffswap,pair_0002,0.275664,-0.020953,0.052715808153152466,n000804
diffswap,pair_0003,0.367215,-0.10222,0.15478742122650146,n008833
diffswap,pair_0004,0.389049,0.136437,0.06198795512318611,n008995
diffswap,pair_0005,0.194078,-0.032612,0.04500441998243332,n002675
diffswap,pair_0006,0.263645,0.001791,0.06940839439630508,n003853
diffswap,pair_0007,0.307941,0.050692,0.1357901394367218,n000714
diffswap,pair_0008,0.222731,0.015349,0.07588104903697968,n003491
diffswap,pair_0009,0.289607,-0.023472,0.0309094600379467,n002679
diffswap,pair_0010,0.327479,-0.029351,0.22169098258018494,n005251
diffswap,pair_0011,0.33539,-0.036765,0.046329669654369354,n007238
diffswap,pair_0012,0.263328,0.012558,0.02530718594789505,n004170
diffswap,pair_0013,0.242595,-0.065939,0.10719087719917297,n003151
diffswap,pair_0014,0.243878,0.024399,0.1182197704911232,n006263
diffswap,pair_0015,0.232159,0.033106,0.04343373700976372,n000309
diffswap,pair_0016,0.207475,0.004269,0.010731980204582214,n001417
diffswap,pair_0017,0.30417,-0.005357,0.06889671087265015,n000758
diffswap,pair_0018,0.224738,-0.012041,0.09186559170484543,n001228
diffswap,pair_0019,0.281395,-0.027015,0.017068862915039062,n007576
diffswap,pair_0020,0.216216,0.027648,-0.01988288201391697,n007948
diffswap,pair_0021,0.264166,-0.01619,0.10552036762237549,n002193
diffswap,pair_0022,0.276811,0.008448,0.17575734853744507,n000581
diffswap,pair_0023,0.355006,-0.009555,0.07806354761123657,n008767
diffswap,pair_0024,0.338574,-0.029264,0.17063620686531067,n003129
diffswap,pair_0025,0.183827,0.002756,0.01259005255997181,n004825
diffswap,pair_0026,0.394217,0.000184,0.062029268592596054,n002191
diffswap,pair_0027,0.256709,0.041614,0.0009037344716489315,n008612
diffswap,pair_0028,0.390635,0.055055,0.08493717014789581,n002034
diffswap,pair_0030,0.183069,0.029792,0.12074609100818634,n003482
diffswap,pair_0031,0.320171,0.048095,0.05742815136909485,n004847
diffswap,pair_0032,0.281931,-0.025379,0.060722559690475464,n005502
diffswap,pair_0033,0.297044,0.030208,0.042749352753162384,n003615
diffswap,pair_0034,0.350763,6.4e-05,0.09093348681926727,n003462
diffswap,pair_0035,0.37317,0.001426,0.09801002591848373,n006552
diffswap,pair_0036,0.38711,-0.000686,0.10995317995548248,n006991
diffswap,pair_0038,0.373443,0.067542,0.05110284686088562,n000598
diffswap,pair_0039,0.287063,-0.001486,0.17241549491882324,n000539
diffswap,pair_0040,0.165312,-0.048086,0.051212720572948456,n001448
diffswap,pair_0041,0.14413,-0.021199,0.07337749004364014,n005477
diffswap,pair_0042,0.281232,-0.032723,0.05045666545629501,n000541
diffswap,pair_0043,0.327131,0.064468,0.0706939771771431,n003808
diffswap,pair_0044,-0.004795,0.014641,-0.0015799328684806824,n001742
diffswap,pair_0045,0.446845,0.00193,0.14906945824623108,n008062
diffswap,pair_0046,0.44824,0.007847,0.09559184312820435,n004942
diffswap,pair_0047,0.287624,0.009623,0.07477027922868729,n006932
diffswap,pair_0048,0.319552,-0.065374,0.01160149835050106,n006124
diffswap,pair_0049,0.268804,-0.015963,0.08561958372592926,n002072
diffswap,pair_0050,0.182314,0.045291,0.015795808285474777,n007537
diffswap,pair_0051,0.329771,-0.060755,0.0014148429036140442,n005803
diffswap,pair_0052,0.317247,0.067403,0.12876880168914795,n008365
diffswap,pair_0053,0.358554,0.004305,0.11992084234952927,n001060
diffswap,pair_0054,0.478948,0.048105,0.09892302751541138,n000792
diffswap,pair_0055,0.469956,-0.035495,0.08542030304670334,n001594
diffswap,pair_0056,0.271451,0.007271,0.053331244736909866,n004428
diffswap,pair_0057,0.348379,0.045224,0.0535416454076767,n007009
diffswap,pair_0058,0.480787,0.023261,0.0421561598777771,n003428
diffswap,pair_0059,0.244809,0.027629,-0.0017104409635066986,n005981
diffswap,pair_0060,0.237833,0.003404,0.13196828961372375,n002779
diffswap,pair_0061,0.370083,-0.060358,0.06619106233119965,n006989
diffswap,pair_0062,0.351597,-0.01388,0.20564484596252441,n000092
diffswap,pair_0063,0.256593,0.039092,0.10384945571422577,n001945
diffswap,pair_0064,0.387997,0.041898,0.07202309370040894,n004330
diffswap,pair_0065,0.220402,0.121389,0.061543963849544525,n005191
diffswap,pair_0066,0.321961,0.031702,0.11244647204875946,n005941
diffswap,pair_0067,0.355653,-0.00166,0.07444456964731216,n007849
diffswap,pair_0068,0.301523,-0.010585,0.05929366499185562,n007995
diffswap,pair_0069,0.376723,0.035767,0.05708954855799675,n007304
diffswap,pair_0070,0.353811,0.000801,0.02953260764479637,n008023
diffswap,pair_0071,0.237191,-0.024566,0.13000690937042236,n004535
diffswap,pair_0072,0.269216,0.014373,0.11592055857181549,n002727
diffswap,pair_0073,0.22084,0.019976,0.08421050757169724,n002098
diffswap,pair_0074,0.350136,0.009623,0.17481136322021484,n006672
diffswap,pair_0075,0.194466,-0.065119,0.010130267590284348,n002676
diffswap,pair_0076,-0.060288,-0.052381,-0.018596306443214417,n003684
diffswap,pair_0077,0.382534,-0.033108,0.14925599098205566,n000223
diffswap,pair_0078,0.233939,-0.088007,0.027492914348840714,n001718
diffswap,pair_0079,0.397157,0.011356,0.21829912066459656,n001856
diffswap,pair_0080,0.321821,0.122464,0.03921143338084221,n004250
diffswap,pair_0081,0.280909,0.063293,0.0620122030377388,n000687
diffswap,pair_0082,0.255308,-0.026246,0.10831345617771149,n001871
diffswap,pair_0083,0.223237,0.056638,0.05887385457754135,n003190
diffswap,pair_0084,0.250051,-0.060137,0.09540128707885742,n005318
diffswap,pair_0085,0.232613,0.016639,0.0716075450181961,n000807
diffswap,pair_0086,0.380024,0.06414,0.08182927966117859,n003860
diffswap,pair_0087,0.271819,0.075531,0.10518449544906616,n006932
diffswap,pair_0088,0.353748,-0.045301,0.11856718361377716,n001394
diffswap,pair_0089,0.252223,0.012647,0.056046485900878906,n000661
diffswap,pair_0091,0.314013,-0.020262,0.07052864879369736,n004111
diffswap,pair_0092,0.167502,-0.022276,0.010017208755016327,n000652
diffswap,pair_0093,0.170157,-0.02906,0.051467061042785645,n005628
diffswap,pair_0094,0.30388,-0.034387,0.07930310070514679,n003307
diffswap,pair_0096,0.302453,0.050599,0.014931094832718372,n003266
diffswap,pair_0097,0.338609,0.030726,0.1874057948589325,n001323
diffswap,pair_0098,0.314305,0.047686,0.08062596619129181,n004888
diffswap,pair_0099,0.318172,-0.000475,0.07200011610984802,n006359
diffswap,pair_0100,0.327841,-0.04917,0.10770846903324127,n001557
diffswap,pair_0101,0.415474,-0.007781,0.09945159405469894,n001521
diffswap,pair_0102,0.397147,-0.034265,0.060342416167259216,n006047
diffswap,pair_0103,0.364838,0.053073,0.0860251784324646,n003947
diffswap,pair_0104,0.195413,0.005932,0.11316129565238953,n000164
diffswap,pair_0105,0.338234,0.062616,0.14567285776138306,n000663
diffswap,pair_0106,0.233192,0.041812,0.07837928831577301,n000843
diffswap,pair_0107,0.156706,-0.013741,0.08827366679906845,n008023
diffswap,pair_0108,0.21887,0.031669,0.1074635311961174,n007551
diffswap,pair_0109,0.259175,0.008678,-0.009849552996456623,n006771
diffswap,pair_0110,0.302,0.05105,0.1092444658279419,n003542
diffswap,pair_0111,0.365694,0.048503,0.14586636424064636,n008218
diffswap,pair_0112,0.413415,0.066326,0.08621907234191895,n004623
diffswap,pair_0113,0.307781,-0.008339,0.04871820658445358,n004125
diffswap,pair_0114,0.28841,4.5e-05,0.02307138964533806,n006434
diffswap,pair_0115,0.28902,-0.010164,0.1456800103187561,n000565
diffswap,pair_0116,0.120492,0.022075,0.04611128196120262,n006126
diffswap,pair_0117,0.319534,-0.019071,-2.8288224712014198e-05,n003127
diffswap,pair_0118,0.285964,-0.019317,0.06503047794103622,n002240
diffswap,pair_0119,0.344023,0.029794,0.15300965309143066,n003120
diffswap,pair_0120,0.235539,0.031107,0.20012259483337402,n006323
diffswap,pair_0121,0.329451,-0.023781,0.1366230696439743,n004929
diffswap,pair_0122,0.299976,0.020854,0.11743998527526855,n000852
diffswap,pair_0124,0.233626,0.053536,0.0061022997833788395,n006222
diffswap,pair_0126,0.189104,-0.0177,0.1679510474205017,n001947
diffswap,pair_0127,0.188639,-0.047482,0.05475948750972748,n008551
diffswap,pair_0128,0.239054,-0.022308,0.13169020414352417,n000337
diffswap,pair_0129,0.30612,-0.044719,0.08623402565717697,n004667
diffswap,pair_0130,0.201706,0.001179,0.06965026259422302,n002932
diffswap,pair_0132,0.269228,0.000807,0.051995523273944855,n001544
diffswap,pair_0133,0.151779,0.072727,0.0876028835773468,n008161
diffswap,pair_0134,0.26698,0.032295,-0.04681817442178726,n004435
diffswap,pair_0135,0.380317,0.020012,0.07571828365325928,n003185
diffswap,pair_0136,0.324508,-0.004674,-0.018769405782222748,n003252
diffswap,pair_0137,0.248428,0.016809,0.11427776515483856,n005141
diffswap,pair_0138,0.412272,0.070675,0.19312842190265656,n005255
diffswap,pair_0139,0.391182,-0.020716,0.17406681180000305,n008274
diffswap,pair_0140,0.303121,-0.011631,0.07267514616250992,n000894
diffswap,pair_0141,0.337516,0.043668,0.030906978994607925,n008808
diffswap,pair_0142,0.336958,0.03839,0.08495885133743286,n005133
diffswap,pair_0143,0.194285,0.009295,0.04494456946849823,n008236
diffswap,pair_0145,0.184186,-0.023261,0.08104590326547623,n008248
diffswap,pair_0146,0.025738,-0.016737,-0.04243411496281624,n001083
diffswap,pair_0147,0.313651,0.073404,0.06795576214790344,n004708
diffswap,pair_0148,0.381915,0.002002,0.11480006575584412,n001331
diffswap,pair_0149,0.297978,0.011911,0.03354267030954361,n002712
diffswap,pair_0150,0.274835,0.065818,-0.0063276286236941814,n005789
diffswap,pair_0151,0.328282,0.057519,0.12119600176811218,n006494
diffswap,pair_0152,0.265224,0.004218,0.08807253837585449,n000443
diffswap,pair_0153,0.288073,-0.017736,0.037106528878211975,n000847
diffswap,pair_0154,0.386265,-0.067189,0.11729271709918976,n001602
diffswap,pair_0155,0.31859,-0.014659,0.15825232863426208,n004457
diffswap,pair_0156,0.233206,0.046539,0.06555543094873428,n007486
diffswap,pair_0157,0.272661,-0.055257,0.08756309002637863,n001419
diffswap,pair_0158,0.279676,-0.01058,0.21210485696792603,n001424
diffswap,pair_0159,0.187459,0.030446,0.05881297215819359,n008230
diffswap,pair_0161,0.239049,0.037892,-0.04685674607753754,n003267
diffswap,pair_0162,0.309321,-0.049794,0.1774836778640747,n005556
diffswap,pair_0163,0.234333,0.080424,-0.019125880673527718,n003745
diffswap,pair_0164,-0.006898,-0.044393,0.0746443122625351,n003360
diffswap,pair_0165,0.265295,0.082959,0.04463227093219757,n008115
diffswap,pair_0166,0.398158,-0.058712,0.13025739789009094,n004457
diffswap,pair_0167,0.467272,0.034031,0.163129061460495,n007499
diffswap,pair_0168,0.268052,0.008773,0.0690305233001709,n005651
diffswap,pair_0169,0.370835,0.122052,0.195674866437912,n001246
diffswap,pair_0170,0.264113,-0.016667,0.04329822212457657,n006501
diffswap,pair_0171,0.239333,0.06395,0.048958711326122284,n001349
diffswap,pair_0172,0.338313,-0.021908,0.11787579953670502,n006620
diffswap,pair_0173,0.247297,-0.012824,0.07633161544799805,n004622
diffswap,pair_0174,0.319172,0.011159,0.09406938403844833,n000298
diffswap,pair_0175,0.119491,-0.008594,0.01446383073925972,n002479
diffswap,pair_0176,0.340725,0.00246,0.03477682173252106,n001999
diffswap,pair_0177,0.307562,0.044782,0.09388117492198944,n000686
diffswap,pair_0178,0.237518,0.023583,-0.01241480652242899,n005638
diffswap,pair_0179,0.204589,0.001031,0.04286578297615051,n003561
diffswap,pair_0180,0.208485,0.010251,0.08836673945188522,n004908
diffswap,pair_0181,0.400864,-0.065637,0.10664187371730804,n000714
diffswap,pair_0182,0.244592,0.020473,0.10595713555812836,n005710
diffswap,pair_0183,0.275356,0.014998,0.029933761805295944,n005160
diffswap,pair_0184,0.175658,0.024598,0.08069118857383728,n004926
diffswap,pair_0185,0.226663,-0.010401,0.03382445126771927,n005600
diffswap,pair_0186,0.281519,0.011704,0.19192466139793396,n007901
diffswap,pair_0187,0.015435,-0.014547,0.06132127344608307,n006085
diffswap,pair_0188,0.19733,0.048496,0.06274084746837616,n006316
diffswap,pair_0189,0.340194,0.040628,0.16610413789749146,n002463
diffswap,pair_0190,0.204416,-0.016804,0.03401331230998039,n000810
diffswap,pair_0191,0.268055,-0.001382,0.15121053159236908,n000781
diffswap,pair_0192,0.236092,0.10749,0.08147366344928741,n003821
diffswap,pair_0193,0.264496,-0.054159,0.08598026633262634,n004839
diffswap,pair_0194,0.298606,0.07484,0.13088276982307434,n003661
diffswap,pair_0195,0.158402,0.137995,0.06104639172554016,n007677
diffswap,pair_0196,0.319008,-0.035884,0.15746930241584778,n006498
diffswap,pair_0197,0.250128,0.058215,0.06244472786784172,n007051
diffswap,pair_0198,0.295408,0.053978,0.10194211453199387,n007376
diffswap,pair_0199,0.21768,-0.02153,0.03940250724554062,n004983
diffswap,pair_0200,0.314951,0.007394,0.15065427124500275,n008177
diffswap,pair_0201,0.31737,0.008096,0.10613995790481567,n007009
diffswap,pair_0202,0.270843,-0.052994,0.08621028065681458,n001695
diffswap,pair_0205,0.213466,0.0171,0.033921319991350174,n002101
diffswap,pair_0207,0.363597,0.004694,0.07749669998884201,n003776
diffswap,pair_0208,0.32629,-0.094661,0.0798071026802063,n007952
diffswap,pair_0210,0.39241,-0.018195,0.08538150042295456,n006836
diffswap,pair_0211,0.245314,-0.051288,0.14357970654964447,n007336
diffswap,pair_0212,0.280961,-0.092757,0.04857626557350159,n002374
diffswap,pair_0213,0.320033,0.05298,0.1755785346031189,n003237
diffswap,pair_0214,0.386808,0.054269,-0.06769032776355743,n004489
diffswap,pair_0216,0.273837,-0.028708,-0.025389229878783226,n004452
diffswap,pair_0217,0.302242,0.011684,0.07412096858024597,n007128
diffswap,pair_0218,0.233884,0.009136,0.053425561636686325,n007071
diffswap,pair_0219,0.439169,-0.049945,0.07369349896907806,n003730
diffswap,pair_0220,0.356345,-0.014917,0.06968768686056137,n004216
diffswap,pair_0221,0.241522,0.029305,0.10096774250268936,n008631
diffswap,pair_0222,0.397364,0.081909,0.11431494355201721,n002055
diffswap,pair_0223,0.451429,0.066261,0.10260854661464691,n002141
diffswap,pair_0224,0.326968,-0.051352,0.11875758320093155,n003993
diffswap,pair_0225,0.298895,0.005261,0.0998074933886528,n003507
diffswap,pair_0226,0.276022,0.054315,0.005676638800650835,n002727
diffswap,pair_0227,0.284582,0.013137,0.19573301076889038,n007464
diffswap,pair_0228,0.375967,-0.011857,0.007682688534259796,n006137
diffswap,pair_0229,0.370628,-0.015616,0.07011657953262329,n008598
diffswap,pair_0230,0.346365,-0.049764,-0.03184709697961807,n006445
diffswap,pair_0231,0.221719,0.054314,0.01889941282570362,n002643
diffswap,pair_0234,0.166679,-0.066629,0.04115947335958481,n005855
diffswap,pair_0235,0.252386,0.025761,0.12256689369678497,n002148
diffswap,pair_0236,0.199421,-0.033195,0.04649128019809723,n000416
diffswap,pair_0237,0.261626,-0.060434,0.013399941846728325,n002460
diffswap,pair_0238,0.134533,-0.003668,-0.010838611051440239,n000648
diffswap,pair_0239,0.394526,-0.030265,0.07101614028215408,n002557
diffswap,pair_0240,0.251091,0.047194,0.053596384823322296,n006525
diffswap,pair_0241,0.180019,-0.055357,0.016230612993240356,n001656
diffswap,pair_0242,0.340217,0.086124,0.13977384567260742,n008941
diffswap,pair_0243,0.292002,0.016888,0.16296809911727905,n007838
diffswap,pair_0244,0.291668,0.035984,0.028771117329597473,n005535
diffswap,pair_0245,0.37841,0.066467,0.08731765300035477,n005606
diffswap,pair_0246,0.216641,0.047922,0.10803230106830597,n000035
diffswap,pair_0247,0.231882,0.003974,0.0038850363343954086,n001447
diffswap,pair_0248,0.322027,0.00925,0.10705346614122391,n003178
diffswap,pair_0249,0.31656,-0.043133,0.09681352972984314,n002551
diffswap,pair_0251,0.247471,-0.021856,0.037970345467329025,n006014
diffswap,pair_0252,0.147227,-0.042906,0.07869955152273178,n000579
diffswap,pair_0253,0.318933,0.022221,0.076536625623703,n006398
diffswap,pair_0254,0.29582,-0.022941,-0.05238286033272743,n001024
diffswap,pair_0255,0.361472,-0.056263,0.181087926030159,n001458
diffswap,pair_0256,0.472233,0.034153,0.11451731622219086,n008867
diffswap,pair_0257,0.231599,0.043789,0.0771893858909607,n004772
diffswap,pair_0258,0.233422,0.022093,0.044052209705114365,n003951
diffswap,pair_0259,0.100729,-0.010413,0.02678777649998665,n002786
diffswap,pair_0261,0.338756,0.016184,0.07509568333625793,n005212
diffswap,pair_0262,0.365222,0.065289,0.16455362737178802,n005264
diffswap,pair_0263,0.212255,-0.040438,0.11873253434896469,n001405
diffswap,pair_0264,0.252615,-0.025453,0.06589260697364807,n000123
diffswap,pair_0265,0.340455,-0.011638,0.15300990641117096,n006791
diffswap,pair_0266,0.209804,0.038274,0.04743928462266922,n000016
diffswap,pair_0267,0.252149,0.037833,0.12862485647201538,n003935
diffswap,pair_0268,0.151072,-0.02156,0.04202413931488991,n004767
diffswap,pair_0269,0.351225,0.049803,0.0755971148610115,n005628
diffswap,pair_0270,0.32196,0.020196,0.1489187628030777,n001262
diffswap,pair_0271,0.272021,0.025374,0.08926944434642792,n007958
diffswap,pair_0272,0.141363,0.047004,0.013238105922937393,n003322
diffswap,pair_0273,0.304481,-0.021235,0.08033920079469681,n007679
diffswap,pair_0274,0.421468,0.018133,0.14074654877185822,n001511
diffswap,pair_0275,0.336205,-0.016234,0.048523638397455215,n003619
diffswap,pair_0276,0.314872,0.019352,-0.003139839507639408,n004105
diffswap,pair_0277,0.279467,-0.02952,0.08033028244972229,n006738
diffswap,pair_0278,0.169159,0.025434,-0.03496002405881882,n001537
diffswap,pair_0279,0.308024,-0.000251,0.04860405996441841,n003033
diffswap,pair_0280,0.296579,0.055357,0.031306419521570206,n003895
diffswap,pair_0281,0.277561,0.064943,0.1596628725528717,n000656
diffswap,pair_0282,0.122855,0.113264,0.033290520310401917,n006962
diffswap,pair_0283,0.376942,0.024747,0.07965254783630371,n007115
diffswap,pair_0284,0.311494,0.060903,0.0987660139799118,n004216
diffswap,pair_0285,0.225103,0.104871,-0.018807673826813698,n004435
diffswap,pair_0286,0.427963,0.056898,0.08543289452791214,n000745
diffswap,pair_0287,0.342563,0.083316,0.049472130835056305,n007421
diffswap,pair_0288,0.315582,0.028859,0.03701140731573105,n008193
diffswap,pair_0289,0.356163,0.109517,0.1434231847524643,n002262
diffswap,pair_0290,0.17865,-0.008244,0.08596636354923248,n006406
diffswap,pair_0291,0.33536,0.052869,0.09416799247264862,n005152
diffswap,pair_0292,0.192255,0.003299,0.10090813040733337,n001856
diffswap,pair_0293,0.126496,-0.036516,0.006333249155431986,n007942
diffswap,pair_0294,0.233417,0.021977,0.014063235372304916,n002193
diffswap,pair_0295,0.183071,-0.001013,0.13643261790275574,n000559
diffswap,pair_0296,0.3753,0.045892,0.12087756395339966,n007365
diffswap,pair_0297,0.308026,0.008904,0.1084103062748909,n000227
diffswap,pair_0298,0.210517,0.025937,0.04596591740846634,n000722
diffswap,pair_0299,0.300055,-0.07656,0.06489924341440201,n003273
diffswap,pair_0300,0.308299,-0.009385,0.017044367268681526,n002990
diffswap,pair_0302,0.265255,-0.019734,0.09586440771818161,n000789
diffswap,pair_0303,0.280067,-0.037935,0.07299783825874329,n002355
diffswap,pair_0304,0.432801,0.036623,0.003067871555685997,n000976
diffswap,pair_0305,0.312269,0.049084,0.08481927961111069,n004917
diffswap,pair_0306,0.349009,0.051526,-0.07236999273300171,n001083
diffswap,pair_0307,0.220883,0.040444,0.058482252061367035,n002209
diffswap,pair_0308,0.35196,0.068098,0.03586205840110779,n004740
diffswap,pair_0309,0.26274,-0.029295,0.14484408497810364,n002246
diffswap,pair_0310,0.367275,-0.043787,0.12349309027194977,n007139
diffswap,pair_0311,0.243669,0.010321,0.11067719757556915,n001405
diffswap,pair_0312,0.304568,-0.002888,0.09898607432842255,n004114
diffswap,pair_0313,0.342657,6.4e-05,0.10908349603414536,n008928
diffswap,pair_0314,0.317693,0.100887,0.1036645770072937,n000416
diffswap,pair_0315,0.33336,0.036707,0.1557091921567917,n004415
diffswap,pair_0316,0.189383,-0.052925,0.03477561101317406,n005220
diffswap,pair_0317,0.197701,0.048584,-0.0358683206140995,n006764
diffswap,pair_0318,0.365254,-0.025013,-0.004058243706822395,n004686
diffswap,pair_0319,0.234926,0.025693,-0.038092706352472305,n002954
diffswap,pair_0320,0.300317,0.031057,0.0967300683259964,n005219
diffswap,pair_0321,0.332547,0.029337,0.09033919870853424,n002872
diffswap,pair_0322,0.338155,0.056344,0.16420981287956238,n006396
diffswap,pair_0323,0.181055,-0.034748,0.03139565885066986,n003912
diffswap,pair_0325,0.237885,0.05549,0.051466383039951324,n005227
diffswap,pair_0326,0.302071,-0.038028,0.05921191722154617,n005578
diffswap,pair_0327,0.202842,-0.038218,0.09875071793794632,n001420
diffswap,pair_0328,0.367661,-0.059021,0.14059355854988098,n004048
diffswap,pair_0329,0.195102,0.031297,0.1220143586397171,n007785
diffswap,pair_0330,0.293893,-0.056289,0.06607639044523239,n003929
diffswap,pair_0331,0.469817,-0.017471,0.13590140640735626,n003630
diffswap,pair_0333,0.289377,-0.06612,0.037304721772670746,n008165
diffswap,pair_0334,0.323701,0.015968,0.047148678451776505,n002772
diffswap,pair_0335,0.1416,0.038489,0.048544418066740036,n001289
diffswap,pair_0336,0.258286,-0.005408,0.009655367583036423,n007311
diffswap,pair_0337,0.268293,-0.020141,0.06708525121212006,n003658
diffswap,pair_0338,0.339985,-0.001709,0.0662204772233963,n003036
diffswap,pair_0339,0.275947,0.050441,0.09921316802501678,n006457
diffswap,pair_0340,0.430399,0.044956,0.14861439168453217,n004515
diffswap,pair_0343,0.292509,0.04533,0.0979878306388855,n001662
diffswap,pair_0344,0.362603,0.002808,0.11392244696617126,n002380
diffswap,pair_0345,0.348135,-0.065141,0.05282203108072281,n006162
diffswap,pair_0347,0.310418,0.008778,0.09026528894901276,n004189
diffswap,pair_0348,0.250192,0.016451,0.07181530445814133,n006856
diffswap,pair_0349,0.286982,0.006345,0.11671425402164459,n008082
diffswap,pair_0350,0.377661,0.002891,0.20499446988105774,n007998
diffswap,pair_0352,0.310013,0.063805,0.03689035773277283,n001443
diffswap,pair_0353,0.180025,0.017431,0.07726096361875534,n006961
diffswap,pair_0354,0.274818,0.045027,-0.013536213897168636,n003487
diffswap,pair_0355,0.288736,-0.035158,0.05169817805290222,n007465
diffswap,pair_0356,0.395986,0.008742,0.028925880789756775,n007432
diffswap,pair_0357,0.280986,0.018064,0.031026581302285194,n003563
diffswap,pair_0358,0.3194,0.017007,0.15733051300048828,n007630
diffswap,pair_0359,0.35163,0.004281,0.10252715647220612,n001932
diffswap,pair_0360,0.363312,0.024268,0.1731712818145752,n008947
diffswap,pair_0361,0.264944,-0.071233,0.023278284817934036,n005545
diffswap,pair_0362,0.237171,0.011169,-0.00010003708302974701,n002314
diffswap,pair_0363,0.361032,0.031629,0.03864021599292755,n006671
diffswap,pair_0364,0.1492,0.007557,0.026853956282138824,n000384
diffswap,pair_0365,0.310747,0.057466,0.10052576661109924,n006899
diffswap,pair_0366,0.211234,0.054051,0.07382015138864517,n003263
diffswap,pair_0367,0.308059,-0.011386,0.16040849685668945,n000031
diffswap,pair_0368,0.314003,0.082151,0.10044950246810913,n000509
diffswap,pair_0369,0.307482,-0.041744,0.045773979276418686,n004598
diffswap,pair_0370,0.311756,-0.062259,0.010880187153816223,n005146
diffswap,pair_0371,0.299866,-0.039929,0.123202383518219,n000113
diffswap,pair_0372,0.339384,0.036339,0.03104587085545063,n002013
diffswap,pair_0373,0.129276,-0.052467,0.035356953740119934,n006444
diffswap,pair_0374,0.15278,-0.025622,0.035149674862623215,n001246
diffswap,pair_0375,0.413942,-0.054882,0.07327382266521454,n000459
diffswap,pair_0376,0.103655,-0.014473,0.0817008763551712,n006262
diffswap,pair_0377,0.265857,-0.017935,0.1083824634552002,n007768
diffswap,pair_0378,0.230567,0.014122,0.07679101824760437,n006744
diffswap,pair_0379,0.199731,0.005535,0.06768733263015747,n003691
diffswap,pair_0380,0.296243,0.058549,0.0575919970870018,n005669
diffswap,pair_0381,0.262779,0.043919,0.03172999247908592,n002839
diffswap,pair_0382,0.224996,0.087857,0.13594594597816467,n002479
diffswap,pair_0383,0.18462,-0.053337,0.09111319482326508,n000514
diffswap,pair_0385,0.243552,-0.021619,0.08930651843547821,n000528
diffswap,pair_0386,0.262427,0.03922,0.20385998487472534,n004412
diffswap,pair_0387,0.341602,0.017465,0.03780112415552139,n008534
diffswap,pair_0388,0.22137,-0.027268,0.1600404530763626,n009208
diffswap,pair_0389,0.274543,-0.012487,0.04250636324286461,n006801
diffswap,pair_0390,0.17326,0.048424,0.03605256974697113,n000139
diffswap,pair_0391,0.335067,0.055753,0.07017756998538971,n003478
diffswap,pair_0392,0.263232,-0.006706,0.18160535395145416,n003121
diffswap,pair_0393,0.243768,0.036062,0.034102167934179306,n005886
diffswap,pair_0394,0.223039,-0.022568,0.046593356877565384,n007566
diffswap,pair_0395,0.409681,-0.025313,0.034911997616291046,n002141
diffswap,pair_0396,0.241108,0.056721,0.08532655239105225,n005022
diffswap,pair_0397,0.380264,0.038977,0.04296649992465973,n002277
diffswap,pair_0398,0.346164,-0.048806,0.028177248314023018,n007286
diffswap,pair_0400,0.100817,0.107698,0.10562707483768463,n001390
diffswap,pair_0401,0.270022,-0.034891,0.06469206511974335,n005015
diffswap,pair_0402,0.284281,-0.089337,0.08294104039669037,n004303
diffswap,pair_0404,0.365256,0.011097,0.148708313703537,n000012
diffswap,pair_0405,0.368459,0.012037,0.13016846776008606,n004988
diffswap,pair_0406,0.266934,-0.076058,0.10605296492576599,n007391
diffswap,pair_0407,0.212178,-0.008101,-0.00945659913122654,n005638
diffswap,pair_0408,0.399058,-0.004487,0.06775188446044922,n002204
diffswap,pair_0409,0.318322,0.019968,0.05635331943631172,n008950
diffswap,pair_0410,0.157807,-0.073213,0.12311212718486786,n004775
diffswap,pair_0411,0.339885,0.018589,0.012643503025174141,n007889
diffswap,pair_0412,0.347655,0.021461,0.06428185850381851,n007009
diffswap,pair_0413,0.252924,0.063077,0.10287324339151382,n001163
diffswap,pair_0414,0.286684,0.026938,0.003014465793967247,n007366
diffswap,pair_0415,0.256545,0.061788,0.09268931299448013,n004572
diffswap,pair_0416,0.156284,-0.041959,0.1373601257801056,n002176
diffswap,pair_0417,0.41428,0.03343,0.12621693313121796,n000176
diffswap,pair_0418,0.273442,0.051765,0.026985663920640945,n006843
diffswap,pair_0419,0.445521,-0.013941,0.05258440226316452,n000167
diffswap,pair_0420,0.36229,-0.029843,0.10999446362257004,n003135
diffswap,pair_0421,0.375698,0.005324,0.15149345993995667,n001062
diffswap,pair_0422,0.007056,0.009551,0.048617489635944366,n008312
diffswap,pair_0423,0.321241,-0.007588,0.12303394824266434,n006233
diffswap,pair_0424,0.212811,0.004148,-0.017040172591805458,n003232
diffswap,pair_0425,0.235882,0.001191,0.12626811861991882,n000577
diffswap,pair_0426,0.368452,0.006529,0.057486847043037415,n008434
diffswap,pair_0427,0.135907,0.041115,-0.002811239566653967,n000096
diffswap,pair_0428,0.298543,0.063827,0.06181805208325386,n008296
diffswap,pair_0429,0.366542,0.062017,0.17293065786361694,n002836
diffswap,pair_0430,0.296352,0.013606,0.049204569309949875,n003581
diffswap,pair_0431,0.239189,0.004783,0.09572213143110275,n004104
diffswap,pair_0432,0.412508,0.038196,0.13582034409046173,n004324
diffswap,pair_0433,0.22472,0.031023,0.04381255805492401,n001466
diffswap,pair_0434,0.44552,0.023382,0.2645668685436249,n007209
diffswap,pair_0435,0.262117,-0.000397,0.25021880865097046,n001662
diffswap,pair_0436,0.347657,0.03703,0.13856001198291779,n005365
diffswap,pair_0438,0.253244,-0.017149,0.038023851811885834,n003761
diffswap,pair_0439,0.264594,0.02317,0.012083400040864944,n008856
diffswap,pair_0440,0.29687,-0.017303,0.1165352314710617,n005830
diffswap,pair_0441,0.204103,0.035993,0.05465363711118698,n007203
diffswap,pair_0442,0.468944,0.026731,0.12223102152347565,n003095
diffswap,pair_0443,0.274856,0.027069,-0.016580231487751007,n008640
diffswap,pair_0444,0.226719,0.001602,0.11945216357707977,n005770
diffswap,pair_0445,0.328709,0.020231,0.12250329554080963,n003737
diffswap,pair_0446,0.334052,0.066612,0.14298200607299805,n002277
diffswap,pair_0448,0.129431,-0.031123,0.0487217977643013,n000818
diffswap,pair_0449,0.274573,0.061299,0.08663484454154968,n002099
diffswap,pair_0450,0.289999,-0.049886,0.07406709343194962,n009241
diffswap,pair_0451,0.340071,-0.064355,0.1033850908279419,n009053
diffswap,pair_0452,0.196644,0.020199,0.01899174600839615,n006420
diffswap,pair_0453,0.4197,0.045653,0.135802760720253,n001834
diffswap,pair_0454,0.283799,-0.035736,0.12678059935569763,n003389
diffswap,pair_0455,0.20826,-0.044872,0.012460287660360336,n004324
diffswap,pair_0456,0.327821,0.034407,0.09303556382656097,n003954
diffswap,pair_0457,0.25888,-0.038802,0.13476872444152832,n001548
diffswap,pair_0458,0.27185,-0.020732,0.10552594810724258,n001327
diffswap,pair_0459,0.277787,0.036128,0.13620148599147797,n005571
diffswap,pair_0460,0.238496,0.018404,0.11807326972484589,n004616
diffswap,pair_0461,0.278379,0.011128,0.1659907102584839,n005175
diffswap,pair_0462,0.354953,0.047776,0.045622024685144424,n008496
diffswap,pair_0463,0.337898,-0.005943,0.13426879048347473,n005287
diffswap,pair_0464,0.141514,0.060034,0.1021350622177124,n000782
diffswap,pair_0465,0.392018,0.017358,0.09470365196466446,n007353
diffswap,pair_0466,0.28383,0.016711,0.03183794766664505,n002046
diffswap,pair_0467,0.266029,0.004145,0.0058701010420918465,n006580
diffswap,pair_0468,0.297044,0.00929,0.10790190100669861,n004279
diffswap,pair_0470,0.329882,-0.047886,0.1262287199497223,n003946
diffswap,pair_0471,0.302519,0.070309,0.04891671985387802,n006791
diffswap,pair_0472,0.250748,0.001926,0.07916045188903809,n007015
diffswap,pair_0473,0.434165,0.000563,0.1301654875278473,n007427
diffswap,pair_0474,0.406557,0.079831,0.249746173620224,n006242
diffswap,pair_0475,0.32176,-0.051784,-0.010949879884719849,n008421
diffswap,pair_0476,0.37851,-0.011317,0.15487514436244965,n001114
diffswap,pair_0478,0.312602,0.048942,0.0771743506193161,n007488
diffswap,pair_0479,0.249287,-0.027073,0.04973544925451279,n008600
diffswap,pair_0480,0.436094,0.061048,0.16833260655403137,n002867
diffswap,pair_0481,0.356068,-0.037654,-0.014839217066764832,n007657
diffswap,pair_0482,0.320701,0.086138,0.003894341178238392,n008897
diffswap,pair_0483,0.226376,0.005394,0.1394881308078766,n008707
diffswap,pair_0484,0.042008,0.069925,0.06393411755561829,n003460
diffswap,pair_0485,0.298787,-0.05193,0.04077504947781563,n009098
diffswap,pair_0486,0.292171,0.013458,0.09321494400501251,n002598
diffswap,pair_0487,0.319786,0.052102,-0.013018101453781128,n007184
diffswap,pair_0488,0.307579,-0.013666,0.08477441221475601,n005888
diffswap,pair_0489,0.344285,0.022373,0.1640647053718567,n001359
diffswap,pair_0490,0.286357,-0.014755,0.023353291675448418,n000015
diffswap,pair_0491,0.34258,0.076378,0.19188497960567474,n004359
diffswap,pair_0492,0.369325,0.005604,0.07607679069042206,n004418
diffswap,pair_0493,0.312596,-0.016106,0.044170770794153214,n002573
diffswap,pair_0494,0.160968,0.02838,0.10078699141740799,n002423
diffswap,pair_0495,0.313209,0.01123,0.0691862627863884,n008745
diffswap,pair_0496,0.368219,0.022686,0.06974025070667267,n008693
diffswap,pair_0497,0.546674,-0.00722,0.1457139402627945,n003507
diffswap,pair_0498,0.328046,-0.007508,0.10922753810882568,n004348
diffswap,pair_0499,0.284202,0.064426,0.12103156745433807,n008788
diffswap,pair_0500,0.242142,-0.02561,0.09952810406684875,n005445
diffswap,pair_0501,0.24243,0.087227,0.02822202444076538,n005511
diffswap,pair_0502,0.37529,-0.078892,-0.06481784582138062,n005493
diffswap,pair_0503,0.249586,0.012763,0.08885055035352707,n001458
diffswap,pair_0504,0.445416,0.025343,0.08908060938119888,n006428
diffswap,pair_0505,0.256716,0.039999,0.09740735590457916,n000503
diffswap,pair_0506,0.248787,0.084501,0.09135513007640839,n005421
diffswap,pair_0507,0.40093,0.103382,0.08541210740804672,n003484
diffswap,pair_0508,0.088609,-0.029851,0.06649713963270187,n005083
diffswap,pair_0509,0.237084,-0.006355,0.055772487074136734,n001825
diffswap,pair_0510,0.360357,0.002574,0.09058356285095215,n005789
diffswap,pair_0511,0.266838,-0.014728,0.11387258023023605,n000139
diffswap,pair_0512,0.19825,0.035993,0.05317255109548569,n001089
diffswap,pair_0513,0.38039,0.019276,0.057321928441524506,n000049
diffswap,pair_0514,0.137494,0.002768,0.21105490624904633,n000426
diffswap,pair_0515,0.185981,0.000798,0.0470680370926857,n006087
diffswap,pair_0516,0.21632,0.035511,-0.04589156061410904,n000900
diffswap,pair_0517,0.163974,-0.011051,0.01960776001214981,n003147
diffswap,pair_0519,0.27653,-0.00635,0.09469391405582428,n008535
diffswap,pair_0520,0.29372,-0.001691,0.25053146481513977,n003850
diffswap,pair_0521,0.211286,-0.061538,0.042177796363830566,n003311
diffswap,pair_0522,0.339336,-0.001892,0.0995759665966034,n008997
diffswap,pair_0523,0.349786,0.025128,0.083102747797966,n007901
diffswap,pair_0524,0.377404,-0.010639,0.0726933628320694,n001770
diffswap,pair_0525,0.264984,0.039097,-0.049247611314058304,n006904
diffswap,pair_0526,0.347603,-0.032546,0.004392706323415041,n004079
diffswap,pair_0527,0.286613,-0.027594,0.14516159892082214,n003424
diffswap,pair_0528,0.243034,-0.015048,0.07959164679050446,n001345
diffswap,pair_0529,0.138998,0.031071,0.07686451077461243,n005235
diffswap,pair_0530,0.33326,-0.033502,0.09954284876585007,n007674
diffswap,pair_0531,0.22413,-0.069967,0.12146679311990738,n008279
diffswap,pair_0532,0.378367,-0.059078,0.09244069457054138,n008282
diffswap,pair_0534,0.472135,-0.043924,0.13298629224300385,n003909
diffswap,pair_0535,0.083087,0.060439,-0.004351509734988213,n000012
diffswap,pair_0537,0.329509,-0.008991,0.12633374333381653,n005533
diffswap,pair_0538,0.205522,-0.025842,0.020870305597782135,n004087
diffswap,pair_0539,0.14035,-0.03119,0.0869373232126236,n001207
diffswap,pair_0540,0.255511,0.023031,0.034820523113012314,n005275
diffswap,pair_0541,0.23957,-0.012709,0.010214533656835556,n003323
diffswap,pair_0542,0.193044,-0.001681,-0.0020057903602719307,n003005
diffswap,pair_0543,0.329929,-0.02868,0.07023701816797256,n002194
diffswap,pair_0544,0.338405,-0.016301,0.1360807865858078,n001238
diffswap,pair_0545,0.327083,0.013622,0.07071938365697861,n005047
diffswap,pair_0546,0.354802,-0.013716,0.16030648350715637,n002431
diffswap,pair_0547,0.194386,0.078687,0.03750315681099892,n004570
diffswap,pair_0548,0.222407,0.042362,0.04358094558119774,n004951
diffswap,pair_0549,0.304999,-0.00582,0.07405317574739456,n007592
diffswap,pair_0550,0.356925,0.019081,0.07593730837106705,n007107
diffswap,pair_0551,0.208763,-0.010379,0.037690259516239166,n005476
diffswap,pair_0552,0.360323,-0.016396,0.03341761231422424,n006242
diffswap,pair_0553,0.270626,-0.022815,0.020884985104203224,n007119
diffswap,pair_0554,0.324538,0.132756,0.08121742308139801,n004764
diffswap,pair_0555,0.334974,-0.017839,0.06761258095502853,n001573
diffswap,pair_0556,0.273699,0.046789,0.03454875946044922,n001659
diffswap,pair_0557,0.288817,-0.029149,0.13941523432731628,n004726
diffswap,pair_0558,0.347795,0.061872,0.12984688580036163,n005560
diffswap,pair_0559,0.357954,0.013157,0.13551732897758484,n007134
diffswap,pair_0560,0.311538,-0.020595,0.08888810873031616,n004598
diffswap,pair_0561,0.249353,0.072817,0.0779896154999733,n007934
diffswap,pair_0562,0.164018,0.055326,0.15075898170471191,n004713
diffswap,pair_0563,0.189018,-0.050031,-0.004591011442244053,n003267
diffswap,pair_0564,0.330056,0.061293,0.08714534342288971,n001734
diffswap,pair_0565,0.350882,0.056597,0.10363927483558655,n000066
diffswap,pair_0566,0.290055,-0.045857,0.07488933205604553,n005925
diffswap,pair_0567,0.331568,-0.041021,0.10272277891635895,n003631
diffswap,pair_0568,0.221161,0.000407,-0.050467588007450104,n003170
diffswap,pair_0569,0.244702,0.011705,0.029333604499697685,n001118
diffswap,pair_0570,0.232067,-0.045736,0.021465513855218887,n001871
diffswap,pair_0571,0.226715,0.001003,0.10227096825838089,n008540
diffswap,pair_0572,0.239607,0.031663,0.03731238842010498,n005937
diffswap,pair_0573,0.192922,0.032358,0.05648623779416084,n000801
diffswap,pair_0574,0.395139,-0.111304,0.019413195550441742,n005825
diffswap,pair_0575,0.26214,0.002488,0.04529774934053421,n000926
diffswap,pair_0576,0.310589,0.008935,0.05295339971780777,n004191
diffswap,pair_0577,0.135305,-0.061396,0.06232961267232895,n006130
diffswap,pair_0578,0.343289,0.044464,0.054354991763830185,n003787
diffswap,pair_0579,0.186336,-0.008611,0.02608630619943142,n001118
diffswap,pair_0580,0.320669,0.037856,0.08177365362644196,n000607
diffswap,pair_0581,0.371296,-0.043443,0.12908059358596802,n008620
diffswap,pair_0582,0.207109,0.019914,0.03992082551121712,n001801
diffswap,pair_0583,0.288185,0.022783,0.030111651867628098,n002886
diffswap,pair_0584,0.305422,-0.045517,0.0482446625828743,n004878
diffswap,pair_0585,0.221036,0.041574,0.003987731412053108,n003194
diffswap,pair_0586,0.24747,0.079532,0.1345117837190628,n006321
diffswap,pair_0587,0.209601,0.010119,0.041154637932777405,n001573
diffswap,pair_0588,0.429479,0.04336,0.16445624828338623,n003111
diffswap,pair_0589,0.178806,-0.016399,-0.025694170966744423,n001784
diffswap,pair_0590,0.316186,-0.006934,0.08538320660591125,n002969
diffswap,pair_0591,0.371186,-0.024114,0.19496247172355652,n002633
diffswap,pair_0592,0.219503,0.049791,0.06854325532913208,n006769
diffswap,pair_0593,0.244302,-0.062442,0.025622036308050156,n006088
diffswap,pair_0594,0.300616,0.00414,0.12846161425113678,n002484
diffswap,pair_0595,0.27484,0.000706,0.04134058207273483,n002333
diffswap,pair_0596,0.384633,0.108204,0.1461414098739624,n002047
diffswap,pair_0597,0.246151,0.01829,0.1070823073387146,n004602
diffswap,pair_0598,0.361163,0.021933,0.09918440878391266,n002162
diffswap,pair_0599,0.434684,-0.05932,0.1523056924343109,n005051
diffswap,pair_0601,0.265876,0.025453,0.0422498993575573,n008768
diffswap,pair_0602,0.28579,0.042444,0.1675526201725006,n007323
diffswap,pair_0603,0.21465,0.015659,0.10256054997444153,n008135
diffswap,pair_0605,0.307038,0.011778,0.1275797337293625,n000891
diffswap,pair_0606,0.208859,-0.045959,0.12578809261322021,n002120
diffswap,pair_0607,0.376997,0.008075,-0.002178751863539219,n003422
diffswap,pair_0608,0.307734,0.022725,0.08597677946090698,n007144
diffswap,pair_0609,0.319735,0.034063,0.1638225018978119,n008308
diffswap,pair_0610,0.234231,0.018494,0.15490972995758057,n002686
diffswap,pair_0611,0.287616,0.026333,0.09331334382295609,n006711
diffswap,pair_0612,0.261604,0.123347,0.03138555586338043,n009162
diffswap,pair_0613,0.283718,0.060044,0.1080297976732254,n000997
diffswap,pair_0614,0.438488,0.029888,0.02710239589214325,n007206
diffswap,pair_0615,0.324463,-0.023597,0.09320521354675293,n005520
diffswap,pair_0616,0.159141,-0.0012,0.07276707887649536,n003596
diffswap,pair_0617,0.366088,0.016619,0.14171051979064941,n007336
diffswap,pair_0618,0.282594,0.037665,0.0205709058791399,n004839
diffswap,pair_0619,0.338661,0.061362,0.06596852093935013,n008881
diffswap,pair_0620,0.151007,-0.004553,0.07128627598285675,n003200
diffswap,pair_0621,0.191612,0.063099,0.015661951154470444,n001273
diffswap,pair_0622,0.325974,0.064197,0.01108480617403984,n001062
diffswap,pair_0623,0.316661,0.064331,-0.035393208265304565,n005531
diffswap,pair_0624,0.373588,0.006503,0.08984673023223877,n000792
diffswap,pair_0625,0.31649,-0.063118,0.0807788223028183,n005874
diffswap,pair_0626,0.304375,0.022878,0.09098197519779205,n002973
diffswap,pair_0627,0.265326,0.035659,-0.02137051522731781,n004175
diffswap,pair_0628,0.409281,-0.026619,0.23888254165649414,n003805
diffswap,pair_0629,0.200496,0.053396,0.06637777388095856,n003151
diffswap,pair_0630,0.1693,-0.032888,0.044441331177949905,n006424
diffswap,pair_0631,0.24289,0.000707,0.08365365862846375,n004548
diffswap,pair_0632,0.37575,0.015845,0.07742965966463089,n002032
diffswap,pair_0633,0.187532,0.020024,0.05653288960456848,n006065
diffswap,pair_0634,0.251397,0.070172,0.03654368966817856,n001228
diffswap,pair_0635,0.279985,0.029222,0.09822975099086761,n009034
diffswap,pair_0636,0.33652,0.027911,0.10196657478809357,n003013
diffswap,pair_0637,0.361374,0.038624,0.1479867547750473,n000325
diffswap,pair_0639,0.292137,0.017865,-0.0317155197262764,n007410
diffswap,pair_0640,0.274132,-0.05354,0.04162614420056343,n002591
diffswap,pair_0641,0.40995,0.01219,0.12071564793586731,n000012
diffswap,pair_0642,0.245229,0.012423,0.12608550488948822,n001848
diffswap,pair_0643,0.216383,0.005187,0.09130939841270447,n003036
diffswap,pair_0644,0.252926,0.031019,0.044682420790195465,n007743
diffswap,pair_0645,0.202839,0.068853,0.05850941687822342,n005959
diffswap,pair_0646,0.231585,0.046829,0.04678273946046829,n000724
diffswap,pair_0647,0.197825,-0.027224,0.018152199685573578,n001805
diffswap,pair_0648,0.405319,-0.01987,0.134852796792984,n004278
diffswap,pair_0649,0.200658,-4.7e-05,0.08295989036560059,n001644
diffswap,pair_0650,0.341757,-0.006427,0.10043305158615112,n003664
diffswap,pair_0651,0.334902,0.065214,0.06809426844120026,n006486
diffswap,pair_0652,0.227263,0.018729,0.03364550322294235,n007116
diffswap,pair_0653,0.260941,-0.021249,0.08589484542608261,n001734
diffswap,pair_0654,0.339291,0.021969,0.1509474813938141,n003285
diffswap,pair_0655,0.161641,0.003571,0.04116522893309593,n001320
diffswap,pair_0656,0.169048,0.02884,0.012844506651163101,n001647
diffswap,pair_0657,0.479147,0.022604,0.07692699134349823,n001371
diffswap,pair_0658,0.212777,-0.011492,0.09921303391456604,n005887
diffswap,pair_0659,0.243585,0.040052,-0.0020118821412324905,n000902
diffswap,pair_0660,0.319603,-0.009668,0.07608599960803986,n005351
diffswap,pair_0661,0.279251,0.022265,0.10212048143148422,n003553
diffswap,pair_0662,0.237518,0.017199,0.05518187955021858,n007308
diffswap,pair_0663,0.254258,0.00184,0.007267352193593979,n007663
diffswap,pair_0664,0.323578,-0.004621,0.04077662527561188,n005433
diffswap,pair_0665,0.444718,0.018035,0.12322435528039932,n003253
diffswap,pair_0666,0.427596,-0.01191,0.12608760595321655,n008592
diffswap,pair_0667,0.261857,-0.038243,0.05980873480439186,n005943
diffswap,pair_0668,0.419598,-0.05441,0.1113845705986023,n008834
diffswap,pair_0669,0.26002,0.016032,0.10586100816726685,n007103
diffswap,pair_0670,0.248383,-0.011271,0.1477561891078949,n007378
diffswap,pair_0671,0.082651,0.00558,-0.017843082547187805,n001388
diffswap,pair_0672,0.293383,-0.010956,0.19248268008232117,n000638
diffswap,pair_0673,0.381113,0.0516,0.09890589118003845,n002727
diffswap,pair_0674,0.423257,0.079948,0.09854602813720703,n003645
diffswap,pair_0675,0.30428,0.091823,0.05025094002485275,n003609
diffswap,pair_0676,0.161471,-0.02903,0.011636387556791306,n001760
diffswap,pair_0677,-0.027908,-0.083501,0.11551555246114731,n001097
diffswap,pair_0678,0.156688,0.073211,-0.01649925298988819,n007466
diffswap,pair_0679,0.15081,-0.043902,0.008284530602395535,n003269
diffswap,pair_0680,0.421983,-0.010023,0.10758942365646362,n008114
diffswap,pair_0681,0.309386,-0.040765,0.0958055853843689,n000371
diffswap,pair_0682,0.28067,-0.046924,0.023609479889273643,n006898
diffswap,pair_0683,0.171077,-0.019084,0.10962089896202087,n004428
diffswap,pair_0684,0.223863,-0.05974,0.06701845675706863,n005081
diffswap,pair_0685,0.365103,0.03571,0.01839108020067215,n001896
diffswap,pair_0686,0.350483,0.001776,0.08701416850090027,n001411
diffswap,pair_0687,0.179711,0.043564,0.08351799845695496,n007382
diffswap,pair_0688,0.375832,0.018765,0.2134077101945877,n001235
diffswap,pair_0689,0.393979,0.003497,0.05688885599374771,n001729
diffswap,pair_0691,0.241587,0.040194,0.08465303480625153,n007366
diffswap,pair_0692,0.29685,0.037803,0.10553266108036041,n004142
diffswap,pair_0693,0.27502,-0.021063,0.1916852593421936,n004455
diffswap,pair_0694,0.26816,0.011253,0.0009770914912223816,n000150
diffswap,pair_0695,0.39409,0.013301,0.26609301567077637,n007483
diffswap,pair_0696,0.314432,0.016874,0.11465026438236237,n001113
diffswap,pair_0697,0.274714,-0.02028,0.05980389565229416,n006270
diffswap,pair_0698,0.384075,0.074692,0.13307012617588043,n005327
diffswap,pair_0699,0.301429,0.011632,0.05929967761039734,n007891
diffswap,pair_0700,0.366338,0.016664,-0.0020846398547291756,n007515
diffswap,pair_0701,0.27821,0.072822,0.13479891419410706,n004804
diffswap,pair_0702,0.345527,-0.044641,0.0074564144015312195,n000737
diffswap,pair_0703,0.14318,-0.092282,0.16990162432193756,n009224
diffswap,pair_0704,0.263554,0.036552,0.1132889986038208,n001936
diffswap,pair_0705,0.21871,-0.011425,0.014964146539568901,n002535
diffswap,pair_0706,0.315722,0.084823,0.040541477501392365,n009150
diffswap,pair_0707,0.318279,-0.103849,0.14413005113601685,n008104
diffswap,pair_0708,0.456971,0.019362,0.1513625979423523,n006850
diffswap,pair_0709,0.220757,0.030822,0.14685571193695068,n005620
diffswap,pair_0710,0.259979,-0.01154,0.10715606808662415,n000205
diffswap,pair_0711,0.362653,-0.106224,0.13090163469314575,n001595
diffswap,pair_0712,0.288372,0.042013,0.08891335129737854,n008444
diffswap,pair_0713,0.342838,0.036596,0.015036949887871742,n000720
diffswap,pair_0714,0.20635,0.104253,0.024189259856939316,n007105
diffswap,pair_0715,0.010157,-0.004666,0.027812059968709946,n001579
diffswap,pair_0716,0.09165,0.087568,-0.020799173042178154,n005388
diffswap,pair_0717,0.368961,-0.012637,0.026425834745168686,n006847
diffswap,pair_0718,0.323939,-0.027129,0.03381090611219406,n008198
diffswap,pair_0719,0.402295,0.020927,0.05632663890719414,n004232
diffswap,pair_0720,0.364347,0.071781,0.16131648421287537,n000089
diffswap,pair_0721,0.292831,-0.075025,0.08888985216617584,n008115
diffswap,pair_0722,0.327599,-0.039494,0.05123936012387276,n001775
diffswap,pair_0723,0.262554,0.006008,0.028435345739126205,n001083
diffswap,pair_0724,0.209164,-0.033869,0.07779145985841751,n004290
diffswap,pair_0725,0.345085,0.015452,0.15743984282016754,n005807
diffswap,pair_0726,0.015394,-0.015098,0.08231546729803085,n005102
diffswap,pair_0727,0.340399,-0.003917,0.16097478568553925,n003262
diffswap,pair_0728,0.361933,-0.043126,0.11667698621749878,n009027
diffswap,pair_0729,0.257601,-0.002829,0.04973549023270607,n004600
diffswap,pair_0730,0.320852,0.023933,-0.0003071003593504429,n004846
diffswap,pair_0731,0.396991,-0.021388,0.1098015233874321,n001159
diffswap,pair_0732,0.244907,0.025433,0.10488848388195038,n008692
diffswap,pair_0733,0.180742,0.018361,0.1036805808544159,n000150
diffswap,pair_0735,0.352908,0.000481,0.1284129023551941,n007086
diffswap,pair_0736,0.217652,0.044422,0.03506937623023987,n008431
diffswap,pair_0737,0.342383,0.006363,0.04446312040090561,n001662
diffswap,pair_0738,0.022594,0.014633,0.10990235209465027,n007853
diffswap,pair_0739,0.331418,0.068603,0.09202399849891663,n008748
diffswap,pair_0740,0.284299,-0.040746,0.17972931265830994,n004184
diffswap,pair_0741,0.117917,0.012176,-0.05285821855068207,n008279
diffswap,pair_0742,0.211129,0.015009,0.08756858110427856,n008023
diffswap,pair_0743,0.427672,-0.008988,0.08726269006729126,n009053
diffswap,pair_0744,0.144625,0.046866,-0.018501676619052887,n004139
diffswap,pair_0745,0.249468,0.040037,0.03191782534122467,n002317
diffswap,pair_0746,0.185603,-0.008381,0.08034336566925049,n000986
diffswap,pair_0747,0.249388,-0.009152,0.20281177759170532,n001348
diffswap,pair_0748,0.380495,0.038693,0.04777519777417183,n002671
diffswap,pair_0749,0.369677,0.091167,0.06592047214508057,n007617
diffswap,pair_0750,0.305494,0.077274,0.0579865500330925,n003822
diffswap,pair_0751,0.32714,0.00582,-0.009087729267776012,n004455
diffswap,pair_0752,0.374233,-0.004163,0.11543989926576614,n004356
diffswap,pair_0753,0.211814,0.17689,0.057357631623744965,n003384
diffswap,pair_0754,0.28313,0.063526,0.16812175512313843,n000024
diffswap,pair_0755,0.301663,-0.003522,0.06411346048116684,n001345
diffswap,pair_0756,0.352044,0.064653,0.087556391954422,n007202
diffswap,pair_0757,0.256195,-0.048124,0.0902850478887558,n007826
diffswap,pair_0758,0.391317,4.8e-05,0.05437321960926056,n002468
diffswap,pair_0759,0.238924,0.02479,-0.008305612951517105,n006538
diffswap,pair_0760,0.225005,0.0298,0.06925797462463379,n009107
diffswap,pair_0761,0.152259,0.044094,0.02968895435333252,n002326
diffswap,pair_0762,0.301341,-0.001681,0.02955147810280323,n005952
diffswap,pair_0764,0.238358,0.020411,0.07599486410617828,n001207
diffswap,pair_0765,0.293048,-0.001619,0.06951998919248581,n008285
diffswap,pair_0766,0.121008,0.066511,0.06673011183738708,n001906
diffswap,pair_0767,0.303953,0.012085,0.07608792185783386,n006085
diffswap,pair_0768,0.075334,0.014295,0.005209418945014477,n002138
diffswap,pair_0769,0.216809,-0.052126,-0.026088491082191467,n003705
diffswap,pair_0770,0.31295,0.058562,0.13781140744686127,n001714
diffswap,pair_0771,0.34584,0.082653,0.16159731149673462,n000400
diffswap,pair_0772,0.220465,-0.031723,-0.035297803580760956,n004667
diffswap,pair_0773,0.444331,0.024975,0.026259634643793106,n006481
diffswap,pair_0774,0.318058,-0.044916,0.07754288613796234,n003334
diffswap,pair_0775,0.286678,0.081322,0.021054239943623543,n001963
diffswap,pair_0777,0.334888,0.030175,0.08029278367757797,n006630
diffswap,pair_0778,0.319338,-0.055787,0.2507205605506897,n008288
diffswap,pair_0779,0.293903,0.051165,0.11786098778247833,n008955
diffswap,pair_0780,0.338019,0.011922,0.05635366588830948,n008052
diffswap,pair_0781,0.402523,-0.009356,0.12548446655273438,n003389
diffswap,pair_0782,0.219097,0.034653,-0.0337509885430336,n006745
diffswap,pair_0783,0.333062,-0.009211,0.11533290147781372,n002949
diffswap,pair_0784,0.299462,-0.026523,0.10569269955158234,n003523
diffswap,pair_0785,0.250082,-0.062533,0.01319529116153717,n005590
diffswap,pair_0786,0.208363,0.044721,-0.020152363926172256,n007904
diffswap,pair_0787,0.321668,0.014794,0.0688856989145279,n000513
diffswap,pair_0788,0.341886,-0.025338,0.0515606626868248,n001490
diffswap,pair_0789,0.316983,0.006668,0.03905870392918587,n008274
diffswap,pair_0790,0.267528,-0.011834,0.06683679670095444,n001872
diffswap,pair_0791,0.261657,-0.040527,0.029100239276885986,n007178
diffswap,pair_0792,0.453604,0.013488,0.1298101246356964,n006833
diffswap,pair_0793,0.344238,0.012468,0.02459743432700634,n007644
diffswap,pair_0794,0.297098,-0.029355,0.11749957501888275,n000166
diffswap,pair_0795,0.391134,0.162073,0.06007196754217148,n001441
diffswap,pair_0796,0.262843,0.042973,0.059180594980716705,n006791
diffswap,pair_0797,0.502597,-0.032214,0.1084882915019989,n007421
diffswap,pair_0798,0.303978,-0.01885,0.06613948196172714,n000249
diffswap,pair_0799,0.243464,-0.004351,0.03774993121623993,n005392
diffswap,pair_0800,0.303448,-0.00881,0.11397456377744675,n008612
diffswap,pair_0801,0.291685,-0.000162,0.0027591753751039505,n004335
diffswap,pair_0802,0.150312,0.010139,-0.018168004229664803,n002227
diffswap,pair_0804,0.231096,-0.069564,0.02077518031001091,n003076
diffswap,pair_0805,0.377588,-0.002708,-0.01599794626235962,n008103
diffswap,pair_0806,0.397509,-0.002903,0.12405581772327423,n005929
diffswap,pair_0807,0.245072,-0.007868,-0.0020525185391306877,n002051
diffswap,pair_0808,0.360532,-0.020134,0.05454230308532715,n004278
diffswap,pair_0809,0.357414,0.019253,0.14524558186531067,n005033
diffswap,pair_0810,0.399654,0.0148,0.12872354686260223,n002120
diffswap,pair_0811,0.395208,-0.047971,0.1699763536453247,n006829
diffswap,pair_0812,0.268521,-0.070275,0.1707439422607422,n000023
diffswap,pair_0813,0.481545,-0.016757,0.023715240880846977,n004145
diffswap,pair_0814,0.059902,0.036909,0.11904346942901611,n000918
diffswap,pair_0815,0.329226,-0.00733,0.08846168220043182,n005153
diffswap,pair_0816,0.347247,0.046778,0.026364047080278397,n008767
diffswap,pair_0817,0.36012,-0.028828,0.051629722118377686,n002006
diffswap,pair_0818,0.432292,0.031293,0.11046283692121506,n002356
diffswap,pair_0819,0.194853,-0.009046,-0.02211514115333557,n009277
diffswap,pair_0820,0.328764,0.010943,0.09184296429157257,n004388
diffswap,pair_0821,0.225035,-0.037317,0.06352664530277252,n007304
diffswap,pair_0822,0.246302,0.097379,-0.019343819469213486,n005920
diffswap,pair_0824,0.204732,-0.010157,0.08266087621450424,n002366
diffswap,pair_0825,0.13866,0.026556,0.059650905430316925,n002427
diffswap,pair_0826,0.229623,-0.040139,0.004102624952793121,n006760
diffswap,pair_0827,0.430009,0.054718,0.1467246413230896,n008967
diffswap,pair_0828,0.126788,0.021827,-0.0465141236782074,n005220
diffswap,pair_0829,0.15479,-0.01631,0.0566917285323143,n003840
diffswap,pair_0830,0.209567,-0.00553,0.08811664581298828,n007777
diffswap,pair_0831,0.502344,0.060449,0.06377266347408295,n008650
diffswap,pair_0832,0.208009,0.027738,0.028537560254335403,n004056
diffswap,pair_0833,0.307711,0.024755,0.0933799296617508,n006414
diffswap,pair_0834,0.133308,-0.003987,-0.003987856209278107,n004108
diffswap,pair_0835,0.324282,-0.045479,0.03276314586400986,n005275
diffswap,pair_0836,0.373062,0.15357,0.07682106643915176,n007543
diffswap,pair_0837,0.467718,-0.007241,0.10535256564617157,n006566
diffswap,pair_0838,0.436381,0.005971,0.15827304124832153,n006798
diffswap,pair_0839,0.158186,0.021869,0.06865602731704712,n002654
diffswap,pair_0840,0.2701,-0.05277,0.01657992973923683,n006734
diffswap,pair_0841,0.283134,-0.054119,0.11540952324867249,n001034
diffswap,pair_0842,0.255699,-0.045474,0.055872607976198196,n002154
diffswap,pair_0843,0.13325,0.039588,0.0021559763699769974,n009011
diffswap,pair_0845,0.320854,-0.005338,0.12740902602672577,n004014
diffswap,pair_0846,0.240643,0.05356,0.06409420073032379,n005247
diffswap,pair_0847,0.033288,0.033189,0.12808898091316223,n001455
diffswap,pair_0848,0.303635,-0.06039,-0.01374158263206482,n004144
diffswap,pair_0849,0.195467,0.046807,0.15489163994789124,n004667
diffswap,pair_0850,0.319831,-0.049047,0.0751936212182045,n006350
diffswap,pair_0851,0.262417,-0.002417,0.03282829001545906,n005050
diffswap,pair_0852,0.226352,0.028947,-0.01400719489902258,n004726
diffswap,pair_0853,0.319482,-0.069713,0.15107837319374084,n001715
diffswap,pair_0854,0.264854,-0.048446,0.07619312405586243,n007376
diffswap,pair_0855,0.398339,0.00368,0.1966732144355774,n005244
diffswap,pair_0856,0.256757,-0.013282,0.09358631074428558,n007730
diffswap,pair_0857,0.082288,-0.012712,-0.002337952144443989,n003617
diffswap,pair_0858,0.449327,0.127405,0.20731937885284424,n004639
diffswap,pair_0859,0.32487,-0.039502,0.05314129590988159,n007398
diffswap,pair_0860,0.203256,-0.020904,0.08096985518932343,n006963
diffswap,pair_0861,0.270935,0.025859,0.06787947565317154,n003601
diffswap,pair_0862,0.246508,0.053836,0.06397830694913864,n002586
diffswap,pair_0863,0.272684,-0.011116,0.08879141509532928,n004358
diffswap,pair_0864,0.180045,-0.067974,0.01392381452023983,n005503
diffswap,pair_0865,0.158175,0.011261,0.0823054313659668,n004237
diffswap,pair_0866,0.217144,-6.8e-05,0.01949853077530861,n004804
diffswap,pair_0867,0.213235,-0.052849,0.17795225977897644,n001825
diffswap,pair_0868,0.341953,0.038048,0.17466655373573303,n001726
diffswap,pair_0869,0.212409,0.063122,0.049125805497169495,n007663
diffswap,pair_0870,0.327441,0.06747,0.09283813834190369,n000829
diffswap,pair_0871,0.238865,0.016236,0.14457102119922638,n007384
diffswap,pair_0872,0.343542,0.041372,0.04446924105286598,n007801
diffswap,pair_0873,0.409698,-0.028561,0.05763230845332146,n000249
diffswap,pair_0874,0.385355,0.029296,0.08535456657409668,n007862
diffswap,pair_0875,0.324339,0.0295,0.10256564617156982,n003910
diffswap,pair_0876,0.210314,0.029649,0.0616687536239624,n005257
diffswap,pair_0877,0.287813,0.066143,0.025516178458929062,n009039
diffswap,pair_0878,0.3124,-0.012892,0.04305557906627655,n007330
diffswap,pair_0879,0.139993,-0.048549,0.10398295521736145,n006096
diffswap,pair_0880,0.224664,0.014936,-0.005938542075455189,n000430
diffswap,pair_0881,0.21084,0.02141,-0.022832609713077545,n005329
diffswap,pair_0882,0.335696,-0.065198,0.11426056176424026,n003639
diffswap,pair_0883,0.194828,0.035165,0.025862298905849457,n001876
diffswap,pair_0884,0.321461,-0.04976,-0.05847860872745514,n004433
diffswap,pair_0885,0.195796,0.0339,0.05737614631652832,n006152
diffswap,pair_0886,0.51369,0.024098,0.023558784276247025,n009150
diffswap,pair_0887,0.361497,-0.048555,0.17118456959724426,n008688
diffswap,pair_0889,0.381203,0.03228,0.11137473583221436,n006099
diffswap,pair_0890,0.370821,0.047291,0.018063988536596298,n000590
diffswap,pair_0891,0.264054,-0.002336,0.0764770433306694,n008396
diffswap,pair_0892,0.348429,-0.016443,0.09548196196556091,n001434
diffswap,pair_0893,0.09953,-0.001381,0.03139778599143028,n008279
diffswap,pair_0894,0.425347,0.029999,0.13223358988761902,n004825
diffswap,pair_0896,0.148388,0.079212,0.10736372321844101,n005718
diffswap,pair_0897,0.266111,0.034166,0.024315524846315384,n004940
diffswap,pair_0898,0.335037,0.05041,0.10658277571201324,n009025
diffswap,pair_0899,0.364131,0.022065,0.12848061323165894,n001164
diffswap,pair_0900,0.417905,0.055338,0.19407451152801514,n006795
diffswap,pair_0901,0.268535,-0.022717,0.08817897737026215,n008193
diffswap,pair_0902,0.20677,-0.001682,0.09847670793533325,n002744
diffswap,pair_0903,0.214018,0.034309,0.042013972997665405,n000793
diffswap,pair_0904,0.219245,-0.058258,0.029686788097023964,n000099
diffswap,pair_0905,0.212172,-0.071972,0.04838877171278,n003521
diffswap,pair_0906,0.23419,0.025302,0.17774927616119385,n001405
diffswap,pair_0907,0.263266,-0.040761,0.03126460313796997,n000701
diffswap,pair_0908,0.296807,0.009347,0.1275438666343689,n003828
diffswap,pair_0909,0.318891,0.002015,0.12073952704668045,n001490
diffswap,pair_0910,0.22408,0.015009,0.052530817687511444,n007204
diffswap,pair_0911,0.289669,0.013291,0.01618863455951214,n004703
diffswap,pair_0912,0.281342,-0.0401,0.09386881440877914,n003328
diffswap,pair_0913,0.334515,-0.016837,0.18720851838588715,n004864
diffswap,pair_0914,0.21932,-0.041689,0.14596553146839142,n009065
diffswap,pair_0915,0.454564,0.136003,0.09204631298780441,n007229
diffswap,pair_0916,0.296098,0.001728,0.12133443355560303,n005354
diffswap,pair_0918,0.06953,-0.002599,0.08260903507471085,n007910
diffswap,pair_0919,0.294116,0.000662,0.10842515528202057,n007247
diffswap,pair_0920,0.404181,-0.032228,0.0647209882736206,n004760
diffswap,pair_0921,0.310426,0.046135,0.0177004374563694,n002537
diffswap,pair_0922,0.212592,0.014142,0.012838348746299744,n008239
diffswap,pair_0923,0.372629,-0.022197,0.017215460538864136,n001111
diffswap,pair_0924,0.20486,0.042607,0.034082189202308655,n006304
diffswap,pair_0925,0.424739,-0.045366,0.02092939242720604,n007486
diffswap,pair_0926,0.307528,0.073067,0.0709344744682312,n002670
diffswap,pair_0927,0.312135,-0.019342,0.1401900053024292,n004159
diffswap,pair_0928,0.318703,-0.055912,0.013423731550574303,n002288
diffswap,pair_0929,0.218758,-0.071253,0.07273663580417633,n006450
diffswap,pair_0930,0.316478,0.106172,0.08781036734580994,n003254
diffswap,pair_0932,0.216974,-0.061171,0.0692591518163681,n000089
diffswap,pair_0933,0.459198,-0.019856,0.08005549013614655,n003253
diffswap,pair_0934,0.411717,0.056406,0.06891537457704544,n007981
diffswap,pair_0935,0.203755,0.000105,0.06307981163263321,n004656
diffswap,pair_0936,0.261223,-0.012833,0.11226986348628998,n009073
diffswap,pair_0937,0.213085,0.061431,0.051396287977695465,n009191
diffswap,pair_0938,0.383705,0.095016,0.06848039478063583,n004592
diffswap,pair_0939,0.256331,0.016643,0.08466579765081406,n000339
diffswap,pair_0940,0.315415,0.078233,0.11029031127691269,n005712
diffswap,pair_0941,0.441381,0.037843,0.09400604665279388,n004737
diffswap,pair_0942,0.375488,0.028556,0.07751955091953278,n004596
diffswap,pair_0943,0.236825,0.01355,0.13989964127540588,n007778
diffswap,pair_0944,0.313645,-0.089578,0.15703772008419037,n005339
diffswap,pair_0945,0.207816,-0.010257,-0.0340251550078392,n004775
diffswap,pair_0946,0.376115,0.003346,0.11434531956911087,n006716
diffswap,pair_0947,0.182761,0.02627,0.07440544664859772,n008432
diffswap,pair_0948,0.384225,0.018432,0.1259036809206009,n005302
diffswap,pair_0949,0.281413,0.045427,0.07658511400222778,n009263
diffswap,pair_0950,0.540484,-0.026562,0.15776504576206207,n007770
diffswap,pair_0951,0.346945,0.0501,0.17611101269721985,n005533
diffswap,pair_0952,0.287279,-0.018209,0.11839084327220917,n003086
diffswap,pair_0953,0.351596,-0.051317,0.018567876890301704,n001953
diffswap,pair_0954,0.249363,0.059266,0.11955705285072327,n001428
diffswap,pair_0955,0.442682,-0.050106,0.08880912512540817,n002194
diffswap,pair_0956,0.386482,0.058806,0.2086336612701416,n001223
diffswap,pair_0958,0.224773,-0.036176,0.07324208319187164,n005283
diffswap,pair_0959,0.261083,-0.005119,0.13170590996742249,n006362
diffswap,pair_0960,0.379115,0.035635,0.026023074984550476,n001884
diffswap,pair_0961,0.340829,0.055119,0.17403608560562134,n003510
diffswap,pair_0962,0.345516,0.030661,0.11148099601268768,n003927
diffswap,pair_0963,0.101591,0.037466,0.009913269430398941,n007501
diffswap,pair_0964,0.232104,-0.001508,0.1103379875421524,n007464
diffswap,pair_0965,0.297634,0.061851,0.06901173293590546,n004349
diffswap,pair_0966,0.388655,-0.012575,0.2333190143108368,n001757
diffswap,pair_0967,0.44333,-0.046118,0.13119056820869446,n000299
diffswap,pair_0968,0.219474,-0.045082,0.11366510391235352,n008549
diffswap,pair_0969,0.257206,0.024741,0.01757081411778927,n008967
diffswap,pair_0970,0.248567,0.024139,0.11588405072689056,n006346
diffswap,pair_0971,0.422144,0.081817,0.14208513498306274,n008282
diffswap,pair_0972,0.043925,0.085594,0.005594286136329174,n001727
diffswap,pair_0973,0.42037,0.034502,0.14339694380760193,n003988
diffswap,pair_0974,0.319405,0.044634,0.051038388162851334,n002747
diffswap,pair_0975,0.358132,-0.025548,0.050628386437892914,n007464
diffswap,pair_0977,0.249763,0.069801,0.010837817564606667,n006791
diffswap,pair_0978,0.365123,0.021472,0.09175889194011688,n007326
diffswap,pair_0979,0.306407,0.053976,0.0685591995716095,n003097
diffswap,pair_0981,0.252685,-0.030607,0.0822513997554779,n001790
diffswap,pair_0982,0.251026,-0.007341,0.11597631871700287,n002548
diffswap,pair_0983,0.255778,-0.001568,0.09790964424610138,n004708
diffswap,pair_0984,0.450853,0.001268,0.0993831604719162,n002937
diffswap,pair_0985,0.15966,0.01993,0.11220571398735046,n004430
diffswap,pair_0986,0.349726,-0.020801,0.061049602925777435,n005889
diffswap,pair_0987,0.262956,0.050051,0.09586898237466812,n002850
diffswap,pair_0988,0.249931,-0.015435,0.09255468845367432,n002240
diffswap,pair_0989,0.234411,0.025201,0.11688155680894852,n003492
diffswap,pair_0990,0.421685,-0.017881,0.11451953649520874,n005971
diffswap,pair_0991,0.297027,0.003021,0.058257170021533966,n001428
diffswap,pair_0992,0.431934,-0.066913,0.17247933149337769,n003078
diffswap,pair_0993,0.386653,0.135969,0.10351575165987015,n008115
diffswap,pair_0994,0.270014,-0.043523,0.1478029489517212,n002582
diffswap,pair_0995,0.188237,0.003756,0.10599391162395477,n006187
diffswap,pair_0996,0.427207,0.046573,0.15773257613182068,n002872
diffswap,pair_0997,0.262032,-0.015071,0.08487899601459503,n004647
diffswap,pair_0998,0.297188,-0.089126,0.13868430256843567,n003484
diffswap,pair_0999,0.139883,0.019887,0.08716654777526855,n007167
e4s,pair_0000,0.083199,-0.027963,0.022376999258995056,n000354
e4s,pair_0001,0.084814,0.015523,-0.022776952013373375,n005714
e4s,pair_0002,0.132478,-0.039776,0.05049353092908859,n000804
e4s,pair_0003,0.061051,-0.081571,0.07853367924690247,n008833
e4s,pair_0004,0.133936,0.081158,-0.0631370097398758,n008995
e4s,pair_0005,0.023254,-0.022026,0.024393154308199883,n002675
e4s,pair_0006,0.046685,-0.094217,0.11409103870391846,n003853
e4s,pair_0007,0.138896,0.020811,0.06311208009719849,n000714
e4s,pair_0008,0.149918,0.044488,0.03866039961576462,n003491
e4s,pair_0009,-0.027668,-0.030962,-0.025640081614255905,n002679
e4s,pair_0010,0.06212,0.029945,-0.05014717951416969,n005251
e4s,pair_0011,0.118729,0.001748,0.008777993731200695,n007238
e4s,pair_0012,-0.009694,0.034686,0.056568168103694916,n004170
e4s,pair_0013,0.011204,-0.033418,0.043749161064624786,n003151
e4s,pair_0014,0.048609,-0.037141,0.03470166400074959,n006263
e4s,pair_0015,0.073131,0.035885,-0.0164654441177845,n000309
e4s,pair_0016,0.014818,-0.025844,0.02761062979698181,n001417
e4s,pair_0017,0.067609,-0.001827,0.001077199587598443,n000758
e4s,pair_0018,0.017279,-0.002806,0.08613617718219757,n001228
e4s,pair_0019,0.037827,0.070492,0.03284815698862076,n007576
e4s,pair_0020,-0.023952,-0.028445,0.056933701038360596,n007948
e4s,pair_0021,0.064839,-0.024808,-0.036911316215991974,n002193
e4s,pair_0022,0.014718,0.040095,0.06564335525035858,n000581
e4s,pair_0023,0.003994,-0.027822,0.01191786490380764,n008767
e4s,pair_0024,0.051839,-0.019353,0.0150890052318573,n003129
e4s,pair_0025,0.046882,0.058829,0.00959569402039051,n004825
e4s,pair_0026,0.164378,0.000548,0.027704477310180664,n002191
e4s,pair_0027,-0.000875,0.022328,0.014943019486963749,n008612
e4s,pair_0028,0.05408,0.021371,-0.010132151655852795,n002034
e4s,pair_0030,0.004799,-0.022172,-0.04104696959257126,n003482
e4s,pair_0031,0.028248,0.015086,-0.019385740160942078,n004847
e4s,pair_0032,0.097903,0.041062,0.024774542078375816,n005502
e4s,pair_0033,0.157066,0.017769,0.05722438916563988,n003615
e4s,pair_0034,0.052356,0.025236,0.049515336751937866,n003462
e4s,pair_0035,0.097839,0.054102,0.08759069442749023,n006552
e4s,pair_0036,0.055301,0.013999,0.04265952110290527,n006991
e4s,pair_0038,0.048784,0.047166,0.0693102478981018,n000598
e4s,pair_0039,0.075436,0.048079,0.033911123871803284,n000539
e4s,pair_0040,0.002533,0.002455,-0.05174870043992996,n001448
e4s,pair_0041,0.027389,0.086068,0.03334030508995056,n005477
e4s,pair_0042,-0.004103,-0.019794,-0.02155085653066635,n000541
e4s,pair_0043,0.113528,0.003213,0.05876033008098602,n003808
e4s,pair_0044,-0.019575,0.065606,0.053428199142217636,n001742
e4s,pair_0045,0.173679,-0.008403,0.03697557747364044,n008062
e4s,pair_0046,0.026834,0.034902,-0.011511145159602165,n004942
e4s,pair_0047,0.016467,-0.055427,-0.03847639262676239,n006932
e4s,pair_0048,0.066213,0.016002,0.009725227952003479,n006124
e4s,pair_0049,0.077292,-0.024195,0.027041614055633545,n002072
e4s,pair_0050,0.033626,0.024186,-0.01449294202029705,n007537
e4s,pair_0051,-0.039731,-0.082025,0.040553782135248184,n005803
e4s,pair_0052,0.100778,0.021367,0.01137369591742754,n008365
e4s,pair_0053,0.05966,-0.007761,-0.013077246025204659,n001060
e4s,pair_0054,0.195147,0.060936,0.050392210483551025,n000792
e4s,pair_0055,0.017753,-0.020791,-0.003619253635406494,n001594
e4s,pair_0056,-0.025092,0.01823,-0.005720052868127823,n004428
e4s,pair_0057,0.054303,-0.031849,0.04653070867061615,n007009
e4s,pair_0058,0.044768,-0.028004,-0.035138025879859924,n003428
e4s,pair_0059,0.075097,-0.008502,0.0807589516043663,n005981
e4s,pair_0060,0.097672,0.0142,0.07804840803146362,n002779
e4s,pair_0061,-0.111184,-0.035991,0.014852182939648628,n006989
e4s,pair_0062,0.045209,-0.067813,-0.0005182996392250061,n000092
e4s,pair_0063,-0.019544,0.091495,0.07112827152013779,n001945
e4s,pair_0064,0.134811,-0.033233,0.02296402119100094,n004330
e4s,pair_0065,0.059449,0.089124,-0.001050323247909546,n005191
e4s,pair_0066,-0.047808,-0.005465,0.002583647146821022,n005941
e4s,pair_0067,0.072945,0.02374,0.0831441879272461,n007849
e4s,pair_0068,0.067368,0.042994,-0.03716199845075607,n007995
e4s,pair_0069,0.018188,0.049247,-0.016940239816904068,n007304
e4s,pair_0070,-0.006606,-0.090772,-0.07883328199386597,n008023
e4s,pair_0071,0.050818,-0.017896,-0.013054898008704185,n004535
e4s,pair_0072,0.056923,-0.012761,0.12459783256053925,n002727
e4s,pair_0073,-0.047872,0.025812,0.01786315068602562,n002098
e4s,pair_0074,0.081306,-0.012383,-0.009939905256032944,n006672
e4s,pair_0075,0.032033,-0.021741,0.021420340985059738,n002676
e4s,pair_0076,-0.03367,-0.001763,0.04781227931380272,n003684
e4s,pair_0077,0.024155,-0.019218,-0.06446325778961182,n000223
e4s,pair_0078,0.010719,0.008155,-0.02860686182975769,n001718
e4s,pair_0079,0.072304,-0.082308,0.03492732346057892,n001856
e4s,pair_0080,0.088452,0.093506,0.06556863337755203,n004250
e4s,pair_0081,0.019568,-0.016926,0.015034452080726624,n000687
e4s,pair_0082,0.043665,0.001025,-0.02323487028479576,n001871
e4s,pair_0083,0.097211,0.030044,0.02695338800549507,n003190
e4s,pair_0084,0.039194,0.055727,0.013747435063123703,n005318
e4s,pair_0085,0.04223,0.090059,-0.0038322603795677423,n000807
e4s,pair_0086,0.134341,0.071238,0.02412484958767891,n003860
e4s,pair_0087,-0.006173,0.009833,-0.02419423870742321,n006932
e4s,pair_0088,0.03797,-0.014014,0.013510901480913162,n001394
e4s,pair_0089,0.055607,0.00409,0.0010636895895004272,n000661
e4s,pair_0091,0.104125,-0.029283,0.015003001317381859,n004111
e4s,pair_0092,0.006479,0.035887,0.05427185446023941,n000652
e4s,pair_0093,-0.029862,-0.014506,0.02617412619292736,n005628
e4s,pair_0094,0.03048,-0.005204,0.03151063248515129,n003307
e4s,pair_0096,0.072362,0.006307,0.1059834361076355,n003266
e4s,pair_0097,0.059676,0.023665,0.10348096489906311,n001323
e4s,pair_0098,0.046538,0.022548,0.031802043318748474,n004888
e4s,pair_0099,0.151764,0.026385,0.01860077679157257,n006359
e4s,pair_0100,0.031105,0.026589,0.09325927495956421,n001557
e4s,pair_0101,0.136639,-0.016022,0.052550844848155975,n001521
e4s,pair_0102,0.065194,0.017297,-0.016406383365392685,n006047
e4s,pair_0103,0.048123,-0.062177,-0.024053538218140602,n003947
e4s,pair_0104,0.016305,0.041986,0.0018469379283487797,n000164
e4s,pair_0105,0.067993,0.055601,0.005446876399219036,n000663
e4s,pair_0106,-0.020382,0.125331,0.03512492775917053,n000843
e4s,pair_0107,-0.027599,-0.095698,0.06677688658237457,n008023
e4s,pair_0108,0.058776,0.092926,-0.006635094061493874,n007551
e4s,pair_0109,0.146763,-0.031645,0.04214853048324585,n006771
e4s,pair_0110,0.005245,0.044188,0.06151368096470833,n003542
e4s,pair_0111,0.138215,-0.029881,-0.013155554421246052,n008218
e4s,pair_0112,0.014872,0.02525,-0.06728149205446243,n004623
e4s,pair_0113,0.001286,0.003437,0.03034929558634758,n004125
e4s,pair_0114,-0.021489,0.00679,-0.03387810289859772,n006434
e4s,pair_0115,-0.019207,-0.001606,0.04260971397161484,n000565
e4s,pair_0116,0.001809,0.004404,0.08735717833042145,n006126
e4s,pair_0117,-0.037518,0.029457,-0.03242304548621178,n003127
e4s,pair_0118,0.061156,0.069697,0.0026697618886828423,n002240
e4s,pair_0119,0.11188,0.0113,0.10586036741733551,n003120
e4s,pair_0120,0.01271,0.043375,0.10919444262981415,n006323
e4s,pair_0121,0.051013,-0.034498,0.024859486147761345,n004929
e4s,pair_0122,0.022496,-0.02653,0.045508187264204025,n000852
e4s,pair_0124,-0.028133,0.031967,0.0606851652264595,n006222
e4s,pair_0126,-0.034381,-0.065588,0.04560800641775131,n001947
e4s,pair_0127,0.008117,0.033639,0.08842332661151886,n008551
e4s,pair_0128,0.111687,-0.05169,0.06234510987997055,n000337
e4s,pair_0129,0.090627,-0.068668,0.025011666119098663,n004667
e4s,pair_0130,0.052977,0.03641,0.08400659263134003,n002932
e4s,pair_0132,0.061778,0.052411,0.029487846419215202,n001544
e4s,pair_0133,-0.038269,-0.05703,-0.021511707454919815,n008161
e4s,pair_0134,0.072078,0.025581,0.0794561356306076,n004435
e4s,pair_0135,0.127657,-0.015768,0.003420955967158079,n003185
e4s,pair_0136,0.07328,0.022054,-0.024387523531913757,n003252
e4s,pair_0137,-0.012259,0.009323,0.10734793543815613,n005141
e4s,pair_0138,0.050198,0.019763,0.10875163972377777,n005255
e4s,pair_0139,0.135565,-0.058134,0.01926245167851448,n008274
e4s,pair_0140,0.036428,-0.073793,0.04612601920962334,n000894
e4s,pair_0141,0.007305,0.046633,-0.0020694187842309475,n008808
e4s,pair_0142,0.024708,0.013777,-0.038179680705070496,n005133
e4s,pair_0143,0.012821,-0.032856,0.1265849769115448,n008236
e4s,pair_0145,-0.035414,-0.031825,0.01015591062605381,n008248
e4s,pair_0146,0.003051,-0.09257,0.029299532994627953,n001083
e4s,pair_0147,0.072438,-0.020005,-0.06401221454143524,n004708
e4s,pair_0148,0.100286,0.071005,0.05452496558427811,n001331
e4s,pair_0149,0.109018,0.021987,-0.009113606996834278,n002712
e4s,pair_0150,0.053199,-0.005682,0.049874719232320786,n005789
e4s,pair_0151,0.119287,0.04603,-0.012316763401031494,n006494
e4s,pair_0152,-0.061336,0.018333,-0.09118205308914185,n000443
e4s,pair_0153,0.100439,0.037705,0.05100218206644058,n000847
e4s,pair_0154,-0.038278,-0.032264,0.0320378914475441,n001602
e4s,pair_0155,-0.008533,0.028159,0.02338365465402603,n004457
e4s,pair_0156,0.100005,0.065802,0.030985023826360703,n007486
e4s,pair_0157,0.036509,0.03304,-0.002131928224116564,n001419
e4s,pair_0158,0.044247,0.000278,0.10817596316337585,n001424
e4s,pair_0159,0.075262,-0.013259,0.03304541856050491,n008230
e4s,pair_0161,0.063849,-0.00772,-0.013222435489296913,n003267
e4s,pair_0162,0.05804,0.01145,0.0060842931270599365,n005556
e4s,pair_0163,0.037079,-0.017643,-0.065134197473526,n003745
e4s,pair_0164,0.018285,-0.071426,0.0016094427555799484,n003360
e4s,pair_0165,0.041116,-0.007249,-0.01254052110016346,n008115
e4s,pair_0166,0.029341,0.001316,0.026380855590105057,n004457
e4s,pair_0167,0.063375,0.058443,0.056761614978313446,n007499
e4s,pair_0168,0.002395,0.110115,0.03639877960085869,n005651
e4s,pair_0169,0.078589,-0.023503,0.04511839151382446,n001246
e4s,pair_0170,-0.018253,-0.033943,0.05824209004640579,n006501
e4s,pair_0171,-0.062852,-0.00969,-0.001955314539372921,n001349
e4s,pair_0172,0.101333,-0.088878,0.07617230713367462,n006620
e4s,pair_0173,0.002913,-0.012749,0.014841457828879356,n004622
e4s,pair_0174,-0.048323,0.014827,-0.031995873898267746,n000298
e4s,pair_0175,0.04033,-0.070956,-0.020431416109204292,n002479
e4s,pair_0176,0.049994,0.019028,0.00457528792321682,n001999
e4s,pair_0177,0.010684,0.003984,0.048396799713373184,n000686
e4s,pair_0178,0.001674,-0.071049,0.014418287202715874,n005638
e4s,pair_0179,-0.007954,0.075626,-0.00600842572748661,n003561
e4s,pair_0180,0.061737,-0.058619,0.04154001176357269,n004908
e4s,pair_0181,0.104719,-0.05351,0.05564238131046295,n000714
e4s,pair_0182,0.122162,-0.03484,0.06967733800411224,n005710
e4s,pair_0183,0.015222,-0.030936,0.014879899099469185,n005160
e4s,pair_0184,0.041122,0.054466,0.01784994825720787,n004926
e4s,pair_0185,0.055586,0.113302,-0.04459678381681442,n005600
e4s,pair_0186,-0.002344,-0.023031,-0.006303958594799042,n007901
e4s,pair_0187,0.005896,0.116371,0.05969256907701492,n006085
e4s,pair_0188,-0.016158,0.030655,0.016043957322835922,n006316
e4s,pair_0189,0.031064,0.052546,0.07505619525909424,n002463
e4s,pair_0190,-0.064723,0.020793,0.01424669474363327,n000810
e4s,pair_0191,0.032822,-0.048053,0.010391924530267715,n000781
e4s,pair_0192,0.097524,0.008198,0.09376177191734314,n003821
e4s,pair_0193,0.014524,0.029321,-0.02258649840950966,n004839
e4s,pair_0194,0.08361,0.085584,0.08209061622619629,n003661
e4s,pair_0195,0.012767,0.059963,-0.0174446739256382,n007677
e4s,pair_0196,0.005636,-0.020513,0.06860290467739105,n006498
e4s,pair_0197,0.059285,0.039812,-0.029199747368693352,n007051
e4s,pair_0198,-0.004782,0.054165,-0.030725844204425812,n007376
e4s,pair_0199,0.024187,-0.068317,-0.006071601063013077,n004983
e4s,pair_0200,-0.00256,0.072433,0.004642169922590256,n008177
e4s,pair_0201,0.067232,0.045132,0.04399685189127922,n007009
e4s,pair_0202,-0.006935,0.011511,0.0767742320895195,n001695
e4s,pair_0205,-0.006193,-0.02058,-0.0074296984821558,n002101
e4s,pair_0207,0.062582,0.047742,0.03967984765768051,n003776
e4s,pair_0208,-0.039913,-0.003509,0.0010752473026514053,n007952
e4s,pair_0210,0.089271,0.031204,0.05204550176858902,n006836
e4s,pair_0211,0.039736,0.070791,0.039500609040260315,n007336
e4s,pair_0212,0.033479,-0.019042,0.015650054439902306,n002374
e4s,pair_0213,0.114463,0.012448,0.1093464344739914,n003237
e4s,pair_0214,0.020879,0.031761,-0.043647997081279755,n004489
e4s,pair_0216,0.056189,-0.07182,-0.00100996857509017,n004452
e4s,pair_0217,0.076751,-0.036013,0.039149172604084015,n007128
e4s,pair_0218,-0.007712,-0.037869,-0.06890519708395004,n007071
e4s,pair_0219,0.085057,-0.023728,-0.07572037726640701,n003730
e4s,pair_0220,0.115772,-0.02079,0.01216145046055317,n004216
e4s,pair_0221,0.143525,0.009206,0.001641686074435711,n008631
e4s,pair_0222,0.022954,0.000499,0.03325852006673813,n002055
e4s,pair_0223,0.096214,0.127176,0.06369610130786896,n002141
e4s,pair_0224,0.00262,-0.003525,-0.04719705507159233,n003993
e4s,pair_0225,-0.063356,0.013304,0.026711544021964073,n003507
e4s,pair_0226,-0.048554,0.013685,0.0077669378370046616,n002727
e4s,pair_0227,0.057114,0.065681,0.07462727278470993,n007464
e4s,pair_0228,0.058448,0.011019,-0.030719462782144547,n006137
e4s,pair_0229,-0.089175,-0.050563,-0.04390989989042282,n008598
e4s,pair_0230,0.03595,-0.029858,-0.06421218812465668,n006445
e4s,pair_0231,0.049266,0.040362,0.05165930092334747,n002643
e4s,pair_0234,0.066057,-0.049299,0.07458791881799698,n005855
e4s,pair_0235,0.064077,0.065663,-0.0022109709680080414,n002148
e4s,pair_0236,0.043283,-0.007299,-0.014148212969303131,n000416
e4s,pair_0237,-0.020134,0.002243,0.08495922386646271,n002460
e4s,pair_0238,-0.002069,-0.082289,0.0014357753098011017,n000648
e4s,pair_0239,0.097107,0.047603,0.009943051263689995,n002557
e4s,pair_0240,0.018116,0.027692,-0.06032540649175644,n006525
e4s,pair_0241,0.066392,-0.027984,-0.0379820317029953,n001656
e4s,pair_0242,0.007895,0.085794,0.04653703793883324,n008941
e4s,pair_0243,0.031895,0.001155,0.082360178232193,n007838
e4s,pair_0244,0.074365,0.072627,0.009614365175366402,n005535
e4s,pair_0245,0.098705,-0.003074,-0.006620796397328377,n005606
e4s,pair_0246,0.012407,0.045215,0.025742344558238983,n000035
e4s,pair_0247,0.01866,0.057166,-0.03197017312049866,n001447
e4s,pair_0248,0.040076,-0.025555,-0.05597972869873047,n003178
e4s,pair_0249,0.071068,0.084824,0.018885333091020584,n002551
e4s,pair_0251,0.030511,-0.041736,-0.005210955161601305,n006014
e4s,pair_0252,0.021026,0.022732,-0.011011375114321709,n000579
e4s,pair_0253,0.081891,0.06086,0.06251157820224762,n006398
e4s,pair_0254,0.050879,0.051089,0.009995350614190102,n001024
e4s,pair_0255,-0.037949,-0.022874,0.002440366894006729,n001458
e4s,pair_0256,0.070715,0.083758,-0.0006156899034976959,n008867
e4s,pair_0257,0.067265,-0.082716,0.04790901765227318,n004772
e4s,pair_0258,0.013137,0.043609,0.035257771611213684,n003951
e4s,pair_0259,-0.038072,0.074655,0.05205048993229866,n002786
e4s,pair_0261,0.016582,0.017716,-0.013783983886241913,n005212
e4s,pair_0262,-0.007321,0.038619,0.023310355842113495,n005264
e4s,pair_0263,0.00894,-0.046424,-0.026844583451747894,n001405
e4s,pair_0264,-0.056324,0.085103,0.04237192124128342,n000123
e4s,pair_0265,0.005105,0.017509,0.06283436715602875,n006791
e4s,pair_0266,0.040366,-0.038016,0.029109623283147812,n000016
e4s,pair_0267,0.065687,-0.005334,0.008052115328609943,n003935
e4s,pair_0268,0.004377,-0.044455,0.06388849020004272,n004767
e4s,pair_0269,0.057868,0.001606,0.020167160779237747,n005628
e4s,pair_0270,0.131222,0.009229,0.03846723586320877,n001262
e4s,pair_0271,0.052906,0.022619,0.026373453438282013,n007958
e4s,pair_0272,0.071706,0.004047,-0.031567830592393875,n003322
e4s,pair_0273,-0.002648,-0.003078,-0.021858766674995422,n007679
e4s,pair_0274,0.081529,0.00291,0.04309453070163727,n001511
e4s,pair_0275,0.070633,0.098212,-0.031955789774656296,n003619
e4s,pair_0276,0.183069,-0.024619,0.042770594358444214,n004105
e4s,pair_0277,0.131852,-0.010624,0.011925943195819855,n006738
e4s,pair_0278,0.026179,-0.006734,0.022317063063383102,n001537
e4s,pair_0279,0.013106,0.012621,-0.048954565078020096,n003033
e4s,pair_0280,0.072673,0.014477,0.020539477467536926,n003895
e4s,pair_0281,-0.000557,0.105356,0.0937972143292427,n000656
e4s,pair_0282,0.060171,0.097014,-0.041178807616233826,n006962
e4s,pair_0283,0.0615,0.07278,0.06551431119441986,n007115
e4s,pair_0284,-0.013379,0.025435,0.024128396064043045,n004216
e4s,pair_0285,0.042167,-0.005074,-0.03018217161297798,n004435
e4s,pair_0286,0.190415,0.021434,-0.07851042598485947,n000745
e4s,pair_0287,0.051589,-0.00721,0.059013064950704575,n007421
e4s,pair_0288,0.115547,-0.02258,-0.04420178383588791,n008193
e4s,pair_0289,-0.018105,0.065444,0.02964327111840248,n002262
e4s,pair_0290,-0.000384,0.040916,0.012383216060698032,n006406
e4s,pair_0291,0.167209,0.069496,-0.008811146020889282,n005152
e4s,pair_0292,0.013228,-0.044106,0.03086584433913231,n001856
e4s,pair_0293,0.030853,0.023128,0.026684582233428955,n007942
e4s,pair_0294,-0.01319,-0.009336,-0.03153464198112488,n002193
e4s,pair_0295,0.039863,-0.049323,0.016730984672904015,n000559
e4s,pair_0296,0.079784,0.065336,0.04509637504816055,n007365
e4s,pair_0297,0.110793,0.105518,0.16870296001434326,n000227
e4s,pair_0298,0.110657,0.025854,0.02074112743139267,n000722
e4s,pair_0299,0.077941,0.021169,0.07226192951202393,n003273
e4s,pair_0300,-0.025232,-0.022815,-0.07496212422847748,n002990
e4s,pair_0302,0.033156,0.013349,0.01371194701641798,n000789
e4s,pair_0303,0.081906,-0.017223,0.07240456342697144,n002355
e4s,pair_0304,0.096151,0.045598,-0.09310892224311829,n000976
e4s,pair_0305,0.087895,0.047416,0.20926842093467712,n004917
e4s,pair_0306,0.097312,0.021199,0.03428071737289429,n001083
e4s,pair_0307,0.028985,-0.059713,-0.015002350322902203,n002209
e4s,pair_0308,0.026092,0.063673,0.015562694519758224,n004740
e4s,pair_0309,0.070579,-0.046726,0.051383718848228455,n002246
e4s,pair_0310,0.073172,0.016612,0.03254234790802002,n007139
e4s,pair_0311,0.001635,-0.001846,-0.09571775048971176,n001405
e4s,pair_0312,0.059982,-0.003811,0.06134092062711716,n004114
e4s,pair_0313,0.097176,0.099696,0.018185729160904884,n008928
e4s,pair_0314,0.104175,-0.003313,0.028602013364434242,n000416
e4s,pair_0315,0.046238,-0.030077,0.11159088462591171,n004415
e4s,pair_0316,0.045769,-0.047025,-0.05722559243440628,n005220
e4s,pair_0317,0.035869,0.036398,0.002354883123189211,n006764
e4s,pair_0318,-0.037217,0.048431,-0.03064771369099617,n004686
e4s,pair_0319,0.0582,0.011985,-0.05050991475582123,n002954
e4s,pair_0320,0.001728,0.035959,-0.025039706379175186,n005219
e4s,pair_0321,0.045052,-0.007924,-0.004245063289999962,n002872
e4s,pair_0322,0.052708,0.048794,-0.005210902541875839,n006396
e4s,pair_0323,0.033016,0.05978,-0.017773032188415527,n003912
e4s,pair_0325,0.039719,-0.06115,0.03210539370775223,n005227
e4s,pair_0326,0.024017,-0.008383,0.02391067147254944,n005578
e4s,pair_0327,0.067621,0.058708,0.0011592030059546232,n001420
e4s,pair_0328,0.150025,0.035375,0.030477557331323624,n004048
e4s,pair_0329,0.082759,0.050343,0.09416812658309937,n007785
e4s,pair_0330,0.080786,-0.035403,-0.010897994041442871,n003929
e4s,pair_0331,0.043407,0.02318,0.07641692459583282,n003630
e4s,pair_0333,0.042156,0.01441,0.030601803213357925,n008165
e4s,pair_0334,0.114626,-0.036602,0.021893257275223732,n002772
e4s,pair_0335,-0.069068,0.026304,0.06260222941637039,n001289
e4s,pair_0336,-0.008812,-0.002929,-0.01357845589518547,n007311
e4s,pair_0337,0.013951,-0.001106,-0.011354970745742321,n003658
e4s,pair_0338,0.093092,-0.031732,0.030727457255125046,n003036
e4s,pair_0339,0.023667,0.043139,0.029507368803024292,n006457
e4s,pair_0340,0.121989,-0.019656,0.02088557370007038,n004515
e4s,pair_0343,0.132085,-0.013952,0.036384500563144684,n001662
e4s,pair_0344,0.013551,-0.031854,0.05099280923604965,n002380
e4s,pair_0345,-0.046432,0.012374,-0.0683213397860527,n006162
e4s,pair_0347,0.107045,-0.040877,-0.028789490461349487,n004189
e4s,pair_0348,0.031555,0.053491,0.08340223133563995,n006856
e4s,pair_0349,0.092563,-0.03752,-0.026629596948623657,n008082
e4s,pair_0350,0.086058,0.010234,0.07290737330913544,n007998
e4s,pair_0352,0.006974,0.07588,0.027392376214265823,n001443
e4s,pair_0353,0.055813,0.051618,-0.0838138610124588,n006961
e4s,pair_0354,0.083612,0.019167,-0.07376246154308319,n003487
e4s,pair_0355,0.084167,-0.018334,0.04373597726225853,n007465
e4s,pair_0356,0.063475,0.021771,0.03556031361222267,n007432
e4s,pair_0357,0.019903,0.012443,0.04414864629507065,n003563
e4s,pair_0358,0.004294,0.061349,-0.031213883310556412,n007630
e4s,pair_0359,0.106356,0.027591,-0.03944339230656624,n001932
e4s,pair_0360,0.084515,0.076934,-0.05407183617353439,n008947
e4s,pair_0361,0.02813,-0.033368,-0.03778528794646263,n005545
e4s,pair_0362,0.173875,-0.010251,-0.02597224712371826,n002314
e4s,pair_0363,0.082114,0.057684,-0.04418346285820007,n006671
e4s,pair_0364,0.057885,0.016368,0.042802825570106506,n000384
e4s,pair_0365,0.106808,0.042495,-0.020815158262848854,n006899
e4s,pair_0366,-0.019228,0.008426,0.0498976893723011,n003263
e4s,pair_0367,0.043285,0.042215,0.057176679372787476,n000031
e4s,pair_0368,-0.00373,0.027619,0.019270725548267365,n000509
e4s,pair_0369,0.069539,0.020176,-0.029772160574793816,n004598
e4s,pair_0370,0.129165,-0.009747,0.01911608874797821,n005146
e4s,pair_0371,-0.068814,0.050507,0.04351738095283508,n000113
e4s,pair_0372,0.043491,-0.013186,0.0647551640868187,n002013
e4s,pair_0373,-0.014091,-0.009184,-0.03282162547111511,n006444
e4s,pair_0374,0.033469,-0.011344,0.044978149235248566,n001246
e4s,pair_0375,0.057939,0.046545,0.0494515486061573,n000459
e4s,pair_0376,0.067917,0.003072,-0.0004943357780575752,n006262
e4s,pair_0377,0.027446,-0.006026,0.009891529567539692,n007768
e4s,pair_0378,0.008152,-0.008932,0.0396227166056633,n006744
e4s,pair_0379,-0.025908,-0.012577,-0.003665916621685028,n003691
e4s,pair_0380,0.088771,-0.051398,0.03195891156792641,n005669
e4s,pair_0381,0.060806,-0.006159,-0.021755462512373924,n002839
e4s,pair_0382,0.124706,0.072203,0.028268132358789444,n002479
e4s,pair_0383,0.049506,-0.028631,-0.034885480999946594,n000514
e4s,pair_0385,0.016325,-0.024381,0.055681027472019196,n000528
e4s,pair_0386,-0.004181,0.020104,0.05541885644197464,n004412
e4s,pair_0387,0.082859,0.05401,0.04235509783029556,n008534
e4s,pair_0388,0.090299,0.048283,-0.05261431634426117,n009208
e4s,pair_0389,0.000408,0.015577,-0.011474715545773506,n006801
e4s,pair_0390,0.059673,0.039255,0.03700120002031326,n000139
e4s,pair_0391,0.012298,0.028381,0.08827060461044312,n003478
e4s,pair_0392,0.03603,0.011434,0.06881663203239441,n003121
e4s,pair_0393,0.06889,0.046726,-0.0013095103204250336,n005886
e4s,pair_0394,0.091256,0.02762,-0.02573508396744728,n007566
e4s,pair_0395,0.084604,-0.002887,0.011616826988756657,n002141
e4s,pair_0396,0.040712,0.070594,0.016518479213118553,n005022
e4s,pair_0397,0.006677,0.016387,-0.05093177407979965,n002277
e4s,pair_0398,0.092662,0.006722,-0.05432317033410072,n007286
e4s,pair_0400,-0.054467,0.019009,0.06796848773956299,n001390
e4s,pair_0401,0.0534,-0.018398,-0.04094496741890907,n005015
e4s,pair_0402,0.041813,-0.021949,0.09646466374397278,n004303
e4s,pair_0404,0.062825,0.051273,0.019024331122636795,n000012
e4s,pair_0405,-0.030793,-0.003408,0.04284965246915817,n004988
e4s,pair_0406,0.098986,-0.040098,-0.0006234226748347282,n007391
e4s,pair_0407,0.024446,-0.012914,-0.03229627013206482,n005638
e4s,pair_0408,0.058078,0.007164,0.051228903234004974,n002204
e4s,pair_0409,0.102762,-0.037318,0.015379440039396286,n008950
e4s,pair_0410,0.029528,-0.029818,0.09790239483118057,n004775
e4s,pair_0411,0.132682,-0.011322,0.07258404791355133,n007889
e4s,pair_0412,0.08179,0.024952,0.050077974796295166,n007009
e4s,pair_0413,0.076007,0.103925,0.10182152688503265,n001163
e4s,pair_0414,0.087131,-0.038421,-0.030957970768213272,n007366
e4s,pair_0415,0.010304,-0.02047,-0.0038842507638037205,n004572
e4s,pair_0416,0.012425,-0.058885,0.027186479419469833,n002176
e4s,pair_0417,0.061875,-0.040759,0.043433353304862976,n000176
e4s,pair_0418,0.062901,-0.007449,-0.005293890833854675,n006843
e4s,pair_0419,0.077794,-0.057549,0.06971509754657745,n000167
e4s,pair_0420,0.141056,-0.031745,0.056380465626716614,n003135
e4s,pair_0421,0.116941,-0.031925,-0.005517513956874609,n001062
e4s,pair_0422,-0.027106,-0.035024,0.07387709617614746,n008312
e4s,pair_0423,0.094977,0.001225,0.06914123892784119,n006233
e4s,pair_0424,0.074985,0.021135,-0.04609858989715576,n003232
e4s,pair_0425,0.117823,-0.06616,0.11621563881635666,n000577
e4s,pair_0426,0.010594,-0.001284,-0.039968352764844894,n008434
e4s,pair_0427,0.055772,0.021989,0.008825095370411873,n000096
e4s,pair_0428,-0.028434,0.040322,0.02332141622900963,n008296
e4s,pair_0429,0.012009,-0.038692,-0.031329866498708725,n002836
e4s,pair_0430,-0.006378,0.049406,-0.03593937307596207,n003581
e4s,pair_0431,0.048762,0.003754,0.021884195506572723,n004104
e4s,pair_0432,0.123963,-0.027481,0.07748894393444061,n004324
e4s,pair_0433,0.035494,0.02836,-0.034895528107881546,n001466
e4s,pair_0434,-0.004462,0.097811,0.009277243167161942,n007209
e4s,pair_0435,0.077038,-0.069505,0.05367636680603027,n001662
e4s,pair_0436,0.045587,0.014276,0.010129161179065704,n005365
e4s,pair_0438,0.034508,0.034387,0.005576717667281628,n003761
e4s,pair_0439,0.019897,-0.058395,-0.034472592175006866,n008856
e4s,pair_0440,0.118659,-0.047846,0.035244569182395935,n005830
e4s,pair_0441,0.069432,-0.023002,0.019980352371931076,n007203
e4s,pair_0442,0.125503,0.041562,0.0950024425983429,n003095
e4s,pair_0443,0.046965,0.049962,-0.07416436076164246,n008640
e4s,pair_0444,0.044975,-0.047753,-0.001697089523077011,n005770
e4s,pair_0445,0.085268,0.002289,0.022793002426624298,n003737
e4s,pair_0446,0.111173,0.010025,-0.0043975235894322395,n002277
e4s,pair_0448,-0.052719,0.051902,-0.00031984271481633186,n000818
e4s,pair_0449,0.150843,0.091383,0.0952146053314209,n002099
e4s,pair_0450,0.046779,0.018735,0.034843072295188904,n009241
e4s,pair_0451,0.073129,-0.017965,-0.019367866218090057,n009053
e4s,pair_0452,0.016534,-0.076374,-0.02092750370502472,n006420
e4s,pair_0453,0.09107,0.048993,0.03935582935810089,n001834
e4s,pair_0454,0.036849,-0.024684,0.04107804596424103,n003389
e4s,pair_0455,0.10305,-0.028715,-0.02646547369658947,n004324
e4s,pair_0456,-0.023855,-0.067789,0.014817490242421627,n003954
e4s,pair_0457,-0.039691,-0.016801,0.010342076420783997,n001548
e4s,pair_0458,0.033413,-0.016257,0.0559561550617218,n001327
e4s,pair_0459,0.008877,0.00636,-0.016770783811807632,n005571
e4s,pair_0460,0.034817,0.092601,-0.11310619115829468,n004616
e4s,pair_0461,0.017091,0.019057,0.002515580505132675,n005175
e4s,pair_0462,0.155408,-0.012314,0.034807246178388596,n008496
e4s,pair_0463,0.011581,0.030771,0.05914901942014694,n005287
e4s,pair_0464,0.063858,-0.011988,-0.013227029703557491,n000782
e4s,pair_0465,0.162365,0.027611,0.073762446641922,n007353
e4s,pair_0466,0.036498,-0.016332,0.01442596223205328,n002046
e4s,pair_0467,0.059574,0.011007,0.049356453120708466,n006580
e4s,pair_0468,0.074274,0.003173,0.015844441950321198,n004279
e4s,pair_0470,0.095359,-0.026451,0.051035236567258835,n003946
e4s,pair_0471,0.007262,0.103291,0.044014379382133484,n006791
e4s,pair_0472,0.103374,0.031565,0.08245470374822617,n007015
e4s,pair_0473,0.066344,-0.031272,0.07251004874706268,n007427
e4s,pair_0474,0.120121,0.087519,0.11610209941864014,n006242
e4s,pair_0475,0.094118,0.003333,0.0641634613275528,n008421
e4s,pair_0476,0.009114,0.017899,0.042221274226903915,n001114
e4s,pair_0478,-0.00744,0.095142,0.013016792014241219,n007488
e4s,pair_0479,0.024884,0.029275,-0.02976955845952034,n008600
e4s,pair_0480,0.028356,0.005579,-0.0160062313079834,n002867
e4s,pair_0481,0.017189,0.012192,0.04982074350118637,n007657
e4s,pair_0482,0.098243,0.067345,-0.04632655531167984,n008897
e4s,pair_0483,-0.056159,-0.10227,-0.0200041476637125,n008707
e4s,pair_0484,0.018031,0.001836,0.034873802214860916,n003460
e4s,pair_0485,0.023138,-0.040641,-0.08374011516571045,n009098
e4s,pair_0486,0.056911,-0.016245,0.01615786738693714,n002598
e4s,pair_0487,0.017487,0.053393,0.048541173338890076,n007184
e4s,pair_0488,0.079218,0.063244,0.023056358098983765,n005888
e4s,pair_0489,0.078717,0.036645,0.0438806489109993,n001359
e4s,pair_0490,0.11418,0.023902,-0.05545550957322121,n000015
e4s,pair_0491,0.050243,0.047851,0.1103232353925705,n004359
e4s,pair_0492,0.102063,-0.002822,0.05479220673441887,n004418
e4s,pair_0493,0.057361,-0.029576,-0.049244094640016556,n002573
e4s,pair_0494,-0.048623,-0.008854,-0.01929742842912674,n002423
e4s,pair_0495,0.118747,0.034682,0.07656364142894745,n008745
e4s,pair_0496,0.088723,0.045759,0.00986550934612751,n008693
e4s,pair_0497,0.091129,0.003241,0.12678197026252747,n003507
e4s,pair_0498,0.016021,0.022317,0.00953749194741249,n004348
e4s,pair_0499,0.043653,0.046753,-0.01575593277812004,n008788
e4s,pair_0500,0.090672,0.016493,0.04757340997457504,n005445
e4s,pair_0501,0.088414,0.025586,0.06718762218952179,n005511
e4s,pair_0502,-0.002146,-0.009989,0.010043918155133724,n005493
e4s,pair_0503,0.08937,0.062654,0.08255000412464142,n001458
e4s,pair_0504,0.040684,-0.036354,-0.024937313050031662,n006428
e4s,pair_0505,0.04374,-0.004993,0.019643796607851982,n000503
e4s,pair_0506,0.040784,0.023652,0.01839027926325798,n005421
e4s,pair_0507,0.209503,0.046903,-0.04116077348589897,n003484
e4s,pair_0508,0.041095,-0.006534,-0.012554164975881577,n005083
e4s,pair_0509,0.048847,0.009799,0.10169611871242523,n001825
e4s,pair_0510,0.115769,-0.044918,0.06148897111415863,n005789
e4s,pair_0511,0.129891,0.046788,0.02606363780796528,n000139
e4s,pair_0512,0.041674,0.038066,0.0003524757921695709,n001089
e4s,pair_0513,0.133147,-0.002372,0.042132534086704254,n000049
e4s,pair_0514,-0.079984,0.0225,0.046684082597494125,n000426
e4s,pair_0515,0.047831,0.035823,0.02567485347390175,n006087
e4s,pair_0516,0.072131,0.023825,-0.054526492953300476,n000900
e4s,pair_0517,0.004672,0.010207,0.0377781018614769,n003147
e4s,pair_0519,0.079295,-0.074099,0.054118506610393524,n008535
e4s,pair_0520,0.105437,0.014434,0.1186155155301094,n003850
e4s,pair_0521,0.023545,0.018037,-0.008602019399404526,n003311
e4s,pair_0522,0.008739,-0.075039,0.019653862342238426,n008997
e4s,pair_0523,0.178329,0.006898,-0.03086778335273266,n007901
e4s,pair_0524,0.1409,0.049149,0.034106895327568054,n001770
e4s,pair_0525,0.091015,0.021016,-0.04902280122041702,n006904
e4s,pair_0526,0.065811,0.001114,-0.027518505230545998,n004079
e4s,pair_0527,0.066323,0.047633,-0.017141828313469887,n003424
e4s,pair_0528,0.029253,0.018317,0.035626739263534546,n001345
e4s,pair_0529,-0.035421,0.019033,-0.003975264728069305,n005235
e4s,pair_0530,0.006586,0.017375,-0.03085019625723362,n007674
e4s,pair_0531,0.03042,-0.01312,0.09977060556411743,n008279
e4s,pair_0532,0.055549,-0.013305,0.052515435963869095,n008282
e4s,pair_0534,0.088541,0.076116,0.04733111709356308,n003909
e4s,pair_0535,0.02215,-0.048419,-0.019915830343961716,n000012
e4s,pair_0537,0.038287,0.027658,0.030908916145563126,n005533
e4s,pair_0538,0.012993,0.022616,0.005958092398941517,n004087
e4s,pair_0539,0.038821,0.070186,-0.017753586173057556,n001207
e4s,pair_0540,0.044072,0.054883,-0.01595078408718109,n005275
e4s,pair_0541,0.061282,-0.026227,-0.04747113585472107,n003323
e4s,pair_0542,-0.021001,0.043775,-0.0005229497328400612,n003005
e4s,pair_0543,0.118137,0.015943,0.0387883335351944,n002194
e4s,pair_0544,0.10301,-0.000676,-0.0360262393951416,n001238
e4s,pair_0545,0.073531,-0.055753,0.011429233476519585,n005047
e4s,pair_0546,0.075741,-0.108631,0.022342432290315628,n002431
e4s,pair_0547,0.051253,-0.031675,0.006204674951732159,n004570
e4s,pair_0548,0.101248,0.052057,0.020230479538440704,n004951
e4s,pair_0549,0.045349,0.0275,0.028176916763186455,n007592
e4s,pair_0550,0.023002,0.002415,-0.03059488721191883,n007107
e4s,pair_0551,-0.049887,-0.030371,-0.02382146567106247,n005476
e4s,pair_0552,-0.013705,-0.004313,0.004957595840096474,n006242
e4s,pair_0553,0.049901,0.058048,-0.036025241017341614,n007119
e4s,pair_0554,0.063277,-0.014436,-0.014453917741775513,n004764
e4s,pair_0555,0.032177,-0.036265,0.0448322631418705,n001573
e4s,pair_0556,0.001539,0.02882,0.007634925656020641,n001659
e4s,pair_0557,-0.013512,-0.000842,0.0655534416437149,n004726
e4s,pair_0558,0.095135,0.032555,0.08308020234107971,n005560
e4s,pair_0559,0.000789,0.016725,-0.0333724245429039,n007134
e4s,pair_0560,-0.029888,0.04223,0.0943761020898819,n004598
e4s,pair_0561,0.048846,0.014271,0.029623420909047127,n007934
e4s,pair_0562,0.02492,-0.057473,0.09030534327030182,n004713
e4s,pair_0563,0.017514,-0.027879,0.02405352145433426,n003267
e4s,pair_0564,0.076123,0.011825,0.10078388452529907,n001734
e4s,pair_0565,0.100541,0.00867,0.049609795212745667,n000066
e4s,pair_0566,0.053328,-0.004835,0.03910447657108307,n005925
e4s,pair_0567,0.027442,-0.090424,-0.057101961225271225,n003631
e4s,pair_0568,0.041313,0.057498,-0.03243517875671387,n003170
e4s,pair_0569,0.03581,-0.022807,0.02025621011853218,n001118
e4s,pair_0570,-0.003324,0.025926,-0.02564195543527603,n001871
e4s,pair_0571,-0.01709,0.016266,0.04451271891593933,n008540
e4s,pair_0572,0.010015,0.079832,-0.0023600682616233826,n005937
e4s,pair_0573,0.037501,0.050443,-0.03302403539419174,n000801
e4s,pair_0574,0.001291,-0.036438,-0.02605503797531128,n005825
e4s,pair_0575,0.038639,-0.034251,0.11211705207824707,n000926
e4s,pair_0576,0.122485,-0.001936,-0.0406365841627121,n004191
e4s,pair_0577,0.030285,-0.015107,0.09527590125799179,n006130
e4s,pair_0578,0.059458,-0.011328,0.016624316573143005,n003787
e4s,pair_0579,-0.060434,-0.007701,-0.02030796930193901,n001118
e4s,pair_0580,0.070373,0.017188,0.013229379430413246,n000607
e4s,pair_0581,0.109636,0.040439,0.07409550249576569,n008620
e4s,pair_0582,0.015849,0.037697,-0.007291180081665516,n001801
e4s,pair_0583,0.145524,0.053951,0.023031767457723618,n002886
e4s,pair_0584,-0.032943,-0.019074,-0.002647008281201124,n004878
e4s,pair_0585,0.044931,0.045656,0.024426614865660667,n003194
e4s,pair_0586,0.112674,-0.101366,0.03058014251291752,n006321
e4s,pair_0587,0.093734,0.122808,0.06062697246670723,n001573
e4s,pair_0588,0.058414,0.014435,-0.042003802955150604,n003111
e4s,pair_0589,0.017439,0.035405,-0.007856583222746849,n001784
e4s,pair_0590,0.054169,-0.027868,-0.04524560272693634,n002969
e4s,pair_0591,0.047634,-0.036047,0.06710456311702728,n002633
e4s,pair_0592,0.035851,-0.019011,-0.020452391356229782,n006769
e4s,pair_0593,0.122185,0.003261,0.017347481101751328,n006088
e4s,pair_0594,0.108244,0.009635,0.08212707936763763,n002484
e4s,pair_0595,-0.023574,0.004049,-0.011245744302868843,n002333
e4s,pair_0596,0.07195,0.070401,0.16361382603645325,n002047
e4s,pair_0597,0.040685,0.00761,-0.01163292583078146,n004602
e4s,pair_0598,0.082654,0.033221,0.03700339421629906,n002162
e4s,pair_0599,0.007065,0.027935,0.00886019691824913,n005051
e4s,pair_0601,0.072737,0.001536,0.016551706939935684,n008768
e4s,pair_0602,0.133018,-0.029008,8.721090853214264e-05,n007323
e4s,pair_0603,-0.025682,-0.033967,0.06116471439599991,n008135
e4s,pair_0605,0.004863,-0.037671,0.03287743031978607,n000891
e4s,pair_0606,0.034896,0.028333,0.018825018778443336,n002120
e4s,pair_0607,0.015299,0.014471,-0.03732691705226898,n003422
e4s,pair_0608,0.043566,-0.040163,-0.02567329816520214,n007144
e4s,pair_0609,0.019069,-0.001201,0.044332247227430344,n008308
e4s,pair_0610,0.09989,0.065209,-0.02074347995221615,n002686
e4s,pair_0611,-0.001776,0.038763,-0.034682877361774445,n006711
e4s,pair_0612,0.082635,0.05609,-0.03949802368879318,n009162
e4s,pair_0613,0.12859,0.02587,0.13350029289722443,n000997
e4s,pair_0614,0.074171,0.02859,-0.03632936626672745,n007206
e4s,pair_0615,-0.01045,0.019808,0.0022496599704027176,n005520
e4s,pair_0616,-0.00834,0.043413,0.10387272387742996,n003596
e4s,pair_0617,0.029769,-0.046107,0.07949528098106384,n007336
e4s,pair_0618,0.030322,0.002079,-0.052376292645931244,n004839
e4s,pair_0619,0.079203,-0.004294,0.03327611833810806,n008881
e4s,pair_0620,0.040087,-0.071526,-0.061014324426651,n003200
e4s,pair_0621,0.0423,0.072207,0.04138720780611038,n001273
e4s,pair_0622,0.00609,0.037998,-0.05921042338013649,n001062
e4s,pair_0623,0.059977,0.053607,-0.019553937017917633,n005531
e4s,pair_0624,0.093759,0.000411,0.016030538827180862,n000792
e4s,pair_0625,-0.009412,-0.051553,0.02382010966539383,n005874
e4s,pair_0626,0.067076,0.069125,0.04416291415691376,n002973
e4s,pair_0627,0.044906,0.043671,-0.017017293721437454,n004175
e4s,pair_0628,0.040476,-0.03139,0.02849409356713295,n003805
e4s,pair_0629,-0.025606,-0.010859,-0.012533506378531456,n003151
e4s,pair_0630,-0.045815,-0.070433,0.02180643007159233,n006424
e4s,pair_0631,0.053994,-0.030698,-0.0382307767868042,n004548
e4s,pair_0632,0.092787,0.01909,0.010695097967982292,n002032
e4s,pair_0633,0.046387,-0.01556,0.04099174961447716,n006065
e4s,pair_0634,0.111327,0.065265,0.004436370451003313,n001228
e4s,pair_0635,0.06784,-0.006889,-0.004603218287229538,n009034
e4s,pair_0636,9.7e-05,0.018589,0.01763104274868965,n003013
e4s,pair_0637,0.120476,-0.022905,0.044371701776981354,n000325
e4s,pair_0639,0.135024,-0.019109,0.02228933945298195,n007410
e4s,pair_0640,0.096934,-0.023659,0.022554542869329453,n002591
e4s,pair_0641,-0.003327,-0.046953,-0.016639260575175285,n000012
e4s,pair_0642,0.031069,-0.060209,0.0262601338326931,n001848
e4s,pair_0643,-0.024416,-0.00442,-0.03993159160017967,n003036
e4s,pair_0644,0.052777,-0.017581,0.015458887442946434,n007743
e4s,pair_0645,0.090306,0.051862,0.08799408376216888,n005959
e4s,pair_0646,0.073602,0.049922,0.08903848379850388,n000724
e4s,pair_0647,0.026908,-0.045135,-0.004146989434957504,n001805
e4s,pair_0648,0.108587,0.028303,0.06580232083797455,n004278
e4s,pair_0649,0.019011,-0.028986,0.061369769275188446,n001644
e4s,pair_0650,-0.028162,0.011662,-0.023682765662670135,n003664
e4s,pair_0651,0.086911,0.044321,-0.03138039633631706,n006486
e4s,pair_0652,0.002483,0.052075,-0.0020987223833799362,n007116
e4s,pair_0653,0.018346,0.01425,-0.07443308085203171,n001734
e4s,pair_0654,0.060765,0.014818,0.12669065594673157,n003285
e4s,pair_0655,-0.046232,-0.007918,0.01886211894452572,n001320
e4s,pair_0656,-0.007079,-0.033078,-0.05417516827583313,n001647
e4s,pair_0657,0.115028,-0.042226,0.031963787972927094,n001371
e4s,pair_0658,0.010307,0.008329,0.021647322922945023,n005887
e4s,pair_0659,0.102904,0.015149,0.11086256802082062,n000902
e4s,pair_0660,0.121158,0.070762,0.13085739314556122,n005351
e4s,pair_0661,0.060261,0.023958,-0.0232231467962265,n003553
e4s,pair_0662,0.039537,0.03505,-0.0013920357450842857,n007308
e4s,pair_0663,-0.0172,-0.020642,-0.06568913161754608,n007663
e4s,pair_0664,0.041109,-0.002015,-0.0773136168718338,n005433
e4s,pair_0665,-0.017085,-0.038196,0.005706652998924255,n003253
e4s,pair_0666,0.087846,0.021517,0.10046710073947906,n008592
e4s,pair_0667,-0.048528,-0.000139,0.0012095794081687927,n005943
e4s,pair_0668,0.156703,-0.004533,0.018131017684936523,n008834
e4s,pair_0669,0.104199,0.039303,0.058335620909929276,n007103
e4s,pair_0670,-0.019749,0.017514,-0.0312637984752655,n007378
e4s,pair_0671,0.037241,0.107111,0.02036379650235176,n001388
e4s,pair_0672,0.04841,0.069554,0.11133799701929092,n000638
e4s,pair_0673,0.111074,0.027095,0.041545428335666656,n002727
e4s,pair_0674,0.040572,0.035698,0.004967545159161091,n003645
e4s,pair_0675,0.094322,0.062527,-0.0038504358381032944,n003609
e4s,pair_0676,0.041019,0.019861,0.012325364165008068,n001760
e4s,pair_0677,-0.034408,-0.037259,0.07641887664794922,n001097
e4s,pair_0678,0.065653,0.008369,0.0157649926841259,n007466
e4s,pair_0679,0.070468,0.008035,0.04661932960152626,n003269
e4s,pair_0680,0.108824,-0.068602,0.06293706595897675,n008114
e4s,pair_0681,0.017819,0.024993,0.016146652400493622,n000371
e4s,pair_0682,0.108279,-0.027383,-0.06870047748088837,n006898
e4s,pair_0683,0.061732,-0.0873,0.017323153093457222,n004428
e4s,pair_0684,0.055677,-0.008139,-0.07220526039600372,n005081
e4s,pair_0685,0.146667,-0.041958,0.08553926646709442,n001896
e4s,pair_0686,0.045735,-0.026379,0.09680753946304321,n001411
e4s,pair_0687,0.043482,-0.048566,0.08480517566204071,n007382
e4s,pair_0688,0.090677,0.036395,0.04914923384785652,n001235
e4s,pair_0689,0.091503,0.030959,0.032463572919368744,n001729
e4s,pair_0691,0.075954,-0.01681,-0.03062177635729313,n007366
e4s,pair_0692,-0.001593,0.060394,0.005552560556679964,n004142
e4s,pair_0693,0.073567,-0.055479,0.05100048705935478,n004455
e4s,pair_0694,0.046949,-0.04929,-0.012932387180626392,n000150
e4s,pair_0695,0.083508,-0.006258,0.07202650606632233,n007483
e4s,pair_0696,0.040005,0.022473,-0.004489775747060776,n001113
e4s,pair_0697,0.027631,-0.017674,-0.028021056205034256,n006270
e4s,pair_0698,0.052736,0.015778,0.048478350043296814,n005327
e4s,pair_0699,0.019335,-0.022545,0.036108873784542084,n007891
e4s,pair_0700,0.170198,-0.063998,-0.02445201203227043,n007515
e4s,pair_0701,0.012862,0.083919,0.005121935158967972,n004804
e4s,pair_0702,0.095041,-0.024693,0.0022046640515327454,n000737
e4s,pair_0703,0.05239,0.069273,-0.05460093170404434,n009224
e4s,pair_0704,0.15686,0.011718,0.10598648339509964,n001936
e4s,pair_0705,-0.007948,0.075744,0.043257687240839005,n002535
e4s,pair_0706,0.037274,0.086965,0.04828199744224548,n009150
e4s,pair_0707,-0.006204,-0.025103,-0.012610387988388538,n008104
e4s,pair_0708,0.087481,-0.037773,0.06304508447647095,n006850
e4s,pair_0709,0.054296,0.020182,0.07758450508117676,n005620
e4s,pair_0710,0.064433,0.049855,0.03267465531826019,n000205
e4s,pair_0711,0.084736,-0.064912,-0.058125466108322144,n001595
e4s,pair_0712,0.01353,-0.00232,-0.03018176183104515,n008444
e4s,pair_0713,0.040466,0.000839,0.02650093473494053,n000720
e4s,pair_0714,0.071544,0.031768,0.13176600635051727,n007105
e4s,pair_0715,0.041772,-0.001317,0.009146463125944138,n001579
e4s,pair_0716,0.065072,0.045878,-0.0011762036010622978,n005388
e4s,pair_0717,0.013578,0.130221,0.050799403339624405,n006847
e4s,pair_0718,0.038459,0.05499,0.08601893484592438,n008198
e4s,pair_0719,0.094528,0.08173,0.0033845221623778343,n004232
e4s,pair_0720,0.003942,0.054919,-0.023193489760160446,n000089
e4s,pair_0721,0.039169,-0.038521,0.05950022488832474,n008115
e4s,pair_0722,0.09083,0.000684,-0.013368945568799973,n001775
e4s,pair_0723,0.113074,-0.051219,0.008009586483240128,n001083
e4s,pair_0724,0.06793,0.013378,-0.00799637008458376,n004290
e4s,pair_0725,0.201304,0.005691,0.021917974576354027,n005807
e4s,pair_0726,-0.057369,-0.043452,-0.018932804465293884,n005102
e4s,pair_0727,0.072539,-0.015305,0.08044856786727905,n003262
e4s,pair_0728,0.071742,-0.054553,0.06871345639228821,n009027
e4s,pair_0729,-0.008687,0.054485,0.04675603285431862,n004600
e4s,pair_0730,0.102508,0.03544,0.001367323100566864,n004846
e4s,pair_0731,0.047562,0.025528,0.015468904748558998,n001159
e4s,pair_0732,0.067756,-0.08634,0.03463910520076752,n008692
e4s,pair_0733,-0.013975,-0.012325,-0.023967690765857697,n000150
e4s,pair_0735,0.176724,-0.05136,0.16323022544384003,n007086
e4s,pair_0736,0.095625,0.096843,-0.004068458452820778,n008431
e4s,pair_0737,0.025537,0.027143,-0.019775856286287308,n001662
e4s,pair_0738,-0.016876,0.04148,-0.014768613502383232,n007853
e4s,pair_0739,0.080171,0.054637,-0.06799688935279846,n008748
e4s,pair_0740,0.072234,0.000125,0.04021195322275162,n004184
e4s,pair_0741,-0.029645,0.054731,-0.08069981634616852,n008279
e4s,pair_0742,-0.01799,-0.014431,-0.07159340381622314,n008023
e4s,pair_0743,0.010069,0.064314,0.03173171728849411,n009053
e4s,pair_0744,-0.008694,0.096156,-0.03690147399902344,n004139
e4s,pair_0745,0.018991,-0.024115,0.007424220442771912,n002317
e4s,pair_0746,-0.052324,-0.012696,-0.08282207697629929,n000986
e4s,pair_0747,0.118225,-0.013705,0.10406437516212463,n001348
e4s,pair_0748,0.066654,-0.062136,-0.020909830927848816,n002671
e4s,pair_0749,0.008729,0.013671,0.003357257694005966,n007617
e4s,pair_0750,0.032345,-0.02159,0.0967993512749672,n003822
e4s,pair_0751,0.036486,0.03054,-0.08503135293722153,n004455
e4s,pair_0752,0.034545,-0.01527,-0.07665304839611053,n004356
e4s,pair_0753,0.010848,0.094133,0.0686807855963707,n003384
e4s,pair_0754,0.04822,0.058304,0.024853769689798355,n000024
e4s,pair_0755,0.028974,-0.000675,0.06195225566625595,n001345
e4s,pair_0756,0.022643,-0.021292,0.028700612485408783,n007202
e4s,pair_0757,0.056566,-0.080806,0.01330425776541233,n007826
e4s,pair_0758,0.032316,0.052245,0.053604092448949814,n002468
e4s,pair_0759,0.107927,-0.010431,-0.04628368839621544,n006538
e4s,pair_0760,0.062341,0.004775,-0.021995171904563904,n009107
e4s,pair_0761,0.018794,0.021107,0.02818172238767147,n002326
e4s,pair_0762,0.00448,0.037297,-0.05422503501176834,n005952
e4s,pair_0764,0.123937,0.001569,0.08185569941997528,n001207
e4s,pair_0765,0.069471,-0.008335,0.038742512464523315,n008285
e4s,pair_0766,-0.003266,0.066985,0.027259213849902153,n001906
e4s,pair_0767,0.069727,-0.007846,0.0038570649921894073,n006085
e4s,pair_0768,0.069763,0.00126,0.0954982191324234,n002138
e4s,pair_0769,0.117419,0.082598,0.011551798321306705,n003705
e4s,pair_0770,0.094926,0.009107,0.12929058074951172,n001714
e4s,pair_0771,-0.070991,0.008906,0.03279377147555351,n000400
e4s,pair_0772,-0.036951,-0.004765,-0.006351292133331299,n004667
e4s,pair_0773,0.083959,0.064291,-0.06784135103225708,n006481
e4s,pair_0774,0.070169,-0.047485,0.03918171301484108,n003334
e4s,pair_0775,0.088674,0.048045,0.11886151134967804,n001963
e4s,pair_0777,0.09204,0.054057,0.08250431716442108,n006630
e4s,pair_0778,0.140219,-0.080431,0.0916513055562973,n008288
e4s,pair_0779,0.121676,-0.021856,0.07771439850330353,n008955
e4s,pair_0780,0.046714,0.024539,-0.06978563219308853,n008052
e4s,pair_0781,0.087592,0.012488,0.01853809878230095,n003389
e4s,pair_0782,0.021458,0.055375,-0.03376283496618271,n006745
e4s,pair_0783,0.046256,-0.063195,0.006598588079214096,n002949
e4s,pair_0784,0.071664,-0.061262,-0.018179329112172127,n003523
e4s,pair_0785,-0.023647,0.073117,0.0689849704504013,n005590
e4s,pair_0786,0.023116,0.020641,0.07294580340385437,n007904
e4s,pair_0787,0.058244,0.024827,0.005886727012693882,n000513
e4s,pair_0788,-0.008803,-0.042316,0.030650317668914795,n001490
e4s,pair_0789,0.094283,0.052308,-0.015268877148628235,n008274
e4s,pair_0790,0.006778,0.074541,-0.03312340006232262,n001872
e4s,pair_0791,-0.005596,-0.046146,-0.02656811848282814,n007178
e4s,pair_0792,0.24092,-0.025778,0.08980870246887207,n006833
e4s,pair_0793,0.065735,-0.026511,0.04692668840289116,n007644
e4s,pair_0794,-0.003924,-0.013638,0.04729817062616348,n000166
e4s,pair_0795,0.112818,0.005069,0.04531188681721687,n001441
e4s,pair_0796,0.126614,-0.043891,0.06910712271928787,n006791
e4s,pair_0797,0.10764,-0.007589,0.07434937357902527,n007421
e4s,pair_0798,0.158591,0.108153,-0.017677944153547287,n000249
e4s,pair_0799,-0.087193,-0.001772,0.02101898193359375,n005392
e4s,pair_0800,0.057227,-0.018475,0.08639102429151535,n008612
e4s,pair_0801,0.056846,0.064906,0.0934704840183258,n004335
e4s,pair_0802,0.012177,0.010541,0.05568685755133629,n002227
e4s,pair_0804,0.051247,-0.041656,0.04196571558713913,n003076
e4s,pair_0805,0.060738,-0.051446,-0.07950171083211899,n008103
e4s,pair_0806,0.064105,-0.008706,0.06674188375473022,n005929
e4s,pair_0807,-0.015865,0.02203,0.03611493110656738,n002051
e4s,pair_0808,0.048873,-0.028268,0.022431902587413788,n004278
e4s,pair_0809,0.024211,0.022321,-0.06421192735433578,n005033
e4s,pair_0810,0.042577,-0.10069,-0.005375061184167862,n002120
e4s,pair_0811,0.00807,0.002097,0.03333510458469391,n006829
e4s,pair_0812,0.020125,-0.0442,0.01884286105632782,n000023
e4s,pair_0813,0.19029,0.02084,0.07443569600582123,n004145
e4s,pair_0814,0.108189,-0.00723,-0.029207421466708183,n000918
e4s,pair_0815,0.069225,0.000828,0.01983875408768654,n005153
e4s,pair_0816,0.074243,0.057065,-0.02178502455353737,n008767
e4s,pair_0817,0.077947,-0.036262,0.0498085655272007,n002006
e4s,pair_0818,0.201284,-0.01457,-0.015907354652881622,n002356
e4s,pair_0819,0.02868,0.050962,0.04491584748029709,n009277
e4s,pair_0820,0.08172,0.064647,0.024484504014253616,n004388
e4s,pair_0821,0.006945,-0.01655,-0.018127501010894775,n007304
e4s,pair_0822,0.031809,0.058668,0.06897706538438797,n005920
e4s,pair_0824,0.035467,0.034233,-0.004511086270213127,n002366
e4s,pair_0825,0.006314,0.075948,0.05040779337286949,n002427
e4s,pair_0826,0.034879,0.02499,0.056615300476551056,n006760
e4s,pair_0827,0.11832,0.026713,0.08244644105434418,n008967
e4s,pair_0828,-0.005749,0.032701,-0.06486648321151733,n005220
e4s,pair_0829,-0.004401,0.033248,0.020547982305288315,n003840
e4s,pair_0830,0.047494,0.019229,-0.06214781105518341,n007777
e4s,pair_0831,0.022879,0.030453,-0.01925021782517433,n008650
e4s,pair_0832,0.031157,-0.016283,-0.056554414331912994,n004056
e4s,pair_0833,0.039782,0.00629,0.008189909160137177,n006414
e4s,pair_0834,0.060347,-0.062154,0.07306405901908875,n004108
e4s,pair_0835,0.146481,-0.052889,-0.01678502932190895,n005275
e4s,pair_0836,0.031291,0.042932,0.10485434532165527,n007543
e4s,pair_0837,0.064487,0.0096,0.10984590649604797,n006566
e4s,pair_0838,0.043267,0.002536,-0.017261426895856857,n006798
e4s,pair_0839,0.033912,0.003778,0.028470061719417572,n002654
e4s,pair_0840,0.033701,0.028159,-0.002498728223145008,n006734
e4s,pair_0841,-0.031188,-0.012671,0.005932646803557873,n001034
e4s,pair_0842,0.108834,0.038446,0.1542852222919464,n002154
e4s,pair_0843,0.015002,-0.024828,-0.007435562089085579,n009011
e4s,pair_0845,0.05435,0.029196,-0.02028544805943966,n004014
e4s,pair_0846,0.004145,0.040237,-0.02692278102040291,n005247
e4s,pair_0847,0.004948,0.077854,-0.0042639365419745445,n001455
e4s,pair_0848,0.061397,-0.032038,-0.01634935289621353,n004144
e4s,pair_0849,0.076253,0.052469,0.03762747347354889,n004667
e4s,pair_0850,0.100933,-0.004059,-0.006387230008840561,n006350
e4s,pair_0851,0.085667,0.005949,0.007384628057479858,n005050
e4s,pair_0852,0.060472,0.013231,-0.016195200383663177,n004726
e4s,pair_0853,0.084119,0.030268,0.019381823018193245,n001715
e4s,pair_0854,-0.024198,-0.074377,0.06367787718772888,n007376
e4s,pair_0855,0.081665,0.069013,0.04764794558286667,n005244
e4s,pair_0856,-0.042164,-0.032398,0.006137029267847538,n007730
e4s,pair_0857,0.002031,0.013356,0.025129221379756927,n003617
e4s,pair_0858,0.125798,-0.004263,0.0769854485988617,n004639
e4s,pair_0859,0.053689,-0.034649,0.039611827582120895,n007398
e4s,pair_0860,-0.005354,0.016714,0.048533376306295395,n006963
e4s,pair_0861,0.02633,0.001362,0.010049174539744854,n003601
e4s,pair_0862,-0.038329,0.053463,-0.05429309606552124,n002586
e4s,pair_0863,0.0081,-0.014933,0.020198773592710495,n004358
e4s,pair_0864,0.050519,0.024629,-0.002223469316959381,n005503
e4s,pair_0865,0.071088,-0.029383,-0.013479931280016899,n004237
e4s,pair_0866,0.019324,-0.061593,0.01913003996014595,n004804
e4s,pair_0867,0.122306,0.002412,0.008553186431527138,n001825
e4s,pair_0868,0.054074,-0.00054,0.043058477342128754,n001726
e4s,pair_0869,0.083244,-0.020555,-0.010423284024000168,n007663
e4s,pair_0870,0.09462,-0.005766,0.10918189585208893,n000829
e4s,pair_0871,0.049591,-0.013476,0.08051607012748718,n007384
e4s,pair_0872,0.063671,0.027411,0.047346651554107666,n007801
e4s,pair_0873,0.11264,0.009497,0.01990513503551483,n000249
e4s,pair_0874,0.100057,0.062806,0.08032044768333435,n007862
e4s,pair_0875,0.051222,-0.013185,0.008339948952198029,n003910
e4s,pair_0876,0.020086,0.012095,0.012720001861453056,n005257
e4s,pair_0877,0.011504,0.106369,0.005547629669308662,n009039
e4s,pair_0878,0.014446,-0.054131,0.0011380710639059544,n007330
e4s,pair_0879,0.04362,0.055976,0.017299819737672806,n006096
e4s,pair_0880,0.063288,-0.049587,0.052351124584674835,n000430
e4s,pair_0881,0.009908,-0.006793,-0.009018674492835999,n005329
e4s,pair_0882,0.011323,-0.033614,0.05240901932120323,n003639
e4s,pair_0883,0.013207,0.038893,0.025754105299711227,n001876
e4s,pair_0884,0.054383,-0.0597,-0.008153045549988747,n004433
e4s,pair_0885,-0.003162,0.00212,0.03216266632080078,n006152
e4s,pair_0886,0.134435,-0.024849,-0.051182519644498825,n009150
e4s,pair_0887,0.051507,-0.051648,0.06768128275871277,n008688
e4s,pair_0889,0.100921,-0.008136,0.04628670588135719,n006099
e4s,pair_0890,0.223482,0.024226,-0.026568347588181496,n000590
e4s,pair_0891,0.089524,0.02625,0.0954035222530365,n008396
e4s,pair_0892,0.079798,0.019351,0.10571901500225067,n001434
e4s,pair_0893,0.116984,0.102717,-0.02691163495182991,n008279
e4s,pair_0894,0.132511,-0.004309,-0.014625044539570808,n004825
e4s,pair_0896,0.058239,-0.029968,0.03534039482474327,n005718
e4s,pair_0897,0.068698,0.036706,0.030962586402893066,n004940
e4s,pair_0898,0.082405,0.006573,0.12465867400169373,n009025
e4s,pair_0899,0.064753,0.00112,0.06390133500099182,n001164
e4s,pair_0900,0.048902,0.034467,0.03583621233701706,n006795
e4s,pair_0901,0.028275,0.004687,0.075557179749012,n008193
e4s,pair_0902,0.031735,-0.029473,0.018118932843208313,n002744
e4s,pair_0903,0.079292,-0.044855,-0.0003348570317029953,n000793
e4s,pair_0904,0.014512,-0.026959,0.04088222235441208,n000099
e4s,pair_0905,0.030081,0.017689,-0.015647724270820618,n003521
e4s,pair_0906,0.01488,0.023197,0.00010093254968523979,n001405
e4s,pair_0907,0.09672,0.028052,0.08246859908103943,n000701
e4s,pair_0908,-0.036768,0.044959,0.018785130232572556,n003828
e4s,pair_0909,0.098322,-0.027279,-0.0166341383010149,n001490
e4s,pair_0910,0.044546,-0.025233,-0.0035575218498706818,n007204
e4s,pair_0911,0.01643,0.027545,0.05477132648229599,n004703
e4s,pair_0912,0.079105,-0.007941,0.01385012362152338,n003328
e4s,pair_0913,0.067072,-0.111081,0.03678459674119949,n004864
e4s,pair_0914,0.058719,-0.010029,0.07176230847835541,n009065
e4s,pair_0915,0.002955,0.018592,0.035872701555490494,n007229
e4s,pair_0916,0.080606,-0.042377,0.051596496254205704,n005354
e4s,pair_0918,-0.040941,0.0991,0.11099767684936523,n007910
e4s,pair_0919,0.027991,0.018178,-0.019923174753785133,n007247
e4s,pair_0920,0.098531,0.014887,0.06040972098708153,n004760
e4s,pair_0921,0.012821,0.010295,-0.004650742746889591,n002537
e4s,pair_0922,-0.023189,0.026326,-0.0003634747117757797,n008239
e4s,pair_0923,0.046429,-0.037453,-0.0028902338817715645,n001111
e4s,pair_0924,0.046623,-0.034505,0.00781618058681488,n006304
e4s,pair_0925,0.063155,0.000705,0.03467390686273575,n007486
e4s,pair_0926,0.057207,0.055348,0.03854479268193245,n002670
e4s,pair_0927,0.063471,-0.075049,-0.0019353190436959267,n004159
e4s,pair_0928,0.090607,-0.033796,0.017164789140224457,n002288
e4s,pair_0929,0.019658,-0.039904,-0.024907588958740234,n006450
e4s,pair_0930,0.021217,0.029711,-0.03820684179663658,n003254
e4s,pair_0932,0.043942,0.057965,0.017010655254125595,n000089
e4s,pair_0933,0.060911,0.034265,-0.012229783460497856,n003253
e4s,pair_0934,0.082521,-0.027267,0.038448259234428406,n007981
e4s,pair_0935,-0.04186,-0.040756,-0.02671116590499878,n004656
e4s,pair_0936,0.019045,-0.034424,0.004915304481983185,n009073
e4s,pair_0937,-0.00681,0.033563,0.03960776701569557,n009191
e4s,pair_0938,-0.007568,0.016341,0.0588444285094738,n004592
e4s,pair_0939,0.085513,0.025629,-0.041991330683231354,n000339
e4s,pair_0940,0.035558,0.032995,-0.027126258239150047,n005712
e4s,pair_0941,0.01471,-0.007535,0.015615342184901237,n004737
e4s,pair_0942,0.033348,0.035883,-0.010603969916701317,n004596
e4s,pair_0943,-0.005829,-0.002999,0.03308875858783722,n007778
e4s,pair_0944,0.018754,-0.032259,0.05040000379085541,n005339
e4s,pair_0945,0.058055,0.015151,0.05396396294236183,n004775
e4s,pair_0946,0.055239,-0.02907,0.03938709944486618,n006716
e4s,pair_0947,0.078079,-0.00339,0.013882869854569435,n008432
e4s,pair_0948,0.111943,0.005013,0.01351458765566349,n005302
e4s,pair_0949,0.016653,-0.036276,-0.005316600203514099,n009263
e4s,pair_0950,0.069081,-0.003425,0.025168947875499725,n007770
e4s,pair_0951,0.157355,-0.014691,0.06886892765760422,n005533
e4s,pair_0952,0.04592,0.041381,-0.05694405734539032,n003086
e4s,pair_0953,0.144009,-0.023776,0.047241389751434326,n001953
e4s,pair_0954,-0.004914,-0.043409,0.01162743754684925,n001428
e4s,pair_0955,0.062465,0.03065,0.03223768621683121,n002194
e4s,pair_0956,0.098025,-0.064923,0.0785372331738472,n001223
e4s,pair_0958,-0.053458,-0.050136,-0.027660401538014412,n005283
e4s,pair_0959,0.043127,0.058193,0.04026241600513458,n006362
e4s,pair_0960,0.055013,0.00056,-0.00016031507402658463,n001884
e4s,pair_0961,0.085774,0.055334,-0.007173664402216673,n003510
e4s,pair_0962,0.093592,0.045418,0.09666279703378677,n003927
e4s,pair_0963,-0.063598,0.061664,0.004477126523852348,n007501
e4s,pair_0964,0.031769,-0.011375,0.02511824294924736,n007464
e4s,pair_0965,-8e-06,0.013293,-0.07541202753782272,n004349
e4s,pair_0966,0.101482,-0.031227,0.06706105172634125,n001757
e4s,pair_0967,0.122874,-0.125353,0.0072953542694449425,n000299
e4s,pair_0968,0.037025,0.013468,0.02323492430150509,n008549
e4s,pair_0969,0.106102,-0.004875,0.07442452758550644,n008967
e4s,pair_0970,0.072215,0.024871,0.07608017325401306,n006346
e4s,pair_0971,0.049237,-0.008573,0.0737752914428711,n008282
e4s,pair_0972,0.027464,-0.034943,0.05156676843762398,n001727
e4s,pair_0973,0.031161,0.040269,-0.03266957402229309,n003988
e4s,pair_0974,-0.009828,-0.018734,-0.008008401840925217,n002747
e4s,pair_0975,0.040213,0.051901,-0.01896076835691929,n007464
e4s,pair_0977,0.058718,0.038354,0.043496567755937576,n006791
e4s,pair_0978,-0.011514,0.026101,-0.029529104009270668,n007326
e4s,pair_0979,0.047341,0.023729,0.008820482529699802,n003097
e4s,pair_0981,0.0271,-0.032395,0.042081691324710846,n001790
e4s,pair_0982,0.031467,0.066624,0.08182865381240845,n002548
e4s,pair_0983,0.083536,0.051805,0.12015506625175476,n004708
e4s,pair_0984,0.159177,0.010825,0.0641133040189743,n002937
e4s,pair_0985,-0.036588,-0.024305,0.01645006611943245,n004430
e4s,pair_0986,0.056637,-0.034536,0.02955138124525547,n005889
e4s,pair_0987,-0.029908,0.034914,0.03100329451262951,n002850
e4s,pair_0988,0.019593,0.001559,0.018274378031492233,n002240
e4s,pair_0989,0.006328,0.046654,-0.03835597634315491,n003492
e4s,pair_0990,0.072913,0.043109,0.12320476770401001,n005971
e4s,pair_0991,0.061159,0.063759,-0.025232158601284027,n001428
e4s,pair_0992,0.190535,-0.036396,0.005840709432959557,n003078
e4s,pair_0993,-0.017397,-0.083,0.004860522225499153,n008115
e4s,pair_0994,0.025723,0.008528,0.027769725769758224,n002582
e4s,pair_0995,-0.030708,0.001189,0.002077631652355194,n006187
e4s,pair_0996,-0.023456,-0.067581,-0.007217228412628174,n002872
e4s,pair_0997,0.009085,-0.000929,0.051961250603199005,n004647
e4s,pair_0998,0.003041,-0.076741,-0.01860949397087097,n003484
e4s,pair_0999,-0.022515,0.072749,-0.037848204374313354,n007167
facefusion,pair_0000,0.166009,-0.003804,-0.007947850041091442,n000354
facefusion,pair_0001,0.172042,0.047874,0.04491827264428139,n005714
facefusion,pair_0002,0.088425,0.000258,-0.05400518700480461,n000804
facefusion,pair_0003,0.592686,0.016905,0.18638744950294495,n008833
facefusion,pair_0004,0.243283,0.105642,0.051166683435440063,n008995
facefusion,pair_0005,0.046995,0.019494,-0.012830479070544243,n002675
facefusion,pair_0006,0.110413,0.014252,0.1491922289133072,n003853
facefusion,pair_0007,0.110776,0.021885,0.12237793952226639,n000714
facefusion,pair_0008,0.108066,0.060664,0.03698042035102844,n003491
facefusion,pair_0009,0.064429,0.003829,-0.031960926949977875,n002679
facefusion,pair_0010,0.057427,-0.024854,0.01911124959588051,n005251
facefusion,pair_0011,0.121645,0.053004,0.07282651215791702,n007238
facefusion,pair_0012,0.088964,0.039613,0.020225267857313156,n004170
facefusion,pair_0013,0.076318,-0.014319,0.0427667498588562,n003151
facefusion,pair_0014,0.108323,0.036685,0.03818663954734802,n006263
facefusion,pair_0015,0.10234,-0.012627,-0.020826801657676697,n000309
facefusion,pair_0016,0.083716,-0.01192,-0.017100544646382332,n001417
facefusion,pair_0017,0.126167,-0.013667,0.03134606033563614,n000758
facefusion,pair_0018,0.086608,0.006923,0.029132165014743805,n001228
facefusion,pair_0019,0.085876,0.030646,0.047412458807229996,n007576
facefusion,pair_0020,0.035497,0.016006,-0.026445815339684486,n007948
facefusion,pair_0021,0.164888,-0.005193,0.011502878740429878,n002193
facefusion,pair_0022,0.07139,0.013766,0.05351216346025467,n000581
facefusion,pair_0023,0.101655,-0.014788,0.009718215093016624,n008767
facefusion,pair_0024,0.022906,-0.015925,0.0010775290429592133,n003129
facefusion,pair_0025,0.079878,-0.069896,0.034566376358270645,n004825
facefusion,pair_0026,0.140084,-0.004068,0.08788120001554489,n002191
facefusion,pair_0027,0.057783,0.075981,0.031559646129608154,n008612
facefusion,pair_0028,0.25442,-0.01662,0.03411504626274109,n002034
facefusion,pair_0030,0.094688,0.058914,0.004635413642972708,n003482
facefusion,pair_0031,0.131314,0.009138,0.07533040642738342,n004847
facefusion,pair_0032,0.086015,-0.079004,0.06454835832118988,n005502
facefusion,pair_0033,0.1718,0.01074,0.027784567326307297,n003615
facefusion,pair_0034,0.142899,0.002265,0.03502827137708664,n003462
facefusion,pair_0035,0.132851,0.02543,0.05445373058319092,n006552
facefusion,pair_0036,0.087772,0.045855,0.03140535205602646,n006991
facefusion,pair_0038,0.072682,0.066525,0.01935613341629505,n000598
facefusion,pair_0039,0.070928,0.000935,0.08043934404850006,n000539
facefusion,pair_0040,0.033395,-0.015794,0.028693202883005142,n001448
facefusion,pair_0041,0.050123,0.078755,0.05952659249305725,n005477
facefusion,pair_0042,-0.021359,-0.015675,0.019089579582214355,n000541
facefusion,pair_0043,0.107276,0.01005,0.03131704404950142,n003808
facefusion,pair_0044,-0.011828,0.09165,-0.023005904629826546,n001742
facefusion,pair_0045,0.168596,0.040954,0.1342330276966095,n008062
facefusion,pair_0046,0.052814,0.011911,0.043379418551921844,n004942
facefusion,pair_0047,0.070849,-0.023063,0.07727839052677155,n006932
facefusion,pair_0048,0.105808,-0.051532,0.09577757120132446,n006124
facefusion,pair_0049,0.093898,0.030415,-0.015186401084065437,n002072
facefusion,pair_0050,0.070863,-0.008373,-0.026302171871066093,n007537
facefusion,pair_0051,0.04659,-0.014546,-0.032848842442035675,n005803
facefusion,pair_0052,0.208942,0.064227,0.09963026642799377,n008365
facefusion,pair_0053,0.019691,0.032608,-0.004762011580169201,n001060
facefusion,pair_0054,0.317514,0.040502,0.0506153330206871,n000792
facefusion,pair_0055,0.138203,-0.024044,0.007972674444317818,n001594
facefusion,pair_0056,0.110966,0.002257,0.021959669888019562,n004428
facefusion,pair_0057,0.113949,-0.061078,-0.029879864305257797,n007009
facefusion,pair_0058,0.139406,-0.014387,-0.033567242324352264,n003428
facefusion,pair_0059,0.039799,0.086538,0.0399344339966774,n005981
facefusion,pair_0060,0.163854,-0.004526,0.08977386355400085,n002779
facefusion,pair_0061,0.182499,0.003933,0.005729906260967255,n006989
facefusion,pair_0062,0.065173,-0.025715,-0.028023745864629745,n000092
facefusion,pair_0063,0.026951,0.055702,0.0480845607817173,n001945
facefusion,pair_0064,0.173191,-0.025904,0.026115503162145615,n004330
facefusion,pair_0065,0.092768,-0.025334,0.01962357573211193,n005191
facefusion,pair_0066,0.080986,0.011757,0.033013034611940384,n005941
facefusion,pair_0067,0.288371,-0.003065,0.021274354308843613,n007849
facefusion,pair_0068,0.133619,-0.014947,0.03631780296564102,n007995
facefusion,pair_0069,0.023741,-0.029754,0.028454184532165527,n007304
facefusion,pair_0070,0.177772,-0.075403,-0.015899674966931343,n008023
facefusion,pair_0071,0.069392,-0.078068,0.01897534728050232,n004535
facefusion,pair_0072,0.081221,-0.003301,0.0934334546327591,n002727
facefusion,pair_0073,0.058443,0.062855,0.037626948207616806,n002098
facefusion,pair_0074,0.151468,0.011904,0.040120579302310944,n006672
facefusion,pair_0075,0.057451,-0.082679,-0.0131625235080719,n002676
facefusion,pair_0076,-0.002908,0.009958,0.05894497036933899,n003684
facefusion,pair_0077,0.052488,-0.104435,0.004206502810120583,n000223
facefusion,pair_0078,0.024428,-0.020299,-0.059754014015197754,n001718
facefusion,pair_0079,0.149863,-0.050472,0.04240294545888901,n001856
facefusion,pair_0080,0.135612,0.096475,0.0964626744389534,n004250
facefusion,pair_0081,0.142495,0.060028,0.025362541899085045,n000687
facefusion,pair_0082,0.040121,0.044747,0.0745486468076706,n001871
facefusion,pair_0083,0.097689,0.00575,0.01886415109038353,n003190
facefusion,pair_0084,0.025458,-0.080676,0.0390574187040329,n005318
facefusion,pair_0085,0.065496,-0.023195,0.023941827937960625,n000807
facefusion,pair_0086,0.117261,0.036811,0.12443900108337402,n003860
facefusion,pair_0087,0.105898,0.038997,0.05024174600839615,n006932
facefusion,pair_0088,0.099686,-0.021125,0.1186034083366394,n001394
facefusion,pair_0089,0.081994,-0.024854,0.03191276639699936,n000661
facefusion,pair_0091,0.124522,-0.024664,0.032363928854465485,n004111
facefusion,pair_0092,0.035077,-0.016624,0.00394069217145443,n000652
facefusion,pair_0093,-0.042515,0.008881,-0.018683843314647675,n005628
facefusion,pair_0094,0.08588,-0.021229,0.06127059459686279,n003307
facefusion,pair_0096,0.052173,0.003521,0.051772262901067734,n003266
facefusion,pair_0097,0.094017,0.060729,0.04873836785554886,n001323
facefusion,pair_0098,0.081958,0.054548,0.06293416023254395,n004888
facefusion,pair_0099,0.255231,0.03502,0.06034797057509422,n006359
facefusion,pair_0100,0.095885,0.004722,0.03770202025771141,n001557
facefusion,pair_0101,0.145579,0.000118,0.049928322434425354,n001521
facefusion,pair_0102,0.185997,-0.044142,0.06664112210273743,n006047
facefusion,pair_0103,0.008101,-0.036769,0.021577171981334686,n003947
facefusion,pair_0104,0.019865,-0.04422,0.0028229989111423492,n000164
facefusion,pair_0105,0.201432,0.050216,0.12517790496349335,n000663
facefusion,pair_0106,0.0848,0.093367,-0.002406785264611244,n000843
facefusion,pair_0107,0.028154,-0.057824,0.04316046088933945,n008023
facefusion,pair_0108,0.024039,0.067435,0.05082874745130539,n007551
facefusion,pair_0109,0.082212,0.012986,0.04867824912071228,n006771
facefusion,pair_0110,0.106118,0.01608,0.0962187796831131,n003542
facefusion,pair_0111,0.112087,-0.014999,0.030100345611572266,n008218
facefusion,pair_0112,0.109393,-0.035992,0.011351451277732849,n004623
facefusion,pair_0113,0.086212,-0.01393,-0.02208956517279148,n004125
facefusion,pair_0114,0.071056,0.012004,0.07526157051324844,n006434
facefusion,pair_0115,0.04728,0.001562,0.02005722001194954,n000565
facefusion,pair_0116,0.023044,0.017196,0.02939492091536522,n006126
facefusion,pair_0117,0.106238,-0.021979,-0.06925593316555023,n003127
facefusion,pair_0118,0.124374,0.035684,0.06697685271501541,n002240
facefusion,pair_0119,0.138523,-0.001312,0.09250260889530182,n003120
facefusion,pair_0120,-0.017109,0.053524,0.07343924045562744,n006323
facefusion,pair_0121,0.079595,-0.014321,0.008289787918329239,n004929
facefusion,pair_0122,0.040759,0.072451,0.026084668934345245,n000852
facefusion,pair_0124,0.051936,0.059417,0.007278719916939735,n006222
facefusion,pair_0126,-0.029679,-0.029341,0.08730094134807587,n001947
facefusion,pair_0127,0.040705,0.013895,0.05173483490943909,n008551
facefusion,pair_0128,0.041149,-0.038049,0.06898250430822372,n000337
facefusion,pair_0129,0.051206,-0.06929,0.02612820640206337,n004667
facefusion,pair_0130,0.073469,-0.004411,0.08774358034133911,n002932
facefusion,pair_0132,0.018981,0.073378,0.041412971913814545,n001544
facefusion,pair_0133,-0.02093,0.002488,0.03952935338020325,n008161
facefusion,pair_0134,0.067704,-0.012465,-0.009321724064648151,n004435
facefusion,pair_0135,0.184174,0.05018,0.06435565650463104,n003185
facefusion,pair_0136,0.151072,-0.015042,-0.03881354629993439,n003252
facefusion,pair_0137,0.050623,0.027116,0.12805336713790894,n005141
facefusion,pair_0138,-0.033664,0.012409,0.10208627581596375,n005255
facefusion,pair_0139,0.164201,-0.015778,-0.009789224714040756,n008274
facefusion,pair_0140,0.514143,0.048303,0.1979561597108841,n000894
facefusion,pair_0141,0.092162,0.018624,-0.023832131177186966,n008808
facefusion,pair_0142,0.041225,-0.014837,0.016222182661294937,n005133
facefusion,pair_0143,0.002156,-0.016371,0.051301389932632446,n008236
facefusion,pair_0145,0.087726,-0.035054,0.020546602085232735,n008248
facefusion,pair_0146,0.045277,-0.01451,0.01941189169883728,n001083
facefusion,pair_0147,0.136348,0.011708,-0.026441965252161026,n004708
facefusion,pair_0148,0.158699,-0.014425,0.04306553304195404,n001331
facefusion,pair_0149,0.12806,0.005961,0.07884877920150757,n002712
facefusion,pair_0150,0.045906,0.043697,-0.008345089852809906,n005789
facefusion,pair_0151,0.232956,0.137838,0.04832372069358826,n006494
facefusion,pair_0152,0.014456,-0.063514,-0.0998321995139122,n000443
facefusion,pair_0153,0.136646,0.019738,0.013670398853719234,n000847
facefusion,pair_0154,0.141459,-0.090769,0.06532536447048187,n001602
facefusion,pair_0155,0.057159,-0.011316,0.01641491800546646,n004457
facefusion,pair_0156,0.068611,-0.023913,-0.02795584127306938,n007486
facefusion,pair_0157,0.11146,0.016197,0.03356607258319855,n001419
facefusion,pair_0158,0.065441,0.024604,0.14117437601089478,n001424
facefusion,pair_0159,0.048717,0.045465,0.024907220155000687,n008230
facefusion,pair_0161,0.048008,0.006777,-0.09009989351034164,n003267
facefusion,pair_0162,0.1704,-0.072247,0.03486298397183418,n005556
facefusion,pair_0163,0.02468,0.000151,-0.03550196811556816,n003745
facefusion,pair_0164,-0.070044,-0.142309,0.04139828681945801,n003360
facefusion,pair_0165,0.053351,-0.006712,0.012777266092598438,n008115
facefusion,pair_0166,0.089116,0.037184,0.11921391636133194,n004457
facefusion,pair_0167,0.229801,0.028287,-0.004909243434667587,n007499
facefusion,pair_0168,0.107565,0.000524,0.024106580764055252,n005651
facefusion,pair_0169,0.223045,0.065467,0.07089695334434509,n001246
facefusion,pair_0170,0.096418,0.00504,0.020238395780324936,n006501
facefusion,pair_0171,0.004788,-0.013646,0.037129081785678864,n001349
facefusion,pair_0172,0.051985,-0.03631,0.0596560575067997,n006620
facefusion,pair_0173,0.129916,-0.013786,0.05089390277862549,n004622
facefusion,pair_0174,0.060689,-0.028462,0.08714953064918518,n000298
facefusion,pair_0175,0.058108,-0.037614,2.334360033273697e-05,n002479
facefusion,pair_0176,0.103276,-0.004475,0.023644234985113144,n001999
facefusion,pair_0177,0.18745,0.084985,0.06062314286828041,n000686
facefusion,pair_0178,0.095773,-0.01829,-0.016201728954911232,n005638
facefusion,pair_0179,0.067269,0.115847,0.034955792129039764,n003561
facefusion,pair_0180,0.071705,0.046309,-0.02354222536087036,n004908
facefusion,pair_0181,0.166991,-0.021785,0.04132029414176941,n000714
facefusion,pair_0182,0.120134,-0.031302,0.04479344189167023,n005710
facefusion,pair_0183,0.115474,0.0154,0.0346311517059803,n005160
facefusion,pair_0184,0.038142,0.026656,0.0012807287275791168,n004926
facefusion,pair_0185,0.058403,0.050564,0.047884002327919006,n005600
facefusion,pair_0186,0.110795,-0.011454,0.07975298166275024,n007901
facefusion,pair_0187,-0.046489,0.012475,0.04470917582511902,n006085
facefusion,pair_0188,0.054388,0.061083,0.07884730398654938,n006316
facefusion,pair_0189,0.090253,0.037464,0.010457031428813934,n002463
facefusion,pair_0190,-0.012712,0.051552,0.09561607241630554,n000810
facefusion,pair_0191,0.095823,-0.000229,0.1269674301147461,n000781
facefusion,pair_0192,0.099262,0.034017,0.058631472289562225,n003821
facefusion,pair_0193,0.073851,-0.028659,-2.584606409072876e-05,n004839
facefusion,pair_0194,0.134267,0.100439,0.07398934662342072,n003661
facefusion,pair_0195,0.074118,0.161805,0.017688218504190445,n007677
facefusion,pair_0196,0.108386,-0.064851,0.06406180560588837,n006498
facefusion,pair_0197,0.068576,0.00947,0.05962651968002319,n007051
facefusion,pair_0198,0.102398,0.073127,0.032800931483507156,n007376
facefusion,pair_0199,0.030118,-0.036237,0.038396209478378296,n004983
facefusion,pair_0200,0.055135,-0.023789,0.06495928019285202,n008177
facefusion,pair_0201,0.094902,0.056886,0.043958693742752075,n007009
facefusion,pair_0202,0.066423,-0.067611,0.05434240400791168,n001695
facefusion,pair_0205,0.083857,-0.004608,0.046723779290914536,n002101
facefusion,pair_0207,0.107882,-0.014023,0.03925353288650513,n003776
facefusion,pair_0208,0.08458,0.003289,0.0742027685046196,n007952
facefusion,pair_0210,0.135975,-0.037485,0.10579153150320053,n006836
facefusion,pair_0211,0.121035,-0.032826,0.04510026425123215,n007336
facefusion,pair_0212,0.107068,0.002419,0.05487864464521408,n002374
facefusion,pair_0213,0.228573,-0.002714,0.05963609367609024,n003237
facefusion,pair_0214,0.104459,0.002526,-0.005787815898656845,n004489
facefusion,pair_0216,0.112004,0.011305,-0.01324625127017498,n004452
facefusion,pair_0217,0.067258,-0.009123,0.017172329127788544,n007128
facefusion,pair_0218,0.040608,0.018353,-0.010076260194182396,n007071
facefusion,pair_0219,0.249291,-0.020118,0.060349881649017334,n003730
facefusion,pair_0220,0.156198,-0.036863,0.0675152912735939,n004216
facefusion,pair_0221,0.08343,-0.008516,0.004702662117779255,n008631
facefusion,pair_0222,0.067297,0.028648,0.021239977329969406,n002055
facefusion,pair_0223,0.174884,0.110709,0.015583083033561707,n002141
facefusion,pair_0224,0.056762,0.00496,0.009683835320174694,n003993
facefusion,pair_0225,0.145302,0.013899,0.03360441327095032,n003507
facefusion,pair_0226,0.023827,0.139196,0.004159092903137207,n002727
facefusion,pair_0227,0.049321,0.13309,0.07092293351888657,n007464
facefusion,pair_0228,0.158623,0.048304,-0.08487927168607712,n006137
facefusion,pair_0229,0.059121,-0.039848,0.0056905378587543964,n008598
facefusion,pair_0230,0.100879,-0.04185,-0.04019223153591156,n006445
facefusion,pair_0231,0.063839,0.047565,0.026420552283525467,n002643
facefusion,pair_0234,0.052811,-0.004178,0.0179560836404562,n005855
facefusion,pair_0235,0.064084,0.005856,0.04507381096482277,n002148
facefusion,pair_0236,0.078347,0.017627,0.03666314855217934,n000416
facefusion,pair_0237,0.036774,-0.003805,0.04332101345062256,n002460
facefusion,pair_0238,0.065026,-0.039271,-0.02670605480670929,n000648
facefusion,pair_0239,0.085017,0.006853,-0.012556735426187515,n002557
facefusion,pair_0240,0.016331,-0.040663,-0.031948987394571304,n006525
facefusion,pair_0241,0.093874,-0.068546,-0.003927355166524649,n001656
facefusion,pair_0242,0.116962,0.042734,0.029305582866072655,n008941
facefusion,pair_0243,0.062839,-0.002753,0.1084076464176178,n007838
facefusion,pair_0244,0.018855,0.023113,-0.08288450539112091,n005535
facefusion,pair_0245,0.100406,-0.006061,0.07450183480978012,n005606
facefusion,pair_0246,0.019607,0.029878,0.011595606803894043,n000035
facefusion,pair_0247,0.086245,-0.006227,-0.007661744020879269,n001447
facefusion,pair_0248,0.139383,-0.048186,0.019796190783381462,n003178
facefusion,pair_0249,0.091289,0.060855,-0.0028982521034777164,n002551
facefusion,pair_0251,0.151759,-0.033376,0.022252533584833145,n006014
facefusion,pair_0252,0.032631,0.038524,0.03429507464170456,n000579
facefusion,pair_0253,0.181021,0.032932,0.050891466438770294,n006398
facefusion,pair_0254,0.101915,0.017761,0.0423298142850399,n001024
facefusion,pair_0255,0.033065,-0.031504,0.03174421936273575,n001458
facefusion,pair_0256,0.138081,0.078054,0.021636340767145157,n008867
facefusion,pair_0257,0.169092,-0.016927,0.06441571563482285,n004772
facefusion,pair_0258,0.120388,0.070623,0.002363976091146469,n003951
facefusion,pair_0259,0.072566,-0.01409,-0.016670644283294678,n002786
facefusion,pair_0261,0.129824,-0.012828,0.07236617058515549,n005212
facefusion,pair_0262,0.084477,0.034504,0.010596058331429958,n005264
facefusion,pair_0263,-0.015939,-0.012242,-0.006322323810309172,n001405
facefusion,pair_0264,0.076561,0.065092,0.09572766721248627,n000123
facefusion,pair_0265,0.081959,-0.02025,0.010991823859512806,n006791
facefusion,pair_0266,0.069594,-0.015622,0.017949935048818588,n000016
facefusion,pair_0267,0.138909,-0.021613,0.04588840901851654,n003935
facefusion,pair_0268,0.030051,-0.017015,0.038365982472896576,n004767
facefusion,pair_0269,0.024196,0.053636,0.05132445693016052,n005628
facefusion,pair_0270,0.118196,-0.031124,0.02569565549492836,n001262
facefusion,pair_0271,0.170186,0.016738,0.08640031516551971,n007958
facefusion,pair_0272,0.147325,0.034356,0.0033560381270945072,n003322
facefusion,pair_0273,0.126304,-0.048109,0.009416106157004833,n007679
facefusion,pair_0274,0.18933,0.013235,0.1000540480017662,n001511
facefusion,pair_0275,0.115754,0.074039,0.023826325312256813,n003619
facefusion,pair_0276,0.206228,-0.043246,-0.018375463783740997,n004105
facefusion,pair_0277,0.130045,0.050503,0.044566381722688675,n006738
facefusion,pair_0278,0.025677,-0.027074,0.050263434648513794,n001537
facefusion,pair_0279,0.071411,0.06424,-0.009338295087218285,n003033
facefusion,pair_0280,0.156273,0.042549,-0.030116824433207512,n003895
facefusion,pair_0281,0.031033,0.065922,0.06674962490797043,n000656
facefusion,pair_0282,0.006349,0.103113,0.01784241944551468,n006962
facefusion,pair_0283,0.133745,0.097005,-0.008799798786640167,n007115
facefusion,pair_0284,0.095628,-0.01948,0.04942823201417923,n004216
facefusion,pair_0285,0.126989,0.057696,0.03545800969004631,n004435
facefusion,pair_0286,0.13789,0.011867,-0.05340709164738655,n000745
facefusion,pair_0287,0.082934,-0.019561,0.09905242919921875,n007421
facefusion,pair_0288,0.05093,-0.014643,-0.006164940074086189,n008193
facefusion,pair_0289,0.081472,0.109443,0.029436612501740456,n002262
facefusion,pair_0290,-0.019332,-0.014159,-0.028864476829767227,n006406
facefusion,pair_0291,0.148969,0.075785,0.033219095319509506,n005152
facefusion,pair_0292,0.10186,0.008569,0.045444950461387634,n001856
facefusion,pair_0293,0.057818,-0.042518,0.00550694577395916,n007942
facefusion,pair_0294,0.058045,0.017367,0.0107194222509861,n002193
facefusion,pair_0295,0.074219,-0.025743,0.020212512463331223,n000559
facefusion,pair_0296,0.106282,0.006785,0.029173221439123154,n007365
facefusion,pair_0297,0.073921,0.002398,0.08528347313404083,n000227
facefusion,pair_0298,0.012099,0.049004,0.04448680579662323,n000722
facefusion,pair_0299,0.111191,-0.042183,0.015817435458302498,n003273
facefusion,pair_0300,0.056136,-0.007474,-0.0519019179046154,n002990
facefusion,pair_0302,0.056895,-0.011733,0.028839752078056335,n000789
facefusion,pair_0303,0.074873,0.022317,0.04352254793047905,n002355
facefusion,pair_0304,0.205878,0.089869,-0.01791779138147831,n000976
facefusion,pair_0305,0.185709,0.077502,0.1150454729795456,n004917
facefusion,pair_0306,0.111902,0.051962,-0.017088335007429123,n001083
facefusion,pair_0307,0.058474,-0.006449,-0.017054911702871323,n002209
facefusion,pair_0308,0.099549,0.04616,0.02171264961361885,n004740
facefusion,pair_0309,0.104623,-0.004543,0.010678237304091454,n002246
facefusion,pair_0310,0.052355,-0.01897,0.03247459605336189,n007139
facefusion,pair_0311,0.095155,-0.017149,0.017769159749150276,n001405
facefusion,pair_0312,0.147581,-0.065861,0.10302678495645523,n004114
facefusion,pair_0313,0.086008,0.040435,0.013038842007517815,n008928
facefusion,pair_0314,0.059383,0.056582,-0.010288843885064125,n000416
facefusion,pair_0315,0.113633,-0.002909,0.10166439414024353,n004415
facefusion,pair_0316,0.068501,-0.01239,0.01704351045191288,n005220
facefusion,pair_0317,0.089682,0.056795,-0.014948677271604538,n006764
facefusion,pair_0318,0.097918,-0.00465,-0.020753853023052216,n004686
facefusion,pair_0319,0.069342,-0.001987,-0.01261354424059391,n002954
facefusion,pair_0320,0.129094,0.031023,0.05602006986737251,n005219
facefusion,pair_0321,0.109441,-0.005916,0.10627409815788269,n002872
facefusion,pair_0322,0.097806,0.089293,0.06869340687990189,n006396
facefusion,pair_0323,0.138293,0.007122,0.018811620771884918,n003912
facefusion,pair_0325,0.146324,-0.013101,0.04531044512987137,n005227
facefusion,pair_0326,0.160072,-0.016829,0.05511300265789032,n005578
facefusion,pair_0327,0.096171,-0.077105,0.011764316819608212,n001420
facefusion,pair_0328,0.311209,-0.012415,0.08174800127744675,n004048
facefusion,pair_0329,0.059896,0.080992,0.029178373515605927,n007785
facefusion,pair_0330,0.132449,-0.059251,0.010136812925338745,n003929
facefusion,pair_0331,0.132978,0.025405,0.09883000701665878,n003630
facefusion,pair_0333,0.06652,-0.007891,0.01162903755903244,n008165
facefusion,pair_0334,0.157241,0.031343,0.036222927272319794,n002772
facefusion,pair_0335,0.024938,0.037636,0.025433797389268875,n001289
facefusion,pair_0336,0.079795,0.026685,0.045912742614746094,n007311
facefusion,pair_0337,-0.004201,-0.026847,-0.013681668788194656,n003658
facefusion,pair_0338,0.101846,-0.027375,0.04104878753423691,n003036
facefusion,pair_0339,0.078693,0.039427,0.025547374039888382,n006457
facefusion,pair_0340,0.136518,0.085575,0.02788592129945755,n004515
facefusion,pair_0343,0.118271,-0.016899,0.08755320310592651,n001662
facefusion,pair_0344,0.060374,-0.036516,0.007242823950946331,n002380
facefusion,pair_0345,0.123451,0.027454,0.007897908799350262,n006162
facefusion,pair_0347,0.194199,-0.026871,0.05495820194482803,n004189
facefusion,pair_0348,0.095922,0.051748,0.03133552521467209,n006856
facefusion,pair_0349,0.233106,0.022627,0.025018341839313507,n008082
facefusion,pair_0350,0.113678,0.03879,0.10771797597408295,n007998
facefusion,pair_0352,-0.030694,0.048282,0.017011333256959915,n001443
facefusion,pair_0353,-0.016602,0.00609,-0.017225397750735283,n006961
facefusion,pair_0354,0.091848,0.02168,-0.03693018853664398,n003487
facefusion,pair_0355,0.091076,0.009597,0.07943154871463776,n007465
facefusion,pair_0356,0.149928,0.012626,0.00851687416434288,n007432
facefusion,pair_0357,0.111472,-0.03444,0.006264533847570419,n003563
facefusion,pair_0358,0.120852,0.022136,0.022680601105093956,n007630
facefusion,pair_0359,0.175807,0.008176,-0.012630161829292774,n001932
facefusion,pair_0360,0.223497,0.081713,0.07136836647987366,n008947
facefusion,pair_0361,0.067881,-0.054582,-0.003318948671221733,n005545
facefusion,pair_0362,0.066035,0.045337,0.07107987254858017,n002314
facefusion,pair_0363,0.090344,0.135019,-0.019243448972702026,n006671
facefusion,pair_0364,0.032075,0.006247,0.0056706806644797325,n000384
facefusion,pair_0365,0.195545,0.004919,0.05553753301501274,n006899
facefusion,pair_0366,0.081984,0.020693,0.024950329214334488,n003263
facefusion,pair_0367,0.038693,-0.026428,0.007106707897037268,n000031
facefusion,pair_0368,0.002715,0.066866,0.04190962761640549,n000509
facefusion,pair_0369,0.160205,-0.002078,-0.028028279542922974,n004598
facefusion,pair_0370,0.157497,0.034972,-0.02512188069522381,n005146
facefusion,pair_0371,0.034552,0.033691,0.050167202949523926,n000113
facefusion,pair_0372,0.092517,0.031076,0.08007766306400299,n002013
facefusion,pair_0373,0.009564,-0.007815,-0.03614414483308792,n006444
facefusion,pair_0374,0.086762,0.044034,-0.0106575358659029,n001246
facefusion,pair_0375,0.26343,0.011106,0.006883349269628525,n000459
facefusion,pair_0376,0.046583,0.015406,0.05734880268573761,n006262
facefusion,pair_0377,0.153478,-0.015189,0.04681268334388733,n007768
facefusion,pair_0378,0.11695,0.006479,0.0788872241973877,n006744
facefusion,pair_0379,0.035644,-0.018875,-0.024441614747047424,n003691
facefusion,pair_0380,0.127496,-0.067697,0.0644305869936943,n005669
facefusion,pair_0381,0.147195,0.030406,0.060471318662166595,n002839
facefusion,pair_0382,0.089714,0.066931,0.06366764008998871,n002479
facefusion,pair_0383,0.069771,-0.003526,0.04070323705673218,n000514
facefusion,pair_0385,0.112801,-0.059353,0.09800328314304352,n000528
facefusion,pair_0386,0.062197,0.041281,0.10018587857484818,n004412
facefusion,pair_0387,0.109368,0.027375,0.025958096608519554,n008534
facefusion,pair_0388,0.081297,0.072118,0.02395423874258995,n009208
facefusion,pair_0389,0.062163,-0.007549,-0.046802982687950134,n006801
facefusion,pair_0390,0.079533,0.04894,0.06526194512844086,n000139
facefusion,pair_0391,0.062706,0.035309,0.0770721435546875,n003478
facefusion,pair_0392,0.062376,-0.049732,0.1585366427898407,n003121
facefusion,pair_0393,0.114968,0.007467,-0.028825148940086365,n005886
facefusion,pair_0394,0.09508,-0.00463,0.05768289789557457,n007566
facefusion,pair_0395,0.024565,-0.001014,-0.03724859282374382,n002141
facefusion,pair_0396,0.135907,0.106366,-0.0012732073664665222,n005022
facefusion,pair_0397,0.088721,-0.020277,0.03945700451731682,n002277
facefusion,pair_0398,0.148642,0.025307,0.01479153148829937,n007286
facefusion,pair_0400,-0.018358,0.104484,0.10560254752635956,n001390
facefusion,pair_0401,0.083924,-0.062152,-0.01063303928822279,n005015
facefusion,pair_0402,0.07913,-0.013341,0.06050003319978714,n004303
facefusion,pair_0404,0.096351,0.012323,0.0448136031627655,n000012
facefusion,pair_0405,0.171355,-0.012398,0.05211798846721649,n004988
facefusion,pair_0406,0.129853,-0.049962,0.04824279993772507,n007391
facefusion,pair_0407,0.121288,0.017266,-0.023151785135269165,n005638
facefusion,pair_0408,0.086182,0.054188,0.05767543986439705,n002204
facefusion,pair_0409,0.120159,-0.035147,0.020459095016121864,n008950
facefusion,pair_0410,0.110188,-0.012258,0.05391307547688484,n004775
facefusion,pair_0411,0.116098,0.00357,0.006742361932992935,n007889
facefusion,pair_0412,0.114485,0.034325,0.022614341229200363,n007009
facefusion,pair_0413,0.11795,0.107896,0.0799344852566719,n001163
facefusion,pair_0414,0.07822,-0.054222,-0.0372345894575119,n007366
facefusion,pair_0415,0.088586,-0.038696,0.05859342962503433,n004572
facefusion,pair_0416,0.075518,-0.052414,0.03773635998368263,n002176
facefusion,pair_0417,0.09021,-0.009892,0.0193294957280159,n000176
facefusion,pair_0418,0.040032,0.048534,0.036188457161188126,n006843
facefusion,pair_0419,0.184637,0.015667,0.06434834003448486,n000167
facefusion,pair_0420,0.100853,-0.047638,0.07190679758787155,n003135
facefusion,pair_0421,0.095514,0.01638,0.013036929070949554,n001062
facefusion,pair_0422,-0.030916,0.020674,0.037425145506858826,n008312
facefusion,pair_0423,0.120558,0.000995,0.014947135001420975,n006233
facefusion,pair_0424,0.037944,0.079645,-0.08646006882190704,n003232
facefusion,pair_0425,0.140759,-0.01004,0.05595330148935318,n000577
facefusion,pair_0426,0.072728,-0.003573,0.0015427246689796448,n008434
facefusion,pair_0427,0.13115,-0.0113,0.04704063758254051,n000096
facefusion,pair_0428,0.14815,0.041095,0.01560062076896429,n008296
facefusion,pair_0429,0.148131,0.013454,0.020292356610298157,n002836
facefusion,pair_0430,0.043503,0.028703,-0.0674419105052948,n003581
facefusion,pair_0431,0.107916,0.011888,0.09776496887207031,n004104
facefusion,pair_0432,0.272358,0.000853,0.14085176587104797,n004324
facefusion,pair_0433,0.095498,-0.010344,-0.055218569934368134,n001466
facefusion,pair_0434,0.155368,0.012044,0.1206369623541832,n007209
facefusion,pair_0435,0.088109,-0.011732,0.18995676934719086,n001662
facefusion,pair_0436,0.045587,-0.044464,-0.006101354956626892,n005365
facefusion,pair_0438,0.02254,0.045967,0.024179594591259956,n003761
facefusion,pair_0439,0.059927,0.026016,-0.005029665771871805,n008856
facefusion,pair_0440,0.178502,-0.035213,0.06636843830347061,n005830
facefusion,pair_0441,0.129723,-0.019297,0.026241805404424667,n007203
facefusion,pair_0442,0.13193,0.060435,0.05118086189031601,n003095
facefusion,pair_0443,0.062792,0.028965,-0.016590608283877373,n008640
facefusion,pair_0444,0.032954,-0.008172,0.08503861725330353,n005770
facefusion,pair_0445,0.103168,0.037727,0.009013529866933823,n003737
facefusion,pair_0446,0.098799,0.043068,0.0650896355509758,n002277
facefusion,pair_0448,0.014149,0.038458,-0.0148203419521451,n000818
facefusion,pair_0449,0.248801,0.079102,0.05547269433736801,n002099
facefusion,pair_0450,0.028442,-0.089291,0.011637778021395206,n009241
facefusion,pair_0451,0.035037,-0.026552,0.010333613492548466,n009053
facefusion,pair_0452,0.078911,-0.07525,-0.03965485841035843,n006420
facefusion,pair_0453,0.104133,0.062214,0.09549173712730408,n001834
facefusion,pair_0454,0.108232,-0.07567,0.042893633246421814,n003389
facefusion,pair_0455,0.03249,-0.012296,-0.03807317465543747,n004324
facefusion,pair_0456,0.065053,0.037467,0.05044461786746979,n003954
facefusion,pair_0457,-0.031493,0.042537,0.03343365713953972,n001548
facefusion,pair_0458,0.060664,-0.030371,-0.01073638815432787,n001327
facefusion,pair_0459,0.056833,0.012011,-0.007445386610925198,n005571
facefusion,pair_0460,0.1175,0.015308,-0.0023959986865520477,n004616
facefusion,pair_0461,0.080841,0.019216,0.07441625744104385,n005175
facefusion,pair_0462,0.169753,0.018587,0.016741467639803886,n008496
facefusion,pair_0463,0.099116,-0.059501,0.027394525706768036,n005287
facefusion,pair_0464,0.02219,0.005874,0.11825723946094513,n000782
facefusion,pair_0465,0.124897,0.046765,0.05950378626585007,n007353
facefusion,pair_0466,0.060819,0.017466,0.02659936435520649,n002046
facefusion,pair_0467,0.118485,-0.01644,0.0810229480266571,n006580
facefusion,pair_0468,0.084799,0.01208,0.008550703525543213,n004279
facefusion,pair_0470,0.109073,-0.011481,0.0717591792345047,n003946
facefusion,pair_0471,0.090648,0.083648,0.06397910416126251,n006791
facefusion,pair_0472,0.154608,0.021077,0.09482532739639282,n007015
facefusion,pair_0473,0.134301,-0.044221,0.04384283348917961,n007427
facefusion,pair_0474,0.214831,0.126906,0.15263214707374573,n006242
facefusion,pair_0475,0.139173,-0.038374,0.0340413860976696,n008421
facefusion,pair_0476,0.184808,-0.007494,0.14710572361946106,n001114
facefusion,pair_0478,0.023607,0.051573,-0.03897016495466232,n007488
facefusion,pair_0479,0.104022,0.015714,0.026701897382736206,n008600
facefusion,pair_0480,0.118375,0.091767,0.0913027673959732,n002867
facefusion,pair_0481,0.178071,-0.061465,0.047221314162015915,n007657
facefusion,pair_0482,0.120676,0.052269,-0.013101170770823956,n008897
facefusion,pair_0483,0.100165,-0.040834,-0.0398271307349205,n008707
facefusion,pair_0484,-0.008606,0.011857,-0.00227969978004694,n003460
facefusion,pair_0485,0.110613,0.007385,-0.0025155507028102875,n009098
facefusion,pair_0486,0.100882,0.007187,0.04316825419664383,n002598
facefusion,pair_0487,0.130925,0.033254,0.058926910161972046,n007184
facefusion,pair_0488,0.211248,-0.012054,0.03841537982225418,n005888
facefusion,pair_0489,0.139779,0.032262,0.0898599922657013,n001359
facefusion,pair_0490,0.133904,0.018187,-0.024068394675850868,n000015
facefusion,pair_0491,0.169986,0.045451,0.18142345547676086,n004359
facefusion,pair_0492,0.055458,-0.008452,0.030412856489419937,n004418
facefusion,pair_0493,0.143036,0.051148,-0.01256265677511692,n002573
facefusion,pair_0494,0.03792,0.023701,-0.054569073021411896,n002423
facefusion,pair_0495,0.180648,-0.042462,0.01203659363090992,n008745
facefusion,pair_0496,0.060363,0.084772,0.048391737043857574,n008693
facefusion,pair_0497,0.227249,-0.000962,0.1749384105205536,n003507
facefusion,pair_0498,0.048703,0.020336,0.025270968675613403,n004348
facefusion,pair_0499,0.069657,0.03728,0.0556909516453743,n008788
facefusion,pair_0500,0.083521,0.054985,0.03780240938067436,n005445
facefusion,pair_0501,0.100711,0.087241,0.049389563500881195,n005511
facefusion,pair_0502,0.146455,-0.005137,-0.008757852017879486,n005493
facefusion,pair_0503,0.07799,0.00321,0.08931620419025421,n001458
facefusion,pair_0504,0.164114,-0.054223,0.07963183522224426,n006428
facefusion,pair_0505,0.065471,0.033788,0.01580933853983879,n000503
facefusion,pair_0506,-0.014669,0.048934,0.08024318516254425,n005421
facefusion,pair_0507,0.224977,0.033332,0.08184504508972168,n003484
facefusion,pair_0508,0.065879,0.000228,0.0040015848353505135,n005083
facefusion,pair_0509,0.093511,0.067157,0.0716722309589386,n001825
facefusion,pair_0510,0.194583,-0.020991,0.053204990923404694,n005789
facefusion,pair_0511,0.078245,0.004386,0.07391086965799332,n000139
facefusion,pair_0512,0.097135,0.026097,0.06044044345617294,n001089
facefusion,pair_0513,0.186746,0.003204,0.031211670488119125,n000049
facefusion,pair_0514,-0.027012,-0.022279,0.059655800461769104,n000426
facefusion,pair_0515,0.154694,0.097723,0.04767795652151108,n006087
facefusion,pair_0516,0.056979,0.028357,0.011170019395649433,n000900
facefusion,pair_0517,0.057253,0.003705,0.029291994869709015,n003147
facefusion,pair_0519,0.146415,-0.045431,0.08847599476575851,n008535
facefusion,pair_0520,0.169591,-0.011746,0.2124403715133667,n003850
facefusion,pair_0521,0.022968,0.057284,0.03422463685274124,n003311
facefusion,pair_0522,0.187056,-0.022013,0.11379040777683258,n008997
facefusion,pair_0523,0.189374,0.023659,0.018925823271274567,n007901
facefusion,pair_0524,0.123222,0.046241,0.04435364156961441,n001770
facefusion,pair_0525,0.05762,0.031446,-0.02754293568432331,n006904
facefusion,pair_0526,0.078558,-0.047863,-0.013408729806542397,n004079
facefusion,pair_0527,0.117625,0.000395,-0.03017381578683853,n003424
facefusion,pair_0528,0.110988,-0.021478,0.010671515017747879,n001345
facefusion,pair_0529,0.026857,0.047259,-0.006541256792843342,n005235
facefusion,pair_0530,0.163186,-0.047464,0.05065794289112091,n007674
facefusion,pair_0531,0.006291,-0.01429,0.11410436034202576,n008279
facefusion,pair_0532,0.144491,-0.086909,0.06677419692277908,n008282
facefusion,pair_0534,0.278564,-0.010874,0.14000430703163147,n003909
facefusion,pair_0535,0.003485,-0.025215,0.006238921545445919,n000012
facefusion,pair_0537,0.069073,0.013587,0.060000449419021606,n005533
facefusion,pair_0538,0.094296,-0.048497,0.008824475109577179,n004087
facefusion,pair_0539,0.031736,-0.009595,0.026962576434016228,n001207
facefusion,pair_0540,0.041924,0.037541,-0.05810589715838432,n005275
facefusion,pair_0541,0.111738,-0.034981,0.044806983321905136,n003323
facefusion,pair_0542,0.122613,0.009797,-0.01064290851354599,n003005
facefusion,pair_0543,0.091232,0.027718,-0.022436847910284996,n002194
facefusion,pair_0544,0.119474,0.038051,0.03141966462135315,n001238
facefusion,pair_0545,0.127785,-0.014811,0.058292195200920105,n005047
facefusion,pair_0546,0.071093,-0.06488,-0.02240549959242344,n002431
facefusion,pair_0547,0.036819,0.000264,0.11272971332073212,n004570
facefusion,pair_0548,0.079188,0.072858,0.022895241156220436,n004951
facefusion,pair_0549,0.027323,-0.012851,0.025837820023298264,n007592
facefusion,pair_0550,0.134622,-0.010214,-0.03402926027774811,n007107
facefusion,pair_0551,0.014233,0.002778,-0.051395565271377563,n005476
facefusion,pair_0552,0.055568,0.02257,-0.050281770527362823,n006242
facefusion,pair_0553,0.060194,0.059627,-0.06132303178310394,n007119
facefusion,pair_0554,0.126769,0.125202,0.012774886563420296,n004764
facefusion,pair_0555,0.097562,-0.049565,-0.00045945867896080017,n001573
facefusion,pair_0556,0.075056,0.007642,0.047386687248945236,n001659
facefusion,pair_0557,0.015184,-0.005055,0.08468005061149597,n004726
facefusion,pair_0558,0.079542,0.04868,0.032537102699279785,n005560
facefusion,pair_0559,0.08003,0.001908,0.027220603078603745,n007134
facefusion,pair_0560,0.089834,0.004029,0.12314222753047943,n004598
facefusion,pair_0561,0.103137,0.052526,0.026212362572550774,n007934
facefusion,pair_0562,0.028364,0.049532,0.05840512365102768,n004713
facefusion,pair_0563,0.053527,0.028229,0.010295693762600422,n003267
facefusion,pair_0564,0.083193,-0.008235,0.03569268435239792,n001734
facefusion,pair_0565,0.149048,0.045875,0.08375885337591171,n000066
facefusion,pair_0566,0.07736,0.001385,0.030230294913053513,n005925
facefusion,pair_0567,0.107384,-0.082235,-0.06844057142734528,n003631
facefusion,pair_0568,0.082102,0.007636,-0.010055320337414742,n003170
facefusion,pair_0569,0.126115,0.014377,0.023401331156492233,n001118
facefusion,pair_0570,0.08181,0.031378,-0.012645873241126537,n001871
facefusion,pair_0571,0.010216,0.024592,0.02175857126712799,n008540
facefusion,pair_0572,0.115532,0.01705,0.0028916150331497192,n005937
facefusion,pair_0573,0.036822,0.057722,0.04074613004922867,n000801
facefusion,pair_0574,0.121127,-0.112628,0.03339802846312523,n005825
facefusion,pair_0575,0.04657,0.010148,0.029145803302526474,n000926
facefusion,pair_0576,0.103912,0.05547,0.007411478087306023,n004191
facefusion,pair_0577,0.082342,-0.040646,0.0400104820728302,n006130
facefusion,pair_0578,0.147111,-0.030919,0.00882179569453001,n003787
facefusion,pair_0579,-0.008653,-0.001196,0.01158403605222702,n001118
facefusion,pair_0580,0.151734,-0.029803,0.07815498858690262,n000607
facefusion,pair_0581,0.113528,0.118936,0.04490093141794205,n008620
facefusion,pair_0582,0.053674,0.01568,-0.053725097328424454,n001801
facefusion,pair_0583,0.122619,0.060011,0.03186534345149994,n002886
facefusion,pair_0584,0.016454,-0.03526,0.04814910516142845,n004878
facefusion,pair_0585,0.08578,0.010913,0.01719936728477478,n003194
facefusion,pair_0586,0.076632,0.072952,-0.027996201068162918,n006321
facefusion,pair_0587,0.041743,-0.011525,-0.015260983258485794,n001573
facefusion,pair_0588,0.090917,-0.039049,0.05028924718499184,n003111
facefusion,pair_0589,0.004485,0.055558,-0.029348626732826233,n001784
facefusion,pair_0590,0.09183,-0.039713,0.002720154821872711,n002969
facefusion,pair_0591,0.131985,-0.009514,0.04949701577425003,n002633
facefusion,pair_0592,0.063418,-0.001231,0.03383498266339302,n006769
facefusion,pair_0593,0.220074,-0.03007,0.012054127641022205,n006088
facefusion,pair_0594,0.157976,-0.03168,0.04254273325204849,n002484
facefusion,pair_0595,0.061991,0.02679,0.006140113342553377,n002333
facefusion,pair_0596,0.272742,0.038673,0.10020537674427032,n002047
facefusion,pair_0597,-0.010831,-0.000511,-0.03239211440086365,n004602
facefusion,pair_0598,0.15633,0.005195,0.04137223958969116,n002162
facefusion,pair_0599,0.153057,-0.022165,0.021512243896722794,n005051
facefusion,pair_0601,-0.020393,0.045799,-0.04231063649058342,n008768
facefusion,pair_0602,0.187451,0.012748,0.11856742203235626,n007323
facefusion,pair_0603,0.015082,-0.008444,0.004768810234963894,n008135
facefusion,pair_0605,0.061657,-0.074224,0.0017612501978874207,n000891
facefusion,pair_0606,0.06722,-0.045126,0.0339212529361248,n002120
facefusion,pair_0607,0.132432,0.018268,0.03547006845474243,n003422
facefusion,pair_0608,0.083814,0.065252,0.039751939475536346,n007144
facefusion,pair_0609,0.162377,0.044716,0.11379413306713104,n008308
facefusion,pair_0610,0.061412,0.08462,0.021522749215364456,n002686
facefusion,pair_0611,0.078819,0.029075,0.0013755080290138721,n006711
facefusion,pair_0612,0.111446,0.051502,-0.02729720249772072,n009162
facefusion,pair_0613,0.161631,-0.003218,0.14254871010780334,n000997
facefusion,pair_0614,0.224396,0.031283,0.004937184974551201,n007206
facefusion,pair_0615,0.0962,-0.008576,0.001654982566833496,n005520
facefusion,pair_0616,0.058425,-0.007203,0.09638573229312897,n003596
facefusion,pair_0617,0.09042,-0.089812,0.06670521199703217,n007336
facefusion,pair_0618,0.045383,0.035512,-0.0643162876367569,n004839
facefusion,pair_0619,0.115448,0.048743,0.039212554693222046,n008881
facefusion,pair_0620,0.026831,-0.000108,0.03264094144105911,n003200
facefusion,pair_0621,0.048387,0.018998,0.08599025011062622,n001273
facefusion,pair_0622,0.100698,0.005251,-0.015134251676499844,n001062
facefusion,pair_0623,0.033644,0.020371,0.04536837339401245,n005531
facefusion,pair_0624,0.15058,-0.000866,0.012235640548169613,n000792
facefusion,pair_0625,0.034431,-0.070978,0.02912386879324913,n005874
facefusion,pair_0626,0.048038,-0.040471,0.003750431351363659,n002973
facefusion,pair_0627,0.118422,-0.035622,0.03228873014450073,n004175
facefusion,pair_0628,0.209133,-0.036941,0.14804625511169434,n003805
facefusion,pair_0629,0.078231,0.026114,-0.0020249709486961365,n003151
facefusion,pair_0630,0.001362,-0.033153,0.04766644164919853,n006424
facefusion,pair_0631,0.00943,-0.018457,-0.022440871223807335,n004548
facefusion,pair_0632,0.157248,-0.008767,0.079851433634758,n002032
facefusion,pair_0633,0.10445,-0.034267,0.06295037269592285,n006065
facefusion,pair_0634,0.079334,0.043176,0.03604736179113388,n001228
facefusion,pair_0635,0.131852,7.5e-05,0.05397816002368927,n009034
facefusion,pair_0636,0.10293,0.027681,0.03397982567548752,n003013
facefusion,pair_0637,0.217011,-0.020529,0.06422151625156403,n000325
facefusion,pair_0639,-0.005362,0.017575,-0.03591480106115341,n007410
facefusion,pair_0640,0.058973,-0.041199,-0.042184241116046906,n002591
facefusion,pair_0641,0.167401,0.015257,0.08836092054843903,n000012
facefusion,pair_0642,0.026846,-0.00452,0.12822706997394562,n001848
facefusion,pair_0643,0.01447,0.007015,-0.04376315325498581,n003036
facefusion,pair_0644,0.12619,0.01355,0.020211273804306984,n007743
facefusion,pair_0645,0.075485,-0.009183,0.07675792276859283,n005959
facefusion,pair_0646,0.028802,0.040571,0.02073722518980503,n000724
facefusion,pair_0647,0.098184,-0.008062,0.025937633588910103,n001805
facefusion,pair_0648,0.197669,-0.005766,0.03830117732286453,n004278
facefusion,pair_0649,0.032378,-0.047138,0.06751319020986557,n001644
facefusion,pair_0650,-0.009458,0.032093,-0.08635243773460388,n003664
facefusion,pair_0651,0.130387,0.077991,0.03125832974910736,n006486
facefusion,pair_0652,0.132382,-0.023109,0.021778397262096405,n007116
facefusion,pair_0653,0.080711,-0.070222,-0.04303426668047905,n001734
facefusion,pair_0654,0.19246,0.000375,0.10230053216218948,n003285
facefusion,pair_0655,-0.067251,-0.026063,-0.007939238101243973,n001320
facefusion,pair_0656,0.040905,0.034859,-0.07753613591194153,n001647
facefusion,pair_0657,0.147532,-0.058059,0.038915447890758514,n001371
facefusion,pair_0658,0.011596,-0.007994,0.028371796011924744,n005887
facefusion,pair_0659,0.074816,0.010843,0.007594593334943056,n000902
facefusion,pair_0660,0.169174,-0.011266,0.08642725646495819,n005351
facefusion,pair_0661,0.059581,0.022172,0.04685942456126213,n003553
facefusion,pair_0662,0.072924,0.012663,0.03190392255783081,n007308
facefusion,pair_0663,0.110944,-0.018372,-0.07274198532104492,n007663
facefusion,pair_0664,0.20789,-0.017835,-0.05917231738567352,n005433
facefusion,pair_0665,0.110713,-0.067512,0.08680631220340729,n003253
facefusion,pair_0666,0.08913,-0.015736,0.07755691558122635,n008592
facefusion,pair_0667,0.033942,0.008732,0.04169289767742157,n005943
facefusion,pair_0668,0.239238,-0.021814,0.03898676484823227,n008834
facefusion,pair_0669,0.109083,0.068327,0.016124140471220016,n007103
facefusion,pair_0670,-0.026536,0.034579,0.09036804735660553,n007378
facefusion,pair_0671,2.1e-05,0.014398,0.003315230365842581,n001388
facefusion,pair_0672,0.17035,0.094485,0.0355372354388237,n000638
facefusion,pair_0673,0.192878,0.082119,0.0025677457451820374,n002727
facefusion,pair_0674,0.178111,0.044597,0.0320611298084259,n003645
facefusion,pair_0675,0.121175,0.037087,-0.046251025050878525,n003609
facefusion,pair_0676,0.068104,0.02376,0.07434558868408203,n001760
facefusion,pair_0677,0.000988,-0.027433,0.08020802587270737,n001097
facefusion,pair_0678,0.085151,0.078768,0.04793786630034447,n007466
facefusion,pair_0679,0.1022,0.012686,0.06439173966646194,n003269
facefusion,pair_0680,0.169642,-0.026904,0.03486761450767517,n008114
facefusion,pair_0681,0.139014,0.022668,0.018355555832386017,n000371
facefusion,pair_0682,0.096022,-0.016943,-0.09566178917884827,n006898
facefusion,pair_0683,0.0747,-0.03529,0.05357695743441582,n004428
facefusion,pair_0684,0.085687,-0.013132,-0.02251042053103447,n005081
facefusion,pair_0685,0.178423,-0.053312,0.05037670210003853,n001896
facefusion,pair_0686,0.112978,0.010137,0.10490677505731583,n001411
facefusion,pair_0687,0.046779,0.023716,0.010105684399604797,n007382
facefusion,pair_0688,0.120033,-0.000693,0.06745880097150803,n001235
facefusion,pair_0689,0.177141,-0.025088,0.10111146420240402,n001729
facefusion,pair_0691,0.093415,0.026206,0.06645108014345169,n007366
facefusion,pair_0692,0.015777,0.03871,0.04336021840572357,n004142
facefusion,pair_0693,0.106744,-0.032904,0.17002594470977783,n004455
facefusion,pair_0694,0.182956,0.055321,0.059679433703422546,n000150
facefusion,pair_0695,0.160447,-0.018266,0.03841070830821991,n007483
facefusion,pair_0696,0.100878,0.01668,0.011312684044241905,n001113
facefusion,pair_0697,0.021252,-0.027264,-0.03135620430111885,n006270
facefusion,pair_0698,0.061709,0.026939,0.10480480641126633,n005327
facefusion,pair_0699,0.0763,-0.023474,0.012137403711676598,n007891
facefusion,pair_0700,0.224943,-0.025602,-0.007244928739964962,n007515
facefusion,pair_0701,0.115641,0.099416,0.05419722944498062,n004804
facefusion,pair_0702,0.140679,-0.051068,0.02884417586028576,n000737
facefusion,pair_0703,0.025501,-0.058428,-0.018290862441062927,n009224
facefusion,pair_0704,0.039186,0.03269,0.05704163759946823,n001936
facefusion,pair_0705,0.063293,0.047681,0.007280867081135511,n002535
facefusion,pair_0706,0.0531,0.081877,0.02285347506403923,n009150
facefusion,pair_0707,0.032204,-0.023385,-0.012624798342585564,n008104
facefusion,pair_0708,0.194018,0.023416,0.029941774904727936,n006850
facefusion,pair_0709,-0.029038,0.071722,-0.012850087136030197,n005620
facefusion,pair_0710,0.058099,0.034818,0.04331209138035774,n000205
facefusion,pair_0711,0.111339,-0.028253,0.022714383900165558,n001595
facefusion,pair_0712,0.252611,0.019319,0.10325606167316437,n008444
facefusion,pair_0713,0.11601,-0.009729,0.03327257186174393,n000720
facefusion,pair_0714,0.07435,0.014675,0.04712091386318207,n007105
facefusion,pair_0715,-0.003171,-0.014471,0.02868201956152916,n001579
facefusion,pair_0716,0.055904,0.056992,0.003874771296977997,n005388
facefusion,pair_0717,0.085972,0.114204,0.004923475906252861,n006847
facefusion,pair_0718,0.03934,0.019356,0.03368932753801346,n008198
facefusion,pair_0719,0.106323,0.019385,0.03360990434885025,n004232
facefusion,pair_0720,0.195144,0.121041,0.03322431817650795,n000089
facefusion,pair_0721,0.115049,0.028185,0.05810727924108505,n008115
facefusion,pair_0722,0.094245,0.019828,0.018611786887049675,n001775
facefusion,pair_0723,0.089121,-0.021112,-0.027425380423665047,n001083
facefusion,pair_0724,0.073889,0.020135,0.014591977931559086,n004290
facefusion,pair_0725,0.164432,0.042525,0.06284990906715393,n005807
facefusion,pair_0726,-0.027044,-0.014035,0.021334530785679817,n005102
facefusion,pair_0727,0.143338,0.00981,0.11420361697673798,n003262
facefusion,pair_0728,0.178775,0.009792,0.09167054295539856,n009027
facefusion,pair_0729,0.026638,0.043836,0.042510055005550385,n004600
facefusion,pair_0730,0.119067,0.018558,0.00405615009367466,n004846
facefusion,pair_0731,0.179938,-0.009702,0.04534636810421944,n001159
facefusion,pair_0732,0.093291,-0.028221,0.026945684105157852,n008692
facefusion,pair_0733,0.053088,-0.006934,0.014004219323396683,n000150
facefusion,pair_0735,0.143848,0.028498,0.0720185786485672,n007086
facefusion,pair_0736,0.066896,0.074805,0.032522641122341156,n008431
facefusion,pair_0737,0.041968,0.019947,0.0026957676745951176,n001662
facefusion,pair_0738,0.008924,0.044935,0.1324997842311859,n007853
facefusion,pair_0739,0.260937,0.130056,0.13382235169410706,n008748
facefusion,pair_0740,0.107829,0.014556,0.09490448981523514,n004184
facefusion,pair_0741,0.014893,0.002669,-0.00549322459846735,n008279
facefusion,pair_0742,0.042817,-0.004279,0.04286815971136093,n008023
facefusion,pair_0743,0.02432,0.060539,0.04746727645397186,n009053
facefusion,pair_0744,0.053796,0.116987,-0.011197901330888271,n004139
facefusion,pair_0745,0.058648,-0.002213,-0.05445122346282005,n002317
facefusion,pair_0746,0.108492,-0.014095,0.05499937757849693,n000986
facefusion,pair_0747,0.05234,-0.049493,0.06903331726789474,n001348
facefusion,pair_0748,0.094399,-0.066651,-0.03817163407802582,n002671
facefusion,pair_0749,0.119397,0.056916,0.08353307843208313,n007617
facefusion,pair_0750,0.094857,0.04819,0.06617406010627747,n003822
facefusion,pair_0751,0.13316,-0.00551,-0.07949142158031464,n004455
facefusion,pair_0752,0.187933,-0.037832,0.026301784440875053,n004356
facefusion,pair_0753,0.069203,0.011673,0.005128274206072092,n003384
facefusion,pair_0754,0.082393,0.057544,0.09792064875364304,n000024
facefusion,pair_0755,0.161745,0.046338,0.049882374703884125,n001345
facefusion,pair_0756,0.115729,7e-05,0.04719989001750946,n007202
facefusion,pair_0757,0.103924,-0.061977,0.025875737890601158,n007826
facefusion,pair_0758,0.109907,-0.008833,0.039216767996549606,n002468
facefusion,pair_0759,0.170053,-0.039455,0.04403100907802582,n006538
facefusion,pair_0760,0.091679,0.006077,0.015604682266712189,n009107
facefusion,pair_0761,0.018051,0.054715,0.046188898384571075,n002326
facefusion,pair_0762,0.043719,0.000324,-0.03716714680194855,n005952
facefusion,pair_0764,0.133768,-0.000816,0.05109548196196556,n001207
facefusion,pair_0765,0.072854,0.024358,0.04352656006813049,n008285
facefusion,pair_0766,-0.007525,0.037214,0.03849219158291817,n001906
facefusion,pair_0767,0.154261,0.025879,0.016773220151662827,n006085
facefusion,pair_0768,0.080457,0.053352,0.027561325579881668,n002138
facefusion,pair_0769,0.126358,-0.054802,-0.01618950441479683,n003705
facefusion,pair_0770,0.16248,0.037355,0.07592261582612991,n001714
facefusion,pair_0771,0.057328,-0.003522,0.07471771538257599,n000400
facefusion,pair_0772,0.017626,0.030605,-0.07476558536291122,n004667
facefusion,pair_0773,0.152438,0.044726,0.015916937962174416,n006481
facefusion,pair_0774,0.097481,-0.05517,0.05789559334516525,n003334
facefusion,pair_0775,0.129634,0.083929,-0.05583364516496658,n001963
facefusion,pair_0777,0.178474,-0.012778,0.10230238735675812,n006630
facefusion,pair_0778,0.163677,-0.066111,0.055198609828948975,n008288
facefusion,pair_0779,0.057176,-0.018066,0.061147503554821014,n008955
facefusion,pair_0780,0.118107,0.020877,-0.06581690162420273,n008052
facefusion,pair_0781,0.130657,-0.016557,0.030513430014252663,n003389
facefusion,pair_0782,0.053461,0.015483,-0.06507845222949982,n006745
facefusion,pair_0783,0.086482,-0.050316,0.018529852852225304,n002949
facefusion,pair_0784,0.222386,0.042762,0.04483461380004883,n003523
facefusion,pair_0785,0.070277,0.076512,0.09156761318445206,n005590
facefusion,pair_0786,0.11115,-0.003391,0.0177077054977417,n007904
facefusion,pair_0787,0.072975,0.008756,0.06745484471321106,n000513
facefusion,pair_0788,0.109482,-0.040478,-0.06193713843822479,n001490
facefusion,pair_0789,0.127647,0.001071,-0.00861358642578125,n008274
facefusion,pair_0790,0.077985,-0.027196,-0.06882485747337341,n001872
facefusion,pair_0791,-0.029765,-0.021089,-0.04621737450361252,n007178
facefusion,pair_0792,0.28333,-0.001907,0.06421120464801788,n006833
facefusion,pair_0793,0.138441,-0.019684,-0.029658550396561623,n007644
facefusion,pair_0794,0.022001,-0.039422,0.026467692106962204,n000166
facefusion,pair_0795,0.184132,0.092157,-0.003186965361237526,n001441
facefusion,pair_0796,0.096645,0.003223,-0.05617811530828476,n006791
facefusion,pair_0797,0.133914,-0.020352,-0.001195722259581089,n007421
facefusion,pair_0798,0.04804,-0.034086,0.0041518257930874825,n000249
facefusion,pair_0799,0.094081,0.026933,-0.023605044931173325,n005392
facefusion,pair_0800,0.060421,0.000967,0.03367168456315994,n008612
facefusion,pair_0801,0.099851,0.022434,0.04342527687549591,n004335
facefusion,pair_0802,0.063973,0.056655,0.04815647751092911,n002227
facefusion,pair_0804,0.140087,-0.066015,0.022086448967456818,n003076
facefusion,pair_0805,0.189351,-0.006065,-0.03467775136232376,n008103
facefusion,pair_0806,0.163939,-0.01101,0.0777735561132431,n005929
facefusion,pair_0807,0.071498,-0.007758,0.006984112784266472,n002051
facefusion,pair_0808,-0.009653,-0.036229,0.00932367704808712,n004278
facefusion,pair_0809,0.152202,0.016266,-0.04650039225816727,n005033
facefusion,pair_0810,0.19617,-0.031538,0.07819727808237076,n002120
facefusion,pair_0811,0.057668,-0.040566,0.09963611513376236,n006829
facefusion,pair_0812,0.338329,0.003348,0.12382417917251587,n000023
facefusion,pair_0813,0.186959,0.040134,-0.006014279089868069,n004145
facefusion,pair_0814,0.055964,0.025691,-0.03485364094376564,n000918
facefusion,pair_0815,0.097383,-0.01855,-0.0065743643790483475,n005153
facefusion,pair_0816,0.074431,0.034582,-0.06342737376689911,n008767
facefusion,pair_0817,0.162065,-0.034283,0.06272146105766296,n002006
facefusion,pair_0818,0.244115,-0.087941,0.020039323717355728,n002356
facefusion,pair_0819,0.087407,0.027862,0.00664178654551506,n009277
facefusion,pair_0820,0.114078,0.030606,-0.013145617209374905,n004388
facefusion,pair_0821,0.064512,-0.012145,0.06772903352975845,n007304
facefusion,pair_0822,0.111063,0.150228,-0.0426444411277771,n005920
facefusion,pair_0824,0.071323,0.06539,0.011377540417015553,n002366
facefusion,pair_0825,0.030985,0.06698,0.06514905393123627,n002427
facefusion,pair_0826,0.03365,0.005982,0.040971677750349045,n006760
facefusion,pair_0827,0.167901,0.019126,0.05013984441757202,n008967
facefusion,pair_0828,0.054529,0.02801,0.007571537047624588,n005220
facefusion,pair_0829,-0.015798,0.016043,-0.0007786806672811508,n003840
facefusion,pair_0830,0.088823,-0.017916,0.018525827676057816,n007777
facefusion,pair_0831,0.176793,0.056771,0.020842798054218292,n008650
facefusion,pair_0832,-0.005779,-0.012149,-0.0243352223187685,n004056
facefusion,pair_0833,0.130805,0.051864,0.08968257158994675,n006414
facefusion,pair_0834,0.087942,-0.002409,0.009600542485713959,n004108
facefusion,pair_0835,0.036672,-0.042917,-0.0033077728003263474,n005275
facefusion,pair_0836,0.167109,0.022525,-0.00015241093933582306,n007543
facefusion,pair_0837,0.193137,-0.014306,0.04624251276254654,n006566
facefusion,pair_0838,0.114942,0.031234,0.004146473482251167,n006798
facefusion,pair_0839,0.0851,-0.018498,0.059940796345472336,n002654
facefusion,pair_0840,0.078091,-0.02705,-0.0023026210255920887,n006734
facefusion,pair_0841,0.08889,-0.062109,0.045254264026880264,n001034
facefusion,pair_0842,0.012871,-0.00285,0.11836238950490952,n002154
facefusion,pair_0843,0.076144,-0.013791,-0.005088472738862038,n009011
facefusion,pair_0845,0.168132,-0.037781,0.10823626816272736,n004014
facefusion,pair_0846,0.004078,-0.046063,-0.016775917261838913,n005247
facefusion,pair_0847,0.012211,-0.031959,0.07102636992931366,n001455
facefusion,pair_0848,0.056876,-0.060104,-0.010068409144878387,n004144
facefusion,pair_0849,0.046642,0.079257,0.02277669496834278,n004667
facefusion,pair_0850,0.109859,-0.040926,0.01928507350385189,n006350
facefusion,pair_0851,0.049816,-0.023824,-0.02862801030278206,n005050
facefusion,pair_0852,0.129245,0.030451,0.014007948338985443,n004726
facefusion,pair_0853,0.082837,-0.069573,0.10811278223991394,n001715
facefusion,pair_0854,-0.011153,-0.041805,0.01954750344157219,n007376
facefusion,pair_0855,0.139322,0.002518,0.09687411040067673,n005244
facefusion,pair_0856,0.063021,-0.076271,0.08166596293449402,n007730
facefusion,pair_0857,0.045218,0.017351,-0.01887384243309498,n003617
facefusion,pair_0858,0.263658,0.025715,0.1656002700328827,n004639
facefusion,pair_0859,0.200166,-0.063758,-0.028416011482477188,n007398
facefusion,pair_0860,0.043485,-0.041728,0.06219248101115227,n006963
facefusion,pair_0861,0.004981,0.025163,0.012373179197311401,n003601
facefusion,pair_0862,0.065406,0.069557,0.023022282868623734,n002586
facefusion,pair_0863,0.038322,-0.082969,0.054937899112701416,n004358
facefusion,pair_0864,0.077054,0.00774,-0.02099871262907982,n005503
facefusion,pair_0865,0.14719,-0.025646,-0.034503743052482605,n004237
facefusion,pair_0866,0.10398,-0.040742,-0.0497782826423645,n004804
facefusion,pair_0867,0.035415,0.01071,-0.06881831586360931,n001825
facefusion,pair_0868,0.076144,-0.010181,0.03956658020615578,n001726
facefusion,pair_0869,0.089917,0.014839,-0.005687161814421415,n007663
facefusion,pair_0870,0.218055,0.089825,0.12964671850204468,n000829
facefusion,pair_0871,0.090085,-0.007754,0.13908639550209045,n007384
facefusion,pair_0872,0.121803,0.015537,0.05737609416246414,n007801
facefusion,pair_0873,0.197908,-0.046672,0.032388877123594284,n000249
facefusion,pair_0874,0.142985,0.054728,0.07045944780111313,n007862
facefusion,pair_0875,0.124796,0.061738,0.05623158812522888,n003910
facefusion,pair_0876,0.046116,0.071058,0.04393290728330612,n005257
facefusion,pair_0877,0.046235,0.0701,-0.013414688408374786,n009039
facefusion,pair_0878,0.083776,-0.01733,-0.02593950554728508,n007330
facefusion,pair_0879,0.065898,0.010219,0.010962359607219696,n006096
facefusion,pair_0880,0.087566,-0.051767,6.740167737007141e-05,n000430
facefusion,pair_0881,0.1062,0.02395,0.03035871870815754,n005329
facefusion,pair_0882,0.196149,-0.046346,0.06715720146894455,n003639
facefusion,pair_0883,0.022621,0.013454,-0.006714770570397377,n001876
facefusion,pair_0884,0.104529,0.012032,-0.042485520243644714,n004433
facefusion,pair_0885,0.06288,-0.029057,0.06802308559417725,n006152
facefusion,pair_0886,0.22706,-0.017955,-0.11482250690460205,n009150
facefusion,pair_0887,0.118518,-0.014446,0.10339765250682831,n008688
facefusion,pair_0889,0.304587,0.0287,0.13918420672416687,n006099
facefusion,pair_0890,0.195012,0.039524,-0.013500947505235672,n000590
facefusion,pair_0891,0.113909,0.062704,0.10412193834781647,n008396
facefusion,pair_0892,0.096711,0.026864,0.04173857346177101,n001434
facefusion,pair_0893,0.052102,0.034531,0.010040875524282455,n008279
facefusion,pair_0894,0.099828,-0.011467,-0.05228365957736969,n004825
facefusion,pair_0896,0.054595,0.032433,0.020338118076324463,n005718
facefusion,pair_0897,0.130533,0.031616,0.03568962961435318,n004940
facefusion,pair_0898,0.051422,0.047813,0.02949395403265953,n009025
facefusion,pair_0899,0.197788,-0.015901,0.04582911729812622,n001164
facefusion,pair_0900,0.156334,0.121033,0.0756424218416214,n006795
facefusion,pair_0901,0.090342,0.042646,0.023992236703634262,n008193
facefusion,pair_0902,0.010316,-0.06873,0.03728805482387543,n002744
facefusion,pair_0903,0.126542,0.000716,-0.01850757747888565,n000793
facefusion,pair_0904,0.028974,-0.03638,-0.032442957162857056,n000099
facefusion,pair_0905,0.054772,-0.011718,0.026301685720682144,n003521
facefusion,pair_0906,0.044672,-0.008707,0.07902731746435165,n001405
facefusion,pair_0907,0.043021,0.004828,0.03589257225394249,n000701
facefusion,pair_0908,0.082933,0.024626,0.04397406801581383,n003828
facefusion,pair_0909,0.118691,-0.031671,0.10735569894313812,n001490
facefusion,pair_0910,0.073875,0.004633,0.004460849799215794,n007204
facefusion,pair_0911,0.140189,-0.028985,0.0015637516044080257,n004703
facefusion,pair_0912,0.102971,0.035872,0.004698985256254673,n003328
facefusion,pair_0913,0.092646,-0.040631,0.06665707379579544,n004864
facefusion,pair_0914,0.077984,-0.027819,0.050391003489494324,n009065
facefusion,pair_0915,0.125584,0.076262,-0.010565489530563354,n007229
facefusion,pair_0916,0.192988,0.066057,0.06286889314651489,n005354
facefusion,pair_0918,0.043923,-0.001634,0.059986524283885956,n007910
facefusion,pair_0919,0.077419,-0.019002,0.007003890350461006,n007247
facefusion,pair_0920,0.154493,-0.017797,-0.006461037322878838,n004760
facefusion,pair_0921,0.170264,0.002336,-0.042151473462581635,n002537
facefusion,pair_0922,0.073005,-0.028906,0.09118492901325226,n008239
facefusion,pair_0923,0.254716,0.00203,0.007696566637605429,n001111
facefusion,pair_0924,0.099377,-0.038023,0.06731937825679779,n006304
facefusion,pair_0925,0.134094,-0.015316,-0.024767493829131126,n007486
facefusion,pair_0926,0.163616,0.045864,0.06553136557340622,n002670
facefusion,pair_0927,0.176839,0.005905,0.057387739419937134,n004159
facefusion,pair_0928,0.088242,-0.039648,-0.02999282255768776,n002288
facefusion,pair_0929,0.075791,-0.020314,0.004341050982475281,n006450
facefusion,pair_0930,0.058924,0.080177,-0.044660016894340515,n003254
facefusion,pair_0932,0.043925,0.008067,-0.009605316445231438,n000089
facefusion,pair_0933,0.090166,-0.023623,-0.04892346262931824,n003253
facefusion,pair_0934,0.091677,0.015568,0.004780858755111694,n007981
facefusion,pair_0935,0.049819,0.022593,0.06184759363532066,n004656
facefusion,pair_0936,0.074842,-0.035765,0.015991663560271263,n009073
facefusion,pair_0937,0.044726,0.019238,-0.0005696220323443413,n009191
facefusion,pair_0938,0.190575,0.009068,0.11165744811296463,n004592
facefusion,pair_0939,0.133622,0.014525,0.08279918134212494,n000339
facefusion,pair_0940,0.133713,0.043689,0.002794909290969372,n005712
facefusion,pair_0941,0.183209,0.031882,0.033032987266778946,n004737
facefusion,pair_0942,0.125518,0.003262,0.06920327246189117,n004596
facefusion,pair_0943,-0.019678,0.011198,0.06584101915359497,n007778
facefusion,pair_0944,0.041801,-0.028529,0.023638565093278885,n005339
facefusion,pair_0945,0.126108,0.021122,-0.015455992892384529,n004775
facefusion,pair_0946,0.098458,-0.056468,0.10372111946344376,n006716
facefusion,pair_0947,0.038989,-0.058494,-0.015925800427794456,n008432
facefusion,pair_0948,0.119946,0.043905,0.009520644322037697,n005302
facefusion,pair_0949,0.114879,0.029061,0.032489240169525146,n009263
facefusion,pair_0950,0.182954,-0.002472,0.05613090097904205,n007770
facefusion,pair_0951,0.112067,0.006678,0.06791374832391739,n005533
facefusion,pair_0952,0.11275,-0.060195,0.06110810488462448,n003086
facefusion,pair_0953,0.201195,-0.071554,-0.012719661928713322,n001953
facefusion,pair_0954,0.060225,-0.073521,-0.0043680090457201,n001428
facefusion,pair_0955,0.16346,-0.039098,-0.042900003492832184,n002194
facefusion,pair_0956,0.139472,-0.020117,0.053119510412216187,n001223
facefusion,pair_0958,0.008018,-0.045223,0.03784678876399994,n005283
facefusion,pair_0959,0.044112,-0.000615,-0.04944629594683647,n006362
facefusion,pair_0960,0.196815,-0.044192,0.030520007014274597,n001884
facefusion,pair_0961,0.118536,0.056288,0.08753207325935364,n003510
facefusion,pair_0962,0.076168,0.056988,0.11024734377861023,n003927
facefusion,pair_0963,0.018916,0.030185,0.015467343851923943,n007501
facefusion,pair_0964,0.060974,0.042183,0.054670508950948715,n007464
facefusion,pair_0965,0.100299,0.050524,0.04394342005252838,n004349
facefusion,pair_0966,0.076585,-0.007531,0.13475188612937927,n001757
facefusion,pair_0967,0.250626,-0.040125,-0.02821306698024273,n000299
facefusion,pair_0968,0.040371,0.007663,-0.015699496492743492,n008549
facefusion,pair_0969,0.124013,-0.016313,0.02050156518816948,n008967
facefusion,pair_0970,0.039505,0.000258,0.04167722910642624,n006346
facefusion,pair_0971,0.126537,0.019808,0.05181253328919411,n008282
facefusion,pair_0972,0.07048,0.103829,0.049977853894233704,n001727
facefusion,pair_0973,0.161186,0.058451,0.10804919898509979,n003988
facefusion,pair_0974,0.090999,0.007599,0.019354181364178658,n002747
facefusion,pair_0975,0.153099,0.05194,0.031060896813869476,n007464
facefusion,pair_0977,0.099888,-0.000797,0.10604345798492432,n006791
facefusion,pair_0978,0.05234,0.039514,-0.01766328513622284,n007326
facefusion,pair_0979,0.013632,-0.014913,0.03329082950949669,n003097
facefusion,pair_0981,0.031066,-0.002369,0.01726498082280159,n001790
facefusion,pair_0982,0.026563,0.073414,0.06976191699504852,n002548
facefusion,pair_0983,0.087779,0.080989,-0.007195121608674526,n004708
facefusion,pair_0984,0.247946,-0.058314,-0.02615329623222351,n002937
facefusion,pair_0985,-0.000592,0.018641,-0.010248380713164806,n004430
facefusion,pair_0986,0.182373,-0.040262,0.004027269780635834,n005889
facefusion,pair_0987,0.108267,0.036995,0.034305885434150696,n002850
facefusion,pair_0988,0.029843,-0.007821,0.059271298348903656,n002240
facefusion,pair_0989,0.050365,0.073184,0.06817691028118134,n003492
facefusion,pair_0990,0.088199,0.04002,0.10376504063606262,n005971
facefusion,pair_0991,0.107968,0.054838,-0.03698345273733139,n001428
facefusion,pair_0992,0.260929,-0.02474,0.04393741488456726,n003078
facefusion,pair_0993,0.139196,0.026876,0.029552705585956573,n008115
facefusion,pair_0994,0.04324,-0.031288,0.04911965876817703,n002582
facefusion,pair_0995,0.038508,0.000263,0.029462100937962532,n006187
facefusion,pair_0996,0.116699,0.00101,-0.02198699861764908,n002872
facefusion,pair_0997,0.082351,-0.067638,0.03993406891822815,n004647
facefusion,pair_0998,0.065886,-0.042395,0.06844355165958405,n003484
facefusion,pair_0999,-0.057983,0.048443,-0.042354680597782135,n007167
faceshifter,pair_0000,0.232806,-0.023165,0.014517176896333694,n000354
faceshifter,pair_0001,0.234427,0.051183,0.03741191700100899,n005714
faceshifter,pair_0002,0.26597,0.017147,0.0371578074991703,n000804
faceshifter,pair_0003,0.248712,-0.007124,0.13167992234230042,n008833
faceshifter,pair_0004,0.29969,0.097196,0.04165370389819145,n008995
faceshifter,pair_0005,0.097843,-0.059553,-0.0032169753685593605,n002675
faceshifter,pair_0006,0.303847,-0.061657,0.19993312656879425,n003853
faceshifter,pair_0007,0.276459,0.004632,0.14406529068946838,n000714
faceshifter,pair_0008,0.252633,0.02142,0.11742689460515976,n003491
faceshifter,pair_0009,0.076908,-0.022582,0.034082330763339996,n002679
faceshifter,pair_0010,0.156973,-0.069505,0.03935454785823822,n005251
faceshifter,pair_0011,0.167138,-0.023204,0.03069472312927246,n007238
faceshifter,pair_0012,0.162018,-0.002403,0.06665768474340439,n004170
faceshifter,pair_0013,0.199947,-0.003073,0.10447157919406891,n003151
faceshifter,pair_0014,0.232731,0.032829,0.10985132306814194,n006263
faceshifter,pair_0015,0.119157,-0.015524,0.05813758075237274,n000309
faceshifter,pair_0016,0.128236,-0.015681,-0.0224684476852417,n001417
faceshifter,pair_0017,0.298948,-0.035293,0.037234049290418625,n000758
faceshifter,pair_0018,0.262294,-0.020146,0.0862690657377243,n001228
faceshifter,pair_0019,0.220206,0.04208,-0.017993252724409103,n007576
faceshifter,pair_0020,0.161849,-0.018207,-0.015545478090643883,n007948
faceshifter,pair_0021,0.189171,-0.036508,0.1476801335811615,n002193
faceshifter,pair_0022,0.172066,-0.01532,0.13896197080612183,n000581
faceshifter,pair_0023,0.196632,0.027789,0.037438616156578064,n008767
faceshifter,pair_0024,0.210064,-0.045071,0.12705044448375702,n003129
faceshifter,pair_0025,0.208454,-0.022796,0.06728559732437134,n004825
faceshifter,pair_0026,0.43035,-0.005887,0.10644069314002991,n002191
faceshifter,pair_0027,0.095422,0.072918,0.049264196306467056,n008612
faceshifter,pair_0028,0.31336,0.02544,0.06540650129318237,n002034
faceshifter,pair_0030,0.156274,-0.029049,0.03398055210709572,n003482
faceshifter,pair_0031,0.104905,0.047455,-0.014046920463442802,n004847
faceshifter,pair_0032,0.317912,-0.019786,0.06151726096868515,n005502
faceshifter,pair_0033,0.287006,0.037288,0.15104572474956512,n003615
faceshifter,pair_0034,0.374239,0.029169,0.10066129267215729,n003462
faceshifter,pair_0035,0.22475,-0.009713,0.13124185800552368,n006552
faceshifter,pair_0036,0.303272,0.031592,0.03897210210561752,n006991
faceshifter,pair_0038,0.157416,-0.014517,0.08853289484977722,n000598
faceshifter,pair_0039,0.22153,0.102136,0.023807086050510406,n000539
faceshifter,pair_0040,-0.011218,0.036942,-0.053209297358989716,n001448
faceshifter,pair_0041,0.105373,0.090259,0.0909138172864914,n005477
faceshifter,pair_0042,0.149992,-0.051044,-0.002004409208893776,n000541
faceshifter,pair_0043,0.248287,-0.017512,0.07399515807628632,n003808
faceshifter,pair_0044,0.278327,0.076117,-0.018587782979011536,n001742
faceshifter,pair_0045,0.378204,0.016315,0.1437893956899643,n008062
faceshifter,pair_0046,0.132733,0.013163,0.05611484870314598,n004942
faceshifter,pair_0047,0.213292,-0.010669,-0.004344431683421135,n006932
faceshifter,pair_0048,0.229003,-0.065186,0.07296381145715714,n006124
faceshifter,pair_0049,0.228951,0.068724,0.10213462263345718,n002072
faceshifter,pair_0050,0.132676,-0.005298,-0.0582984983921051,n007537
faceshifter,pair_0051,0.19862,-0.025894,0.04629255831241608,n005803
faceshifter,pair_0052,0.304188,-0.013617,0.03356548026204109,n008365
faceshifter,pair_0053,0.115973,0.02478,0.04888882115483284,n001060
faceshifter,pair_0054,0.453589,0.009161,0.1837882101535797,n000792
faceshifter,pair_0055,0.251589,-0.031767,-0.01646290346980095,n001594
faceshifter,pair_0056,0.110864,-0.038743,0.0030565038323402405,n004428
faceshifter,pair_0057,0.270199,0.001345,0.017469435930252075,n007009
faceshifter,pair_0058,0.180684,-0.001195,0.0240371935069561,n003428
faceshifter,pair_0059,0.09127,0.035048,-0.007661744486540556,n005981
faceshifter,pair_0060,0.222656,0.012198,0.14244583249092102,n002779
faceshifter,pair_0061,0.454953,-0.024072,0.03376252204179764,n006989
faceshifter,pair_0062,0.241853,-0.027271,0.07173922657966614,n000092
faceshifter,pair_0063,0.004437,0.008147,0.0371600016951561,n001945
faceshifter,pair_0064,0.243689,-0.018772,0.08070879429578781,n004330
faceshifter,pair_0065,0.021544,-0.013878,0.059259600937366486,n005191
faceshifter,pair_0066,0.232474,0.049463,0.09279480576515198,n005941
faceshifter,pair_0067,0.326863,0.047103,0.023151453584432602,n007849
faceshifter,pair_0068,0.123959,-0.004967,0.025117041543126106,n007995
faceshifter,pair_0069,0.252119,-0.017231,0.1150742843747139,n007304
faceshifter,pair_0070,0.246971,-0.085339,-0.0806078165769577,n008023
faceshifter,pair_0071,0.171555,-0.056571,-0.004727179184556007,n004535
faceshifter,pair_0072,0.222662,-0.005775,0.12266820669174194,n002727
faceshifter,pair_0073,0.095894,0.008039,0.0055485256016254425,n002098
faceshifter,pair_0074,0.176806,0.031543,0.07390496134757996,n006672
faceshifter,pair_0075,0.11138,-0.020459,0.003380012232810259,n002676
faceshifter,pair_0076,-0.042281,-0.04224,-0.028875714167952538,n003684
faceshifter,pair_0077,0.232598,-0.007055,0.009418964385986328,n000223
faceshifter,pair_0078,0.063373,-0.05667,-0.0637211948633194,n001718
faceshifter,pair_0079,0.261338,-0.039223,0.1230325698852539,n001856
faceshifter,pair_0080,0.161785,0.077558,0.030596978962421417,n004250
faceshifter,pair_0081,0.164867,0.031781,0.030723845586180687,n000687
faceshifter,pair_0082,0.102657,0.127001,0.04107160121202469,n001871
faceshifter,pair_0083,0.251634,0.011527,0.02014949358999729,n003190
faceshifter,pair_0084,0.221921,-0.026848,0.03824194148182869,n005318
faceshifter,pair_0085,0.150669,0.029894,0.06760456413030624,n000807
faceshifter,pair_0086,0.300669,-0.033884,0.1633164882659912,n003860
faceshifter,pair_0087,0.118873,0.007992,0.013349656015634537,n006932
faceshifter,pair_0088,0.171673,-0.009421,0.10750089585781097,n001394
faceshifter,pair_0089,0.260659,0.007415,0.04682308807969093,n000661
faceshifter,pair_0091,0.165732,0.044583,0.08810516446828842,n004111
faceshifter,pair_0092,0.092413,-0.077537,0.04316037893295288,n000652
faceshifter,pair_0093,0.147524,0.055327,0.047392863780260086,n005628
faceshifter,pair_0094,0.16948,-0.00641,0.010832247324287891,n003307
faceshifter,pair_0096,0.176041,-0.057669,0.027020661160349846,n003266
faceshifter,pair_0097,0.182161,0.02552,0.040425993502140045,n001323
faceshifter,pair_0098,0.216581,0.023371,0.042619068175554276,n004888
faceshifter,pair_0099,0.232532,0.004013,0.06850117444992065,n006359
faceshifter,pair_0100,0.219775,0.05584,0.1271645426750183,n001557
faceshifter,pair_0101,0.262706,0.009318,0.07355007529258728,n001521
faceshifter,pair_0102,0.176582,-0.053202,0.034982193261384964,n006047
faceshifter,pair_0103,0.214843,-0.016323,-0.029290545731782913,n003947
faceshifter,pair_0104,0.115628,-0.033449,0.06872086226940155,n000164
faceshifter,pair_0105,0.278809,0.082048,0.06671261787414551,n000663
faceshifter,pair_0106,0.291741,0.048886,0.0930725708603859,n000843
faceshifter,pair_0107,0.167982,-0.037522,0.04724349081516266,n008023
faceshifter,pair_0108,0.014368,0.00922,-0.006936375051736832,n007551
faceshifter,pair_0109,0.167759,-0.010473,0.0198174100369215,n006771
faceshifter,pair_0110,0.109879,0.066278,0.04248137027025223,n003542
faceshifter,pair_0111,0.181518,0.047339,0.03713980317115784,n008218
faceshifter,pair_0112,0.184837,-0.002573,0.03963878005743027,n004623
faceshifter,pair_0113,0.18771,-0.079017,0.05399194359779358,n004125
faceshifter,pair_0114,0.183428,0.0047,0.14720292389392853,n006434
faceshifter,pair_0115,0.147964,0.030049,0.027342908084392548,n000565
faceshifter,pair_0116,0.089689,0.026511,0.050102341920137405,n006126
faceshifter,pair_0117,0.238806,-0.046677,0.006374705582857132,n003127
faceshifter,pair_0118,0.276749,0.100606,0.11488699913024902,n002240
faceshifter,pair_0119,0.271109,0.023812,0.13527822494506836,n003120
faceshifter,pair_0120,0.118713,0.006119,0.10422083735466003,n006323
faceshifter,pair_0121,0.207545,0.015432,0.09223432093858719,n004929
faceshifter,pair_0122,0.213345,-0.032365,-0.006133779883384705,n000852
faceshifter,pair_0124,0.106785,0.007384,0.014017205685377121,n006222
faceshifter,pair_0126,0.115883,0.009015,0.1161419227719307,n001947
faceshifter,pair_0127,0.127773,-0.012811,0.07143345475196838,n008551
faceshifter,pair_0128,0.175022,-0.073577,0.08813323080539703,n000337
faceshifter,pair_0129,0.195152,-0.052536,0.11405433714389801,n004667
faceshifter,pair_0130,0.198638,-0.037522,0.11795196682214737,n002932
faceshifter,pair_0132,0.198635,0.094813,0.010418582707643509,n001544
faceshifter,pair_0133,0.104512,0.021253,0.10171832144260406,n008161
faceshifter,pair_0134,0.309349,-0.045826,-0.04669667035341263,n004435
faceshifter,pair_0135,0.240554,0.027177,0.05246376246213913,n003185
faceshifter,pair_0136,0.285307,-0.068412,-0.03372317552566528,n003252
faceshifter,pair_0137,0.155333,-0.000495,0.0949934720993042,n005141
faceshifter,pair_0138,0.298104,0.05819,0.1877554953098297,n005255
faceshifter,pair_0139,0.18636,-0.077532,-0.009236855432391167,n008274
faceshifter,pair_0140,0.084358,-0.081004,0.024722523987293243,n000894
faceshifter,pair_0141,0.190252,0.050994,-0.005006527993828058,n008808
faceshifter,pair_0142,0.127272,0.026356,0.020836859941482544,n005133
faceshifter,pair_0143,0.061697,-0.021765,0.03379547968506813,n008236
faceshifter,pair_0145,0.223211,0.008212,0.1827417016029358,n008248
faceshifter,pair_0146,0.054329,-0.072167,0.048564985394477844,n001083
faceshifter,pair_0147,0.157013,0.018619,-0.014834459871053696,n004708
faceshifter,pair_0148,0.262909,0.006563,0.07055208086967468,n001331
faceshifter,pair_0149,0.231336,-0.013415,0.08015134185552597,n002712
faceshifter,pair_0150,0.0578,0.014345,-0.006803659722208977,n005789
faceshifter,pair_0151,0.317853,0.054697,0.02603566274046898,n006494
faceshifter,pair_0152,0.033735,-0.049913,-0.06795600056648254,n000443
faceshifter,pair_0153,0.212319,-0.005672,0.026366915553808212,n000847
faceshifter,pair_0154,0.301551,0.013974,-0.035418637096881866,n001602
faceshifter,pair_0155,0.137354,0.035722,0.038322754204273224,n004457
faceshifter,pair_0156,0.108156,-0.016337,-0.02613275870680809,n007486
faceshifter,pair_0157,0.139907,-0.073705,-0.020824138075113297,n001419
faceshifter,pair_0158,0.130929,0.016534,0.13203996419906616,n001424
faceshifter,pair_0159,0.235869,0.042581,0.05531161278486252,n008230
faceshifter,pair_0161,0.139672,0.059894,0.03531251102685928,n003267
faceshifter,pair_0162,0.300454,-0.013717,0.08959773182868958,n005556
faceshifter,pair_0163,0.261945,0.109392,-0.0317755788564682,n003745
faceshifter,pair_0164,-0.086447,-0.05277,0.08936157822608948,n003360
faceshifter,pair_0165,0.140889,0.019326,-0.014839570969343185,n008115
faceshifter,pair_0166,0.093248,0.022633,0.011105159297585487,n004457
faceshifter,pair_0167,0.298117,0.105357,0.11528091132640839,n007499
faceshifter,pair_0168,0.219177,0.069427,0.04955779016017914,n005651
faceshifter,pair_0169,0.270216,0.085037,0.0750255137681961,n001246
faceshifter,pair_0170,0.147056,-0.001365,0.022569403052330017,n006501
faceshifter,pair_0171,0.090183,0.07557,0.025356020778417587,n001349
faceshifter,pair_0172,0.276467,-0.054272,0.159077987074852,n006620
faceshifter,pair_0173,0.256901,0.042616,0.06353559345006943,n004622
faceshifter,pair_0174,0.22242,0.030719,0.14545725286006927,n000298
faceshifter,pair_0175,0.101798,-0.081207,0.005597967654466629,n002479
faceshifter,pair_0176,0.168585,-0.063454,0.0640469640493393,n001999
faceshifter,pair_0177,0.158332,0.019014,0.03944065049290657,n000686
faceshifter,pair_0178,0.226176,-0.003563,0.03871889412403107,n005638
faceshifter,pair_0179,0.124851,0.098548,0.06717349588871002,n003561
faceshifter,pair_0180,0.173204,-0.023226,-0.02959785796701908,n004908
faceshifter,pair_0181,0.276299,-0.021937,0.06611346453428268,n000714
faceshifter,pair_0182,0.2119,-0.005443,0.0853663831949234,n005710
faceshifter,pair_0183,0.231389,-0.002201,0.0820828303694725,n005160
faceshifter,pair_0184,0.207882,0.06062,0.082097128033638,n004926
faceshifter,pair_0185,0.138578,0.079231,0.08885815739631653,n005600
faceshifter,pair_0186,0.128529,0.033896,0.07568906247615814,n007901
faceshifter,pair_0187,-0.083331,-0.016453,0.061919137835502625,n006085
faceshifter,pair_0188,0.156807,0.060022,0.07710853964090347,n006316
faceshifter,pair_0189,0.225799,-0.008139,0.09142036736011505,n002463
faceshifter,pair_0190,0.074164,0.05337,0.16673392057418823,n000810
faceshifter,pair_0191,0.256893,-0.026324,0.09394868463277817,n000781
faceshifter,pair_0192,0.257521,-0.015059,0.1060398519039154,n003821
faceshifter,pair_0193,0.189917,0.003186,0.02029312029480934,n004839
faceshifter,pair_0194,0.26691,0.053814,0.043087467551231384,n003661
faceshifter,pair_0195,0.150301,0.077678,-0.0031778253614902496,n007677
faceshifter,pair_0196,0.188245,-0.105021,0.037034619599580765,n006498
faceshifter,pair_0197,0.168927,-0.012706,0.11417318135499954,n007051
faceshifter,pair_0198,0.243458,0.124187,0.08504088222980499,n007376
faceshifter,pair_0199,0.13387,0.061808,0.04322195053100586,n004983
faceshifter,pair_0200,0.206099,-0.015921,0.11787397414445877,n008177
faceshifter,pair_0201,0.166523,0.000494,0.08892055600881577,n007009
faceshifter,pair_0202,0.124184,-0.044212,0.024137794971466064,n001695
faceshifter,pair_0205,0.225136,0.023842,-0.042866289615631104,n002101
faceshifter,pair_0207,0.138414,-0.037891,0.02539534866809845,n003776
faceshifter,pair_0208,0.227455,-0.073987,0.06975125521421432,n007952
faceshifter,pair_0210,0.29289,-0.077844,0.11881633847951889,n006836
faceshifter,pair_0211,0.270838,0.054942,0.08504103124141693,n007336
faceshifter,pair_0212,0.196822,-0.068442,0.04232712835073471,n002374
faceshifter,pair_0213,0.30191,0.015184,0.17943944036960602,n003237
faceshifter,pair_0214,0.233579,0.007684,-0.019936151802539825,n004489
faceshifter,pair_0216,0.566365,-0.03194,-0.011558366008102894,n004452
faceshifter,pair_0217,0.161862,0.003457,0.0025946907699108124,n007128
faceshifter,pair_0218,0.196998,-0.010189,0.0025181546807289124,n007071
faceshifter,pair_0219,0.309696,-0.020523,0.06372296065092087,n003730
faceshifter,pair_0220,0.332734,-0.015835,0.06322799623012543,n004216
faceshifter,pair_0221,0.197682,-0.058351,0.022936612367630005,n008631
faceshifter,pair_0222,0.209621,0.077246,0.08844541758298874,n002055
faceshifter,pair_0223,0.248947,0.050449,0.13909238576889038,n002141
faceshifter,pair_0224,0.24001,-0.085449,0.1305786520242691,n003993
faceshifter,pair_0225,0.190432,0.02723,0.13516509532928467,n003507
faceshifter,pair_0226,0.090259,0.081305,-0.025359783321619034,n002727
faceshifter,pair_0227,0.233253,-0.024474,0.11463288962841034,n007464
faceshifter,pair_0228,0.273237,-0.042579,-0.0589829683303833,n006137
faceshifter,pair_0229,0.303448,-0.035085,0.088144451379776,n008598
faceshifter,pair_0230,0.287744,0.005056,0.011569816619157791,n006445
faceshifter,pair_0231,0.122897,0.037781,0.1134418472647667,n002643
faceshifter,pair_0234,0.141375,-0.027253,-0.03294713795185089,n005855
faceshifter,pair_0235,0.170003,0.003524,0.04333225637674332,n002148
faceshifter,pair_0236,0.324301,0.062919,0.07564198225736618,n000416
faceshifter,pair_0237,0.117145,-0.004063,0.020203769207000732,n002460
faceshifter,pair_0238,0.147456,-0.02405,-0.0035610406193882227,n000648
faceshifter,pair_0239,0.320889,0.026335,0.09110406041145325,n002557
faceshifter,pair_0240,0.198775,-0.014822,-0.00922299548983574,n006525
faceshifter,pair_0241,0.06817,-0.088298,0.01672426611185074,n001656
faceshifter,pair_0242,0.199622,0.041266,0.08697021007537842,n008941
faceshifter,pair_0243,0.249977,0.036042,-0.003723702859133482,n007838
faceshifter,pair_0244,0.054537,0.061032,-0.09849853068590164,n005535
faceshifter,pair_0245,0.286344,-0.007419,0.034219883382320404,n005606
faceshifter,pair_0246,0.232415,0.005348,0.14437879621982574,n000035
faceshifter,pair_0247,0.263517,0.062791,0.05280837416648865,n001447
faceshifter,pair_0248,0.186641,-0.055869,0.09001630544662476,n003178
faceshifter,pair_0249,0.235345,0.023093,0.0447026751935482,n002551
faceshifter,pair_0251,0.209325,-0.019679,0.022429239004850388,n006014
faceshifter,pair_0252,0.112211,0.006395,0.004969323053956032,n000579
faceshifter,pair_0253,0.193625,0.01224,0.061954379081726074,n006398
faceshifter,pair_0254,0.163039,-0.013613,-0.047060057520866394,n001024
faceshifter,pair_0255,0.146833,0.000826,0.03520836681127548,n001458
faceshifter,pair_0256,0.334387,0.074903,0.04993561655282974,n008867
faceshifter,pair_0257,0.259277,-0.00082,0.08825962245464325,n004772
faceshifter,pair_0258,0.187469,0.008847,0.044245243072509766,n003951
faceshifter,pair_0259,0.104024,-0.047297,0.0894508957862854,n002786
faceshifter,pair_0261,0.242771,-0.029303,0.1237160712480545,n005212
faceshifter,pair_0262,0.232558,0.058112,0.09695941209793091,n005264
faceshifter,pair_0263,0.033643,-0.10458,0.04362557455897331,n001405
faceshifter,pair_0264,0.143012,0.04641,0.1162649393081665,n000123
faceshifter,pair_0265,0.487778,-0.008551,0.0504990853369236,n006791
faceshifter,pair_0266,0.146517,-0.001993,-0.03338833898305893,n000016
faceshifter,pair_0267,0.245469,-0.015289,0.031973280012607574,n003935
faceshifter,pair_0268,0.204356,0.039677,0.07754777371883392,n004767
faceshifter,pair_0269,0.203611,0.030146,0.052091240882873535,n005628
faceshifter,pair_0270,0.325243,-0.041426,0.037360649555921555,n001262
faceshifter,pair_0271,0.326448,0.038567,0.1646454781293869,n007958
faceshifter,pair_0272,0.141708,0.029198,-0.040812160819768906,n003322
faceshifter,pair_0273,0.157386,-0.026004,0.005636362358927727,n007679
faceshifter,pair_0274,0.372564,0.008906,0.09450486302375793,n001511
faceshifter,pair_0275,0.202065,0.05557,0.0371425524353981,n003619
faceshifter,pair_0276,0.326432,-0.027879,0.03008410707116127,n004105
faceshifter,pair_0277,0.292295,-0.018038,0.05809669941663742,n006738
faceshifter,pair_0278,0.074113,0.046666,-0.026968035846948624,n001537
faceshifter,pair_0279,0.178847,-0.003327,0.019959572702646255,n003033
faceshifter,pair_0280,0.273946,0.02751,0.03239790350198746,n003895
faceshifter,pair_0281,0.086173,0.051745,0.14305026829242706,n000656
faceshifter,pair_0282,0.097429,0.019017,0.012480705976486206,n006962
faceshifter,pair_0283,0.12765,0.064687,-0.06385476887226105,n007115
faceshifter,pair_0284,0.217616,0.004063,0.033789023756980896,n004216
faceshifter,pair_0285,0.215056,0.011493,-0.0048589324578642845,n004435
faceshifter,pair_0286,0.391855,0.064113,0.09680426865816116,n000745
faceshifter,pair_0287,0.134273,-0.028792,0.12735067307949066,n007421
faceshifter,pair_0288,0.276957,0.042115,0.02278529852628708,n008193
faceshifter,pair_0289,0.231411,0.071311,0.10803376138210297,n002262
faceshifter,pair_0290,0.028972,0.018469,-0.031063836067914963,n006406
faceshifter,pair_0291,0.217411,0.090468,0.0009378690738230944,n005152
faceshifter,pair_0292,0.266098,-0.013439,0.1428719460964203,n001856
faceshifter,pair_0293,0.069886,-0.018555,0.1013917624950409,n007942
faceshifter,pair_0294,0.283941,-0.036926,0.09812913835048676,n002193
faceshifter,pair_0295,0.116425,-0.111803,0.0505475252866745,n000559
faceshifter,pair_0296,0.197156,-0.011617,0.08879640698432922,n007365
faceshifter,pair_0297,0.124442,0.021968,0.04560306668281555,n000227
faceshifter,pair_0298,0.263853,-0.043729,0.08096866309642792,n000722
faceshifter,pair_0299,0.214807,-0.042351,0.044612012803554535,n003273
faceshifter,pair_0300,0.264099,0.028972,0.044071778655052185,n002990
faceshifter,pair_0302,0.130757,-0.016193,0.09170792996883392,n000789
faceshifter,pair_0303,0.154716,-0.014764,-0.01217864640057087,n002355
faceshifter,pair_0304,0.321946,-0.002939,0.009912824258208275,n000976
faceshifter,pair_0305,0.33631,0.039136,0.19220879673957825,n004917
faceshifter,pair_0306,0.274322,0.013254,-0.01997566595673561,n001083
faceshifter,pair_0307,0.225246,-0.004426,0.06906826794147491,n002209
faceshifter,pair_0308,0.221643,0.036704,0.012940739281475544,n004740
faceshifter,pair_0309,0.088504,-0.049839,0.05496354028582573,n002246
faceshifter,pair_0310,0.268203,-0.059665,0.053332120180130005,n007139
faceshifter,pair_0311,0.075154,-0.035444,0.05151189863681793,n001405
faceshifter,pair_0312,0.253216,0.046914,0.1175491139292717,n004114
faceshifter,pair_0313,0.257586,0.027051,0.047551944851875305,n008928
faceshifter,pair_0314,0.289811,0.054709,0.1171477735042572,n000416
faceshifter,pair_0315,0.291499,0.003855,0.230575293302536,n004415
faceshifter,pair_0316,0.052044,-0.009191,-0.05165758728981018,n005220
faceshifter,pair_0317,0.167623,0.034459,0.005000353325158358,n006764
faceshifter,pair_0318,0.219473,-0.060242,-0.023713843896985054,n004686
faceshifter,pair_0319,0.104722,0.113732,-0.0537533164024353,n002954
faceshifter,pair_0320,0.14381,0.037957,0.1351964771747589,n005219
faceshifter,pair_0321,0.282535,0.052143,0.15618163347244263,n002872
faceshifter,pair_0322,0.203686,0.025097,0.08246668428182602,n006396
faceshifter,pair_0323,0.225746,-0.067488,0.06618853658437729,n003912
faceshifter,pair_0325,0.274489,-0.037452,0.08527447283267975,n005227
faceshifter,pair_0326,0.218463,-0.044282,0.09552289545536041,n005578
faceshifter,pair_0327,0.193548,-0.011307,0.12870678305625916,n001420
faceshifter,pair_0328,0.336711,0.00191,0.03609684482216835,n004048
faceshifter,pair_0329,0.096821,0.061869,0.12429660558700562,n007785
faceshifter,pair_0330,0.197984,-0.031729,0.05906618386507034,n003929
faceshifter,pair_0331,0.291266,0.075714,0.2110123485326767,n003630
faceshifter,pair_0333,0.166846,-0.015134,-0.0017234663246199489,n008165
faceshifter,pair_0334,0.230431,0.008026,0.060962069779634476,n002772
faceshifter,pair_0335,0.035818,0.061178,0.001436571590602398,n001289
faceshifter,pair_0336,0.249039,0.031627,0.010331092402338982,n007311
faceshifter,pair_0337,0.042541,-0.008765,-0.02220909669995308,n003658
faceshifter,pair_0338,0.148648,-0.051964,0.07179011404514313,n003036
faceshifter,pair_0339,0.258968,0.04292,0.058071259409189224,n006457
faceshifter,pair_0340,0.29018,0.000173,-0.004909292794764042,n004515
faceshifter,pair_0343,0.213902,0.013287,0.08754001557826996,n001662
faceshifter,pair_0344,0.21038,0.016162,0.03393866866827011,n002380
faceshifter,pair_0345,0.235308,0.003529,0.04086209833621979,n006162
faceshifter,pair_0347,0.226232,-0.025282,0.05928919464349747,n004189
faceshifter,pair_0348,0.113706,0.008467,0.08103490620851517,n006856
faceshifter,pair_0349,0.232513,0.018612,0.06600159406661987,n008082
faceshifter,pair_0350,0.268734,0.041305,0.10264697670936584,n007998
faceshifter,pair_0352,0.021125,0.074077,-0.02106453850865364,n001443
faceshifter,pair_0353,0.168293,-0.028244,0.03122265264391899,n006961
faceshifter,pair_0354,0.307601,0.010469,-0.10348455607891083,n003487
faceshifter,pair_0355,0.180276,-0.0492,0.10540194809436798,n007465
faceshifter,pair_0356,0.277025,-0.00793,-0.008643301203846931,n007432
faceshifter,pair_0357,0.133295,0.029382,-0.030809320509433746,n003563
faceshifter,pair_0358,0.201581,-0.021543,0.03377581760287285,n007630
faceshifter,pair_0359,0.251322,0.048537,-0.002057955600321293,n001932
faceshifter,pair_0360,0.326018,0.06004,0.08222687989473343,n008947
faceshifter,pair_0361,0.280186,-0.072023,0.07176032662391663,n005545
faceshifter,pair_0362,0.187941,0.032203,0.04951194301247597,n002314
faceshifter,pair_0363,0.297556,0.077382,-0.020155232399702072,n006671
faceshifter,pair_0364,0.123364,0.004308,0.06248290836811066,n000384
faceshifter,pair_0365,0.227623,0.009726,0.05094821751117706,n006899
faceshifter,pair_0366,0.143245,0.008411,0.018728269264101982,n003263
faceshifter,pair_0367,0.159201,-0.057056,0.0023815706372261047,n000031
faceshifter,pair_0368,0.049061,-0.017969,0.0629662573337555,n000509
faceshifter,pair_0369,0.345807,-0.111879,0.1038675308227539,n004598
faceshifter,pair_0370,0.207275,-0.015562,-0.03945296257734299,n005146
faceshifter,pair_0371,0.170348,-0.007673,0.05494209751486778,n000113
faceshifter,pair_0372,0.221763,-0.020944,0.15862137079238892,n002013
faceshifter,pair_0373,0.061783,-0.035309,0.012468930333852768,n006444
faceshifter,pair_0374,0.099513,0.026161,-0.004189627710729837,n001246
faceshifter,pair_0375,0.386361,0.019246,0.0968937873840332,n000459
faceshifter,pair_0376,0.154113,0.061862,0.10363973677158356,n006262
faceshifter,pair_0377,0.165453,-0.011059,0.0706273689866066,n007768
faceshifter,pair_0378,0.233506,0.021831,0.07390107214450836,n006744
faceshifter,pair_0379,0.137948,-0.036037,0.019803466275334358,n003691
faceshifter,pair_0380,0.181691,-0.028795,0.08405837416648865,n005669
faceshifter,pair_0381,0.267234,0.061082,0.05049671232700348,n002839
faceshifter,pair_0382,0.157563,0.048115,0.05190880224108696,n002479
faceshifter,pair_0383,0.090031,-0.043157,0.10655379295349121,n000514
faceshifter,pair_0385,0.207037,-0.03057,0.13803666830062866,n000528
faceshifter,pair_0386,0.145857,-0.0225,0.13340350985527039,n004412
faceshifter,pair_0387,0.301524,-0.009327,0.040549371391534805,n008534
faceshifter,pair_0388,0.201381,-0.067618,0.133186474442482,n009208
faceshifter,pair_0389,0.28546,0.005518,-0.006570298224687576,n006801
faceshifter,pair_0390,0.087471,0.052951,0.05969780683517456,n000139
faceshifter,pair_0391,0.143704,0.049694,0.06000904366374016,n003478
faceshifter,pair_0392,0.045987,0.024229,0.07297839969396591,n003121
faceshifter,pair_0393,0.320672,0.010136,0.04920239374041557,n005886
faceshifter,pair_0394,0.121562,0.031971,0.043944500386714935,n007566
faceshifter,pair_0395,0.236603,0.0196,0.07979068905115128,n002141
faceshifter,pair_0396,0.153057,0.124046,0.007062053307890892,n005022
faceshifter,pair_0397,0.139601,0.03205,-0.006159333512187004,n002277
faceshifter,pair_0398,0.192902,-0.01117,-0.04145952686667442,n007286
faceshifter,pair_0400,0.055711,0.084759,0.1409347951412201,n001390
faceshifter,pair_0401,0.14696,-0.076608,0.009301925078034401,n005015
faceshifter,pair_0402,0.23614,-0.067489,0.1325070708990097,n004303
faceshifter,pair_0404,0.210406,-0.012085,0.17144426703453064,n000012
faceshifter,pair_0405,0.155344,-0.037526,-0.020397812128067017,n004988
faceshifter,pair_0406,0.121062,-0.061133,0.013022881001234055,n007391
faceshifter,pair_0407,0.254453,-0.006767,-0.018019653856754303,n005638
faceshifter,pair_0408,0.286366,0.0703,0.0657363086938858,n002204
faceshifter,pair_0409,0.350849,-0.012673,0.0942632406949997,n008950
faceshifter,pair_0410,0.232808,-0.041435,0.13912129402160645,n004775
faceshifter,pair_0411,0.225558,-0.004993,0.08146488666534424,n007889
faceshifter,pair_0412,0.281949,0.004312,0.04124116897583008,n007009
faceshifter,pair_0413,0.199985,0.065924,0.1576523780822754,n001163
faceshifter,pair_0414,0.23647,-0.035031,0.006124267354607582,n007366
faceshifter,pair_0415,0.166795,-0.015452,0.036041226238012314,n004572
faceshifter,pair_0416,0.098823,0.062993,0.035320479422807693,n002176
faceshifter,pair_0417,0.2425,0.017415,0.038525138050317764,n000176
faceshifter,pair_0418,0.079049,-0.02346,0.06096755713224411,n006843
faceshifter,pair_0419,0.353125,-0.057844,0.10672252625226974,n000167
faceshifter,pair_0420,0.150759,-0.034964,0.06747152656316757,n003135
faceshifter,pair_0421,0.235193,-0.02724,-0.02553943544626236,n001062
faceshifter,pair_0422,0.006098,0.000553,0.06591837108135223,n008312
faceshifter,pair_0423,0.148911,-0.043133,0.054543979465961456,n006233
faceshifter,pair_0424,0.11515,-0.004095,-0.02419450506567955,n003232
faceshifter,pair_0425,0.116729,-0.025887,0.12793798744678497,n000577
faceshifter,pair_0426,0.044219,0.001059,0.036816660314798355,n008434
faceshifter,pair_0427,0.23034,0.081344,0.04062102735042572,n000096
faceshifter,pair_0428,0.162871,0.019726,0.0062333643436431885,n008296
faceshifter,pair_0429,0.282708,0.069121,0.11663796007633209,n002836
faceshifter,pair_0430,0.077638,0.061757,-0.03321155905723572,n003581
faceshifter,pair_0431,0.114467,-0.023841,0.08260300755500793,n004104
faceshifter,pair_0432,0.348744,0.010552,0.12543445825576782,n004324
faceshifter,pair_0433,0.163993,0.019122,-0.03194175660610199,n001466
faceshifter,pair_0434,0.23397,0.024632,0.15304484963417053,n007209
faceshifter,pair_0435,0.194,-0.015473,0.1706686168909073,n001662
faceshifter,pair_0436,0.147155,0.019237,-0.020242176949977875,n005365
faceshifter,pair_0438,0.118773,-0.056399,-0.00898666586726904,n003761
faceshifter,pair_0439,0.151912,0.046844,0.026865268126130104,n008856
faceshifter,pair_0440,0.316924,-0.057616,0.09721644222736359,n005830
faceshifter,pair_0441,0.223101,0.027882,0.03415709361433983,n007203
faceshifter,pair_0442,0.461861,0.02194,0.16455784440040588,n003095
faceshifter,pair_0443,0.090193,-0.003572,-0.08154919743537903,n008640
faceshifter,pair_0444,0.067047,0.041408,0.15686149895191193,n005770
faceshifter,pair_0445,0.369756,0.004706,0.09468650817871094,n003737
faceshifter,pair_0446,0.177737,-0.007084,0.073790043592453,n002277
faceshifter,pair_0448,0.036193,-0.011544,-0.01596207357943058,n000818
faceshifter,pair_0449,0.207303,0.04761,0.07281089574098587,n002099
faceshifter,pair_0450,0.15738,-0.028934,0.10522058606147766,n009241
faceshifter,pair_0451,0.324958,-0.00815,0.07681509107351303,n009053
faceshifter,pair_0452,0.186242,-0.058082,0.021419348195195198,n006420
faceshifter,pair_0453,0.267263,0.054605,0.0759410560131073,n001834
faceshifter,pair_0454,0.214429,-0.090724,0.12229642271995544,n003389
faceshifter,pair_0455,0.256186,-0.058162,0.017130035907030106,n004324
faceshifter,pair_0456,0.135182,0.026026,0.06197451800107956,n003954
faceshifter,pair_0457,0.08844,0.03679,0.1326560378074646,n001548
faceshifter,pair_0458,0.152225,-0.035343,0.04651825502514839,n001327
faceshifter,pair_0459,0.22315,0.002915,0.03866435959935188,n005571
faceshifter,pair_0460,0.130603,-0.030608,0.021765243262052536,n004616
faceshifter,pair_0461,0.1029,0.017214,0.05736210197210312,n005175
faceshifter,pair_0462,0.294705,-0.041348,0.00277401739731431,n008496
faceshifter,pair_0463,0.205844,-0.003298,0.08402574062347412,n005287
faceshifter,pair_0464,0.067411,0.097651,0.11602136492729187,n000782
faceshifter,pair_0465,0.250879,0.039741,0.07430938631296158,n007353
faceshifter,pair_0466,0.1579,0.015397,0.07620272040367126,n002046
faceshifter,pair_0467,0.215294,-0.01259,0.09241936355829239,n006580
faceshifter,pair_0468,0.157804,0.013799,0.01825452782213688,n004279
faceshifter,pair_0470,0.181323,-0.03398,0.07179030030965805,n003946
faceshifter,pair_0471,0.270664,0.043599,0.06435468792915344,n006791
faceshifter,pair_0472,0.304321,0.021504,0.08784709870815277,n007015
faceshifter,pair_0473,0.298677,-0.050309,0.09350629150867462,n007427
faceshifter,pair_0474,0.317669,0.091495,0.14832714200019836,n006242
faceshifter,pair_0475,0.153803,-0.018603,-0.013046372681856155,n008421
faceshifter,pair_0476,0.268447,0.003661,0.14374703168869019,n001114
faceshifter,pair_0478,0.286859,0.034411,0.12152303755283356,n007488
faceshifter,pair_0479,0.168029,-0.013947,0.009867505170404911,n008600
faceshifter,pair_0480,0.227928,0.05875,0.09664378315210342,n002867
faceshifter,pair_0481,0.306238,-0.043389,0.041020989418029785,n007657
faceshifter,pair_0482,0.307212,0.060674,-0.012852609157562256,n008897
faceshifter,pair_0483,0.254347,-6.5e-05,0.11415097117424011,n008707
faceshifter,pair_0484,0.053844,0.074955,0.09578514099121094,n003460
faceshifter,pair_0485,0.133806,-0.006674,0.035276539623737335,n009098
faceshifter,pair_0486,0.238579,0.028915,0.0617658793926239,n002598
faceshifter,pair_0487,0.224856,0.024619,0.09669890999794006,n007184
faceshifter,pair_0488,0.190721,0.009413,-0.05673079565167427,n005888
faceshifter,pair_0489,0.264754,0.031471,0.14581336081027985,n001359
faceshifter,pair_0490,0.294399,0.004186,0.0482468456029892,n000015
faceshifter,pair_0491,0.296022,0.013286,0.08306177705526352,n004359
faceshifter,pair_0492,0.183137,0.019917,0.04261850565671921,n004418
faceshifter,pair_0493,0.28541,0.047548,0.09731784462928772,n002573
faceshifter,pair_0494,0.066128,0.027926,-0.07199393957853317,n002423
faceshifter,pair_0495,0.184013,-0.020782,0.10897459089756012,n008745
faceshifter,pair_0496,0.332118,0.061789,0.046273790299892426,n008693
faceshifter,pair_0497,0.439635,-0.025423,0.10112015902996063,n003507
faceshifter,pair_0498,0.180889,-0.042924,0.00427757203578949,n004348
faceshifter,pair_0499,0.238594,-0.007082,0.0501367449760437,n008788
faceshifter,pair_0500,0.125128,-0.038553,0.09175936877727509,n005445
faceshifter,pair_0501,0.179122,0.058672,0.0006496566347777843,n005511
faceshifter,pair_0502,0.237,-0.040956,0.014091938734054565,n005493
faceshifter,pair_0503,0.150479,0.018698,0.09477061033248901,n001458
faceshifter,pair_0504,0.371205,-0.029439,0.0653240755200386,n006428
faceshifter,pair_0505,0.008908,-0.002241,-0.0295761339366436,n000503
faceshifter,pair_0506,0.094558,0.08318,0.09230318665504456,n005421
faceshifter,pair_0507,0.362145,0.023358,0.05803292989730835,n003484
faceshifter,pair_0508,0.150762,-0.06985,-0.0027356278151273727,n005083
faceshifter,pair_0509,0.104459,0.051235,0.030535241588950157,n001825
faceshifter,pair_0510,0.302257,-0.024675,0.06839792430400848,n005789
faceshifter,pair_0511,0.241847,0.016675,0.1108522117137909,n000139
faceshifter,pair_0512,0.077873,0.061475,0.08019653707742691,n001089
faceshifter,pair_0513,0.32849,0.001053,0.07804345339536667,n000049
faceshifter,pair_0514,-0.000727,-0.060267,0.08113867044448853,n000426
faceshifter,pair_0515,0.085259,0.037708,0.09446204453706741,n006087
faceshifter,pair_0516,0.194012,0.027587,0.04548969119787216,n000900
faceshifter,pair_0517,0.136909,-0.000543,0.02009018138051033,n003147
faceshifter,pair_0519,0.190662,-0.056425,0.10018819570541382,n008535
faceshifter,pair_0520,0.243803,-0.008271,0.19132229685783386,n003850
faceshifter,pair_0521,0.165435,-0.029409,-0.028262324631214142,n003311
faceshifter,pair_0522,0.31211,-0.012271,0.15003728866577148,n008997
faceshifter,pair_0523,0.382883,-0.036637,0.07729470729827881,n007901
faceshifter,pair_0524,0.306202,0.067787,0.04223993420600891,n001770
faceshifter,pair_0525,0.145389,0.008322,-0.01511821337044239,n006904
faceshifter,pair_0526,0.006532,-0.041111,-0.02427557110786438,n004079
faceshifter,pair_0527,0.135288,0.042231,0.024300003424286842,n003424
faceshifter,pair_0528,0.120836,-0.038656,0.011649422347545624,n001345
faceshifter,pair_0529,0.157951,0.020504,0.04212392866611481,n005235
faceshifter,pair_0530,0.195328,0.002095,0.04355800896883011,n007674
faceshifter,pair_0531,0.129355,-0.007195,0.16031645238399506,n008279
faceshifter,pair_0532,0.228239,-0.032514,0.06211205571889877,n008282
faceshifter,pair_0534,0.400858,-0.033056,0.12132848799228668,n003909
faceshifter,pair_0535,0.11303,0.015307,-0.009398547932505608,n000012
faceshifter,pair_0537,0.25416,0.016962,0.09023557603359222,n005533
faceshifter,pair_0538,0.216609,-0.007631,-0.002881167456507683,n004087
faceshifter,pair_0539,0.188961,0.010289,0.09008635580539703,n001207
faceshifter,pair_0540,0.173886,-0.037419,-0.013998957350850105,n005275
faceshifter,pair_0541,0.1449,-0.043002,0.00014453893527388573,n003323
faceshifter,pair_0542,0.187573,-0.022541,-0.041025009006261826,n003005
faceshifter,pair_0543,0.186766,0.042553,0.014572486281394958,n002194
faceshifter,pair_0544,0.226919,0.033739,0.03908257186412811,n001238
faceshifter,pair_0545,0.241111,-0.026658,0.07255973666906357,n005047
faceshifter,pair_0546,0.222043,-0.149889,0.052370667457580566,n002431
faceshifter,pair_0547,0.054277,-0.090009,-0.03950688615441322,n004570
faceshifter,pair_0548,0.182547,0.044569,0.0679556205868721,n004951
faceshifter,pair_0549,0.18416,0.030205,0.08302054554224014,n007592
faceshifter,pair_0550,0.337388,0.023499,-0.0020647142082452774,n007107
faceshifter,pair_0551,0.141609,-0.049452,0.0691603347659111,n005476
faceshifter,pair_0552,0.200076,0.004126,0.028956515714526176,n006242
faceshifter,pair_0553,0.196216,-0.014257,0.02875378169119358,n007119
faceshifter,pair_0554,0.206367,0.109694,-0.027732715010643005,n004764
faceshifter,pair_0555,0.145382,-0.005763,-0.01839650794863701,n001573
faceshifter,pair_0556,0.19773,0.062397,0.08365002274513245,n001659
faceshifter,pair_0557,-0.041219,-0.031518,0.06478843092918396,n004726
faceshifter,pair_0558,0.357277,0.028915,0.15862730145454407,n005560
faceshifter,pair_0559,0.122703,0.049809,0.054349470883607864,n007134
faceshifter,pair_0560,0.126862,0.030109,0.16225220263004303,n004598
faceshifter,pair_0561,0.205043,0.029792,0.05667143315076828,n007934
faceshifter,pair_0562,0.101243,0.021066,0.11203350871801376,n004713
faceshifter,pair_0563,0.177924,-0.015451,-0.021710094064474106,n003267
faceshifter,pair_0564,0.176806,0.011096,0.046924889087677,n001734
faceshifter,pair_0565,0.265278,0.034622,0.18066591024398804,n000066
faceshifter,pair_0566,0.180988,0.016258,0.11738181114196777,n005925
faceshifter,pair_0567,0.216244,-0.0612,-0.052251074463129044,n003631
faceshifter,pair_0568,0.204421,0.004786,0.021543052047491074,n003170
faceshifter,pair_0569,0.108882,0.039542,0.05269342660903931,n001118
faceshifter,pair_0570,0.204005,0.032183,0.017384303733706474,n001871
faceshifter,pair_0571,0.298825,0.017472,0.1032189428806305,n008540
faceshifter,pair_0572,0.159535,0.057027,0.05716245248913765,n005937
faceshifter,pair_0573,0.106576,0.038856,0.01735946536064148,n000801
faceshifter,pair_0574,0.25719,-0.155074,0.01971735805273056,n005825
faceshifter,pair_0575,0.205383,0.002142,0.03089773654937744,n000926
faceshifter,pair_0576,0.188291,0.039182,-0.06176171079277992,n004191
faceshifter,pair_0577,0.149601,0.003279,0.11336898803710938,n006130
faceshifter,pair_0578,0.229952,0.022496,0.054395366460084915,n003787
faceshifter,pair_0579,0.125937,0.04372,-0.0179438553750515,n001118
faceshifter,pair_0580,0.277245,0.008972,0.08646009117364883,n000607
faceshifter,pair_0581,0.307751,0.002946,0.13162606954574585,n008620
faceshifter,pair_0582,0.083836,0.02789,0.006300040055066347,n001801
faceshifter,pair_0583,0.28836,0.048427,0.021192198619246483,n002886
faceshifter,pair_0584,0.184114,-0.058879,0.04157308489084244,n004878
faceshifter,pair_0585,0.192704,0.004777,0.03157082945108414,n003194
faceshifter,pair_0586,0.167795,0.001037,-0.03423452004790306,n006321
faceshifter,pair_0587,0.132219,-0.03465,-0.03558843210339546,n001573
faceshifter,pair_0588,0.146186,-0.03132,0.03841157257556915,n003111
faceshifter,pair_0589,0.091585,0.020982,-0.04227516055107117,n001784
faceshifter,pair_0590,0.266739,-0.074785,0.11390981078147888,n002969
faceshifter,pair_0591,0.196517,-0.035888,0.09188101440668106,n002633
faceshifter,pair_0592,0.091987,0.027411,0.03585650771856308,n006769
faceshifter,pair_0593,0.326208,-0.017808,0.05344299226999283,n006088
faceshifter,pair_0594,0.189769,0.026231,0.0959949642419815,n002484
faceshifter,pair_0595,0.161987,0.053195,0.023970795795321465,n002333
faceshifter,pair_0596,0.340659,0.093732,0.13913586735725403,n002047
faceshifter,pair_0597,0.07386,-0.045528,-0.025683725252747536,n004602
faceshifter,pair_0598,0.314283,0.022115,0.06898597627878189,n002162
faceshifter,pair_0599,0.266713,-0.052093,0.08896864205598831,n005051
faceshifter,pair_0601,0.186619,0.038731,0.015675194561481476,n008768
faceshifter,pair_0602,0.200247,0.057762,0.17945638298988342,n007323
faceshifter,pair_0603,0.043441,-0.033877,0.04401969537138939,n008135
faceshifter,pair_0605,0.235846,-0.057317,0.1376209855079651,n000891
faceshifter,pair_0606,0.183692,-0.066048,0.002923404797911644,n002120
faceshifter,pair_0607,0.27392,0.021157,-0.0033509861677885056,n003422
faceshifter,pair_0608,0.198975,0.106942,0.1013653576374054,n007144
faceshifter,pair_0609,0.287217,0.046064,0.12262618541717529,n008308
faceshifter,pair_0610,0.242406,0.047478,0.04782577604055405,n002686
faceshifter,pair_0611,0.098424,0.024434,0.03237035125494003,n006711
faceshifter,pair_0612,0.249431,0.037074,-0.02311098761856556,n009162
faceshifter,pair_0613,0.214146,0.004539,0.09462123364210129,n000997
faceshifter,pair_0614,0.403701,0.020407,-0.0006254836916923523,n007206
faceshifter,pair_0615,0.161248,-0.03554,0.0521274209022522,n005520
faceshifter,pair_0616,0.051195,-0.059592,0.06037135422229767,n003596
faceshifter,pair_0617,0.14114,-0.072873,0.04590720683336258,n007336
faceshifter,pair_0618,0.114168,0.004254,-0.02750495821237564,n004839
faceshifter,pair_0619,0.31208,0.01824,0.13363003730773926,n008881
faceshifter,pair_0620,0.147231,-0.00578,0.04751001298427582,n003200
faceshifter,pair_0621,0.167791,0.035754,0.0864153578877449,n001273
faceshifter,pair_0622,0.189397,0.029306,-0.0212126262485981,n001062
faceshifter,pair_0623,0.17792,0.065504,0.00507783330976963,n005531
faceshifter,pair_0624,0.145291,-0.030608,0.03692608326673508,n000792
faceshifter,pair_0625,0.285655,-0.074664,0.0652061402797699,n005874
faceshifter,pair_0626,0.252592,0.017774,-0.03376511484384537,n002973
faceshifter,pair_0627,0.227715,-0.003097,0.03718087822198868,n004175
faceshifter,pair_0628,0.271879,-0.00095,0.04899676889181137,n003805
faceshifter,pair_0629,0.118329,0.037302,0.04136993736028671,n003151
faceshifter,pair_0630,-0.003082,-0.054473,0.06080587953329086,n006424
faceshifter,pair_0631,0.050396,0.018633,-0.032206978648900986,n004548
faceshifter,pair_0632,0.319532,0.027966,0.0858699381351471,n002032
faceshifter,pair_0633,0.221119,-0.008173,0.1460241675376892,n006065
faceshifter,pair_0634,0.14976,-0.027537,-0.029091104865074158,n001228
faceshifter,pair_0635,0.25548,0.000407,0.06428416073322296,n009034
faceshifter,pair_0636,0.22174,0.058962,0.09039609134197235,n003013
faceshifter,pair_0637,0.237216,-0.037511,0.0447327196598053,n000325
faceshifter,pair_0639,0.10936,0.017724,-0.07087667286396027,n007410
faceshifter,pair_0640,0.176223,-0.014254,0.060052335262298584,n002591
faceshifter,pair_0641,0.279495,0.022384,0.030094072222709656,n000012
faceshifter,pair_0642,0.165903,-0.034365,0.07871748507022858,n001848
faceshifter,pair_0643,0.074396,0.03248,-0.013035650365054607,n003036
faceshifter,pair_0644,0.262443,0.036056,0.03000618889927864,n007743
faceshifter,pair_0645,0.186124,0.043596,0.038129013031721115,n005959
faceshifter,pair_0646,0.161773,0.054103,0.057136088609695435,n000724
faceshifter,pair_0647,0.178171,-0.088108,0.04924514889717102,n001805
faceshifter,pair_0648,0.289756,-0.007233,0.03741319477558136,n004278
faceshifter,pair_0649,0.132668,-0.009445,0.0552387461066246,n001644
faceshifter,pair_0650,0.258801,0.008148,0.10143078863620758,n003664
faceshifter,pair_0651,0.231709,0.018934,-0.02035883069038391,n006486
faceshifter,pair_0652,0.225812,-0.019484,0.045371927320957184,n007116
faceshifter,pair_0653,0.13387,-0.038011,0.0035999007523059845,n001734
faceshifter,pair_0654,0.284635,0.005872,0.0998220145702362,n003285
faceshifter,pair_0655,-0.007328,-0.026802,-0.01332288421690464,n001320
faceshifter,pair_0656,0.138129,-0.025424,-0.0163726843893528,n001647
faceshifter,pair_0657,0.300245,-0.027783,-0.007405114825814962,n001371
faceshifter,pair_0658,0.054946,0.001073,0.04989548772573471,n005887
faceshifter,pair_0659,0.191269,0.023869,0.008150797337293625,n000902
faceshifter,pair_0660,0.356802,0.022822,0.07457959651947021,n005351
faceshifter,pair_0661,0.146651,-0.021886,0.06867764890193939,n003553
faceshifter,pair_0662,0.151352,-0.01671,-0.0036361501552164555,n007308
faceshifter,pair_0663,0.186539,0.018646,0.041621215641498566,n007663
faceshifter,pair_0664,0.250627,0.011756,-0.02213345468044281,n005433
faceshifter,pair_0665,0.393858,-0.041443,0.09849084913730621,n003253
faceshifter,pair_0666,0.231503,0.081639,0.14031875133514404,n008592
faceshifter,pair_0667,0.230436,-0.01638,0.041652046144008636,n005943
faceshifter,pair_0668,0.339275,0.029069,0.08673971891403198,n008834
faceshifter,pair_0669,0.207572,0.025655,0.02461152896285057,n007103
faceshifter,pair_0670,0.087462,-0.004338,0.06037609279155731,n007378
faceshifter,pair_0671,-0.00191,0.061988,-0.04940521717071533,n001388
faceshifter,pair_0672,0.156389,0.073261,0.10070394724607468,n000638
faceshifter,pair_0673,0.241162,0.08962,0.008878449909389019,n002727
faceshifter,pair_0674,0.31292,0.053786,0.17083093523979187,n003645
faceshifter,pair_0675,0.23697,0.052639,0.013846875168383121,n003609
faceshifter,pair_0676,0.153877,0.038574,0.09571400284767151,n001760
faceshifter,pair_0677,-0.073021,-0.0467,0.14841456711292267,n001097
faceshifter,pair_0678,0.16769,0.041382,0.043929219245910645,n007466
faceshifter,pair_0679,0.142131,-0.047927,0.10580673813819885,n003269
faceshifter,pair_0680,0.283728,-0.043056,0.06867823749780655,n008114
faceshifter,pair_0681,0.205247,-0.005327,0.0498613566160202,n000371
faceshifter,pair_0682,0.256994,-0.025634,-0.04170188307762146,n006898
faceshifter,pair_0683,0.137468,-0.056483,0.07562823593616486,n004428
faceshifter,pair_0684,0.103162,0.015994,0.06500183045864105,n005081
faceshifter,pair_0685,0.267178,0.032961,0.02037905529141426,n001896
faceshifter,pair_0686,0.1849,-0.032649,0.10375923663377762,n001411
faceshifter,pair_0687,0.170902,0.030346,-0.008334679529070854,n007382
faceshifter,pair_0688,0.225859,-0.007152,0.07180529087781906,n001235
faceshifter,pair_0689,0.280651,-0.017264,0.13590484857559204,n001729
faceshifter,pair_0691,0.195873,-0.025875,0.028193527832627296,n007366
faceshifter,pair_0692,0.025506,0.002361,0.027864184230566025,n004142
faceshifter,pair_0693,0.16298,0.003889,0.2106926143169403,n004455
faceshifter,pair_0694,0.276955,0.029401,0.10646924376487732,n000150
faceshifter,pair_0695,0.236181,-0.088864,0.22198805212974548,n007483
faceshifter,pair_0696,0.260453,0.043869,0.08572239428758621,n001113
faceshifter,pair_0697,0.054525,0.01359,-0.00793699361383915,n006270
faceshifter,pair_0698,0.226387,-0.049355,0.17174272239208221,n005327
faceshifter,pair_0699,0.163471,0.012802,-0.00516566913574934,n007891
faceshifter,pair_0700,0.258989,-0.009668,0.008392509073019028,n007515
faceshifter,pair_0701,0.103946,0.145526,0.12715046107769012,n004804
faceshifter,pair_0702,0.231991,-0.011034,0.008902246132493019,n000737
faceshifter,pair_0703,0.153279,0.008927,0.0960722416639328,n009224
faceshifter,pair_0704,0.102345,-0.030589,0.046239353716373444,n001936
faceshifter,pair_0705,0.221588,0.039291,-0.01238302793353796,n002535
faceshifter,pair_0706,0.223467,0.023985,0.08896125853061676,n009150
faceshifter,pair_0707,0.166738,-0.037642,0.08668957650661469,n008104
faceshifter,pair_0708,0.328212,0.012672,0.021586712449789047,n006850
faceshifter,pair_0709,0.160339,0.040737,0.14580664038658142,n005620
faceshifter,pair_0710,0.095312,0.066178,0.06621415913105011,n000205
faceshifter,pair_0711,0.168188,0.01097,0.05615832656621933,n001595
faceshifter,pair_0712,0.19528,0.024341,-0.0031946999952197075,n008444
faceshifter,pair_0713,0.434028,0.002898,0.06371194124221802,n000720
faceshifter,pair_0714,0.063497,0.023646,0.06797058135271072,n007105
faceshifter,pair_0715,-0.005441,0.00372,0.052044592797756195,n001579
faceshifter,pair_0716,0.17767,0.061196,-0.05012212693691254,n005388
faceshifter,pair_0717,0.155468,0.057791,0.012205975130200386,n006847
faceshifter,pair_0718,0.219705,-0.008873,-0.022124093025922775,n008198
faceshifter,pair_0719,0.268214,-0.005503,0.07247433066368103,n004232
faceshifter,pair_0720,0.195248,0.05764,0.06040803715586662,n000089
faceshifter,pair_0721,0.083863,-0.043236,0.022874537855386734,n008115
faceshifter,pair_0722,0.136,-0.024249,0.0463736318051815,n001775
faceshifter,pair_0723,0.201534,-0.019573,0.010255569592118263,n001083
faceshifter,pair_0724,0.061966,0.045701,-0.007296233903616667,n004290
faceshifter,pair_0725,0.371064,0.05181,0.19372142851352692,n005807
faceshifter,pair_0726,-0.037974,-0.045992,0.0012432937510311604,n005102
faceshifter,pair_0727,0.283033,-0.041969,0.07107800990343094,n003262
faceshifter,pair_0728,0.366835,-0.079359,0.16681300103664398,n009027
faceshifter,pair_0729,0.321847,0.020429,0.11086224019527435,n004600
faceshifter,pair_0730,0.175383,0.018912,0.01557503268122673,n004846
faceshifter,pair_0731,0.288281,-0.001813,0.07494383305311203,n001159
faceshifter,pair_0732,0.14864,-0.034938,0.04663321003317833,n008692
faceshifter,pair_0733,0.086132,0.037061,0.025099201127886772,n000150
faceshifter,pair_0735,0.340766,0.016063,0.19531631469726562,n007086
faceshifter,pair_0736,0.153246,0.051174,0.06662854552268982,n008431
faceshifter,pair_0737,0.169985,0.018792,0.018253814429044724,n001662
faceshifter,pair_0738,-0.058325,-0.023498,0.0937829464673996,n007853
faceshifter,pair_0739,0.307998,0.023475,0.02333015576004982,n008748
faceshifter,pair_0740,0.291178,0.008661,0.08872568607330322,n004184
faceshifter,pair_0741,0.365497,-0.001294,0.05296649783849716,n008279
faceshifter,pair_0742,0.135471,-0.086396,0.0801643431186676,n008023
faceshifter,pair_0743,0.096651,0.063025,0.048478201031684875,n009053
faceshifter,pair_0744,0.083405,0.067901,-0.011142270639538765,n004139
faceshifter,pair_0745,0.120781,-0.03568,0.022419176995754242,n002317
faceshifter,pair_0746,0.066751,-0.026827,0.013648726977407932,n000986
faceshifter,pair_0747,0.076082,-0.042692,0.0664791539311409,n001348
faceshifter,pair_0748,0.2279,-0.094159,0.031010614708065987,n002671
faceshifter,pair_0749,0.246672,-0.025967,0.083160400390625,n007617
faceshifter,pair_0750,0.231962,0.061334,0.08669756352901459,n003822
faceshifter,pair_0751,0.08977,0.026016,-0.07226540148258209,n004455
faceshifter,pair_0752,0.290246,-0.050093,0.04211915656924248,n004356
faceshifter,pair_0753,0.064052,0.069396,0.028947364538908005,n003384
faceshifter,pair_0754,0.127542,0.021986,0.03327295556664467,n000024
faceshifter,pair_0755,0.112516,0.027214,0.04713292047381401,n001345
faceshifter,pair_0756,0.172528,-0.001738,0.04409492015838623,n007202
faceshifter,pair_0757,0.310167,-0.026536,0.15538060665130615,n007826
faceshifter,pair_0758,0.246096,0.01302,0.024491364136338234,n002468
faceshifter,pair_0759,0.256947,-0.005232,0.0539589449763298,n006538
faceshifter,pair_0760,0.219375,0.025058,0.019228994846343994,n009107
faceshifter,pair_0761,0.188814,0.04507,0.037750668823719025,n002326
faceshifter,pair_0762,0.082367,0.057471,-0.0066446587443351746,n005952
faceshifter,pair_0764,0.282307,0.083034,0.18925625085830688,n001207
faceshifter,pair_0765,0.16148,0.073898,0.03515049070119858,n008285
faceshifter,pair_0766,0.182629,-0.004734,0.0016078250482678413,n001906
faceshifter,pair_0767,0.351392,-0.018942,0.013658277690410614,n006085
faceshifter,pair_0768,0.178046,-0.004416,0.05288679897785187,n002138
faceshifter,pair_0769,0.217954,-0.052259,-0.06524083763360977,n003705
faceshifter,pair_0770,0.245156,0.01929,0.05163373053073883,n001714
faceshifter,pair_0771,0.272346,0.041934,0.052802152931690216,n000400
faceshifter,pair_0772,0.066652,-0.014656,-0.0352429524064064,n004667
faceshifter,pair_0773,0.325013,0.079772,0.014257640577852726,n006481
faceshifter,pair_0774,0.15144,0.007433,0.10131442546844482,n003334
faceshifter,pair_0775,0.204464,0.066532,-0.01022478099912405,n001963
faceshifter,pair_0777,0.25722,-0.057731,0.19215857982635498,n006630
faceshifter,pair_0778,0.159034,-0.021469,0.10444343835115433,n008288
faceshifter,pair_0779,0.169037,0.044216,0.08426927030086517,n008955
faceshifter,pair_0780,0.188986,0.025922,-0.047674328088760376,n008052
faceshifter,pair_0781,0.231641,0.032498,0.12158608436584473,n003389
faceshifter,pair_0782,0.15335,0.047791,-0.03992585837841034,n006745
faceshifter,pair_0783,0.227333,-0.03138,0.16278168559074402,n002949
faceshifter,pair_0784,0.182963,0.072426,0.05186455696821213,n003523
faceshifter,pair_0785,0.139256,0.056244,0.09787866473197937,n005590
faceshifter,pair_0786,0.238341,0.012113,0.05239555612206459,n007904
faceshifter,pair_0787,0.201071,0.067515,0.12411055713891983,n000513
faceshifter,pair_0788,0.194157,-0.058763,0.03441258519887924,n001490
faceshifter,pair_0789,0.238543,0.035285,0.001446072943508625,n008274
faceshifter,pair_0790,0.067309,0.051289,0.034898124635219574,n001872
faceshifter,pair_0791,0.215369,-0.001678,0.034711696207523346,n007178
faceshifter,pair_0792,0.351911,0.00284,0.06065516546368599,n006833
faceshifter,pair_0793,0.289206,-0.044846,0.02450113371014595,n007644
faceshifter,pair_0794,0.267154,0.029228,0.07158149778842926,n000166
faceshifter,pair_0795,0.306138,0.098645,0.042552705854177475,n001441
faceshifter,pair_0796,0.323224,0.047794,0.046597085893154144,n006791
faceshifter,pair_0797,0.3075,-0.028757,0.00525229936465621,n007421
faceshifter,pair_0798,0.193461,0.020938,0.025769993662834167,n000249
faceshifter,pair_0799,0.202719,-0.02381,0.04910752549767494,n005392
faceshifter,pair_0800,0.132281,-0.00691,0.06172310560941696,n008612
faceshifter,pair_0801,0.171572,0.022253,0.04744960367679596,n004335
faceshifter,pair_0802,0.188853,-0.013794,0.005841050297021866,n002227
faceshifter,pair_0804,0.235139,-0.010842,0.06121320649981499,n003076
faceshifter,pair_0805,0.244954,-0.006288,-0.008884469978511333,n008103
faceshifter,pair_0806,0.28537,0.007209,0.11624938249588013,n005929
faceshifter,pair_0807,0.249363,-0.014309,-0.002135578542947769,n002051
faceshifter,pair_0808,0.175114,-0.045675,0.1294466108083725,n004278
faceshifter,pair_0809,0.336867,-0.098885,0.010160095989704132,n005033
faceshifter,pair_0810,0.220038,-0.075464,0.05430861562490463,n002120
faceshifter,pair_0811,0.264854,-0.054515,0.0784156322479248,n006829
faceshifter,pair_0812,0.157658,0.019197,0.11003471910953522,n000023
faceshifter,pair_0813,0.302487,0.018243,0.042174581438302994,n004145
faceshifter,pair_0814,0.110192,0.024485,0.0714811310172081,n000918
faceshifter,pair_0815,0.122388,0.011506,0.03502547740936279,n005153
faceshifter,pair_0816,0.128562,0.014167,-0.007769778370857239,n008767
faceshifter,pair_0817,0.267038,-0.06707,0.04616711288690567,n002006
faceshifter,pair_0818,0.300029,-0.01729,0.10596679896116257,n002356
faceshifter,pair_0819,0.098233,-0.030949,0.00540117546916008,n009277
faceshifter,pair_0820,0.233722,-0.024419,0.0014059338718652725,n004388
faceshifter,pair_0821,0.111059,-0.045687,0.09870018064975739,n007304
faceshifter,pair_0822,0.184987,0.055001,0.02523728832602501,n005920
faceshifter,pair_0824,0.039909,-0.002243,-0.04572516679763794,n002366
faceshifter,pair_0825,0.089185,0.036035,0.08654996752738953,n002427
faceshifter,pair_0826,0.143842,0.055594,0.09154760092496872,n006760
faceshifter,pair_0827,0.239607,0.012968,0.12995530664920807,n008967
faceshifter,pair_0828,0.067664,0.048257,-0.0062795402482151985,n005220
faceshifter,pair_0829,0.063581,0.006465,0.050449930131435394,n003840
faceshifter,pair_0830,0.118104,-0.011347,-0.0017387261614203453,n007777
faceshifter,pair_0831,0.25009,0.039205,-0.00709369033575058,n008650
faceshifter,pair_0832,0.04675,-0.00565,0.012381166219711304,n004056
faceshifter,pair_0833,0.225609,0.039075,0.07362434267997742,n006414
faceshifter,pair_0834,0.052848,0.033659,0.01685808226466179,n004108
faceshifter,pair_0835,0.233945,-0.030154,-0.01952305994927883,n005275
faceshifter,pair_0836,0.268658,-0.012286,0.06668007373809814,n007543
faceshifter,pair_0837,0.456923,-0.000854,0.12094031274318695,n006566
faceshifter,pair_0838,0.334422,0.034663,0.0828966349363327,n006798
faceshifter,pair_0839,0.147635,0.006042,0.11046282947063446,n002654
faceshifter,pair_0840,0.159511,-0.073791,-0.03991398215293884,n006734
faceshifter,pair_0841,0.108881,-0.049533,0.041794437915086746,n001034
faceshifter,pair_0842,0.277799,0.009086,0.08207342028617859,n002154
faceshifter,pair_0843,0.085114,0.037075,-0.00550260953605175,n009011
faceshifter,pair_0845,0.235059,-0.015196,0.03549853712320328,n004014
faceshifter,pair_0846,0.106894,0.015206,-0.006091161165386438,n005247
faceshifter,pair_0847,0.04066,-0.052776,0.02708798088133335,n001455
faceshifter,pair_0848,0.126224,-0.077447,0.009644420817494392,n004144
faceshifter,pair_0849,0.090789,0.076775,0.08239950984716415,n004667
faceshifter,pair_0850,0.258334,-0.043187,0.017585910856723785,n006350
faceshifter,pair_0851,0.129847,0.006416,0.025579368695616722,n005050
faceshifter,pair_0852,0.192655,0.028446,0.008296199142932892,n004726
faceshifter,pair_0853,0.146344,-0.000804,0.06810827553272247,n001715
faceshifter,pair_0854,0.137542,0.022877,-0.007970588281750679,n007376
faceshifter,pair_0855,0.270394,0.062512,0.1521902084350586,n005244
faceshifter,pair_0856,0.304155,-0.032403,0.12587539851665497,n007730
faceshifter,pair_0857,0.003131,0.002231,-0.05940472334623337,n003617
faceshifter,pair_0858,0.484641,0.072636,0.21836909651756287,n004639
faceshifter,pair_0859,0.317899,-0.063491,0.06549554318189621,n007398
faceshifter,pair_0860,0.133175,0.026349,0.043473824858665466,n006963
faceshifter,pair_0861,0.093128,-0.002766,0.04322643578052521,n003601
faceshifter,pair_0862,0.155879,0.075489,0.08507293462753296,n002586
faceshifter,pair_0863,0.175772,-0.028994,0.03640030696988106,n004358
faceshifter,pair_0864,0.159788,0.044861,-0.01012552622705698,n005503
faceshifter,pair_0865,0.192826,0.008965,0.018758121877908707,n004237
faceshifter,pair_0866,0.265638,-0.070557,-0.029323721304535866,n004804
faceshifter,pair_0867,0.181597,0.013471,0.002506287768483162,n001825
faceshifter,pair_0868,0.267484,-0.046963,0.1252068281173706,n001726
faceshifter,pair_0869,0.231578,0.059719,-0.02829625830054283,n007663
faceshifter,pair_0870,0.309936,0.087006,0.17089566588401794,n000829
faceshifter,pair_0871,0.193141,0.034034,0.12068895250558853,n007384
faceshifter,pair_0872,0.174107,0.018159,0.03313056752085686,n007801
faceshifter,pair_0873,0.248735,-0.010656,-0.008861839771270752,n000249
faceshifter,pair_0874,0.290653,0.055495,0.13798223435878754,n007862
faceshifter,pair_0875,0.334547,0.016315,0.05178331583738327,n003910
faceshifter,pair_0876,0.264701,0.020429,0.144542396068573,n005257
faceshifter,pair_0877,0.194556,0.015648,0.03064822405576706,n009039
faceshifter,pair_0878,0.141616,-0.010857,-0.04943183809518814,n007330
faceshifter,pair_0879,0.168162,0.054482,-0.011728606186807156,n006096
faceshifter,pair_0880,0.273551,-0.0036,-0.01627470925450325,n000430
faceshifter,pair_0881,0.195095,0.001927,0.05437973141670227,n005329
faceshifter,pair_0882,0.343989,0.0092,0.06114552170038223,n003639
faceshifter,pair_0883,0.078816,-0.008991,0.0803392082452774,n001876
faceshifter,pair_0884,0.238438,-0.05207,-0.013020655140280724,n004433
faceshifter,pair_0885,0.12607,4.5e-05,0.055577319115400314,n006152
faceshifter,pair_0886,0.199885,0.025231,-0.06575808674097061,n009150
faceshifter,pair_0887,0.324694,-0.017336,0.16764745116233826,n008688
faceshifter,pair_0889,0.367858,0.034537,0.13483361899852753,n006099
faceshifter,pair_0890,0.342971,-0.011093,0.007720820605754852,n000590
faceshifter,pair_0891,0.200834,0.042565,0.10790640115737915,n008396
faceshifter,pair_0892,0.169374,-0.023299,0.04209953919053078,n001434
faceshifter,pair_0893,0.179398,-6e-05,0.03140617161989212,n008279
faceshifter,pair_0894,0.204257,0.047765,-0.04197991266846657,n004825
faceshifter,pair_0896,0.02994,0.065289,0.042884036898612976,n005718
faceshifter,pair_0897,0.326024,0.007898,0.09700624644756317,n004940
faceshifter,pair_0898,0.262991,0.11015,0.09689492732286453,n009025
faceshifter,pair_0899,0.227678,-0.017139,0.05775878205895424,n001164
faceshifter,pair_0900,0.251404,0.047296,0.13419601321220398,n006795
faceshifter,pair_0901,0.199354,0.047162,0.039830368012189865,n008193
faceshifter,pair_0902,0.179594,0.004861,0.10103419423103333,n002744
faceshifter,pair_0903,0.367088,-0.006891,0.12893791496753693,n000793
faceshifter,pair_0904,0.175408,-0.083516,0.03752601891756058,n000099
faceshifter,pair_0905,0.07437,-0.011343,0.028371460735797882,n003521
faceshifter,pair_0906,0.103533,-0.034076,0.0626099556684494,n001405
faceshifter,pair_0907,0.267514,-0.04434,0.05093284696340561,n000701
faceshifter,pair_0908,0.126799,0.006284,0.10285001248121262,n003828
faceshifter,pair_0909,0.197129,-0.067625,-0.0006091416580602527,n001490
faceshifter,pair_0910,0.11938,0.002442,-0.005304304882884026,n007204
faceshifter,pair_0911,0.100043,-0.014475,-0.023042896762490273,n004703
faceshifter,pair_0912,0.134958,0.023916,0.012336032465100288,n003328
faceshifter,pair_0913,0.138236,-0.053216,0.00937549490481615,n004864
faceshifter,pair_0914,0.276571,-0.01546,0.09962611645460129,n009065
faceshifter,pair_0915,0.162019,0.055059,0.0029106931760907173,n007229
faceshifter,pair_0916,0.267677,-0.023338,0.0545741431415081,n005354
faceshifter,pair_0918,0.026354,-0.042904,0.0830625668168068,n007910
faceshifter,pair_0919,0.271335,0.05047,0.1288858950138092,n007247
faceshifter,pair_0920,0.295713,-0.021116,0.027051424607634544,n004760
faceshifter,pair_0921,0.260242,0.027721,0.04746817797422409,n002537
faceshifter,pair_0922,0.276877,0.018779,0.06316407024860382,n008239
faceshifter,pair_0923,0.179298,0.005597,-0.006317604333162308,n001111
faceshifter,pair_0924,0.237807,-0.031683,0.06344728916883469,n006304
faceshifter,pair_0925,0.276687,-0.006071,-0.017727158963680267,n007486
faceshifter,pair_0926,0.166579,0.072421,0.045628007501363754,n002670
faceshifter,pair_0927,0.343917,-0.075335,0.06700436025857925,n004159
faceshifter,pair_0928,0.169895,-0.045179,0.04436616227030754,n002288
faceshifter,pair_0929,0.132267,0.023889,-0.0005121622234582901,n006450
faceshifter,pair_0930,0.19887,0.041043,0.04983067512512207,n003254
faceshifter,pair_0932,0.175917,-0.042309,0.061979033052921295,n000089
faceshifter,pair_0933,0.252821,-0.057448,0.018598021939396858,n003253
faceshifter,pair_0934,0.172144,0.018166,-0.0279275830835104,n007981
faceshifter,pair_0935,0.110291,0.009985,0.05611639469861984,n004656
faceshifter,pair_0936,0.185695,-0.062728,0.06995641440153122,n009073
faceshifter,pair_0937,0.080939,-0.003674,0.044219717383384705,n009191
faceshifter,pair_0938,0.278029,0.040209,0.11697264015674591,n004592
faceshifter,pair_0939,0.229341,0.059952,0.005596553906798363,n000339
faceshifter,pair_0940,0.235965,0.05196,0.12984372675418854,n005712
faceshifter,pair_0941,0.069827,-0.006947,0.019152289256453514,n004737
faceshifter,pair_0942,0.230442,0.051961,0.16022321581840515,n004596
faceshifter,pair_0943,0.052607,-0.063194,0.021851472556591034,n007778
faceshifter,pair_0944,0.307483,-0.069779,0.07630963623523712,n005339
faceshifter,pair_0945,0.235014,0.039919,-0.024054178968071938,n004775
faceshifter,pair_0946,0.361533,0.035507,0.12442780286073685,n006716
faceshifter,pair_0947,0.069718,-0.083791,-0.009341824799776077,n008432
faceshifter,pair_0948,0.159538,0.048745,0.045612841844558716,n005302
faceshifter,pair_0949,0.356976,-0.046658,0.1597287654876709,n009263
faceshifter,pair_0950,0.300486,0.026367,0.11053285002708435,n007770
faceshifter,pair_0951,0.186318,0.018918,0.11509595811367035,n005533
faceshifter,pair_0952,0.591831,0.004698,0.20282110571861267,n003086
faceshifter,pair_0953,0.336577,-0.020374,0.0958273708820343,n001953
faceshifter,pair_0954,0.059675,-0.041157,-0.01601901277899742,n001428
faceshifter,pair_0955,0.229372,-0.043298,0.05845075100660324,n002194
faceshifter,pair_0956,0.150541,-0.000266,0.0512394905090332,n001223
faceshifter,pair_0958,0.145215,-0.060858,0.061078447848558426,n005283
faceshifter,pair_0959,0.174564,0.011416,0.051338814198970795,n006362
faceshifter,pair_0960,0.350386,-0.01387,0.009714839980006218,n001884
faceshifter,pair_0961,0.278417,0.06896,0.13772183656692505,n003510
faceshifter,pair_0962,0.282895,-0.006974,0.0022311268839985132,n003927
faceshifter,pair_0963,0.206565,-0.002822,-0.037517186254262924,n007501
faceshifter,pair_0964,0.146358,0.002239,0.09225217998027802,n007464
faceshifter,pair_0965,0.141068,0.018814,0.08053357154130936,n004349
faceshifter,pair_0966,0.236649,0.00735,0.13401083648204803,n001757
faceshifter,pair_0967,0.251462,-0.042176,0.08310817927122116,n000299
faceshifter,pair_0968,0.145201,-0.006825,0.03549588471651077,n008549
faceshifter,pair_0969,0.200192,0.012499,0.049252014607191086,n008967
faceshifter,pair_0970,0.155576,-0.009293,0.08445058763027191,n006346
faceshifter,pair_0971,0.227973,0.073817,0.0358181968331337,n008282
faceshifter,pair_0972,0.003185,0.005964,0.04299212247133255,n001727
faceshifter,pair_0973,0.321802,0.048456,0.07747851312160492,n003988
faceshifter,pair_0974,0.161381,-0.016929,0.06654542684555054,n002747
faceshifter,pair_0975,0.170366,0.006683,0.03537324070930481,n007464
faceshifter,pair_0977,0.189204,-0.026419,0.09383398294448853,n006791
faceshifter,pair_0978,0.279954,0.011124,0.08501921594142914,n007326
faceshifter,pair_0979,0.222773,0.042161,0.01413664035499096,n003097
faceshifter,pair_0981,0.139031,-0.00734,0.04490848630666733,n001790
faceshifter,pair_0982,0.098992,0.004661,0.052860282361507416,n002548
faceshifter,pair_0983,0.237644,0.052255,-0.00775325670838356,n004708
faceshifter,pair_0984,0.287981,0.075774,0.13515940308570862,n002937
faceshifter,pair_0985,0.057743,-0.00064,-0.020918555557727814,n004430
faceshifter,pair_0986,0.311061,-0.093059,0.03354431688785553,n005889
faceshifter,pair_0987,0.138433,0.079402,0.039120934903621674,n002850
faceshifter,pair_0988,0.141418,-0.034152,0.0820208340883255,n002240
faceshifter,pair_0989,0.134643,-0.069307,0.061990316957235336,n003492
faceshifter,pair_0990,0.179381,0.002215,0.0483647957444191,n005971
faceshifter,pair_0991,0.150928,0.086951,-0.008351646363735199,n001428
faceshifter,pair_0992,0.394744,-0.068824,0.15514981746673584,n003078
faceshifter,pair_0993,0.09334,-0.008633,0.0337844043970108,n008115
faceshifter,pair_0994,0.141531,0.030582,0.143791064620018,n002582
faceshifter,pair_0995,0.110849,-0.015445,0.09012288600206375,n006187
faceshifter,pair_0996,0.250836,-0.016696,0.059764083474874496,n002872
faceshifter,pair_0997,0.139948,-0.017307,0.027846869081258774,n004647
faceshifter,pair_0998,0.171329,-0.098433,0.08294367790222168,n003484
faceshifter,pair_0999,0.063664,0.033244,0.05782268941402435,n007167
